country,country_code,region,region_code,sub_region,sub_region_code
Israel,IL,HaDarom,IL-D,HaDarom,IL-D
Israel,IL,HaMerkaz,IL-M,HaMerkaz,IL-M
Israel,IL,Yerushalayim,IL-JM,Yerushalayim,IL-JM
Israel,IL,Haifa,IL-HA,Haifa,IL-HA
Israel,IL,HaZafon,IL-Z,HaZafon,IL-Z
Israel,IL,Tel-Aviv,IL-TA,Tel-Aviv,IL-TA
Isle of Man,IM,Isle of Man,IM,Isle of Man,IM
Serbia,RS,Raška,RS-18,Raška,RS-18
Serbia,RS,Pirot,RS-22,Pirot,RS-22
Serbia,RS,Rasina,RS-19,Rasina,RS-19
Serbia,RS,Pomoravlje,RS-13,Pomoravlje,RS-13
Serbia,RS,Jablanica,RS-23,Jablanica,RS-23
Serbia,RS,Pcinja,RS-24,Pcinja,RS-24
Serbia,RS,Bor,RS-14,Bor,RS-14
Serbia,RS,Vojvodina,RS-VO,Vojvodina,RS-VO
Serbia,RS,Moravica,RS-17,Moravica,RS-17
Serbia,RS,Branicevo,RS-11,Branicevo,RS-11
Serbia,RS,Zlatibor,RS-16,Zlatibor,RS-16
Serbia,RS,Zajecar,RS-15,Zajecar,RS-15
Serbia,RS,Nišava,RS-20,Nišava,RS-20
Serbia,RS,Toplica,RS-21,Toplica,RS-21
Serbia,RS,Podunavlje,RS-10,Podunavlje,RS-10
Serbia,RS,Kolubara,RS-09,Kolubara,RS-09
Serbia,RS,Šumadija,RS-12,Šumadija,RS-12
Serbia,RS,Macva,RS-08,Macva,RS-08
Serbia,RS,Beograd,RS-00,Beograd,RS-00
Morocco,MA,Tanger-Tétouan,MA-01,Tanger-Tétouan,MA-01
Morocco,MA,Rabat-Salé-Zemmour-Zaer,MA-07,Rabat-Salé-Zemmour-Zaer,MA-07
Morocco,MA,Oued ed Dahab-Lagouira,MA-16,Oued ed Dahab-Lagouira,MA-16
Morocco,MA,Marrakech-Tensift-Al Haouz,MA-11,Marrakech-Tensift-Al Haouz,MA-11
Morocco,MA,Chaouia-Ouardigha,MA-09,Chaouia-Ouardigha,MA-09
Morocco,MA,L'Oriental,MA-04,L'Oriental,MA-04
Morocco,MA,Grand Casablanca,MA-08,Grand Casablanca,MA-08
Morocco,MA,Gharb-Chrarda-Beni Hssen,MA-02,Gharb-Chrarda-Beni Hssen,MA-02
Morocco,MA,Tadla-Azilal,MA-12,Tadla-Azilal,MA-12
Morocco,MA,Laâyoune-Boujdour-Sakia el Hamra,MA-15,Laâyoune-Boujdour-Sakia el Hamra,MA-15
Morocco,MA,Sous-Massa-Draa,MA-13,Sous-Massa-Draa,MA-13
Morocco,MA,Doukkala-Abda,MA-10,Doukkala-Abda,MA-10
Morocco,MA,Taza-Al Hoceima-Taounate,MA-03,Taza-Al Hoceima-Taounate,MA-03
Morocco,MA,Meknès-Tafilalet,MA-06,Meknès-Tafilalet,MA-06
Morocco,MA,Fès-Boulemane,MA-05,Fès-Boulemane,MA-05
Morocco,MA,Guelmim-Es Smara,MA-14,Guelmim-Es Smara,MA-14
Kazakhstan,KZ,Qostanay oblysy,KZ-KUS,Qostanay oblysy,KZ-KUS
Kazakhstan,KZ,Qaraghandy oblysy,KZ-KAR,Qaraghandy oblysy,KZ-KAR
Kazakhstan,KZ,Atyrau oblysy,KZ-ATY,Atyrau oblysy,KZ-ATY
Kazakhstan,KZ,Mangghystau oblysy,KZ-MAN,Mangghystau oblysy,KZ-MAN
Kazakhstan,KZ,Almaty,KZ-ALA,Almaty,KZ-ALA
Kazakhstan,KZ,Aqmola oblysy,KZ-AKM,Aqmola oblysy,KZ-AKM
Kazakhstan,KZ,Batys Qazaqstan oblysy,KZ-ZAP,Batys Qazaqstan oblysy,KZ-ZAP
Kazakhstan,KZ,Astana,KZ-AST,Astana,KZ-AST
Kazakhstan,KZ,Shyghys Qazaqstan oblysy,KZ-VOS,Shyghys Qazaqstan oblysy,KZ-VOS
Kazakhstan,KZ,Almaty oblysy,KZ-ALM,Almaty oblysy,KZ-ALM
Kazakhstan,KZ,Ongtüstik Qazaqstan oblysy,KZ-YUZ,Ongtüstik Qazaqstan oblysy,KZ-YUZ
Kazakhstan,KZ,Soltüstik Qazaqstan oblysy,KZ-SEV,Soltüstik Qazaqstan oblysy,KZ-SEV
Kazakhstan,KZ,Qyzylorda oblysy,KZ-KZY,Qyzylorda oblysy,KZ-KZY
Kazakhstan,KZ,Pavlodar oblysy,KZ-PAV,Pavlodar oblysy,KZ-PAV
Kazakhstan,KZ,Zhambyl oblysy,KZ-ZHA,Zhambyl oblysy,KZ-ZHA
Kazakhstan,KZ,Aqtöbe oblysy,KZ-AKT,Aqtöbe oblysy,KZ-AKT
Chad,TD,Logone-Occidental,TD-LO,Logone-Occidental,TD-LO
Chad,TD,Mayo-Kébbi-Est,TD-ME,Mayo-Kébbi-Est,TD-ME
Chad,TD,Chari-Baguirmi,TD-CB,Chari-Baguirmi,TD-CB
Chad,TD,Mayo-Kébbi-Ouest,TD-MO,Mayo-Kébbi-Ouest,TD-MO
Chad,TD,Guéra,TD-GR,Guéra,TD-GR
Chad,TD,Lac,TD-LC,Lac,TD-LC
Chad,TD,Wadi Fira,TD-WF,Wadi Fira,TD-WF
Chad,TD,Salamat,TD-SA,Salamat,TD-SA
Chad,TD,Borkou-Ennedi-Tibesti,TD-BET,Borkou-Ennedi-Tibesti,TD-BET
Chad,TD,Hadjer Lamis,TD-HL,Hadjer Lamis,TD-HL
Chad,TD,Ouaddaï,TD-OD,Ouaddaï,TD-OD
Chad,TD,Moyen-Chari,TD-MC,Moyen-Chari,TD-MC
Chad,TD,Ndjamena,TD-ND,Ndjamena,TD-ND
Chad,TD,Kanem,TD-KA,Kanem,TD-KA
Chad,TD,Mandoul,TD-MA,Mandoul,TD-MA
Chad,TD,Logone-Oriental,TD-LR,Logone-Oriental,TD-LR
Chad,TD,Batha,TD-BA,Batha,TD-BA
Chad,TD,Tandjilé,TD-TA,Tandjilé,TD-TA
Lithuania,LT,Vilniaus Apskritis,LT-VL,Vilniaus Apskritis,LT-VL
Lithuania,LT,Taurages Apskritis,LT-TA,Taurages Apskritis,LT-TA
Lithuania,LT,Utenos Apskritis,LT-UT,Utenos Apskritis,LT-UT
Lithuania,LT,Šiauliu Apskritis,LT-SA,Šiauliu Apskritis,LT-SA
Lithuania,LT,Telšiu Apskritis,LT-TE,Telšiu Apskritis,LT-TE
Lithuania,LT,Kauno Apskritis,LT-KU,Kauno Apskritis,LT-KU
Lithuania,LT,Panevežio Apskritis,LT-PN,Panevežio Apskritis,LT-PN
Lithuania,LT,Klaipedos Apskritis,LT-KL,Klaipedos Apskritis,LT-KL
Lithuania,LT,Marijampoles Apskritis,LT-MR,Marijampoles Apskritis,LT-MR
Lithuania,LT,Alytaus Apskritis,LT-AL,Alytaus Apskritis,LT-AL
Palestinian Territory,PS,Palestinian Territory,PS,Palestinian Territory,PS
Heard Island and McDonald Islands,HM,Heard Island and McDonald Islands,HM,Heard Island and McDonald Islands,HM
Luxembourg,LU,Grevenmacher ,LU-G,Grevenmacher ,LU-G
Luxembourg,LU,Diekirch,LU-D,Diekirch,LU-D
Luxembourg,LU,Luxemburg,LU-L,Luxemburg,LU-L
Congo,CG,Plateaux,CG-14,Plateaux,CG-14
Congo,CG,Likouala,CG-7,Likouala,CG-7
Congo,CG,Brazzaville,CG-BZV,Brazzaville,CG-BZV
Congo,CG,Cuvette,CG-8,Cuvette,CG-8
Congo,CG,Niari,CG-9,Niari,CG-9
Congo,CG,Pool,CG-12,Pool,CG-12
Congo,CG,Sangha,CG-13,Sangha,CG-13
Congo,CG,Kouilou,CG-5,Kouilou,CG-5
Congo,CG,Bouenza,CG-11,Bouenza,CG-11
Congo,CG,Lékoumou,CG-2,Lékoumou,CG-2
Congo,CG,Cuvette-Ouest,CG-15,Cuvette-Ouest,CG-15
Bosnia and Herzegovina,BA,Federacija Bosna i Hercegovina,BA-BIH,Federacija Bosna i Hercegovina,BA-BIH
Bosnia and Herzegovina,BA,Republika Srpska,BA-SRP,Republika Srpska,BA-SRP
Mexico,MX,Oaxaca,MX-OAX,Pochutla,MX-OAX-017
Mexico,MX,Oaxaca,MX-OAX,Miahuatlán,MX-OAX-013
Mexico,MX,Oaxaca,MX-OAX,Ixtlán,MX-OAX-008
Mexico,MX,Oaxaca,MX-OAX,Juxtlahuaca,MX-OAX-012
Mexico,MX,Oaxaca,MX-OAX,Tlaxiaco,MX-OAX-025
Mexico,MX,Oaxaca,MX-OAX,Villa Alta,MX-OAX-027
Mexico,MX,Oaxaca,MX-OAX,Huajuapan,MX-OAX-007
Mexico,MX,Oaxaca,MX-OAX,Sola de Vega,MX-OAX-020
Mexico,MX,Oaxaca,MX-OAX,Juquila,MX-OAX-011
Mexico,MX,Oaxaca,MX-OAX,Etla,MX-OAX-006
Mexico,MX,Oaxaca,MX-OAX,Ocotlán,MX-OAX-016
Mexico,MX,Oaxaca,MX-OAX,Teotitlán,MX-OAX-022
Mexico,MX,Oaxaca,MX-OAX,Zimatlán,MX-OAX-030
Mexico,MX,Oaxaca,MX-OAX,Ejutla,MX-OAX-005
Mexico,MX,Oaxaca,MX-OAX,Mixe,MX-OAX-014
Mexico,MX,Oaxaca,MX-OAX,Tuxtepec,MX-OAX-026
Mexico,MX,Oaxaca,MX-OAX,Jamiltepec,MX-OAX-009
Mexico,MX,Oaxaca,MX-OAX,Coixtlahuaca,MX-OAX-003
Mexico,MX,Oaxaca,MX-OAX,Silacayoápam,MX-OAX-019
Mexico,MX,Oaxaca,MX-OAX,Juchitán,MX-OAX-010
Mexico,MX,Oaxaca,MX-OAX,Yautepec,MX-OAX-028
Mexico,MX,Oaxaca,MX-OAX,Putla,MX-OAX-018
Mexico,MX,Oaxaca,MX-OAX,Zaachila,MX-OAX-029
Mexico,MX,Oaxaca,MX-OAX,Centro,MX-OAX-001
Mexico,MX,Oaxaca,MX-OAX,Cuicatlán,MX-OAX-004
Mexico,MX,Oaxaca,MX-OAX,Teposcolula,MX-OAX-023
Mexico,MX,Oaxaca,MX-OAX,Nochixtlán,MX-OAX-015
Mexico,MX,Oaxaca,MX-OAX,Tehuantepec,MX-OAX-021
Mexico,MX,Oaxaca,MX-OAX,Choapam,MX-OAX-002
Mexico,MX,Oaxaca,MX-OAX,Tlacolula,MX-OAX-024
Mexico,MX,Baja California Sur,MX-BCS,La Paz,MX-BCS-002
Mexico,MX,Baja California Sur,MX-BCS,Mulegé,MX-BCS-005
Mexico,MX,Baja California Sur,MX-BCS,Los Cabos,MX-BCS-004
Mexico,MX,Baja California Sur,MX-BCS,Loreto,MX-BCS-003
Mexico,MX,Baja California Sur,MX-BCS,Comondú,MX-BCS-001
Mexico,MX,Zacatecas,MX-ZAC,Cañitas de Felipe Pescador,MX-ZAC-006
Mexico,MX,Zacatecas,MX-ZAC,Benito Juárez,MX-ZAC-004
Mexico,MX,Zacatecas,MX-ZAC,Juan Aldama,MX-ZAC-022
Mexico,MX,Zacatecas,MX-ZAC,Sain Alto,MX-ZAC-040
Mexico,MX,Zacatecas,MX-ZAC,Morelos,MX-ZAC-032
Mexico,MX,Zacatecas,MX-ZAC,Tlaltenango de Sánchez Román,MX-ZAC-048
Mexico,MX,Zacatecas,MX-ZAC,General Enrique Estrada,MX-ZAC-014
Mexico,MX,Zacatecas,MX-ZAC,Noria de Ángeles,MX-ZAC-035
Mexico,MX,Zacatecas,MX-ZAC,Jalpa,MX-ZAC-019
Mexico,MX,Zacatecas,MX-ZAC,Trinidad García de la Cadena,MX-ZAC-050
Mexico,MX,Zacatecas,MX-ZAC,Pinos,MX-ZAC-037
Mexico,MX,Zacatecas,MX-ZAC,General Francisco R. Murguía,MX-ZAC-015
Mexico,MX,Zacatecas,MX-ZAC,Villa Alta,MX-ZAC-059
Mexico,MX,Zacatecas,MX-ZAC,Sombrerete,MX-ZAC-042
Mexico,MX,Zacatecas,MX-ZAC,Villa Hidalgo,MX-ZAC-055
Mexico,MX,Zacatecas,MX-ZAC,Tepechitlán,MX-ZAC-045
Mexico,MX,Zacatecas,MX-ZAC,Monte Escobedo,MX-ZAC-031
Mexico,MX,Zacatecas,MX-ZAC,Atolinga,MX-ZAC-003
Mexico,MX,Zacatecas,MX-ZAC,Mezquital del Oro,MX-ZAC-028
Mexico,MX,Zacatecas,MX-ZAC,Villanueva,MX-ZAC-057
Mexico,MX,Zacatecas,MX-ZAC,Río Grande,MX-ZAC-039
Mexico,MX,Zacatecas,MX-ZAC,Tepetongo,MX-ZAC-046
Mexico,MX,Zacatecas,MX-ZAC,Pánuco,MX-ZAC-038
Mexico,MX,Zacatecas,MX-ZAC,Mazapil,MX-ZAC-026
Mexico,MX,Zacatecas,MX-ZAC,Huanusco,MX-ZAC-018
Mexico,MX,Zacatecas,MX-ZAC,Apulco,MX-ZAC-002
Mexico,MX,Zacatecas,MX-ZAC,Calera,MX-ZAC-005
Mexico,MX,Zacatecas,MX-ZAC,Teúl de González Ortega,MX-ZAC-047
Mexico,MX,Zacatecas,MX-ZAC,Moyahua de Estrada,MX-ZAC-033
Mexico,MX,Zacatecas,MX-ZAC,Momax,MX-ZAC-030
Mexico,MX,Zacatecas,MX-ZAC,Apozol,MX-ZAC-001
Mexico,MX,Zacatecas,MX-ZAC,Concepción del Oro,MX-ZAC-008
Mexico,MX,Zacatecas,MX-ZAC,Jerez,MX-ZAC-020
Mexico,MX,Zacatecas,MX-ZAC,Loreto,MX-ZAC-024
Mexico,MX,Zacatecas,MX-ZAC,Melchor Ocampo,MX-ZAC-027
Mexico,MX,Zacatecas,MX-ZAC,El Salvador,MX-ZAC-011
Mexico,MX,Zacatecas,MX-ZAC,Chalchihuites,MX-ZAC-007
Mexico,MX,Zacatecas,MX-ZAC,General Pánfilo Natera,MX-ZAC-016
Mexico,MX,Zacatecas,MX-ZAC,Zacatecas,MX-ZAC-058
Mexico,MX,Zacatecas,MX-ZAC,Juchipila,MX-ZAC-023
Mexico,MX,Zacatecas,MX-ZAC,Miguel Auza,MX-ZAC-029
Mexico,MX,Zacatecas,MX-ZAC,Genaro Codina,MX-ZAC-013
Mexico,MX,Zacatecas,MX-ZAC,Trancoso,MX-ZAC-049
Mexico,MX,Zacatecas,MX-ZAC,Ojocaliente,MX-ZAC-036
Mexico,MX,Zacatecas,MX-ZAC,Susticacán,MX-ZAC-043
Mexico,MX,Zacatecas,MX-ZAC,Villa González Ortega,MX-ZAC-054
Mexico,MX,Zacatecas,MX-ZAC,El Plateado de Joaquín Amaro,MX-ZAC-010
Mexico,MX,Zacatecas,MX-ZAC,Valparaíso,MX-ZAC-051
Mexico,MX,Zacatecas,MX-ZAC,Villa García,MX-ZAC-053
Mexico,MX,Zacatecas,MX-ZAC,Villa de Cos,MX-ZAC-056
Mexico,MX,Zacatecas,MX-ZAC,Luis Moya,MX-ZAC-025
Mexico,MX,Zacatecas,MX-ZAC,Tabasco,MX-ZAC-044
Mexico,MX,Zacatecas,MX-ZAC,Cuauhtémoc,MX-ZAC-009
Mexico,MX,Zacatecas,MX-ZAC,Jiménez del Teul,MX-ZAC-021
Mexico,MX,Zacatecas,MX-ZAC,Vetagrande,MX-ZAC-052
Mexico,MX,Zacatecas,MX-ZAC,Santa María de la Paz,MX-ZAC-041
Mexico,MX,Zacatecas,MX-ZAC,Nochistlán de Mejía,MX-ZAC-034
Mexico,MX,Zacatecas,MX-ZAC,Guadalupe,MX-ZAC-017
Mexico,MX,Zacatecas,MX-ZAC,Fresnillo,MX-ZAC-012
Mexico,MX,Tlaxcala,MX-TLA,Españita,MX-TLA-015
Mexico,MX,Tlaxcala,MX-TLA,Altzayanca,MX-TLA-006
Mexico,MX,Tlaxcala,MX-TLA,Zitlaltepec de Trinidad Sánchez Santos,MX-TLA-060
Mexico,MX,Tlaxcala,MX-TLA,Cuaxomulco,MX-TLA-012
Mexico,MX,Tlaxcala,MX-TLA,San Lorenzo Axocomanitla,MX-TLA-033
Mexico,MX,Tlaxcala,MX-TLA,San Lucas Tecopilco,MX-TLA-034
Mexico,MX,Tlaxcala,MX-TLA,San Pablo del Monte,MX-TLA-035
Mexico,MX,Tlaxcala,MX-TLA,Tepeyanco,MX-TLA-046
Mexico,MX,Tlaxcala,MX-TLA,Ixtenco,MX-TLA-019
Mexico,MX,Tlaxcala,MX-TLA,Tlaxco,MX-TLA-051
Mexico,MX,Tlaxcala,MX-TLA,Xaltocan,MX-TLA-056
Mexico,MX,Tlaxcala,MX-TLA,Santa Isabel Xiloxoxtla,MX-TLA-042
Mexico,MX,Tlaxcala,MX-TLA,Santa Catarina Ayometla,MX-TLA-039
Mexico,MX,Tlaxcala,MX-TLA,Tocatlán,MX-TLA-052
Mexico,MX,Tlaxcala,MX-TLA,Sanctórum de Lázaro Cárdenas,MX-TLA-036
Mexico,MX,Tlaxcala,MX-TLA,El Carmen Tequexquitla,MX-TLA-013
Mexico,MX,Tlaxcala,MX-TLA,Tzompantepec,MX-TLA-054
Mexico,MX,Tlaxcala,MX-TLA,Santa Ana Nopalucan,MX-TLA-037
Mexico,MX,Tlaxcala,MX-TLA,Emiliano Zapata,MX-TLA-014
Mexico,MX,Tlaxcala,MX-TLA,Apizaco,MX-TLA-004
Mexico,MX,Tlaxcala,MX-TLA,Papalotla de Xicohténcatl,MX-TLA-027
Mexico,MX,Tlaxcala,MX-TLA,Santa Apolonia Teacalco,MX-TLA-038
Mexico,MX,Tlaxcala,MX-TLA,Lázaro Cárdenas,MX-TLA-021
Mexico,MX,Tlaxcala,MX-TLA,San Juan Huactzinco,MX-TLA-032
Mexico,MX,Tlaxcala,MX-TLA,Amaxac de Guerrero,MX-TLA-002
Mexico,MX,Tlaxcala,MX-TLA,Terrenate,MX-TLA-047
Mexico,MX,Tlaxcala,MX-TLA,Calpulalpan,MX-TLA-008
Mexico,MX,Tlaxcala,MX-TLA,Tepetitla de Lardizábal,MX-TLA-045
Mexico,MX,Tlaxcala,MX-TLA,La Magdalena Tlaltelulco,MX-TLA-020
Mexico,MX,Tlaxcala,MX-TLA,Huamantla,MX-TLA-016
Mexico,MX,Tlaxcala,MX-TLA,Natívitas,MX-TLA-025
Mexico,MX,Tlaxcala,MX-TLA,Benito Juárez,MX-TLA-007
Mexico,MX,Tlaxcala,MX-TLA,Tetlatlahuca,MX-TLA-049
Mexico,MX,Tlaxcala,MX-TLA,Totolac,MX-TLA-053
Mexico,MX,Tlaxcala,MX-TLA,Contla de Juan Cuamatzi,MX-TLA-010
Mexico,MX,Tlaxcala,MX-TLA,Teolocholco,MX-TLA-044
Mexico,MX,Tlaxcala,MX-TLA,Chiautempan,MX-TLA-009
Mexico,MX,Tlaxcala,MX-TLA,Acuamanala de Miguel Hidalgo,MX-TLA-001
Mexico,MX,Tlaxcala,MX-TLA,San Jerónimo Zacualpan,MX-TLA-030
Mexico,MX,Tlaxcala,MX-TLA,Xaloztoc,MX-TLA-055
Mexico,MX,Tlaxcala,MX-TLA,San Francisco Tetlanohcan,MX-TLA-029
Mexico,MX,Tlaxcala,MX-TLA,Panotla,MX-TLA-026
Mexico,MX,Tlaxcala,MX-TLA,Apetatitlán de Antonio Carvajal,MX-TLA-003
Mexico,MX,Tlaxcala,MX-TLA,Mazatecochco de José María Morelos,MX-TLA-022
Mexico,MX,Tlaxcala,MX-TLA,Cuapiaxtla,MX-TLA-011
Mexico,MX,Tlaxcala,MX-TLA,Atlangatepec,MX-TLA-005
Mexico,MX,Tlaxcala,MX-TLA,Nanacamilpa de Mariano Arista,MX-TLA-024
Mexico,MX,Tlaxcala,MX-TLA,Hueyotlipan,MX-TLA-017
Mexico,MX,Tlaxcala,MX-TLA,Yauhquemehcan,MX-TLA-058
Mexico,MX,Tlaxcala,MX-TLA,Tenancingo,MX-TLA-043
Mexico,MX,Tlaxcala,MX-TLA,San José Teacalco,MX-TLA-031
Mexico,MX,Tlaxcala,MX-TLA,San Damián Texóloc,MX-TLA-028
Mexico,MX,Tlaxcala,MX-TLA,Santa Cruz Tlaxcala,MX-TLA-041
Mexico,MX,Tlaxcala,MX-TLA,Tlaxcala,MX-TLA-050
Mexico,MX,Tlaxcala,MX-TLA,Zacatelco,MX-TLA-059
Mexico,MX,Tlaxcala,MX-TLA,Ixtacuixtla de Mariano Matamoros,MX-TLA-018
Mexico,MX,Tlaxcala,MX-TLA,Tetla de la Solidaridad,MX-TLA-048
Mexico,MX,Tlaxcala,MX-TLA,Muñoz de Domingo Arenas,MX-TLA-023
Mexico,MX,Tlaxcala,MX-TLA,Xicohtzinco,MX-TLA-057
Mexico,MX,Tlaxcala,MX-TLA,Santa Cruz Quilehtla,MX-TLA-040
Mexico,MX,Nuevo León,MX-NLE,Mina,MX-NLE-038
Mexico,MX,Nuevo León,MX-NLE,Santa Catarina,MX-NLE-048
Mexico,MX,Nuevo León,MX-NLE,China,MX-NLE-011
Mexico,MX,Nuevo León,MX-NLE,Lampazos de Naranjo,MX-NLE-030
Mexico,MX,Nuevo León,MX-NLE,General Zaragoza,MX-NLE-022
Mexico,MX,Nuevo León,MX-NLE,Los Herreras,MX-NLE-033
Mexico,MX,Nuevo León,MX-NLE,Bustamante,MX-NLE-007
Mexico,MX,Nuevo León,MX-NLE,Villaldama,MX-NLE-051
Mexico,MX,Nuevo León,MX-NLE,García,MX-NLE-017
Mexico,MX,Nuevo León,MX-NLE,Sabinas Hidalgo,MX-NLE-044
Mexico,MX,Nuevo León,MX-NLE,Mier y Noriega,MX-NLE-037
Mexico,MX,Nuevo León,MX-NLE,Monterrey,MX-NLE-040
Mexico,MX,Nuevo León,MX-NLE,Los Aldamas,MX-NLE-032
Mexico,MX,Nuevo León,MX-NLE,General Treviño,MX-NLE-021
Mexico,MX,Nuevo León,MX-NLE,Apodaca,MX-NLE-005
Mexico,MX,Nuevo León,MX-NLE,General Bravo,MX-NLE-018
Mexico,MX,Nuevo León,MX-NLE,Doctor González,MX-NLE-015
Mexico,MX,Nuevo León,MX-NLE,Pesquería,MX-NLE-042
Mexico,MX,Nuevo León,MX-NLE,General Zuazua,MX-NLE-023
Mexico,MX,Nuevo León,MX-NLE,Marín,MX-NLE-035
Mexico,MX,Nuevo León,MX-NLE,Aramberri,MX-NLE-006
Mexico,MX,Nuevo León,MX-NLE,Doctor Arroyo,MX-NLE-013
Mexico,MX,Nuevo León,MX-NLE,Los Ramones,MX-NLE-034
Mexico,MX,Nuevo León,MX-NLE,Montemorelos,MX-NLE-039
Mexico,MX,Nuevo León,MX-NLE,General Terán,MX-NLE-020
Mexico,MX,Nuevo León,MX-NLE,Rayones,MX-NLE-043
Mexico,MX,Nuevo León,MX-NLE,San Pedro Garza García,MX-NLE-047
Mexico,MX,Nuevo León,MX-NLE,Linares,MX-NLE-031
Mexico,MX,Nuevo León,MX-NLE,Hualahuises,MX-NLE-027
Mexico,MX,Nuevo León,MX-NLE,Abasolo,MX-NLE-001
Mexico,MX,Nuevo León,MX-NLE,Vallecillo,MX-NLE-050
Mexico,MX,Nuevo León,MX-NLE,Salinas Victoria,MX-NLE-045
Mexico,MX,Nuevo León,MX-NLE,Ciénega de Flores,MX-NLE-012
Mexico,MX,Nuevo León,MX-NLE,Santiago,MX-NLE-049
Mexico,MX,Nuevo León,MX-NLE,Parás,MX-NLE-041
Mexico,MX,Nuevo León,MX-NLE,San Nicolás de los Garza,MX-NLE-046
Mexico,MX,Nuevo León,MX-NLE,Higueras,MX-NLE-026
Mexico,MX,Nuevo León,MX-NLE,Carmen,MX-NLE-009
Mexico,MX,Nuevo León,MX-NLE,Galeana,MX-NLE-016
Mexico,MX,Nuevo León,MX-NLE,Hidalgo,MX-NLE-025
Mexico,MX,Nuevo León,MX-NLE,Agualeguas,MX-NLE-002
Mexico,MX,Nuevo León,MX-NLE,Guadalupe,MX-NLE-024
Mexico,MX,Nuevo León,MX-NLE,Iturbide,MX-NLE-028
Mexico,MX,Nuevo León,MX-NLE,Cadereyta Jiménez,MX-NLE-008
Mexico,MX,Nuevo León,MX-NLE,Melchor Ocampo,MX-NLE-036
Mexico,MX,Nuevo León,MX-NLE,Cerralvo,MX-NLE-010
Mexico,MX,Nuevo León,MX-NLE,General Escobedo,MX-NLE-019
Mexico,MX,Nuevo León,MX-NLE,Juárez,MX-NLE-029
Mexico,MX,Nuevo León,MX-NLE,Anáhuac,MX-NLE-004
Mexico,MX,Nuevo León,MX-NLE,Allende,MX-NLE-003
Mexico,MX,Nuevo León,MX-NLE,Doctor Coss,MX-NLE-014
Mexico,MX,San Luis Potosí,MX-SLP,Ciudad del Maíz,MX-SLP-013
Mexico,MX,San Luis Potosí,MX-SLP,Huehuetlán,MX-SLP-019
Mexico,MX,San Luis Potosí,MX-SLP,Tampamolón Corona,MX-SLP-041
Mexico,MX,San Luis Potosí,MX-SLP,Tierra Nueva,MX-SLP-046
Mexico,MX,San Luis Potosí,MX-SLP,San Antonio,MX-SLP-028
Mexico,MX,San Luis Potosí,MX-SLP,Cedral,MX-SLP-007
Mexico,MX,San Luis Potosí,MX-SLP,Tanquián de Escobedo,MX-SLP-045
Mexico,MX,San Luis Potosí,MX-SLP,Villa Hidalgo,MX-SLP-049
Mexico,MX,San Luis Potosí,MX-SLP,Charcas,MX-SLP-010
Mexico,MX,San Luis Potosí,MX-SLP,Vanegas,MX-SLP-047
Mexico,MX,San Luis Potosí,MX-SLP,San Nicolás Tolentino,MX-SLP-032
Mexico,MX,San Luis Potosí,MX-SLP,El Naranjo,MX-SLP-017
Mexico,MX,San Luis Potosí,MX-SLP,San Martín Chalchicuautla,MX-SLP-031
Mexico,MX,San Luis Potosí,MX-SLP,Santo Domingo,MX-SLP-036
Mexico,MX,San Luis Potosí,MX-SLP,Catorce,MX-SLP-006
Mexico,MX,San Luis Potosí,MX-SLP,Armadillo de los Infante,MX-SLP-004
Mexico,MX,San Luis Potosí,MX-SLP,Tamuín,MX-SLP-042
Mexico,MX,San Luis Potosí,MX-SLP,Mexquitic de Carmona,MX-SLP-023
Mexico,MX,San Luis Potosí,MX-SLP,San Ciro de Acosta,MX-SLP-029
Mexico,MX,San Luis Potosí,MX-SLP,Santa Catarina,MX-SLP-034
Mexico,MX,San Luis Potosí,MX-SLP,Moctezuma,MX-SLP-024
Mexico,MX,San Luis Potosí,MX-SLP,Ahualulco,MX-SLP-001
Mexico,MX,San Luis Potosí,MX-SLP,Salinas,MX-SLP-027
Mexico,MX,San Luis Potosí,MX-SLP,Ciudad Fernández,MX-SLP-011
Mexico,MX,San Luis Potosí,MX-SLP,Lagunillas,MX-SLP-020
Mexico,MX,San Luis Potosí,MX-SLP,Tamasopo,MX-SLP-038
Mexico,MX,San Luis Potosí,MX-SLP,Villa Juárez,MX-SLP-050
Mexico,MX,San Luis Potosí,MX-SLP,Tamazunchale,MX-SLP-039
Mexico,MX,San Luis Potosí,MX-SLP,Ciudad Valles,MX-SLP-012
Mexico,MX,San Luis Potosí,MX-SLP,Tancanhuitz,MX-SLP-043
Mexico,MX,San Luis Potosí,MX-SLP,Tampacán,MX-SLP-040
Mexico,MX,San Luis Potosí,MX-SLP,Alaquines,MX-SLP-002
Mexico,MX,San Luis Potosí,MX-SLP,Rayón,MX-SLP-025
Mexico,MX,San Luis Potosí,MX-SLP,Zaragoza,MX-SLP-058
Mexico,MX,San Luis Potosí,MX-SLP,Guadalcázar,MX-SLP-018
Mexico,MX,San Luis Potosí,MX-SLP,Cárdenas,MX-SLP-015
Mexico,MX,San Luis Potosí,MX-SLP,San Vicente Tancuayalab,MX-SLP-033
Mexico,MX,San Luis Potosí,MX-SLP,Villa de la Paz,MX-SLP-056
Mexico,MX,San Luis Potosí,MX-SLP,Coxcatlán,MX-SLP-014
Mexico,MX,San Luis Potosí,MX-SLP,Villa de Ramos,MX-SLP-054
Mexico,MX,San Luis Potosí,MX-SLP,Villa de Arista,MX-SLP-051
Mexico,MX,San Luis Potosí,MX-SLP,Villa de Guadalupe,MX-SLP-053
Mexico,MX,San Luis Potosí,MX-SLP,Ebano,MX-SLP-016
Mexico,MX,San Luis Potosí,MX-SLP,Villa de Arriaga,MX-SLP-052
Mexico,MX,San Luis Potosí,MX-SLP,Matlapa,MX-SLP-022
Mexico,MX,San Luis Potosí,MX-SLP,Venado,MX-SLP-048
Mexico,MX,San Luis Potosí,MX-SLP,Rioverde,MX-SLP-026
Mexico,MX,San Luis Potosí,MX-SLP,Axtla de Terrazas,MX-SLP-005
Mexico,MX,San Luis Potosí,MX-SLP,Tanlajás,MX-SLP-044
Mexico,MX,San Luis Potosí,MX-SLP,Cerro de San Pedro,MX-SLP-009
Mexico,MX,San Luis Potosí,MX-SLP,San Luis Potosí,MX-SLP-030
Mexico,MX,San Luis Potosí,MX-SLP,Soledad de Graciano Sánchez,MX-SLP-037
Mexico,MX,San Luis Potosí,MX-SLP,Xilitla,MX-SLP-057
Mexico,MX,San Luis Potosí,MX-SLP,Santa María del Río,MX-SLP-035
Mexico,MX,San Luis Potosí,MX-SLP,Aquismón,MX-SLP-003
Mexico,MX,San Luis Potosí,MX-SLP,Villa Alta,MX-SLP-059
Mexico,MX,San Luis Potosí,MX-SLP,Matehuala,MX-SLP-021
Mexico,MX,San Luis Potosí,MX-SLP,Villa de Reyes,MX-SLP-055
Mexico,MX,San Luis Potosí,MX-SLP,Cerritos,MX-SLP-008
Mexico,MX,Yucatán,MX-YUC,Cuzamá,MX-YUC-024
Mexico,MX,Yucatán,MX-YUC,Mocochá,MX-YUC-050
Mexico,MX,Yucatán,MX-YUC,Timucuy,MX-YUC-090
Mexico,MX,Yucatán,MX-YUC,Chankom,MX-YUC-014
Mexico,MX,Yucatán,MX-YUC,Dzilam González,MX-YUC-027
Mexico,MX,Yucatán,MX-YUC,Tekom,MX-YUC-081
Mexico,MX,Yucatán,MX-YUC,Peto,MX-YUC-058
Mexico,MX,Yucatán,MX-YUC,Cacalchén,MX-YUC-007
Mexico,MX,Yucatán,MX-YUC,Hocabá,MX-YUC-034
Mexico,MX,Yucatán,MX-YUC,Dzoncauich,MX-YUC-030
Mexico,MX,Yucatán,MX-YUC,Chikindzonot,MX-YUC-019
Mexico,MX,Yucatán,MX-YUC,Chumayel,MX-YUC-021
Mexico,MX,Yucatán,MX-YUC,Mayapán,MX-YUC-049
Mexico,MX,Yucatán,MX-YUC,Sacalum,MX-YUC-062
Mexico,MX,Yucatán,MX-YUC,Tunkás,MX-YUC-097
Mexico,MX,Yucatán,MX-YUC,Tzucacab,MX-YUC-098
Mexico,MX,Yucatán,MX-YUC,Santa Elena,MX-YUC-066
Mexico,MX,Yucatán,MX-YUC,Mama,MX-YUC-046
Mexico,MX,Yucatán,MX-YUC,Samahil,MX-YUC-063
Mexico,MX,Yucatán,MX-YUC,Teya,MX-YUC-088
Mexico,MX,Yucatán,MX-YUC,Dzitás,MX-YUC-029
Mexico,MX,Yucatán,MX-YUC,Tecoh,MX-YUC-076
Mexico,MX,Yucatán,MX-YUC,Yaxcabá,MX-YUC-104
Mexico,MX,Yucatán,MX-YUC,Tekit,MX-YUC-080
Mexico,MX,Yucatán,MX-YUC,Uayma,MX-YUC-099
Mexico,MX,Yucatán,MX-YUC,Tixpéhual,MX-YUC-095
Mexico,MX,Yucatán,MX-YUC,Halachó,MX-YUC-033
Mexico,MX,Yucatán,MX-YUC,Telchac Pueblo,MX-YUC-082
Mexico,MX,Yucatán,MX-YUC,Teabo,MX-YUC-075
Mexico,MX,Yucatán,MX-YUC,Chichimilá,MX-YUC-017
Mexico,MX,Yucatán,MX-YUC,Kantunil,MX-YUC-042
Mexico,MX,Yucatán,MX-YUC,Seyé,MX-YUC-067
Mexico,MX,Yucatán,MX-YUC,Motul,MX-YUC-051
Mexico,MX,Yucatán,MX-YUC,Tahmek,MX-YUC-074
Mexico,MX,Yucatán,MX-YUC,Quintana Roo,MX-YUC-060
Mexico,MX,Yucatán,MX-YUC,Progreso,MX-YUC-059
Mexico,MX,Yucatán,MX-YUC,Celestún,MX-YUC-011
Mexico,MX,Yucatán,MX-YUC,Muxupip,MX-YUC-053
Mexico,MX,Yucatán,MX-YUC,Sucilá,MX-YUC-070
Mexico,MX,Yucatán,MX-YUC,Chapab,MX-YUC-015
Mexico,MX,Yucatán,MX-YUC,Tepakán,MX-YUC-086
Mexico,MX,Yucatán,MX-YUC,Kanasín,MX-YUC-041
Mexico,MX,Yucatán,MX-YUC,Valladolid,MX-YUC-102
Mexico,MX,Yucatán,MX-YUC,Tekantó,MX-YUC-078
Mexico,MX,Yucatán,MX-YUC,Cenotillo,MX-YUC-012
Mexico,MX,Yucatán,MX-YUC,Sudzal,MX-YUC-071
Mexico,MX,Yucatán,MX-YUC,Kinchil,MX-YUC-044
Mexico,MX,Yucatán,MX-YUC,Hunucmá,MX-YUC-038
Mexico,MX,Yucatán,MX-YUC,Tixcacalcupul,MX-YUC-092
Mexico,MX,Yucatán,MX-YUC,Suma,MX-YUC-072
Mexico,MX,Yucatán,MX-YUC,Homún,MX-YUC-036
Mexico,MX,Yucatán,MX-YUC,Ucú,MX-YUC-100
Mexico,MX,Yucatán,MX-YUC,Río Lagartos,MX-YUC-061
Mexico,MX,Yucatán,MX-YUC,Tahdziú,MX-YUC-073
Mexico,MX,Yucatán,MX-YUC,Tinum,MX-YUC-091
Mexico,MX,Yucatán,MX-YUC,Bokobá,MX-YUC-005
Mexico,MX,Yucatán,MX-YUC,Umán,MX-YUC-101
Mexico,MX,Yucatán,MX-YUC,Tizimín,MX-YUC-096
Mexico,MX,Yucatán,MX-YUC,Ticul,MX-YUC-089
Mexico,MX,Yucatán,MX-YUC,Chicxulub Pueblo,MX-YUC-018
Mexico,MX,Yucatán,MX-YUC,Tekal de Venegas,MX-YUC-077
Mexico,MX,Yucatán,MX-YUC,Panabá,MX-YUC-057
Mexico,MX,Yucatán,MX-YUC,Buctzotz,MX-YUC-006
Mexico,MX,Yucatán,MX-YUC,Xocchel,MX-YUC-103
Mexico,MX,Yucatán,MX-YUC,Oxkutzcab,MX-YUC-056
Mexico,MX,Yucatán,MX-YUC,Yaxkukul,MX-YUC-105
Mexico,MX,Yucatán,MX-YUC,Huhí,MX-YUC-037
Mexico,MX,Yucatán,MX-YUC,Espita,MX-YUC-032
Mexico,MX,Yucatán,MX-YUC,Chemax,MX-YUC-016
Mexico,MX,Yucatán,MX-YUC,Tixkokob,MX-YUC-093
Mexico,MX,Yucatán,MX-YUC,Dzán,MX-YUC-031
Mexico,MX,Yucatán,MX-YUC,Cuncunul,MX-YUC-023
Mexico,MX,Yucatán,MX-YUC,Tixmehuac,MX-YUC-094
Mexico,MX,Yucatán,MX-YUC,Chocholá,MX-YUC-020
Mexico,MX,Yucatán,MX-YUC,Izamal,MX-YUC-040
Mexico,MX,Yucatán,MX-YUC,Kopomá,MX-YUC-045
Mexico,MX,Yucatán,MX-YUC,Abalá,MX-YUC-001
Mexico,MX,Yucatán,MX-YUC,Calotmul,MX-YUC-008
Mexico,MX,Yucatán,MX-YUC,San Felipe,MX-YUC-064
Mexico,MX,Yucatán,MX-YUC,Dzidzantún,MX-YUC-026
Mexico,MX,Yucatán,MX-YUC,Conkal,MX-YUC-022
Mexico,MX,Yucatán,MX-YUC,Sinanché,MX-YUC-068
Mexico,MX,Yucatán,MX-YUC,Maxcanú,MX-YUC-048
Mexico,MX,Yucatán,MX-YUC,Temozón,MX-YUC-085
Mexico,MX,Yucatán,MX-YUC,Mérida,MX-YUC-054
Mexico,MX,Yucatán,MX-YUC,Dzilam de Bravo,MX-YUC-028
Mexico,MX,Yucatán,MX-YUC,Sanahcat,MX-YUC-065
Mexico,MX,Yucatán,MX-YUC,Ixil,MX-YUC-039
Mexico,MX,Yucatán,MX-YUC,Tekax,MX-YUC-079
Mexico,MX,Yucatán,MX-YUC,Baca,MX-YUC-004
Mexico,MX,Yucatán,MX-YUC,Opichén,MX-YUC-055
Mexico,MX,Yucatán,MX-YUC,Acanceh,MX-YUC-002
Mexico,MX,Yucatán,MX-YUC,Maní,MX-YUC-047
Mexico,MX,Yucatán,MX-YUC,Kaua,MX-YUC-043
Mexico,MX,Yucatán,MX-YUC,Tetiz,MX-YUC-087
Mexico,MX,Yucatán,MX-YUC,Chacsinkín,MX-YUC-013
Mexico,MX,Yucatán,MX-YUC,Muna,MX-YUC-052
Mexico,MX,Yucatán,MX-YUC,Hoctún,MX-YUC-035
Mexico,MX,Yucatán,MX-YUC,Akil,MX-YUC-003
Mexico,MX,Yucatán,MX-YUC,Telchac Puerto,MX-YUC-083
Mexico,MX,Yucatán,MX-YUC,Sotuta,MX-YUC-069
Mexico,MX,Yucatán,MX-YUC,Temax,MX-YUC-084
Mexico,MX,Yucatán,MX-YUC,Dzemul,MX-YUC-025
Mexico,MX,Yucatán,MX-YUC,Yobaín,MX-YUC-106
Mexico,MX,Yucatán,MX-YUC,Cansahcab,MX-YUC-009
Mexico,MX,Yucatán,MX-YUC,Cantamayec,MX-YUC-010
Mexico,MX,Querétaro,MX-QUE,Pinal de Amoles,MX-QUE-013
Mexico,MX,Querétaro,MX-QUE,El Marqués,MX-QUE-006
Mexico,MX,Querétaro,MX-QUE,Jalpan de Serra,MX-QUE-009
Mexico,MX,Querétaro,MX-QUE,Cadereyta de Montes,MX-QUE-003
Mexico,MX,Querétaro,MX-QUE,Tequisquiapan,MX-QUE-017
Mexico,MX,Querétaro,MX-QUE,Pedro Escobedo,MX-QUE-011
Mexico,MX,Querétaro,MX-QUE,Amealco de Bonfil,MX-QUE-001
Mexico,MX,Querétaro,MX-QUE,Huimilpan,MX-QUE-008
Mexico,MX,Querétaro,MX-QUE,Colón,MX-QUE-004
Mexico,MX,Querétaro,MX-QUE,Landa de Matamoros,MX-QUE-010
Mexico,MX,Querétaro,MX-QUE,Peñamiller,MX-QUE-012
Mexico,MX,Querétaro,MX-QUE,San Joaquín,MX-QUE-015
Mexico,MX,Querétaro,MX-QUE,Querétaro,MX-QUE-014
Mexico,MX,Querétaro,MX-QUE,Arroyo Seco,MX-QUE-002
Mexico,MX,Querétaro,MX-QUE,San Juan del Río,MX-QUE-019
Mexico,MX,Querétaro,MX-QUE,Corregidora,MX-QUE-005
Mexico,MX,Querétaro,MX-QUE,Ezequiel Montes,MX-QUE-007
Mexico,MX,Querétaro,MX-QUE,Tolimán,MX-QUE-018
Mexico,MX,Veracruz,MX-VER,Las Minas,MX-VER-099
Mexico,MX,Veracruz,MX-VER,Carrillo Puerto,MX-VER-030
Mexico,MX,Veracruz,MX-VER,Tuxpan,MX-VER-194
Mexico,MX,Veracruz,MX-VER,Magdalena,MX-VER-103
Mexico,MX,Veracruz,MX-VER,Pajapan,MX-VER-128
Mexico,MX,Veracruz,MX-VER,Tuxtilla,MX-VER-195
Mexico,MX,Veracruz,MX-VER,Camerino Z. Mendoza,MX-VER-028
Mexico,MX,Veracruz,MX-VER,Yanga,MX-VER-204
Mexico,MX,Veracruz,MX-VER,Cosoleacaque,MX-VER-057
Mexico,MX,Veracruz,MX-VER,Oluta,MX-VER-122
Mexico,MX,Veracruz,MX-VER,Tempoal,MX-VER-165
Mexico,MX,Veracruz,MX-VER,Mixtla de Altamirano,MX-VER-114
Mexico,MX,Veracruz,MX-VER,Jamapa,MX-VER-088
Mexico,MX,Veracruz,MX-VER,Ixtaczoquitlán,MX-VER-085
Mexico,MX,Veracruz,MX-VER,Sochiapa,MX-VER-150
Mexico,MX,Veracruz,MX-VER,Cuichapa,MX-VER-061
Mexico,MX,Veracruz,MX-VER,La Perla,MX-VER-096
Mexico,MX,Veracruz,MX-VER,Chocamán,MX-VER-042
Mexico,MX,Veracruz,MX-VER,Oteapan,MX-VER-126
Mexico,MX,Veracruz,MX-VER,Coyutla,MX-VER-060
Mexico,MX,Veracruz,MX-VER,Tlachichilco,MX-VER-179
Mexico,MX,Veracruz,MX-VER,Tomatlán,MX-VER-190
Mexico,MX,Veracruz,MX-VER,Jáltipan,MX-VER-094
Mexico,MX,Veracruz,MX-VER,Córdoba,MX-VER-063
Mexico,MX,Veracruz,MX-VER,Huayacocotla,MX-VER-072
Mexico,MX,Veracruz,MX-VER,Tlacolulan,MX-VER-181
Mexico,MX,Veracruz,MX-VER,Tlalnelhuayocan,MX-VER-185
Mexico,MX,Veracruz,MX-VER,Castillo de Teayo,MX-VER-031
Mexico,MX,Veracruz,MX-VER,Tepetzintla,MX-VER-171
Mexico,MX,Veracruz,MX-VER,Zongolica,MX-VER-209
Mexico,MX,Veracruz,MX-VER,Citlaltépetl,MX-VER-045
Mexico,MX,Veracruz,MX-VER,Moloacán,MX-VER-115
Mexico,MX,Veracruz,MX-VER,Minatitlán,MX-VER-112
Mexico,MX,Veracruz,MX-VER,Juan Rodríguez Clara,MX-VER-092
Mexico,MX,Veracruz,MX-VER,Ixhuatlán del Sureste,MX-VER-083
Mexico,MX,Veracruz,MX-VER,Atzacan,MX-VER-020
Mexico,MX,Veracruz,MX-VER,Cotaxtla,MX-VER-058
Mexico,MX,Veracruz,MX-VER,Tepetlán,MX-VER-170
Mexico,MX,Veracruz,MX-VER,Amatlán de los Reyes,MX-VER-013
Mexico,MX,Veracruz,MX-VER,Nanchital,MX-VER-116
Mexico,MX,Veracruz,MX-VER,Acula,MX-VER-005
Mexico,MX,Veracruz,MX-VER,Soconusco,MX-VER-151
Mexico,MX,Veracruz,MX-VER,Platón Sánchez,MX-VER-133
Mexico,MX,Veracruz,MX-VER,Villa Aldama,MX-VER-200
Mexico,MX,Veracruz,MX-VER,Jalacingo,MX-VER-086
Mexico,MX,Veracruz,MX-VER,Zentla,MX-VER-208
Mexico,MX,Veracruz,MX-VER,Xico,MX-VER-202
Mexico,MX,Veracruz,MX-VER,Soledad Atzompa,MX-VER-152
Mexico,MX,Veracruz,MX-VER,Otatitlán,MX-VER-125
Mexico,MX,Veracruz,MX-VER,Astacinga,MX-VER-017
Mexico,MX,Veracruz,MX-VER,Gutiérrez Zamora,MX-VER-069
Mexico,MX,Veracruz,MX-VER,Camarón de Tejeda,MX-VER-027
Mexico,MX,Veracruz,MX-VER,Ilamatlán,MX-VER-076
Mexico,MX,Veracruz,MX-VER,Naranjal,MX-VER-118
Mexico,MX,Veracruz,MX-VER,Angel R. Cabada,MX-VER-014
Mexico,MX,Veracruz,MX-VER,Boca del Río,MX-VER-025
Mexico,MX,Veracruz,MX-VER,Ixmatlahuacan,MX-VER-084
Mexico,MX,Veracruz,MX-VER,Lerdo de Tejada,MX-VER-101
Mexico,MX,Veracruz,MX-VER,Jalcomulco,MX-VER-087
Mexico,MX,Veracruz,MX-VER,Tampico Alto,MX-VER-157
Mexico,MX,Veracruz,MX-VER,Puente Nacional,MX-VER-137
Mexico,MX,Veracruz,MX-VER,Paso de Ovejas,MX-VER-130
Mexico,MX,Veracruz,MX-VER,Huiloapan de Cuauhtémoc,MX-VER-074
Mexico,MX,Veracruz,MX-VER,Aquila,MX-VER-016
Mexico,MX,Veracruz,MX-VER,Xalapa,MX-VER-201
Mexico,MX,Veracruz,MX-VER,Ixhuatlán de Madero,MX-VER-081
Mexico,MX,Veracruz,MX-VER,Tecolutla,MX-VER-163
Mexico,MX,Veracruz,MX-VER,Tatatila,MX-VER-162
Mexico,MX,Veracruz,MX-VER,Omealca,MX-VER-123
Mexico,MX,Veracruz,MX-VER,Mecatlán,MX-VER-108
Mexico,MX,Veracruz,MX-VER,Tlacotepec de Mejía,MX-VER-183
Mexico,MX,Veracruz,MX-VER,Juchique de Ferrer,MX-VER-093
Mexico,MX,Veracruz,MX-VER,Chicontepec,MX-VER-039
Mexico,MX,Veracruz,MX-VER,Maltrata,MX-VER-104
Mexico,MX,Veracruz,MX-VER,Soledad de Doblado,MX-VER-153
Mexico,MX,Veracruz,MX-VER,Soteapan,MX-VER-154
Mexico,MX,Veracruz,MX-VER,Naolinco,MX-VER-117
Mexico,MX,Veracruz,MX-VER,Veracruz,MX-VER-199
Mexico,MX,Veracruz,MX-VER,Tatahuicapan,MX-VER-161
Mexico,MX,Veracruz,MX-VER,Landero y Coss,MX-VER-097
Mexico,MX,Veracruz,MX-VER,Santiago Tuxtla,MX-VER-148
Mexico,MX,Veracruz,MX-VER,Poza Rica,MX-VER-135
Mexico,MX,Veracruz,MX-VER,Isla,MX-VER-077
Mexico,MX,Veracruz,MX-VER,Tres Valles,MX-VER-193
Mexico,MX,Veracruz,MX-VER,Texistepec,MX-VER-175
Mexico,MX,Veracruz,MX-VER,Zacualpan,MX-VER-206
Mexico,MX,Veracruz,MX-VER,Cosautlán de Carvajal,MX-VER-055
Mexico,MX,Veracruz,MX-VER,Tantima,MX-VER-159
Mexico,MX,Veracruz,MX-VER,Tehuipango,MX-VER-164
Mexico,MX,Veracruz,MX-VER,Sayula de Alemán,MX-VER-149
Mexico,MX,Veracruz,MX-VER,Rafael Lucio,MX-VER-140
Mexico,MX,Veracruz,MX-VER,Acatlán,MX-VER-002
Mexico,MX,Veracruz,MX-VER,Alvarado,MX-VER-011
Mexico,MX,Veracruz,MX-VER,Pánuco,MX-VER-138
Mexico,MX,Veracruz,MX-VER,Tamalín,MX-VER-155
Mexico,MX,Veracruz,MX-VER,Tantoyuca,MX-VER-160
Mexico,MX,Veracruz,MX-VER,Playa Vicente,MX-VER-134
Mexico,MX,Veracruz,MX-VER,Atzalan,MX-VER-021
Mexico,MX,Veracruz,MX-VER,Jilotepec,MX-VER-090
Mexico,MX,Veracruz,MX-VER,Cerro Azul,MX-VER-034
Mexico,MX,Veracruz,MX-VER,Tepatlaxco,MX-VER-169
Mexico,MX,Veracruz,MX-VER,Comapa,MX-VER-053
Mexico,MX,Veracruz,MX-VER,Tlacotalpan,MX-VER-182
Mexico,MX,Veracruz,MX-VER,Acajete,MX-VER-001
Mexico,MX,Veracruz,MX-VER,Tezonapa,MX-VER-176
Mexico,MX,Veracruz,MX-VER,Nogales,MX-VER-121
Mexico,MX,Veracruz,MX-VER,Saltabarranca,MX-VER-142
Mexico,MX,Veracruz,MX-VER,Ixhuatlancillo,MX-VER-080
Mexico,MX,Veracruz,MX-VER,Catemaco,MX-VER-032
Mexico,MX,Veracruz,MX-VER,Calcahualco,MX-VER-026
Mexico,MX,Veracruz,MX-VER,Mariano Escobedo,MX-VER-106
Mexico,MX,Veracruz,MX-VER,Ixhuacán,MX-VER-079
Mexico,MX,Veracruz,MX-VER,Chinameca,MX-VER-040
Mexico,MX,Veracruz,MX-VER,Ayahualulco,MX-VER-022
Mexico,MX,Veracruz,MX-VER,Huatusco,MX-VER-071
Mexico,MX,Veracruz,MX-VER,Alto Lucero,MX-VER-009
Mexico,MX,Veracruz,MX-VER,Perote,MX-VER-132
Mexico,MX,Veracruz,MX-VER,Ursulo Galván,MX-VER-196
Mexico,MX,Veracruz,MX-VER,Coetzala,MX-VER-051
Mexico,MX,Veracruz,MX-VER,Banderilla,MX-VER-023
Mexico,MX,Veracruz,MX-VER,Jesús Carranza,MX-VER-089
Mexico,MX,Veracruz,MX-VER,Vega de Alatorre,MX-VER-198
Mexico,MX,Veracruz,MX-VER,San Rafael,MX-VER-146
Mexico,MX,Veracruz,MX-VER,Manlio Fabio Altamirano,MX-VER-105
Mexico,MX,Veracruz,MX-VER,Chiconquiaco,MX-VER-038
Mexico,MX,Veracruz,MX-VER,Coxquihui,MX-VER-059
Mexico,MX,Veracruz,MX-VER,Medellín,MX-VER-110
Mexico,MX,Veracruz,MX-VER,Zaragoza,MX-VER-207
Mexico,MX,Veracruz,MX-VER,Apazapan,MX-VER-015
Mexico,MX,Veracruz,MX-VER,Chumatlán,MX-VER-044
Mexico,MX,Veracruz,MX-VER,Chacaltianguis,MX-VER-035
Mexico,MX,Veracruz,MX-VER,Tlilapan,MX-VER-189
Mexico,MX,Veracruz,MX-VER,Ixcatepec,MX-VER-078
Mexico,MX,Veracruz,MX-VER,San Juan Evangelista,MX-VER-145
Mexico,MX,Veracruz,MX-VER,Ixhuatlán del Café,MX-VER-082
Mexico,MX,Veracruz,MX-VER,Atoyac,MX-VER-019
Mexico,MX,Veracruz,MX-VER,Tequila,MX-VER-172
Mexico,MX,Veracruz,MX-VER,Texhuacán,MX-VER-174
Mexico,MX,Veracruz,MX-VER,Teocelo,MX-VER-168
Mexico,MX,Veracruz,MX-VER,Tenochtitlán,MX-VER-167
Mexico,MX,Veracruz,MX-VER,Atlahuilco,MX-VER-018
Mexico,MX,Veracruz,MX-VER,Chiconamel,MX-VER-037
Mexico,MX,Veracruz,MX-VER,Las Vigas de Ramírez,MX-VER-100
Mexico,MX,Veracruz,MX-VER,Cosamaloapan de Carpio,MX-VER-054
Mexico,MX,Veracruz,MX-VER,Emiliano Zapata,MX-VER-065
Mexico,MX,Veracruz,MX-VER,Coatzacoalcos,MX-VER-049
Mexico,MX,Veracruz,MX-VER,Agua Dulce,MX-VER-007
Mexico,MX,Veracruz,MX-VER,Santiago Sochiapan,MX-VER-147
Mexico,MX,Veracruz,MX-VER,San Andrés Tenejapan,MX-VER-143
Mexico,MX,Veracruz,MX-VER,Miahuatlán,MX-VER-111
Mexico,MX,Veracruz,MX-VER,Texcatepec,MX-VER-173
Mexico,MX,Veracruz,MX-VER,Acayucan,MX-VER-003
Mexico,MX,Veracruz,MX-VER,Tierra Blanca,MX-VER-177
Mexico,MX,Veracruz,MX-VER,Colipa,MX-VER-052
Mexico,MX,Veracruz,MX-VER,Coahuitlán,MX-VER-047
Mexico,MX,Veracruz,MX-VER,Papantla,MX-VER-129
Mexico,MX,Veracruz,MX-VER,Chinampa de Gorostiza,MX-VER-041
Mexico,MX,Veracruz,MX-VER,Coatzintla,MX-VER-050
Mexico,MX,Veracruz,MX-VER,El Higo,MX-VER-064
Mexico,MX,Veracruz,MX-VER,Las Choapas,MX-VER-098
Mexico,MX,Veracruz,MX-VER,Pueblo Viejo,MX-VER-136
Mexico,MX,Veracruz,MX-VER,Benito Juárez,MX-VER-024
Mexico,MX,Veracruz,MX-VER,Tlalixcoyan,MX-VER-184
Mexico,MX,Veracruz,MX-VER,Filomeno Mata,MX-VER-067
Mexico,MX,Veracruz,MX-VER,Orizaba,MX-VER-124
Mexico,MX,Veracruz,MX-VER,Zontecomatlán de López y Fuentes,MX-VER-210
Mexico,MX,Veracruz,MX-VER,Altotonga,MX-VER-010
Mexico,MX,Veracruz,MX-VER,Carlos A. Carrillo,MX-VER-029
Mexico,MX,Veracruz,MX-VER,Nautla,MX-VER-120
Mexico,MX,Veracruz,MX-VER,Actopan,MX-VER-004
Mexico,MX,Veracruz,MX-VER,Rafael Delgado,MX-VER-139
Mexico,MX,Veracruz,MX-VER,Cuitláhuac,MX-VER-062
Mexico,MX,Veracruz,MX-VER,Tancoco,MX-VER-158
Mexico,MX,Veracruz,MX-VER,Chalma,MX-VER-036
Mexico,MX,Veracruz,MX-VER,Coatepec,MX-VER-048
Mexico,MX,Veracruz,MX-VER,Tonayán,MX-VER-191
Mexico,MX,Veracruz,MX-VER,Totutla,MX-VER-192
Mexico,MX,Veracruz,MX-VER,Chontla,MX-VER-043
Mexico,MX,Veracruz,MX-VER,San Andrés Tuxtla,MX-VER-144
Mexico,MX,Veracruz,MX-VER,Ignacio de la Llave,MX-VER-075
Mexico,MX,Veracruz,MX-VER,Amatitlán,MX-VER-012
Mexico,MX,Veracruz,MX-VER,Coscomatepec,MX-VER-056
Mexico,MX,Veracruz,MX-VER,Río Blanco,MX-VER-141
Mexico,MX,Veracruz,MX-VER,Tlaquilpa,MX-VER-188
Mexico,MX,Veracruz,MX-VER,Tlapacoyan,MX-VER-187
Mexico,MX,Veracruz,MX-VER,Fortín,MX-VER-068
Mexico,MX,Veracruz,MX-VER,Ozuluama de Mascareñas,MX-VER-127
Mexico,MX,Veracruz,MX-VER,Naranjos Amatlán,MX-VER-119
Mexico,MX,Veracruz,MX-VER,Tamiahua,MX-VER-156
Mexico,MX,Veracruz,MX-VER,Tenampa,MX-VER-166
Mexico,MX,Veracruz,MX-VER,Zozocolco de Hidalgo,MX-VER-211
Mexico,MX,Veracruz,MX-VER,Paso del Macho,MX-VER-131
Mexico,MX,Veracruz,MX-VER,Álamo Temapache,MX-VER-212
Mexico,MX,Veracruz,MX-VER,Uxpanapa,MX-VER-197
Mexico,MX,Veracruz,MX-VER,José Azueta,MX-VER-091
Mexico,MX,Veracruz,MX-VER,Tlaltetela,MX-VER-186
Mexico,MX,Veracruz,MX-VER,Hueyapan de Ocampo,MX-VER-073
Mexico,MX,Veracruz,MX-VER,Hidalgotitlán,MX-VER-070
Mexico,MX,Veracruz,MX-VER,Cazones de Herrera,MX-VER-033
Mexico,MX,Veracruz,MX-VER,Espinal,MX-VER-066
Mexico,MX,Veracruz,MX-VER,Tlacojalpan,MX-VER-180
Mexico,MX,Veracruz,MX-VER,Los Reyes,MX-VER-102
Mexico,MX,Veracruz,MX-VER,Coacoatzintla,MX-VER-046
Mexico,MX,Veracruz,MX-VER,Xoxocotla,MX-VER-203
Mexico,MX,Veracruz,MX-VER,Yecuatla,MX-VER-205
Mexico,MX,Veracruz,MX-VER,Misantla,MX-VER-113
Mexico,MX,Veracruz,MX-VER,Mecayapan,MX-VER-109
Mexico,MX,Veracruz,MX-VER,Alpatláhuac,MX-VER-008
Mexico,MX,Veracruz,MX-VER,Acultzingo,MX-VER-006
Mexico,MX,Veracruz,MX-VER,Tihuatlán,MX-VER-178
Mexico,MX,Veracruz,MX-VER,La Antigua,MX-VER-095
Mexico,MX,Veracruz,MX-VER,Martínez de la Torre,MX-VER-107
Mexico,MX,Tamaulipas,MX-TAM,Soto la Marina,MX-TAM-037
Mexico,MX,Tamaulipas,MX-TAM,Llera,MX-TAM-020
Mexico,MX,Tamaulipas,MX-TAM,Mier,MX-TAM-023
Mexico,MX,Tamaulipas,MX-TAM,Jaumave,MX-TAM-018
Mexico,MX,Tamaulipas,MX-TAM,Río Bravo,MX-TAM-033
Mexico,MX,Tamaulipas,MX-TAM,Guerrero,MX-TAM-013
Mexico,MX,Tamaulipas,MX-TAM,Antiguo Morelos,MX-TAM-004
Mexico,MX,Tamaulipas,MX-TAM,Padilla,MX-TAM-030
Mexico,MX,Tamaulipas,MX-TAM,Valle Hermoso,MX-TAM-040
Mexico,MX,Tamaulipas,MX-TAM,Mainero,MX-TAM-021
Mexico,MX,Tamaulipas,MX-TAM,Tula,MX-TAM-039
Mexico,MX,Tamaulipas,MX-TAM,Nuevo Laredo,MX-TAM-027
Mexico,MX,Tamaulipas,MX-TAM,Victoria,MX-TAM-041
Mexico,MX,Tamaulipas,MX-TAM,Tampico,MX-TAM-038
Mexico,MX,Tamaulipas,MX-TAM,San Fernando,MX-TAM-035
Mexico,MX,Tamaulipas,MX-TAM,Hidalgo,MX-TAM-017
Mexico,MX,Tamaulipas,MX-TAM,Aldama,MX-TAM-002
Mexico,MX,Tamaulipas,MX-TAM,González,MX-TAM-012
Mexico,MX,Tamaulipas,MX-TAM,San Carlos,MX-TAM-034
Mexico,MX,Tamaulipas,MX-TAM,Palmillas,MX-TAM-031
Mexico,MX,Tamaulipas,MX-TAM,Burgos,MX-TAM-005
Mexico,MX,Tamaulipas,MX-TAM,Ocampo,MX-TAM-029
Mexico,MX,Tamaulipas,MX-TAM,Méndez,MX-TAM-026
Mexico,MX,Tamaulipas,MX-TAM,Cruillas,MX-TAM-010
Mexico,MX,Tamaulipas,MX-TAM,Abasolo,MX-TAM-001
Mexico,MX,Tamaulipas,MX-TAM,Jiménez,MX-TAM-019
Mexico,MX,Tamaulipas,MX-TAM,San Nicolás,MX-TAM-036
Mexico,MX,Tamaulipas,MX-TAM,Güémez,MX-TAM-016
Mexico,MX,Tamaulipas,MX-TAM,Ciudad Madero,MX-TAM-009
Mexico,MX,Tamaulipas,MX-TAM,Xicoténcatl,MX-TAM-043
Mexico,MX,Tamaulipas,MX-TAM,Matamoros,MX-TAM-022
Mexico,MX,Tamaulipas,MX-TAM,Miquihuana,MX-TAM-025
Mexico,MX,Tamaulipas,MX-TAM,Altamira,MX-TAM-003
Mexico,MX,Tamaulipas,MX-TAM,Reynosa,MX-TAM-032
Mexico,MX,Tamaulipas,MX-TAM,Gómez Farías,MX-TAM-015
Mexico,MX,Tamaulipas,MX-TAM,Casas,MX-TAM-008
Mexico,MX,Tamaulipas,MX-TAM,Bustamante,MX-TAM-006
Mexico,MX,Tamaulipas,MX-TAM,El Mante,MX-TAM-011
Mexico,MX,Tamaulipas,MX-TAM,Gustavo Díaz Ordaz,MX-TAM-014
Mexico,MX,Tamaulipas,MX-TAM,Miahuatlán,MX-TAM-044
Mexico,MX,Tamaulipas,MX-TAM,Camargo,MX-TAM-007
Mexico,MX,Tamaulipas,MX-TAM,Miguel Alemán,MX-TAM-024
Mexico,MX,Tamaulipas,MX-TAM,Villagrán,MX-TAM-042
Mexico,MX,Tamaulipas,MX-TAM,Nuevo Morelos,MX-TAM-028
Mexico,MX,Aguascalientes,MX-AGU,Pabellón de Arteaga,MX-AGU-007
Mexico,MX,Aguascalientes,MX-AGU,Asientos,MX-AGU-002
Mexico,MX,Aguascalientes,MX-AGU,Aguascalientes,MX-AGU-001
Mexico,MX,Aguascalientes,MX-AGU,Calvillo,MX-AGU-003
Mexico,MX,Aguascalientes,MX-AGU,Tepezalá,MX-AGU-011
Mexico,MX,Aguascalientes,MX-AGU,El Llano,MX-AGU-005
Mexico,MX,Aguascalientes,MX-AGU,Rincón de Romos,MX-AGU-008
Mexico,MX,Aguascalientes,MX-AGU,San José de Gracia,MX-AGU-010
Mexico,MX,Aguascalientes,MX-AGU,Cosío,MX-AGU-004
Mexico,MX,Aguascalientes,MX-AGU,San Francisco de los Romo,MX-AGU-009
Mexico,MX,Aguascalientes,MX-AGU,Jesús María,MX-AGU-006
Mexico,MX,Michoacán,MX-MIC,Arteaga,MX-MIC-009
Mexico,MX,Michoacán,MX-MIC,Morelos,MX-MIC-057
Mexico,MX,Michoacán,MX-MIC,San Lucas,MX-MIC-078
Mexico,MX,Michoacán,MX-MIC,Ixtlán,MX-MIC-041
Mexico,MX,Michoacán,MX-MIC,Tzitzio,MX-MIC-101
Mexico,MX,Michoacán,MX-MIC,Cojumatlán de Régules,MX-MIC-025
Mexico,MX,Michoacán,MX-MIC,Ziracuaretiro,MX-MIC-111
Mexico,MX,Michoacán,MX-MIC,Tzintzuntzan,MX-MIC-100
Mexico,MX,Michoacán,MX-MIC,Cotija,MX-MIC-028
Mexico,MX,Michoacán,MX-MIC,Tingüindín,MX-MIC-091
Mexico,MX,Michoacán,MX-MIC,Penjamillo,MX-MIC-069
Mexico,MX,Michoacán,MX-MIC,Yurécuaro,MX-MIC-106
Mexico,MX,Michoacán,MX-MIC,Salvador Escalante,MX-MIC-077
Mexico,MX,Michoacán,MX-MIC,Ecuandureo,MX-MIC-030
Mexico,MX,Michoacán,MX-MIC,Huandacareo,MX-MIC-035
Mexico,MX,Michoacán,MX-MIC,Tocumbo,MX-MIC-095
Mexico,MX,Michoacán,MX-MIC,Nahuatzen,MX-MIC-059
Mexico,MX,Michoacán,MX-MIC,Paracho,MX-MIC-067
Mexico,MX,Michoacán,MX-MIC,Aguililla,MX-MIC-002
Mexico,MX,Michoacán,MX-MIC,Nuevo Parangaricutiro,MX-MIC-061
Mexico,MX,Michoacán,MX-MIC,Nocupétaro,MX-MIC-060
Mexico,MX,Michoacán,MX-MIC,Buenavista,MX-MIC-011
Mexico,MX,Michoacán,MX-MIC,Chilchota,MX-MIC-017
Mexico,MX,Michoacán,MX-MIC,Cuitzeo,MX-MIC-029
Mexico,MX,Michoacán,MX-MIC,Copándaro,MX-MIC-027
Mexico,MX,Michoacán,MX-MIC,Tepalcatepec,MX-MIC-089
Mexico,MX,Michoacán,MX-MIC,Churumuco,MX-MIC-021
Mexico,MX,Michoacán,MX-MIC,Apatzingán,MX-MIC-005
Mexico,MX,Michoacán,MX-MIC,Chavinda,MX-MIC-015
Mexico,MX,Michoacán,MX-MIC,Maravatío,MX-MIC-054
Mexico,MX,Michoacán,MX-MIC,Zamora,MX-MIC-108
Mexico,MX,Michoacán,MX-MIC,Aporo,MX-MIC-006
Mexico,MX,Michoacán,MX-MIC,Tiquicheo,MX-MIC-092
Mexico,MX,Michoacán,MX-MIC,Coeneo,MX-MIC-024
Mexico,MX,Michoacán,MX-MIC,Erongarícuaro,MX-MIC-032
Mexico,MX,Michoacán,MX-MIC,Pajacuarán,MX-MIC-065
Mexico,MX,Michoacán,MX-MIC,Marcos Castellanos,MX-MIC-055
Mexico,MX,Michoacán,MX-MIC,Carácuaro,MX-MIC-012
Mexico,MX,Michoacán,MX-MIC,Epitacio Huerta,MX-MIC-031
Mexico,MX,Michoacán,MX-MIC,Los Reyes,MX-MIC-051
Mexico,MX,Michoacán,MX-MIC,Villamar,MX-MIC-104
Mexico,MX,Michoacán,MX-MIC,Chinicuila,MX-MIC-018
Mexico,MX,Michoacán,MX-MIC,Numarán,MX-MIC-063
Mexico,MX,Michoacán,MX-MIC,Venustiano Carranza,MX-MIC-103
Mexico,MX,Michoacán,MX-MIC,Huiramba,MX-MIC-038
Mexico,MX,Michoacán,MX-MIC,Briseñas,MX-MIC-010
Mexico,MX,Michoacán,MX-MIC,Parácuaro,MX-MIC-068
Mexico,MX,Michoacán,MX-MIC,Contepec,MX-MIC-026
Mexico,MX,Michoacán,MX-MIC,José Sixto Verduzco,MX-MIC-045
Mexico,MX,Michoacán,MX-MIC,Madero,MX-MIC-053
Mexico,MX,Michoacán,MX-MIC,Tancítaro,MX-MIC-083
Mexico,MX,Michoacán,MX-MIC,Lagunillas,MX-MIC-050
Mexico,MX,Michoacán,MX-MIC,Tuxpan,MX-MIC-098
Mexico,MX,Michoacán,MX-MIC,Aquila,MX-MIC-007
Mexico,MX,Michoacán,MX-MIC,Indaparapeo,MX-MIC-039
Mexico,MX,Michoacán,MX-MIC,Tuzantla,MX-MIC-099
Mexico,MX,Michoacán,MX-MIC,Quiroga,MX-MIC-075
Mexico,MX,Michoacán,MX-MIC,Turicato,MX-MIC-097
Mexico,MX,Michoacán,MX-MIC,Nuevo Urecho,MX-MIC-062
Mexico,MX,Michoacán,MX-MIC,Sahuayo,MX-MIC-076
Mexico,MX,Michoacán,MX-MIC,Angangueo,MX-MIC-004
Mexico,MX,Michoacán,MX-MIC,Coalcomán de Vázquez Pallares,MX-MIC-023
Mexico,MX,Michoacán,MX-MIC,Zacapu,MX-MIC-107
Mexico,MX,Michoacán,MX-MIC,Irimbo,MX-MIC-040
Mexico,MX,Michoacán,MX-MIC,Ocampo,MX-MIC-064
Mexico,MX,Michoacán,MX-MIC,Lázaro Cárdenas,MX-MIC-052
Mexico,MX,Michoacán,MX-MIC,Tangancícuaro,MX-MIC-085
Mexico,MX,Michoacán,MX-MIC,Jacona,MX-MIC-042
Mexico,MX,Michoacán,MX-MIC,Panindícuaro,MX-MIC-066
Mexico,MX,Michoacán,MX-MIC,Tangamandapio,MX-MIC-084
Mexico,MX,Michoacán,MX-MIC,Tarímbaro,MX-MIC-088
Mexico,MX,Michoacán,MX-MIC,Tanhuato,MX-MIC-086
Mexico,MX,Michoacán,MX-MIC,Huaniqueo,MX-MIC-036
Mexico,MX,Michoacán,MX-MIC,Peribán,MX-MIC-070
Mexico,MX,Michoacán,MX-MIC,Queréndaro,MX-MIC-074
Mexico,MX,Michoacán,MX-MIC,Purépero,MX-MIC-072
Mexico,MX,Michoacán,MX-MIC,Tacámbaro,MX-MIC-082
Mexico,MX,Michoacán,MX-MIC,Acuitzio,MX-MIC-001
Mexico,MX,Michoacán,MX-MIC,Angamacutiro,MX-MIC-003
Mexico,MX,Michoacán,MX-MIC,Charo,MX-MIC-014
Mexico,MX,Michoacán,MX-MIC,Jungapeo,MX-MIC-046
Mexico,MX,Michoacán,MX-MIC,La Piedad,MX-MIC-049
Mexico,MX,Michoacán,MX-MIC,Senguio,MX-MIC-080
Mexico,MX,Michoacán,MX-MIC,Coahuayana,MX-MIC-022
Mexico,MX,Michoacán,MX-MIC,Tlazazalca,MX-MIC-094
Mexico,MX,Michoacán,MX-MIC,Jiquilpan,MX-MIC-044
Mexico,MX,Michoacán,MX-MIC,Charapan,MX-MIC-013
Mexico,MX,Michoacán,MX-MIC,Zinapécuaro,MX-MIC-109
Mexico,MX,Michoacán,MX-MIC,Ario,MX-MIC-008
Mexico,MX,Michoacán,MX-MIC,Santa Ana Maya,MX-MIC-079
Mexico,MX,Michoacán,MX-MIC,Juárez,MX-MIC-047
Mexico,MX,Michoacán,MX-MIC,Taretan,MX-MIC-087
Mexico,MX,Michoacán,MX-MIC,Múgica,MX-MIC-058
Mexico,MX,Michoacán,MX-MIC,Pátzcuaro,MX-MIC-073
Mexico,MX,Michoacán,MX-MIC,Jiménez,MX-MIC-043
Mexico,MX,Michoacán,MX-MIC,Huetamo,MX-MIC-037
Mexico,MX,Michoacán,MX-MIC,Tlalpujahua,MX-MIC-093
Mexico,MX,Michoacán,MX-MIC,Hidalgo,MX-MIC-034
Mexico,MX,Michoacán,MX-MIC,Zitácuaro,MX-MIC-112
Mexico,MX,Michoacán,MX-MIC,Chucándiro,MX-MIC-019
Mexico,MX,Michoacán,MX-MIC,Puruándiro,MX-MIC-071
Mexico,MX,Michoacán,MX-MIC,Susupuato,MX-MIC-081
Mexico,MX,Michoacán,MX-MIC,Álvaro Obregón,MX-MIC-113
Mexico,MX,Michoacán,MX-MIC,Gabriel Zamora,MX-MIC-033
Mexico,MX,Michoacán,MX-MIC,Churintzio,MX-MIC-020
Mexico,MX,Michoacán,MX-MIC,Tingambato,MX-MIC-090
Mexico,MX,Michoacán,MX-MIC,Zináparo,MX-MIC-110
Mexico,MX,Michoacán,MX-MIC,Tumbiscatío,MX-MIC-096
Mexico,MX,Michoacán,MX-MIC,La Huacana,MX-MIC-048
Mexico,MX,Michoacán,MX-MIC,Uruapan,MX-MIC-102
Mexico,MX,Michoacán,MX-MIC,Vista Hermosa,MX-MIC-105
Mexico,MX,Michoacán,MX-MIC,Morelia,MX-MIC-056
Mexico,MX,Michoacán,MX-MIC,Cherán,MX-MIC-016
Mexico,MX,Coahuila,MX-COA,Frontera,MX-COA-010
Mexico,MX,Coahuila,MX-COA,Escobedo,MX-COA-008
Mexico,MX,Coahuila,MX-COA,Progreso,MX-COA-026
Mexico,MX,Coahuila,MX-COA,Guerrero,MX-COA-012
Mexico,MX,Coahuila,MX-COA,General Cepeda,MX-COA-011
Mexico,MX,Coahuila,MX-COA,San Buenaventura,MX-COA-031
Mexico,MX,Coahuila,MX-COA,Nava,MX-COA-022
Mexico,MX,Coahuila,MX-COA,Hidalgo,MX-COA-013
Mexico,MX,Coahuila,MX-COA,Nadadores,MX-COA-021
Mexico,MX,Coahuila,MX-COA,Ocampo,MX-COA-023
Mexico,MX,Coahuila,MX-COA,Múzquiz,MX-COA-020
Mexico,MX,Coahuila,MX-COA,Cuatro Ciénegas,MX-COA-007
Mexico,MX,Coahuila,MX-COA,Parras,MX-COA-024
Mexico,MX,Coahuila,MX-COA,Zaragoza,MX-COA-038
Mexico,MX,Coahuila,MX-COA,Ramos Arizpe,MX-COA-027
Mexico,MX,Coahuila,MX-COA,Matamoros,MX-COA-017
Mexico,MX,Coahuila,MX-COA,Viesca,MX-COA-036
Mexico,MX,Coahuila,MX-COA,Sierra Mojada,MX-COA-034
Mexico,MX,Coahuila,MX-COA,Sacramento,MX-COA-029
Mexico,MX,Coahuila,MX-COA,Candela,MX-COA-005
Mexico,MX,Coahuila,MX-COA,Arteaga,MX-COA-004
Mexico,MX,Coahuila,MX-COA,San Juan de Sabinas,MX-COA-032
Mexico,MX,Coahuila,MX-COA,Acuña,MX-COA-002
Mexico,MX,Coahuila,MX-COA,Sabinas,MX-COA-028
Mexico,MX,Coahuila,MX-COA,San Pedro,MX-COA-033
Mexico,MX,Coahuila,MX-COA,Lamadrid,MX-COA-016
Mexico,MX,Coahuila,MX-COA,Monclova,MX-COA-018
Mexico,MX,Coahuila,MX-COA,Abasolo,MX-COA-001
Mexico,MX,Coahuila,MX-COA,Jiménez,MX-COA-014
Mexico,MX,Coahuila,MX-COA,Francisco I. Madero,MX-COA-009
Mexico,MX,Coahuila,MX-COA,Allende,MX-COA-003
Mexico,MX,Coahuila,MX-COA,Villa Unión,MX-COA-037
Mexico,MX,Coahuila,MX-COA,Morelos,MX-COA-019
Mexico,MX,Coahuila,MX-COA,Torreón,MX-COA-035
Mexico,MX,Coahuila,MX-COA,Saltillo,MX-COA-030
Mexico,MX,Coahuila,MX-COA,Castaños,MX-COA-006
Mexico,MX,Coahuila,MX-COA,Juárez,MX-COA-015
Mexico,MX,Coahuila,MX-COA,Piedras Negras,MX-COA-025
Mexico,MX,Hidalgo,MX-HID,Cuautepec de Hinojosa,MX-HID-018
Mexico,MX,Hidalgo,MX-HID,Nopala,MX-HID-044
Mexico,MX,Hidalgo,MX-HID,Mineral del Chico,MX-HID-039
Mexico,MX,Hidalgo,MX-HID,Chapulhuacán,MX-HID-016
Mexico,MX,Hidalgo,MX-HID,San Salvador,MX-HID-054
Mexico,MX,Hidalgo,MX-HID,Zimapán,MX-HID-084
Mexico,MX,Hidalgo,MX-HID,Chapantongo,MX-HID-015
Mexico,MX,Hidalgo,MX-HID,Zempoala,MX-HID-083
Mexico,MX,Hidalgo,MX-HID,Tizayuca,MX-HID-068
Mexico,MX,Hidalgo,MX-HID,Eloxochitlán,MX-HID-020
Mexico,MX,Hidalgo,MX-HID,Tepeapulco,MX-HID-061
Mexico,MX,Hidalgo,MX-HID,Atitalaquia,MX-HID-009
Mexico,MX,Hidalgo,MX-HID,Huasca de Ocampo,MX-HID-024
Mexico,MX,Hidalgo,MX-HID,San Agustín Tlaxiaca,MX-HID-051
Mexico,MX,Hidalgo,MX-HID,Atotonilco el Grande,MX-HID-012
Mexico,MX,Hidalgo,MX-HID,Yahualica,MX-HID-080
Mexico,MX,Hidalgo,MX-HID,Pacula,MX-HID-047
Mexico,MX,Hidalgo,MX-HID,Actopan,MX-HID-003
Mexico,MX,Hidalgo,MX-HID,El Arenal,MX-HID-019
Mexico,MX,Hidalgo,MX-HID,Nicolás Flores,MX-HID-043
Mexico,MX,Hidalgo,MX-HID,Chilcuautla,MX-HID-017
Mexico,MX,Hidalgo,MX-HID,Tetepango,MX-HID-065
Mexico,MX,Hidalgo,MX-HID,Tulancingo,MX-HID-076
Mexico,MX,Hidalgo,MX-HID,Tezontepec de Aldama,MX-HID-066
Mexico,MX,Hidalgo,MX-HID,Molango,MX-HID-042
Mexico,MX,Hidalgo,MX-HID,Tlahuelilpan,MX-HID-069
Mexico,MX,Hidalgo,MX-HID,Jaltocán,MX-HID-032
Mexico,MX,Hidalgo,MX-HID,Tlaxcoapan,MX-HID-073
Mexico,MX,Hidalgo,MX-HID,Metztitlán,MX-HID-037
Mexico,MX,Hidalgo,MX-HID,Huazalingo,MX-HID-026
Mexico,MX,Hidalgo,MX-HID,Tlanalapa,MX-HID-071
Mexico,MX,Hidalgo,MX-HID,Huichapan,MX-HID-029
Mexico,MX,Hidalgo,MX-HID,Tenango de Doria,MX-HID-060
Mexico,MX,Hidalgo,MX-HID,Santiago de Anaya,MX-HID-056
Mexico,MX,Hidalgo,MX-HID,Mixquiahuala de Juárez,MX-HID-041
Mexico,MX,Hidalgo,MX-HID,Lolotla,MX-HID-035
Mexico,MX,Hidalgo,MX-HID,Acatlán,MX-HID-001
Mexico,MX,Hidalgo,MX-HID,Singuilucan,MX-HID-057
Mexico,MX,Hidalgo,MX-HID,Tlahuiltepa,MX-HID-070
Mexico,MX,Hidalgo,MX-HID,Apan,MX-HID-008
Mexico,MX,Hidalgo,MX-HID,Alfajayucan,MX-HID-006
Mexico,MX,Hidalgo,MX-HID,Huautla,MX-HID-025
Mexico,MX,Hidalgo,MX-HID,Calnali,MX-HID-013
Mexico,MX,Hidalgo,MX-HID,Xochiatipan,MX-HID-078
Mexico,MX,Hidalgo,MX-HID,Ajacuba,MX-HID-005
Mexico,MX,Hidalgo,MX-HID,Tepeji del Río de Ocampo,MX-HID-063
Mexico,MX,Hidalgo,MX-HID,Acaxochitlán,MX-HID-002
Mexico,MX,Hidalgo,MX-HID,Tlanchinol,MX-HID-072
Mexico,MX,Hidalgo,MX-HID,San Bartolo Tutotepec,MX-HID-052
Mexico,MX,Hidalgo,MX-HID,Zapotlán de Juárez,MX-HID-082
Mexico,MX,Hidalgo,MX-HID,Agua Blanca de Iturbide,MX-HID-004
Mexico,MX,Hidalgo,MX-HID,Mineral de la Reforma,MX-HID-038
Mexico,MX,Hidalgo,MX-HID,Tezontepec,MX-HID-077
Mexico,MX,Hidalgo,MX-HID,Progreso de Obregón,MX-HID-049
Mexico,MX,Hidalgo,MX-HID,Orizatlán,MX-HID-053
Mexico,MX,Hidalgo,MX-HID,Atlapexco,MX-HID-010
Mexico,MX,Hidalgo,MX-HID,Almoloya,MX-HID-007
Mexico,MX,Hidalgo,MX-HID,Huejutla de Reyes,MX-HID-028
Mexico,MX,Hidalgo,MX-HID,La Misión,MX-HID-034
Mexico,MX,Hidalgo,MX-HID,Tecozautla,MX-HID-059
Mexico,MX,Hidalgo,MX-HID,Tulantepec de Lugo Guerrero,MX-HID-055
Mexico,MX,Hidalgo,MX-HID,Tula de Allende,MX-HID-075
Mexico,MX,Hidalgo,MX-HID,Atotonilco de Tula,MX-HID-011
Mexico,MX,Hidalgo,MX-HID,Pachuca,MX-HID-046
Mexico,MX,Hidalgo,MX-HID,Juárez Hidalgo,MX-HID-033
Mexico,MX,Hidalgo,MX-HID,Pisaflores,MX-HID-048
Mexico,MX,Hidalgo,MX-HID,Huehuetla,MX-HID-027
Mexico,MX,Hidalgo,MX-HID,Xochicoatlán,MX-HID-079
Mexico,MX,Hidalgo,MX-HID,Tepehuacán de Guerrero,MX-HID-062
Mexico,MX,Hidalgo,MX-HID,Zacualtipán de Ángeles,MX-HID-081
Mexico,MX,Hidalgo,MX-HID,Metepec,MX-HID-036
Mexico,MX,Hidalgo,MX-HID,Mineral del Monte,MX-HID-040
Mexico,MX,Hidalgo,MX-HID,Omitlán de Juárez,MX-HID-045
Mexico,MX,Hidalgo,MX-HID,Tepetitlán,MX-HID-064
Mexico,MX,Hidalgo,MX-HID,San Agustín Metzquititlán,MX-HID-050
Mexico,MX,Hidalgo,MX-HID,Cardonal,MX-HID-014
Mexico,MX,Hidalgo,MX-HID,Epazoyucan,MX-HID-022
Mexico,MX,Hidalgo,MX-HID,Tianguistengo,MX-HID-067
Mexico,MX,Hidalgo,MX-HID,Francisco I. Madero,MX-HID-023
Mexico,MX,Hidalgo,MX-HID,Tasquillo,MX-HID-058
Mexico,MX,Hidalgo,MX-HID,Tolcayuca,MX-HID-074
Mexico,MX,Hidalgo,MX-HID,Jacala,MX-HID-031
Mexico,MX,Hidalgo,MX-HID,Ixmiquilpan,MX-HID-030
Mexico,MX,Hidalgo,MX-HID,Emiliano Zapata,MX-HID-021
Mexico,MX,Morelos,MX-MOR,Tepoztlán,MX-MOR-021
Mexico,MX,Morelos,MX-MOR,Miacatlán,MX-MOR-015
Mexico,MX,Morelos,MX-MOR,Axochiapan,MX-MOR-003
Mexico,MX,Morelos,MX-MOR,Yautepec,MX-MOR-030
Mexico,MX,Morelos,MX-MOR,Tetela del Volcán,MX-MOR-023
Mexico,MX,Morelos,MX-MOR,Tetecala,MX-MOR-022
Mexico,MX,Morelos,MX-MOR,Ocuituco,MX-MOR-016
Mexico,MX,Morelos,MX-MOR,Temoac,MX-MOR-019
Mexico,MX,Morelos,MX-MOR,Zacatepec,MX-MOR-032
Mexico,MX,Morelos,MX-MOR,Jojutla,MX-MOR-012
Mexico,MX,Morelos,MX-MOR,Jiutepec,MX-MOR-011
Mexico,MX,Morelos,MX-MOR,Totolapan,MX-MOR-028
Mexico,MX,Morelos,MX-MOR,Puente de Ixtla,MX-MOR-017
Mexico,MX,Morelos,MX-MOR,Jantetelco,MX-MOR-010
Mexico,MX,Morelos,MX-MOR,Tlaltizapán,MX-MOR-025
Mexico,MX,Morelos,MX-MOR,Xochitepec,MX-MOR-029
Mexico,MX,Morelos,MX-MOR,Tlalnepantla,MX-MOR-024
Mexico,MX,Morelos,MX-MOR,Zacualpan,MX-MOR-033
Mexico,MX,Morelos,MX-MOR,Temixco,MX-MOR-018
Mexico,MX,Morelos,MX-MOR,Yecapixtla,MX-MOR-031
Mexico,MX,Morelos,MX-MOR,Tlaquiltenango,MX-MOR-026
Mexico,MX,Morelos,MX-MOR,Ayala,MX-MOR-004
Mexico,MX,Morelos,MX-MOR,Atlatlahucan,MX-MOR-002
Mexico,MX,Morelos,MX-MOR,Emiliano Zapata,MX-MOR-008
Mexico,MX,Morelos,MX-MOR,Tlayacapan,MX-MOR-027
Mexico,MX,Morelos,MX-MOR,Coatlán del Río,MX-MOR-005
Mexico,MX,Morelos,MX-MOR,Huitzilac,MX-MOR-009
Mexico,MX,Morelos,MX-MOR,Cuernavaca,MX-MOR-007
Mexico,MX,Morelos,MX-MOR,Tepalcingo,MX-MOR-020
Mexico,MX,Morelos,MX-MOR,Jonacatepec,MX-MOR-013
Mexico,MX,Morelos,MX-MOR,Amacuzac,MX-MOR-001
Mexico,MX,Morelos,MX-MOR,Mazatepec,MX-MOR-014
Mexico,MX,Morelos,MX-MOR,Cuautla,MX-MOR-006
Mexico,MX,Chihuahua,MX-CHH,San Francisco de Conchos,MX-CHH-058
Mexico,MX,Chihuahua,MX-CHH,Ocampo,MX-CHH-051
Mexico,MX,Chihuahua,MX-CHH,Camargo,MX-CHH-011
Mexico,MX,Chihuahua,MX-CHH,López,MX-CHH-039
Mexico,MX,Chihuahua,MX-CHH,Chihuahua,MX-CHH-014
Mexico,MX,Chihuahua,MX-CHH,Jiménez,MX-CHH-035
Mexico,MX,Chihuahua,MX-CHH,Bocoyna,MX-CHH-009
Mexico,MX,Chihuahua,MX-CHH,San Francisco del Oro,MX-CHH-059
Mexico,MX,Chihuahua,MX-CHH,Madera,MX-CHH-040
Mexico,MX,Chihuahua,MX-CHH,Nonoava,MX-CHH-049
Mexico,MX,Chihuahua,MX-CHH,Cusihuiriachi,MX-CHH-019
Mexico,MX,Chihuahua,MX-CHH,Ascensión,MX-CHH-005
Mexico,MX,Chihuahua,MX-CHH,Chínipas,MX-CHH-015
Mexico,MX,Chihuahua,MX-CHH,Valle de Zaragoza,MX-CHH-067
Mexico,MX,Chihuahua,MX-CHH,Santa Bárbara,MX-CHH-060
Mexico,MX,Chihuahua,MX-CHH,Uruachi,MX-CHH-066
Mexico,MX,Chihuahua,MX-CHH,Manuel Benavides,MX-CHH-042
Mexico,MX,Chihuahua,MX-CHH,Urique,MX-CHH-065
Mexico,MX,Chihuahua,MX-CHH,Satevó,MX-CHH-062
Mexico,MX,Chihuahua,MX-CHH,Namiquipa,MX-CHH-048
Mexico,MX,Chihuahua,MX-CHH,Aquiles Serdán,MX-CHH-004
Mexico,MX,Chihuahua,MX-CHH,Rosario,MX-CHH-056
Mexico,MX,Chihuahua,MX-CHH,Nuevo Casas Grandes,MX-CHH-050
Mexico,MX,Chihuahua,MX-CHH,Casas Grandes,MX-CHH-013
Mexico,MX,Chihuahua,MX-CHH,Julimes,MX-CHH-036
Mexico,MX,Chihuahua,MX-CHH,Buenaventura,MX-CHH-010
Mexico,MX,Chihuahua,MX-CHH,Doctor Belisario Domínguez,MX-CHH-021
Mexico,MX,Chihuahua,MX-CHH,Morelos,MX-CHH-046
Mexico,MX,Chihuahua,MX-CHH,Moris,MX-CHH-047
Mexico,MX,Chihuahua,MX-CHH,Cuauhtémoc,MX-CHH-018
Mexico,MX,Chihuahua,MX-CHH,Rosales,MX-CHH-055
Mexico,MX,Chihuahua,MX-CHH,Galeana,MX-CHH-023
Mexico,MX,Chihuahua,MX-CHH,Aldama,MX-CHH-002
Mexico,MX,Chihuahua,MX-CHH,Bachíniva,MX-CHH-006
Mexico,MX,Chihuahua,MX-CHH,Batopilas,MX-CHH-008
Mexico,MX,Chihuahua,MX-CHH,Matamoros,MX-CHH-044
Mexico,MX,Chihuahua,MX-CHH,Maguarichi,MX-CHH-041
Mexico,MX,Chihuahua,MX-CHH,La Cruz,MX-CHH-038
Mexico,MX,Chihuahua,MX-CHH,Temósachic,MX-CHH-064
Mexico,MX,Chihuahua,MX-CHH,Santa Isabel,MX-CHH-061
Mexico,MX,Chihuahua,MX-CHH,Ahumada,MX-CHH-001
Mexico,MX,Chihuahua,MX-CHH,Carichí,MX-CHH-012
Mexico,MX,Chihuahua,MX-CHH,Matachí,MX-CHH-043
Mexico,MX,Chihuahua,MX-CHH,Hidalgo del Parral,MX-CHH-031
Mexico,MX,Chihuahua,MX-CHH,Janos,MX-CHH-034
Mexico,MX,Chihuahua,MX-CHH,Ojinaga,MX-CHH-052
Mexico,MX,Chihuahua,MX-CHH,Saucillo,MX-CHH-063
Mexico,MX,Chihuahua,MX-CHH,Gran Morelos,MX-CHH-024
Mexico,MX,Chihuahua,MX-CHH,El Tule,MX-CHH-022
Mexico,MX,Chihuahua,MX-CHH,Guadalupe y Calvo,MX-CHH-027
Mexico,MX,Chihuahua,MX-CHH,Coyame del Sotol,MX-CHH-017
Mexico,MX,Chihuahua,MX-CHH,Guadalupe,MX-CHH-026
Mexico,MX,Chihuahua,MX-CHH,Guazapares,MX-CHH-028
Mexico,MX,Chihuahua,MX-CHH,Allende,MX-CHH-003
Mexico,MX,Chihuahua,MX-CHH,Guerrero,MX-CHH-029
Mexico,MX,Chihuahua,MX-CHH,Riva Palacio,MX-CHH-054
Mexico,MX,Chihuahua,MX-CHH,Coronado,MX-CHH-016
Mexico,MX,Chihuahua,MX-CHH,Guachochi,MX-CHH-025
Mexico,MX,Chihuahua,MX-CHH,Juárez,MX-CHH-037
Mexico,MX,Chihuahua,MX-CHH,Gómez Farías,MX-CHH-030
Mexico,MX,Chihuahua,MX-CHH,Ignacio Zaragoza,MX-CHH-033
Mexico,MX,Chihuahua,MX-CHH,Meoqui,MX-CHH-045
Mexico,MX,Chihuahua,MX-CHH,Balleza,MX-CHH-007
Mexico,MX,Chihuahua,MX-CHH,Delicias,MX-CHH-020
Mexico,MX,Chihuahua,MX-CHH,San Francisco de Borja,MX-CHH-057
Mexico,MX,Chihuahua,MX-CHH,Praxedis G. Guerrero,MX-CHH-053
Mexico,MX,Chihuahua,MX-CHH,Huejotitán,MX-CHH-032
Mexico,MX,Estado de México,MX-MEX,San Felipe del Progreso,MX-MEX-075
Mexico,MX,Estado de México,MX-MEX,Nicolás Romero,MX-MEX-063
Mexico,MX,Estado de México,MX-MEX,Morelos,MX-MEX-059
Mexico,MX,Estado de México,MX-MEX,Texcalyacac,MX-MEX-100
Mexico,MX,Estado de México,MX-MEX,Tenango del Aire,MX-MEX-091
Mexico,MX,Estado de México,MX-MEX,Ocuilan,MX-MEX-066
Mexico,MX,Estado de México,MX-MEX,Villa Guerrero,MX-MEX-115
Mexico,MX,Estado de México,MX-MEX,Ecatepec,MX-MEX-034
Mexico,MX,Estado de México,MX-MEX,Tequixquiac,MX-MEX-098
Mexico,MX,Estado de México,MX-MEX,Amecameca,MX-MEX-009
Mexico,MX,Estado de México,MX-MEX,Axapusco,MX-MEX-016
Mexico,MX,Estado de México,MX-MEX,Tepotzotlán,MX-MEX-097
Mexico,MX,Estado de México,MX-MEX,Texcoco,MX-MEX-101
Mexico,MX,Estado de México,MX-MEX,Ozumba,MX-MEX-070
Mexico,MX,Estado de México,MX-MEX,Nezahualcóyotl,MX-MEX-062
Mexico,MX,Estado de México,MX-MEX,Mexicaltzingo,MX-MEX-058
Mexico,MX,Estado de México,MX-MEX,Tonanitla,MX-MEX-109
Mexico,MX,Estado de México,MX-MEX,Valle de Chalco,MX-MEX-020
Mexico,MX,Estado de México,MX-MEX,Melchor Ocampo,MX-MEX-056
Mexico,MX,Estado de México,MX-MEX,Valle de Bravo,MX-MEX-113
Mexico,MX,Estado de México,MX-MEX,Amatepec,MX-MEX-008
Mexico,MX,Estado de México,MX-MEX,Jocotitlán,MX-MEX-049
Mexico,MX,Estado de México,MX-MEX,Jaltenco,MX-MEX-045
Mexico,MX,Estado de México,MX-MEX,Valle de Chalco Solidaridad,MX-MEX-114
Mexico,MX,Estado de México,MX-MEX,El Oro,MX-MEX-036
Mexico,MX,Estado de México,MX-MEX,Calimaya,MX-MEX-018
Mexico,MX,Estado de México,MX-MEX,Xonacatlán,MX-MEX-120
Mexico,MX,Estado de México,MX-MEX,Villa de Allende,MX-MEX-117
Mexico,MX,Estado de México,MX-MEX,Tecámac,MX-MEX-083
Mexico,MX,Estado de México,MX-MEX,Temamatla,MX-MEX-085
Mexico,MX,Estado de México,MX-MEX,Atlautla,MX-MEX-015
Mexico,MX,Estado de México,MX-MEX,Rayón,MX-MEX-073
Mexico,MX,Estado de México,MX-MEX,Tejupilco,MX-MEX-084
Mexico,MX,Estado de México,MX-MEX,Luvianos,MX-MEX-054
Mexico,MX,Estado de México,MX-MEX,Lerma,MX-MEX-053
Mexico,MX,Estado de México,MX-MEX,Temascaltepec,MX-MEX-088
Mexico,MX,Estado de México,MX-MEX,Huehuetoca,MX-MEX-037
Mexico,MX,Estado de México,MX-MEX,San Martín de las Pirámides,MX-MEX-077
Mexico,MX,Estado de México,MX-MEX,Cuautitlán Izcalli,MX-MEX-032
Mexico,MX,Estado de México,MX-MEX,Xalatlaco,MX-MEX-119
Mexico,MX,Estado de México,MX-MEX,Joquicingo,MX-MEX-050
Mexico,MX,Estado de México,MX-MEX,Acolman,MX-MEX-002
Mexico,MX,Estado de México,MX-MEX,Ayapango,MX-MEX-017
Mexico,MX,Estado de México,MX-MEX,Coyotepec,MX-MEX-030
Mexico,MX,Estado de México,MX-MEX,Atenco,MX-MEX-011
Mexico,MX,Estado de México,MX-MEX,Almoloya de Juárez,MX-MEX-005
Mexico,MX,Estado de México,MX-MEX,Timilpan,MX-MEX-104
Mexico,MX,Estado de México,MX-MEX,Ixtapan de la Sal,MX-MEX-042
Mexico,MX,Estado de México,MX-MEX,San Mateo Atenco,MX-MEX-078
Mexico,MX,Estado de México,MX-MEX,Temascalcingo,MX-MEX-087
Mexico,MX,Estado de México,MX-MEX,Tepetlaoxtoc,MX-MEX-095
Mexico,MX,Estado de México,MX-MEX,Coatepec Harinas,MX-MEX-028
Mexico,MX,Estado de México,MX-MEX,Juchitepec,MX-MEX-051
Mexico,MX,Estado de México,MX-MEX,Zumpahuacán,MX-MEX-124
Mexico,MX,Estado de México,MX-MEX,Hueypoxtla,MX-MEX-038
Mexico,MX,Estado de México,MX-MEX,Naucalpan de Juárez,MX-MEX-060
Mexico,MX,Estado de México,MX-MEX,Jilotzingo,MX-MEX-047
Mexico,MX,Estado de México,MX-MEX,Chapa de Mota,MX-MEX-021
Mexico,MX,Estado de México,MX-MEX,Almoloya de Alquisiras,MX-MEX-004
Mexico,MX,Estado de México,MX-MEX,Texcaltitlán,MX-MEX-099
Mexico,MX,Estado de México,MX-MEX,Chimalhuacán,MX-MEX-026
Mexico,MX,Estado de México,MX-MEX,Apaxco,MX-MEX-010
Mexico,MX,Estado de México,MX-MEX,Almoloya del Río,MX-MEX-006
Mexico,MX,Estado de México,MX-MEX,Jilotepec,MX-MEX-046
Mexico,MX,Estado de México,MX-MEX,Villa del Carbón,MX-MEX-118
Mexico,MX,Estado de México,MX-MEX,Chapultepec,MX-MEX-022
Mexico,MX,Estado de México,MX-MEX,Toluca,MX-MEX-108
Mexico,MX,Estado de México,MX-MEX,Huixquilucan,MX-MEX-039
Mexico,MX,Estado de México,MX-MEX,Polotitlán,MX-MEX-072
Mexico,MX,Estado de México,MX-MEX,Nopaltepec,MX-MEX-064
Mexico,MX,Estado de México,MX-MEX,San José del Rincón,MX-MEX-076
Mexico,MX,Estado de México,MX-MEX,Tlalmanalco,MX-MEX-105
Mexico,MX,Estado de México,MX-MEX,Cocotitlán,MX-MEX-029
Mexico,MX,Estado de México,MX-MEX,Acambay,MX-MEX-001
Mexico,MX,Estado de México,MX-MEX,Ecatzingo,MX-MEX-035
Mexico,MX,Estado de México,MX-MEX,Metepec,MX-MEX-057
Mexico,MX,Estado de México,MX-MEX,Otzolotepec,MX-MEX-069
Mexico,MX,Estado de México,MX-MEX,Tlalnepantla de Baz,MX-MEX-106
Mexico,MX,Estado de México,MX-MEX,Ixtapaluca,MX-MEX-041
Mexico,MX,Estado de México,MX-MEX,Sultepec,MX-MEX-082
Mexico,MX,Estado de México,MX-MEX,Zacazonapan,MX-MEX-121
Mexico,MX,Estado de México,MX-MEX,Amanalco,MX-MEX-007
Mexico,MX,Estado de México,MX-MEX,Tezoyuca,MX-MEX-102
Mexico,MX,Estado de México,MX-MEX,Capulhuac,MX-MEX-019
Mexico,MX,Estado de México,MX-MEX,Tenango del Valle,MX-MEX-092
Mexico,MX,Estado de México,MX-MEX,Temoaya,MX-MEX-089
Mexico,MX,Estado de México,MX-MEX,Ocoyoacac,MX-MEX-065
Mexico,MX,Estado de México,MX-MEX,Ixtapan del Oro,MX-MEX-043
Mexico,MX,Estado de México,MX-MEX,Chicoloapan,MX-MEX-024
Mexico,MX,Estado de México,MX-MEX,Nextlalpan,MX-MEX-061
Mexico,MX,Estado de México,MX-MEX,Coacalco de Berriozábal,MX-MEX-027
Mexico,MX,Estado de México,MX-MEX,Tianguistenco,MX-MEX-103
Mexico,MX,Estado de México,MX-MEX,Atizapán de Zaragoza,MX-MEX-013
Mexico,MX,Estado de México,MX-MEX,Aculco,MX-MEX-003
Mexico,MX,Estado de México,MX-MEX,Papalotla,MX-MEX-071
Mexico,MX,Estado de México,MX-MEX,Otzoloapan,MX-MEX-068
Mexico,MX,Estado de México,MX-MEX,Cuautitlán,MX-MEX-031
Mexico,MX,Estado de México,MX-MEX,Santo Tomás,MX-MEX-080
Mexico,MX,Estado de México,MX-MEX,San Antonio la Isla,MX-MEX-074
Mexico,MX,Estado de México,MX-MEX,Zumpango,MX-MEX-125
Mexico,MX,Estado de México,MX-MEX,Zinacantepec,MX-MEX-123
Mexico,MX,Estado de México,MX-MEX,Ixtlahuaca,MX-MEX-044
Mexico,MX,Estado de México,MX-MEX,Otumba,MX-MEX-067
Mexico,MX,Estado de México,MX-MEX,Donato Guerra,MX-MEX-033
Mexico,MX,Estado de México,MX-MEX,Tenancingo,MX-MEX-090
Mexico,MX,Estado de México,MX-MEX,Soyaniquilpan,MX-MEX-081
Mexico,MX,Estado de México,MX-MEX,Tlatlaya,MX-MEX-107
Mexico,MX,Estado de México,MX-MEX,Chiconcuac,MX-MEX-025
Mexico,MX,Estado de México,MX-MEX,Tonatico,MX-MEX-110
Mexico,MX,Estado de México,MX-MEX,Malinalco,MX-MEX-055
Mexico,MX,Estado de México,MX-MEX,Isidro Fabela,MX-MEX-040
Mexico,MX,Estado de México,MX-MEX,Jiquipilco,MX-MEX-048
Mexico,MX,Estado de México,MX-MEX,Atizapán,MX-MEX-012
Mexico,MX,Estado de México,MX-MEX,Teotihuacán,MX-MEX-094
Mexico,MX,Estado de México,MX-MEX,Teoloyucan,MX-MEX-093
Mexico,MX,Estado de México,MX-MEX,Tultepec,MX-MEX-111
Mexico,MX,Estado de México,MX-MEX,Villa Victoria,MX-MEX-116
Mexico,MX,Estado de México,MX-MEX,Tepetlixpa,MX-MEX-096
Mexico,MX,Estado de México,MX-MEX,Temascalapa,MX-MEX-086
Mexico,MX,Estado de México,MX-MEX,Atlacomulco,MX-MEX-014
Mexico,MX,Estado de México,MX-MEX,Zacualpan,MX-MEX-122
Mexico,MX,Estado de México,MX-MEX,La Paz,MX-MEX-052
Mexico,MX,Estado de México,MX-MEX,San Simón de Guerrero,MX-MEX-079
Mexico,MX,Estado de México,MX-MEX,Tultitlán,MX-MEX-112
Mexico,MX,Estado de México,MX-MEX,Chiautla,MX-MEX-023
Mexico,MX,Nayarit,MX-NAY,Ruíz,MX-NAY-012
Mexico,MX,Nayarit,MX-NAY,Acaponeta,MX-NAY-001
Mexico,MX,Nayarit,MX-NAY,El Nayar,MX-NAY-006
Mexico,MX,Nayarit,MX-NAY,La Yesca,MX-NAY-010
Mexico,MX,Nayarit,MX-NAY,Rosamorada,MX-NAY-011
Mexico,MX,Nayarit,MX-NAY,Jala,MX-NAY-009
Mexico,MX,Nayarit,MX-NAY,San Blas,MX-NAY-013
Mexico,MX,Nayarit,MX-NAY,Xalisco,MX-NAY-020
Mexico,MX,Nayarit,MX-NAY,Tecuala,MX-NAY-017
Mexico,MX,Nayarit,MX-NAY,San Pedro Lagunillas,MX-NAY-014
Mexico,MX,Nayarit,MX-NAY,Tepic,MX-NAY-018
Mexico,MX,Nayarit,MX-NAY,Compostela,MX-NAY-005
Mexico,MX,Nayarit,MX-NAY,Bahía de Banderas,MX-NAY-004
Mexico,MX,Nayarit,MX-NAY,Huajicori,MX-NAY-007
Mexico,MX,Nayarit,MX-NAY,Ixtlán del Río,MX-NAY-008
Mexico,MX,Nayarit,MX-NAY,Amatlán de Cañas,MX-NAY-003
Mexico,MX,Nayarit,MX-NAY,Santa María del Oro,MX-NAY-015
Mexico,MX,Nayarit,MX-NAY,Santiago Ixcuintla,MX-NAY-016
Mexico,MX,Nayarit,MX-NAY,Tuxpan,MX-NAY-019
Mexico,MX,Nayarit,MX-NAY,Ahuacatlán,MX-NAY-002
Mexico,MX,Chiapas,MX-CHP,Catazajá,MX-CHP-017
Mexico,MX,Chiapas,MX-CHP,Teopisca,MX-CHP-103
Mexico,MX,Chiapas,MX-CHP,Huixtla,MX-CHP-040
Mexico,MX,Chiapas,MX-CHP,Escuintla,MX-CHP-034
Mexico,MX,Chiapas,MX-CHP,Unión Juárez,MX-CHP-112
Mexico,MX,Chiapas,MX-CHP,Chiapa de Corzo,MX-CHP-023
Mexico,MX,Chiapas,MX-CHP,Sunuapa,MX-CHP-097
Mexico,MX,Chiapas,MX-CHP,Sabanilla,MX-CHP-081
Mexico,MX,Chiapas,MX-CHP,Las Rosas,MX-CHP-056
Mexico,MX,Chiapas,MX-CHP,Acapetahua,MX-CHP-003
Mexico,MX,Chiapas,MX-CHP,La Trinitaria,MX-CHP-053
Mexico,MX,Chiapas,MX-CHP,Angel Albino Corzo,MX-CHP-009
Mexico,MX,Chiapas,MX-CHP,Larráinzar,MX-CHP-054
Mexico,MX,Chiapas,MX-CHP,Simojovel,MX-CHP-090
Mexico,MX,Chiapas,MX-CHP,Mapastepec,MX-CHP-057
Mexico,MX,Chiapas,MX-CHP,San Cristóbal de las Casas,MX-CHP-084
Mexico,MX,Chiapas,MX-CHP,Mazatán,MX-CHP-061
Mexico,MX,Chiapas,MX-CHP,La Libertad,MX-CHP-052
Mexico,MX,Chiapas,MX-CHP,Pichucalco,MX-CHP-076
Mexico,MX,Chiapas,MX-CHP,Frontera Hidalgo,MX-CHP-037
Mexico,MX,Chiapas,MX-CHP,Suchiate,MX-CHP-096
Mexico,MX,Chiapas,MX-CHP,Aldama,MX-CHP-004
Mexico,MX,Chiapas,MX-CHP,Santiago el Pinar,MX-CHP-088
Mexico,MX,Chiapas,MX-CHP,Soyaló,MX-CHP-094
Mexico,MX,Chiapas,MX-CHP,Rayón,MX-CHP-079
Mexico,MX,Chiapas,MX-CHP,El Porvenir,MX-CHP-033
Mexico,MX,Chiapas,MX-CHP,Ixtapa,MX-CHP-044
Mexico,MX,Chiapas,MX-CHP,Huitiupán,MX-CHP-039
Mexico,MX,Chiapas,MX-CHP,La Independencia,MX-CHP-051
Mexico,MX,Chiapas,MX-CHP,Suchiapa,MX-CHP-095
Mexico,MX,Chiapas,MX-CHP,Chilón,MX-CHP-027
Mexico,MX,Chiapas,MX-CHP,Venustiano Carranza,MX-CHP-113
Mexico,MX,Chiapas,MX-CHP,Amatenango del Valle,MX-CHP-007
Mexico,MX,Chiapas,MX-CHP,La Grandeza,MX-CHP-050
Mexico,MX,Chiapas,MX-CHP,Villa Corzo,MX-CHP-115
Mexico,MX,Chiapas,MX-CHP,Ixhuatán,MX-CHP-042
Mexico,MX,Chiapas,MX-CHP,Chamula,MX-CHP-019
Mexico,MX,Chiapas,MX-CHP,Chicoasén,MX-CHP-025
Mexico,MX,Chiapas,MX-CHP,Villa Comaltitlán,MX-CHP-114
Mexico,MX,Chiapas,MX-CHP,Tecpatán,MX-CHP-101
Mexico,MX,Chiapas,MX-CHP,Bochil,MX-CHP-015
Mexico,MX,Chiapas,MX-CHP,San Juan Cancuc,MX-CHP-086
Mexico,MX,Chiapas,MX-CHP,Chalchihuitán,MX-CHP-018
Mexico,MX,Chiapas,MX-CHP,Amatán,MX-CHP-008
Mexico,MX,Chiapas,MX-CHP,Huehuetán,MX-CHP-038
Mexico,MX,Chiapas,MX-CHP,Acala,MX-CHP-002
Mexico,MX,Chiapas,MX-CHP,Nicolás Ruíz,MX-CHP-066
Mexico,MX,Chiapas,MX-CHP,San Andrés Duraznal,MX-CHP-083
Mexico,MX,Chiapas,MX-CHP,Ocosingo,MX-CHP-067
Mexico,MX,Chiapas,MX-CHP,Pantelhó,MX-CHP-074
Mexico,MX,Chiapas,MX-CHP,San Fernando,MX-CHP-085
Mexico,MX,Chiapas,MX-CHP,Tuzantán,MX-CHP-110
Mexico,MX,Chiapas,MX-CHP,Francisco León,MX-CHP-035
Mexico,MX,Chiapas,MX-CHP,Altamirano,MX-CHP-005
Mexico,MX,Chiapas,MX-CHP,Sitalá,MX-CHP-091
Mexico,MX,Chiapas,MX-CHP,Ixtacomitán,MX-CHP-043
Mexico,MX,Chiapas,MX-CHP,Huixtán,MX-CHP-041
Mexico,MX,Chiapas,MX-CHP,Jiquipilas,MX-CHP-046
Mexico,MX,Chiapas,MX-CHP,Copainalá,MX-CHP-031
Mexico,MX,Chiapas,MX-CHP,Frontera Comalapa,MX-CHP-036
Mexico,MX,Chiapas,MX-CHP,Berriozábal,MX-CHP-014
Mexico,MX,Chiapas,MX-CHP,Juárez,MX-CHP-048
Mexico,MX,Chiapas,MX-CHP,Ixtapangajoya,MX-CHP-045
Mexico,MX,Chiapas,MX-CHP,Bejucal de Ocampo,MX-CHP-011
Mexico,MX,Chiapas,MX-CHP,Cintalapa,MX-CHP-028
Mexico,MX,Chiapas,MX-CHP,Siltepec,MX-CHP-089
Mexico,MX,Chiapas,MX-CHP,Benemérito de las Américas,MX-CHP-013
Mexico,MX,Chiapas,MX-CHP,Mitontic,MX-CHP-063
Mexico,MX,Chiapas,MX-CHP,Tuxtla Gutiérrez,MX-CHP-109
Mexico,MX,Chiapas,MX-CHP,Chicomuselo,MX-CHP-026
Mexico,MX,Chiapas,MX-CHP,Marqués de Comillas,MX-CHP-059
Mexico,MX,Chiapas,MX-CHP,Reforma,MX-CHP-080
Mexico,MX,Chiapas,MX-CHP,Bella Vista,MX-CHP-012
Mexico,MX,Chiapas,MX-CHP,Socoltenango,MX-CHP-092
Mexico,MX,Chiapas,MX-CHP,Ostuacán,MX-CHP-070
Mexico,MX,Chiapas,MX-CHP,Tapilula,MX-CHP-100
Mexico,MX,Chiapas,MX-CHP,La Concordia,MX-CHP-049
Mexico,MX,Chiapas,MX-CHP,Salto de Agua,MX-CHP-082
Mexico,MX,Chiapas,MX-CHP,Chiapilla,MX-CHP-024
Mexico,MX,Chiapas,MX-CHP,Zinacantán,MX-CHP-118
Mexico,MX,Chiapas,MX-CHP,San Lucas,MX-CHP-087
Mexico,MX,Chiapas,MX-CHP,Metapa,MX-CHP-062
Mexico,MX,Chiapas,MX-CHP,Chenalhó,MX-CHP-022
Mexico,MX,Chiapas,MX-CHP,Montecristo de Guerrero,MX-CHP-064
Mexico,MX,Chiapas,MX-CHP,Jitotol,MX-CHP-047
Mexico,MX,Chiapas,MX-CHP,Ocotepec,MX-CHP-068
Mexico,MX,Chiapas,MX-CHP,Villaflores,MX-CHP-116
Mexico,MX,Chiapas,MX-CHP,Chapultenango,MX-CHP-021
Mexico,MX,Chiapas,MX-CHP,Chanal,MX-CHP-020
Mexico,MX,Chiapas,MX-CHP,El Bosque,MX-CHP-032
Mexico,MX,Chiapas,MX-CHP,Osumacinta,MX-CHP-071
Mexico,MX,Chiapas,MX-CHP,Amatenango de la Frontera,MX-CHP-006
Mexico,MX,Chiapas,MX-CHP,Comitán,MX-CHP-030
Mexico,MX,Chiapas,MX-CHP,Ocozocoautla de Espinosa,MX-CHP-069
Mexico,MX,Chiapas,MX-CHP,Solosuchiapa,MX-CHP-093
Mexico,MX,Chiapas,MX-CHP,Tumbalá,MX-CHP-107
Mexico,MX,Chiapas,MX-CHP,Tuxtla Chico,MX-CHP-108
Mexico,MX,Chiapas,MX-CHP,Arriaga,MX-CHP-010
Mexico,MX,Chiapas,MX-CHP,Tila,MX-CHP-104
Mexico,MX,Chiapas,MX-CHP,Tenejapa,MX-CHP-102
Mexico,MX,Chiapas,MX-CHP,Tapachula,MX-CHP-098
Mexico,MX,Chiapas,MX-CHP,Coapilla,MX-CHP-029
Mexico,MX,Chiapas,MX-CHP,Acacoyagua,MX-CHP-001
Mexico,MX,Chiapas,MX-CHP,Tzimol,MX-CHP-111
Mexico,MX,Chiapas,MX-CHP,Motozintla,MX-CHP-065
Mexico,MX,Chiapas,MX-CHP,Tapalapa,MX-CHP-099
Mexico,MX,Chiapas,MX-CHP,Tonalá,MX-CHP-105
Mexico,MX,Chiapas,MX-CHP,Totolapa,MX-CHP-106
Mexico,MX,Chiapas,MX-CHP,Cacahoatán,MX-CHP-016
Mexico,MX,Chiapas,MX-CHP,Maravilla Tenejapa,MX-CHP-058
Mexico,MX,Chiapas,MX-CHP,Las Margaritas,MX-CHP-055
Mexico,MX,Chiapas,MX-CHP,Pijijiapan,MX-CHP-077
Mexico,MX,Chiapas,MX-CHP,Pueblo Nuevo Solistahuacán,MX-CHP-078
Mexico,MX,Chiapas,MX-CHP,Pantepec,MX-CHP-075
Mexico,MX,Chiapas,MX-CHP,Palenque,MX-CHP-073
Mexico,MX,Chiapas,MX-CHP,Oxchuc,MX-CHP-072
Mexico,MX,Chiapas,MX-CHP,Mazapa de Madero,MX-CHP-060
Mexico,MX,Chiapas,MX-CHP,Yajalón,MX-CHP-117
Mexico,MX,Jalisco,MX-JAL,Arandas,MX-JAL-007
Mexico,MX,Jalisco,MX-JAL,Atoyac,MX-JAL-012
Mexico,MX,Jalisco,MX-JAL,Atemajac de Brizuela,MX-JAL-008
Mexico,MX,Jalisco,MX-JAL,Teocaltiche,MX-JAL-092
Mexico,MX,Jalisco,MX-JAL,Mixtlán,MX-JAL-062
Mexico,MX,Jalisco,MX-JAL,Atotonilco el Alto,MX-JAL-011
Mexico,MX,Jalisco,MX-JAL,Huejuquilla el Alto,MX-JAL-042
Mexico,MX,Jalisco,MX-JAL,Juanacatlán,MX-JAL-051
Mexico,MX,Jalisco,MX-JAL,Cuautitlán de García Barragán,MX-JAL-027
Mexico,MX,Jalisco,MX-JAL,Ocotlán,MX-JAL-063
Mexico,MX,Jalisco,MX-JAL,Mezquitic,MX-JAL-061
Mexico,MX,Jalisco,MX-JAL,Bolaños,MX-JAL-016
Mexico,MX,Jalisco,MX-JAL,Chimaltitán,MX-JAL-021
Mexico,MX,Jalisco,MX-JAL,San Martín de Hidalgo,MX-JAL-077
Mexico,MX,Jalisco,MX-JAL,Amacueca,MX-JAL-004
Mexico,MX,Jalisco,MX-JAL,Villa Purificación,MX-JAL-117
Mexico,MX,Jalisco,MX-JAL,Acatic,MX-JAL-001
Mexico,MX,Jalisco,MX-JAL,Quitupan,MX-JAL-068
Mexico,MX,Jalisco,MX-JAL,El Limón,MX-JAL-034
Mexico,MX,Jalisco,MX-JAL,Jamay,MX-JAL-047
Mexico,MX,Jalisco,MX-JAL,Atengo,MX-JAL-009
Mexico,MX,Jalisco,MX-JAL,Jesús María,MX-JAL-048
Mexico,MX,Jalisco,MX-JAL,Tenamaxtlán,MX-JAL-091
Mexico,MX,Jalisco,MX-JAL,La Huerta,MX-JAL-054
Mexico,MX,Jalisco,MX-JAL,Tamazula de Gordiano,MX-JAL-086
Mexico,MX,Jalisco,MX-JAL,Tuxpan,MX-JAL-109
Mexico,MX,Jalisco,MX-JAL,Mascota,MX-JAL-058
Mexico,MX,Jalisco,MX-JAL,La Barca,MX-JAL-053
Mexico,MX,Jalisco,MX-JAL,Unión de San Antonio,MX-JAL-110
Mexico,MX,Jalisco,MX-JAL,Ahualulco de Mercado,MX-JAL-003
Mexico,MX,Jalisco,MX-JAL,San Juanito de Escobedo,MX-JAL-074
Mexico,MX,Jalisco,MX-JAL,Tuxcueca,MX-JAL-108
Mexico,MX,Jalisco,MX-JAL,Chiquilistlán,MX-JAL-022
Mexico,MX,Jalisco,MX-JAL,Ejutla,MX-JAL-031
Mexico,MX,Jalisco,MX-JAL,Tequila,MX-JAL-095
Mexico,MX,Jalisco,MX-JAL,Puerto Vallarta,MX-JAL-067
Mexico,MX,Jalisco,MX-JAL,Tecalitlán,MX-JAL-088
Mexico,MX,Jalisco,MX-JAL,Cuautla,MX-JAL-028
Mexico,MX,Jalisco,MX-JAL,San Julián,MX-JAL-075
Mexico,MX,Jalisco,MX-JAL,San Diego de Alejandría,MX-JAL-070
Mexico,MX,Jalisco,MX-JAL,Tomatlán,MX-JAL-101
Mexico,MX,Jalisco,MX-JAL,Tlajomulco de Zúñiga,MX-JAL-098
Mexico,MX,Jalisco,MX-JAL,Valle de Guadalupe,MX-JAL-112
Mexico,MX,Jalisco,MX-JAL,Huejúcar,MX-JAL-043
Mexico,MX,Jalisco,MX-JAL,San Miguel el Alto,MX-JAL-079
Mexico,MX,Jalisco,MX-JAL,Ixtlahuacán de los Membrillos,MX-JAL-044
Mexico,MX,Jalisco,MX-JAL,Zapotiltic,MX-JAL-121
Mexico,MX,Jalisco,MX-JAL,La Manzanilla de la Paz,MX-JAL-055
Mexico,MX,Jalisco,MX-JAL,Tonaya,MX-JAL-103
Mexico,MX,Jalisco,MX-JAL,Zacoalco de Torres,MX-JAL-119
Mexico,MX,Jalisco,MX-JAL,Zapotlanejo,MX-JAL-123
Mexico,MX,Jalisco,MX-JAL,Mazamitla,MX-JAL-059
Mexico,MX,Jalisco,MX-JAL,Jalostotitlán,MX-JAL-046
Mexico,MX,Jalisco,MX-JAL,Pihuamo,MX-JAL-065
Mexico,MX,Jalisco,MX-JAL,San Juan de los Lagos,MX-JAL-073
Mexico,MX,Jalisco,MX-JAL,Ayotlán,MX-JAL-014
Mexico,MX,Jalisco,MX-JAL,Cocula,MX-JAL-024
Mexico,MX,Jalisco,MX-JAL,Zapotlán del Rey,MX-JAL-124
Mexico,MX,Jalisco,MX-JAL,Sayula,MX-JAL-083
Mexico,MX,Jalisco,MX-JAL,Tapalpa,MX-JAL-087
Mexico,MX,Jalisco,MX-JAL,San Martín de Bolaños,MX-JAL-078
Mexico,MX,Jalisco,MX-JAL,Teuchitlán,MX-JAL-096
Mexico,MX,Jalisco,MX-JAL,Casimiro Castillo,MX-JAL-018
Mexico,MX,Jalisco,MX-JAL,Gómez Farías,MX-JAL-040
Mexico,MX,Jalisco,MX-JAL,Cabo Corrientes,MX-JAL-017
Mexico,MX,Jalisco,MX-JAL,Tlaquepaque,MX-JAL-099
Mexico,MX,Jalisco,MX-JAL,Zapotlán el Grande,MX-JAL-125
Mexico,MX,Jalisco,MX-JAL,El Grullo,MX-JAL-033
Mexico,MX,Jalisco,MX-JAL,Tepatitlán,MX-JAL-094
Mexico,MX,Jalisco,MX-JAL,El Salto,MX-JAL-035
Mexico,MX,Jalisco,MX-JAL,Talpa de Allende,MX-JAL-085
Mexico,MX,Jalisco,MX-JAL,Etzatlán,MX-JAL-037
Mexico,MX,Jalisco,MX-JAL,Tototlán,MX-JAL-106
Mexico,MX,Jalisco,MX-JAL,Magdalena,MX-JAL-057
Mexico,MX,Jalisco,MX-JAL,Lagos de Moreno,MX-JAL-056
Mexico,MX,Jalisco,MX-JAL,San Ignacio Cerro Gordo,MX-JAL-072
Mexico,MX,Jalisco,MX-JAL,Encarnación de Díaz,MX-JAL-036
Mexico,MX,Jalisco,MX-JAL,Techaluta de Montenegro,MX-JAL-089
Mexico,MX,Jalisco,MX-JAL,Jocotepec,MX-JAL-050
Mexico,MX,Jalisco,MX-JAL,Tizapán el Alto,MX-JAL-097
Mexico,MX,Jalisco,MX-JAL,Yahualica de González Gallo,MX-JAL-118
Mexico,MX,Jalisco,MX-JAL,Cuquío,MX-JAL-029
Mexico,MX,Jalisco,MX-JAL,Guadalajara,MX-JAL-039
Mexico,MX,Jalisco,MX-JAL,Mexticacán,MX-JAL-060
Mexico,MX,Jalisco,MX-JAL,Tolimán,MX-JAL-100
Mexico,MX,Jalisco,MX-JAL,Hostotipaquillo,MX-JAL-041
Mexico,MX,Jalisco,MX-JAL,Villa Corona,MX-JAL-114
Mexico,MX,Jalisco,MX-JAL,San Sebastián del Oeste,MX-JAL-080
Mexico,MX,Jalisco,MX-JAL,San Cristóbal de la Barranca,MX-JAL-069
Mexico,MX,Jalisco,MX-JAL,Colotlán,MX-JAL-025
Mexico,MX,Jalisco,MX-JAL,Cihuatlán,MX-JAL-023
Mexico,MX,Jalisco,MX-JAL,Autlán de Navarro,MX-JAL-013
Mexico,MX,Jalisco,MX-JAL,Villa Guerrero,MX-JAL-115
Mexico,MX,Jalisco,MX-JAL,Jilotlán de los Dolores,MX-JAL-049
Mexico,MX,Jalisco,MX-JAL,Santa María del Oro,MX-JAL-082
Mexico,MX,Jalisco,MX-JAL,Tecolotlán,MX-JAL-090
Mexico,MX,Jalisco,MX-JAL,Villa Alta,MX-JAL-126
Mexico,MX,Jalisco,MX-JAL,Acatlán de Juárez,MX-JAL-002
Mexico,MX,Jalisco,MX-JAL,Guachinango,MX-JAL-038
Mexico,MX,Jalisco,MX-JAL,Ameca,MX-JAL-006
Mexico,MX,Jalisco,MX-JAL,Ayutla,MX-JAL-015
Mexico,MX,Jalisco,MX-JAL,Villa Hidalgo,MX-JAL-116
Mexico,MX,Jalisco,MX-JAL,Cañadas de Obregón,MX-JAL-019
Mexico,MX,Jalisco,MX-JAL,Zapotitlán de Vadillo,MX-JAL-122
Mexico,MX,Jalisco,MX-JAL,El Arenal,MX-JAL-032
Mexico,MX,Jalisco,MX-JAL,Juchitlán,MX-JAL-052
Mexico,MX,Jalisco,MX-JAL,Concepción de Buenos Aires,MX-JAL-026
Mexico,MX,Jalisco,MX-JAL,Poncitlán,MX-JAL-066
Mexico,MX,Jalisco,MX-JAL,San Marcos,MX-JAL-076
Mexico,MX,Jalisco,MX-JAL,Teocuitatlán de Corona,MX-JAL-093
Mexico,MX,Jalisco,MX-JAL,Valle de Juárez,MX-JAL-113
Mexico,MX,Jalisco,MX-JAL,Tuxcacuesco,MX-JAL-107
Mexico,MX,Jalisco,MX-JAL,Degollado,MX-JAL-030
Mexico,MX,Jalisco,MX-JAL,San Gabriel,MX-JAL-071
Mexico,MX,Jalisco,MX-JAL,Zapopan,MX-JAL-120
Mexico,MX,Jalisco,MX-JAL,Tonalá,MX-JAL-102
Mexico,MX,Jalisco,MX-JAL,Tala,MX-JAL-084
Mexico,MX,Jalisco,MX-JAL,Ixtlahuacán del Río,MX-JAL-045
Mexico,MX,Jalisco,MX-JAL,Chapala,MX-JAL-020
Mexico,MX,Jalisco,MX-JAL,Amatitán,MX-JAL-005
Mexico,MX,Jalisco,MX-JAL,Santa María de los Ángeles,MX-JAL-081
Mexico,MX,Jalisco,MX-JAL,Tonila,MX-JAL-104
Mexico,MX,Jalisco,MX-JAL,Unión de Tula,MX-JAL-111
Mexico,MX,Jalisco,MX-JAL,Atenguillo,MX-JAL-010
Mexico,MX,Jalisco,MX-JAL,Ojuelos de Jalisco,MX-JAL-064
Mexico,MX,Jalisco,MX-JAL,Totatiche,MX-JAL-105
Mexico,MX,Campeche,MX-CAM,Tenabo,MX-CAM-011
Mexico,MX,Campeche,MX-CAM,Hecelchakán,MX-CAM-008
Mexico,MX,Campeche,MX-CAM,Carmen,MX-CAM-005
Mexico,MX,Campeche,MX-CAM,Calakmul,MX-CAM-001
Mexico,MX,Campeche,MX-CAM,Campeche,MX-CAM-003
Mexico,MX,Campeche,MX-CAM,Palizada,MX-CAM-010
Mexico,MX,Campeche,MX-CAM,Calkiní,MX-CAM-002
Mexico,MX,Campeche,MX-CAM,Champotón,MX-CAM-006
Mexico,MX,Campeche,MX-CAM,Candelaria,MX-CAM-004
Mexico,MX,Campeche,MX-CAM,Hopelchén,MX-CAM-009
Mexico,MX,Campeche,MX-CAM,Escárcega,MX-CAM-007
Mexico,MX,Sinaloa,MX-SIN,Culiacán,MX-SIN-007
Mexico,MX,Sinaloa,MX-SIN,Guasave,MX-SIN-011
Mexico,MX,Sinaloa,MX-SIN,Cosalá,MX-SIN-006
Mexico,MX,Sinaloa,MX-SIN,Badiraguato,MX-SIN-003
Mexico,MX,Sinaloa,MX-SIN,Navolato,MX-SIN-014
Mexico,MX,Sinaloa,MX-SIN,Ahome,MX-SIN-001
Mexico,MX,Sinaloa,MX-SIN,Elota,MX-SIN-009
Mexico,MX,Sinaloa,MX-SIN,Choix,MX-SIN-004
Mexico,MX,Sinaloa,MX-SIN,Mazatlán,MX-SIN-012
Mexico,MX,Sinaloa,MX-SIN,El Fuerte,MX-SIN-008
Mexico,MX,Sinaloa,MX-SIN,Escuinapa,MX-SIN-010
Mexico,MX,Sinaloa,MX-SIN,Rosario,MX-SIN-015
Mexico,MX,Sinaloa,MX-SIN,San Ignacio,MX-SIN-017
Mexico,MX,Sinaloa,MX-SIN,Salvador Alvarado,MX-SIN-016
Mexico,MX,Sinaloa,MX-SIN,Mocorito,MX-SIN-013
Mexico,MX,Sinaloa,MX-SIN,Angostura,MX-SIN-002
Mexico,MX,Sinaloa,MX-SIN,Concordia,MX-SIN-005
Mexico,MX,Sinaloa,MX-SIN,Sinaloa,MX-SIN-018
Mexico,MX,Quintana Roo,MX-ROO,Cozumel,MX-ROO-002
Mexico,MX,Quintana Roo,MX-ROO,Tulum,MX-ROO-009
Mexico,MX,Quintana Roo,MX-ROO,Othón P. Blanco,MX-ROO-007
Mexico,MX,Quintana Roo,MX-ROO,Isla Mujeres,MX-ROO-004
Mexico,MX,Quintana Roo,MX-ROO,Lázaro Cárdenas,MX-ROO-006
Mexico,MX,Quintana Roo,MX-ROO,José María Morelos,MX-ROO-005
Mexico,MX,Quintana Roo,MX-ROO,Bacalar,MX-ROO-010
Mexico,MX,Quintana Roo,MX-ROO,Felipe Carrillo Puerto,MX-ROO-003
Mexico,MX,Quintana Roo,MX-ROO,Solidaridad,MX-ROO-008
Mexico,MX,Quintana Roo,MX-ROO,Benito Juárez,MX-ROO-001
Mexico,MX,Colima,MX-COL,Minatitlán,MX-COL-008
Mexico,MX,Colima,MX-COL,Colima,MX-COL-002
Mexico,MX,Colima,MX-COL,Tecomán,MX-COL-009
Mexico,MX,Colima,MX-COL,Coquimatlán,MX-COL-004
Mexico,MX,Colima,MX-COL,Manzanillo,MX-COL-007
Mexico,MX,Colima,MX-COL,Ixtlahuacán,MX-COL-006
Mexico,MX,Colima,MX-COL,Cuauhtémoc,MX-COL-005
Mexico,MX,Colima,MX-COL,Villa de Álvarez,MX-COL-010
Mexico,MX,Colima,MX-COL,Comala,MX-COL-003
Mexico,MX,Colima,MX-COL,Armería,MX-COL-001
Mexico,MX,Baja California,MX-BCN,Tijuana,MX-BCN-005
Mexico,MX,Baja California,MX-BCN,Mexicali,MX-BCN-002
Mexico,MX,Baja California,MX-BCN,Ensenada,MX-BCN-001
Mexico,MX,Baja California,MX-BCN,Tecate,MX-BCN-004
Mexico,MX,Baja California,MX-BCN,Playas de Rosarito,MX-BCN-003
Mexico,MX,Sonora,MX-SON,Arivechi,MX-SON-005
Mexico,MX,Sonora,MX-SON,Rosario,MX-SON-053
Mexico,MX,Sonora,MX-SON,Bavispe,MX-SON-013
Mexico,MX,Sonora,MX-SON,San Pedro de la Cueva,MX-SON-060
Mexico,MX,Sonora,MX-SON,Mazatán,MX-SON-039
Mexico,MX,Sonora,MX-SON,Oquitoa,MX-SON-048
Mexico,MX,Sonora,MX-SON,Atil,MX-SON-007
Mexico,MX,Sonora,MX-SON,Huásabas,MX-SON-034
Mexico,MX,Sonora,MX-SON,Puerto Peñasco,MX-SON-050
Mexico,MX,Sonora,MX-SON,Villa Pesqueira,MX-SON-071
Mexico,MX,Sonora,MX-SON,Nogales,MX-SON-044
Mexico,MX,Sonora,MX-SON,Quiriego,MX-SON-051
Mexico,MX,Sonora,MX-SON,Opodepe,MX-SON-047
Mexico,MX,Sonora,MX-SON,Nácori Chico,MX-SON-045
Mexico,MX,Sonora,MX-SON,San Miguel de Horcasitas,MX-SON-059
Mexico,MX,Sonora,MX-SON,Bacoachi,MX-SON-011
Mexico,MX,Sonora,MX-SON,General Plutarco Elías Calles,MX-SON-028
Mexico,MX,Sonora,MX-SON,Yécora,MX-SON-072
Mexico,MX,Sonora,MX-SON,Huachinera,MX-SON-032
Mexico,MX,Sonora,MX-SON,San Luis Río Colorado,MX-SON-058
Mexico,MX,Sonora,MX-SON,Huatabampo,MX-SON-033
Mexico,MX,Sonora,MX-SON,Pitiquito,MX-SON-049
Mexico,MX,Sonora,MX-SON,Rayón,MX-SON-052
Mexico,MX,Sonora,MX-SON,Huépac,MX-SON-035
Mexico,MX,Sonora,MX-SON,Cananea,MX-SON-020
Mexico,MX,Sonora,MX-SON,Sáric,MX-SON-065
Mexico,MX,Sonora,MX-SON,Nacozari de García,MX-SON-042
Mexico,MX,Sonora,MX-SON,Suaqui Grande,MX-SON-064
Mexico,MX,Sonora,MX-SON,Magdalena,MX-SON-038
Mexico,MX,Sonora,MX-SON,Santa Cruz,MX-SON-062
Mexico,MX,Sonora,MX-SON,Naco,MX-SON-041
Mexico,MX,Sonora,MX-SON,Imuris,MX-SON-036
Mexico,MX,Sonora,MX-SON,San Javier,MX-SON-057
Mexico,MX,Sonora,MX-SON,Hermosillo,MX-SON-031
Mexico,MX,Sonora,MX-SON,Bacerac,MX-SON-010
Mexico,MX,Sonora,MX-SON,Empalme,MX-SON-025
Mexico,MX,Sonora,MX-SON,Bácum,MX-SON-017
Mexico,MX,Sonora,MX-SON,Cumpas,MX-SON-023
Mexico,MX,Sonora,MX-SON,Miahuatlán,MX-SON-074
Mexico,MX,Sonora,MX-SON,Santa Ana,MX-SON-061
Mexico,MX,Sonora,MX-SON,Guaymas,MX-SON-030
Mexico,MX,Sonora,MX-SON,Soyopa,MX-SON-063
Mexico,MX,Sonora,MX-SON,San Ignacio Río Muerto,MX-SON-056
Mexico,MX,Sonora,MX-SON,Alamos,MX-SON-003
Mexico,MX,Sonora,MX-SON,Onavas,MX-SON-046
Mexico,MX,Sonora,MX-SON,Divisaderos,MX-SON-024
Mexico,MX,Sonora,MX-SON,Benito Juárez,MX-SON-015
Mexico,MX,Sonora,MX-SON,Arizpe,MX-SON-006
Mexico,MX,Sonora,MX-SON,Trincheras,MX-SON-067
Mexico,MX,Sonora,MX-SON,Villa Hidalgo,MX-SON-070
Mexico,MX,Sonora,MX-SON,Cucurpe,MX-SON-022
Mexico,MX,Sonora,MX-SON,Villa Alta,MX-SON-073
Mexico,MX,Sonora,MX-SON,Granados,MX-SON-029
Mexico,MX,Sonora,MX-SON,San Felipe de Jesús,MX-SON-055
Mexico,MX,Sonora,MX-SON,Etchojoa,MX-SON-026
Mexico,MX,Sonora,MX-SON,Moctezuma,MX-SON-040
Mexico,MX,Sonora,MX-SON,Tepache,MX-SON-066
Mexico,MX,Sonora,MX-SON,Bacadéhuachi,MX-SON-008
Mexico,MX,Sonora,MX-SON,Caborca,MX-SON-018
Mexico,MX,Sonora,MX-SON,Sahuaripa,MX-SON-054
Mexico,MX,Sonora,MX-SON,Agua Prieta,MX-SON-002
Mexico,MX,Sonora,MX-SON,Navojoa,MX-SON-043
Mexico,MX,Sonora,MX-SON,Benjamín Hill,MX-SON-016
Mexico,MX,Sonora,MX-SON,Baviácora,MX-SON-014
Mexico,MX,Sonora,MX-SON,La Colorada,MX-SON-037
Mexico,MX,Sonora,MX-SON,Tubutama,MX-SON-068
Mexico,MX,Sonora,MX-SON,Bacanora,MX-SON-009
Mexico,MX,Sonora,MX-SON,Carbó,MX-SON-021
Mexico,MX,Sonora,MX-SON,Fronteras,MX-SON-027
Mexico,MX,Sonora,MX-SON,Altar,MX-SON-004
Mexico,MX,Sonora,MX-SON,Cajeme,MX-SON-019
Mexico,MX,Sonora,MX-SON,Banámichi,MX-SON-012
Mexico,MX,Sonora,MX-SON,Aconchi,MX-SON-001
Mexico,MX,Sonora,MX-SON,Ures,MX-SON-069
Mexico,MX,Ciudad de México,MX-DIF,Benito Juárez,MX-DIF-002
Mexico,MX,Ciudad de México,MX-DIF,Álvaro Obregón,MX-DIF-016
Mexico,MX,Ciudad de México,MX-DIF,Gustavo A. Madero,MX-DIF-006
Mexico,MX,Ciudad de México,MX-DIF,Azcapotzalco,MX-DIF-001
Mexico,MX,Ciudad de México,MX-DIF,Cuajimalpa de Morelos,MX-DIF-004
Mexico,MX,Ciudad de México,MX-DIF,Milpa Alta,MX-DIF-011
Mexico,MX,Ciudad de México,MX-DIF,Iztacalco,MX-DIF-007
Mexico,MX,Ciudad de México,MX-DIF,Venustiano Carranza,MX-DIF-014
Mexico,MX,Ciudad de México,MX-DIF,Coyoacán,MX-DIF-003
Mexico,MX,Ciudad de México,MX-DIF,Xochimilco,MX-DIF-015
Mexico,MX,Ciudad de México,MX-DIF,Cuauhtémoc,MX-DIF-005
Mexico,MX,Ciudad de México,MX-DIF,Miguel Hidalgo,MX-DIF-010
Mexico,MX,Ciudad de México,MX-DIF,Tláhuac,MX-DIF-013
Mexico,MX,Ciudad de México,MX-DIF,La Magdalena Contreras,MX-DIF-009
Mexico,MX,Ciudad de México,MX-DIF,Tlalpan,MX-DIF-012
Mexico,MX,Ciudad de México,MX-DIF,Iztapalapa,MX-DIF-008
Mexico,MX,Guerrero,MX-GRO,Iguala de la Independencia,MX-GRO-038
Mexico,MX,Guerrero,MX-GRO,José Joaquin de Herrera,MX-GRO-042
Mexico,MX,Guerrero,MX-GRO,Atenango del Río,MX-GRO-009
Mexico,MX,Guerrero,MX-GRO,San Marcos,MX-GRO-060
Mexico,MX,Guerrero,MX-GRO,Huitzuco de los Figueroa,MX-GRO-037
Mexico,MX,Guerrero,MX-GRO,Pungarabato,MX-GRO-057
Mexico,MX,Guerrero,MX-GRO,Cuetzala del Progreso,MX-GRO-030
Mexico,MX,Guerrero,MX-GRO,Quechultenango,MX-GRO-058
Mexico,MX,Guerrero,MX-GRO,Mochitlán,MX-GRO-050
Mexico,MX,Guerrero,MX-GRO,Ajuchitlán del Progreso,MX-GRO-004
Mexico,MX,Guerrero,MX-GRO,Pedro Ascencio Alquisiras,MX-GRO-054
Mexico,MX,Guerrero,MX-GRO,Atoyac de Álvarez,MX-GRO-012
Mexico,MX,Guerrero,MX-GRO,Ometepec,MX-GRO-053
Mexico,MX,Guerrero,MX-GRO,Cualác,MX-GRO-028
Mexico,MX,Guerrero,MX-GRO,Tlalchapa,MX-GRO-070
Mexico,MX,Guerrero,MX-GRO,Teloloapan,MX-GRO-064
Mexico,MX,Guerrero,MX-GRO,Atlixtac,MX-GRO-011
Mexico,MX,Guerrero,MX-GRO,Tixtla de Guerrero,MX-GRO-067
Mexico,MX,Guerrero,MX-GRO,Zitlala,MX-GRO-081
Mexico,MX,Guerrero,MX-GRO,Xalpatláhuac,MX-GRO-075
Mexico,MX,Guerrero,MX-GRO,Cochoapa el Grande,MX-GRO-020
Mexico,MX,Guerrero,MX-GRO,Ixcateopan de Cuauhtémoc,MX-GRO-041
Mexico,MX,Guerrero,MX-GRO,Copalillo,MX-GRO-023
Mexico,MX,Guerrero,MX-GRO,Xochistlahuaca,MX-GRO-077
Mexico,MX,Guerrero,MX-GRO,San Luis Acatlán,MX-GRO-059
Mexico,MX,Guerrero,MX-GRO,Mártir de Cuilapan,MX-GRO-051
Mexico,MX,Guerrero,MX-GRO,General Canuto A. Neri,MX-GRO-034
Mexico,MX,Guerrero,MX-GRO,Taxco de Alarcón,MX-GRO-062
Mexico,MX,Guerrero,MX-GRO,Técpan de Galeana,MX-GRO-074
Mexico,MX,Guerrero,MX-GRO,Eduardo Neri,MX-GRO-032
Mexico,MX,Guerrero,MX-GRO,Pilcaya,MX-GRO-056
Mexico,MX,Guerrero,MX-GRO,Tetipac,MX-GRO-066
Mexico,MX,Guerrero,MX-GRO,Tlalixtaquilla,MX-GRO-071
Mexico,MX,Guerrero,MX-GRO,Buenavista de Cuéllar,MX-GRO-016
Mexico,MX,Guerrero,MX-GRO,Alcozauca de Guerrero,MX-GRO-005
Mexico,MX,Guerrero,MX-GRO,La Unión de Isidoro Montes de Oca,MX-GRO-045
Mexico,MX,Guerrero,MX-GRO,Acatepec,MX-GRO-002
Mexico,MX,Guerrero,MX-GRO,Iliatenco,MX-GRO-040
Mexico,MX,Guerrero,MX-GRO,Cutzamala de Pinzón,MX-GRO-031
Mexico,MX,Guerrero,MX-GRO,Xochihuehuetlán,MX-GRO-076
Mexico,MX,Guerrero,MX-GRO,Tlacoachistlahuaca,MX-GRO-068
Mexico,MX,Guerrero,MX-GRO,Chilpancingo de los Bravo,MX-GRO-018
Mexico,MX,Guerrero,MX-GRO,Tecoanapa,MX-GRO-063
Mexico,MX,Guerrero,MX-GRO,San Miguel Totolapan,MX-GRO-061
Mexico,MX,Guerrero,MX-GRO,Metlatónoc,MX-GRO-049
Mexico,MX,Guerrero,MX-GRO,General Heliodoro Castillo,MX-GRO-035
Mexico,MX,Guerrero,MX-GRO,Arcelia,MX-GRO-008
Mexico,MX,Guerrero,MX-GRO,Ayutla de los Libres,MX-GRO-013
Mexico,MX,Guerrero,MX-GRO,Cuautepec,MX-GRO-029
Mexico,MX,Guerrero,MX-GRO,Copanatoyac,MX-GRO-024
Mexico,MX,Guerrero,MX-GRO,Igualapa,MX-GRO-039
Mexico,MX,Guerrero,MX-GRO,Zapotitlán Tablas,MX-GRO-078
Mexico,MX,Guerrero,MX-GRO,Chilapa de Álvarez,MX-GRO-017
Mexico,MX,Guerrero,MX-GRO,Florencio Villarreal,MX-GRO-033
Mexico,MX,Guerrero,MX-GRO,Juchitán,MX-GRO-044
Mexico,MX,Guerrero,MX-GRO,Malinaltepec,MX-GRO-047
Mexico,MX,Guerrero,MX-GRO,Huamuxtitlán,MX-GRO-036
Mexico,MX,Guerrero,MX-GRO,Leonardo Bravo,MX-GRO-046
Mexico,MX,Guerrero,MX-GRO,Juan R. Escudero,MX-GRO-043
Mexico,MX,Guerrero,MX-GRO,Zirándaro,MX-GRO-080
Mexico,MX,Guerrero,MX-GRO,Tepecoacuilco de Trujano,MX-GRO-065
Mexico,MX,Guerrero,MX-GRO,Tlapa de Comonfort,MX-GRO-072
Mexico,MX,Guerrero,MX-GRO,Zihuatanejo de Azueta,MX-GRO-079
Mexico,MX,Guerrero,MX-GRO,Ahuacuotzingo,MX-GRO-003
Mexico,MX,Guerrero,MX-GRO,Tlapehuala,MX-GRO-073
Mexico,MX,Guerrero,MX-GRO,Azoyú,MX-GRO-014
Mexico,MX,Guerrero,MX-GRO,Coyuca de Catalán,MX-GRO-026
Mexico,MX,Guerrero,MX-GRO,Marquelia,MX-GRO-048
Mexico,MX,Guerrero,MX-GRO,Benito Juárez,MX-GRO-015
Mexico,MX,Guerrero,MX-GRO,Coahuayutla de José María Izazaga,MX-GRO-019
Mexico,MX,Guerrero,MX-GRO,Cuajinicuilapa,MX-GRO-027
Mexico,MX,Guerrero,MX-GRO,Coyuca de Benítez,MX-GRO-025
Mexico,MX,Guerrero,MX-GRO,Petatlán,MX-GRO-055
Mexico,MX,Guerrero,MX-GRO,Cocula,MX-GRO-021
Mexico,MX,Guerrero,MX-GRO,Olinalá,MX-GRO-052
Mexico,MX,Guerrero,MX-GRO,Alpoyeca,MX-GRO-006
Mexico,MX,Guerrero,MX-GRO,Acapulco,MX-GRO-001
Mexico,MX,Guerrero,MX-GRO,Tlacoapa,MX-GRO-069
Mexico,MX,Guerrero,MX-GRO,Apaxtla,MX-GRO-007
Mexico,MX,Guerrero,MX-GRO,Copala,MX-GRO-022
Mexico,MX,Guerrero,MX-GRO,Atlamajalcingo del Monte,MX-GRO-010
Mexico,MX,Tabasco,MX-TAB,Jonuta,MX-TAB-011
Mexico,MX,Tabasco,MX-TAB,Tacotalpa,MX-TAB-015
Mexico,MX,Tabasco,MX-TAB,Balancán,MX-TAB-001
Mexico,MX,Tabasco,MX-TAB,Tenosique,MX-TAB-017
Mexico,MX,Tabasco,MX-TAB,Comalcalco,MX-TAB-004
Mexico,MX,Tabasco,MX-TAB,Macuspana,MX-TAB-012
Mexico,MX,Tabasco,MX-TAB,Jalpa de Méndez,MX-TAB-010
Mexico,MX,Tabasco,MX-TAB,Paraíso,MX-TAB-014
Mexico,MX,Tabasco,MX-TAB,Cunduacán,MX-TAB-005
Mexico,MX,Tabasco,MX-TAB,Teapa,MX-TAB-016
Mexico,MX,Tabasco,MX-TAB,Jalapa,MX-TAB-009
Mexico,MX,Tabasco,MX-TAB,Cárdenas,MX-TAB-006
Mexico,MX,Tabasco,MX-TAB,Centro,MX-TAB-003
Mexico,MX,Tabasco,MX-TAB,Centla,MX-TAB-002
Mexico,MX,Tabasco,MX-TAB,Nacajuca,MX-TAB-013
Mexico,MX,Tabasco,MX-TAB,Emiliano Zapata,MX-TAB-007
Mexico,MX,Tabasco,MX-TAB,Huimanguillo,MX-TAB-008
Mexico,MX,Puebla,MX-PUE,Naupan,MX-PUE-102
Mexico,MX,Puebla,MX-PUE,Mixtla,MX-PUE-100
Mexico,MX,Puebla,MX-PUE,Zapotitlán de Méndez,MX-PUE-210
Mexico,MX,Puebla,MX-PUE,Santa Isabel Cholula,MX-PUE-149
Mexico,MX,Puebla,MX-PUE,Tepeyahualco de Cuauhtémoc,MX-PUE-171
Mexico,MX,Puebla,MX-PUE,Atlequizayan,MX-PUE-019
Mexico,MX,Puebla,MX-PUE,Eloxochitlán,MX-PUE-062
Mexico,MX,Puebla,MX-PUE,Axutla,MX-PUE-025
Mexico,MX,Puebla,MX-PUE,Jolalpan,MX-PUE-089
Mexico,MX,Puebla,MX-PUE,Altepexi,MX-PUE-013
Mexico,MX,Puebla,MX-PUE,Cuapiaxtla de Madero,MX-PUE-054
Mexico,MX,Puebla,MX-PUE,Quimixtlán,MX-PUE-118
Mexico,MX,Puebla,MX-PUE,Nealtican,MX-PUE-104
Mexico,MX,Puebla,MX-PUE,Amixtlán,MX-PUE-014
Mexico,MX,Puebla,MX-PUE,Tlapanalá,MX-PUE-185
Mexico,MX,Puebla,MX-PUE,San Felipe Teotlalcingo,MX-PUE-123
Mexico,MX,Puebla,MX-PUE,Albino Zertuche,MX-PUE-011
Mexico,MX,Puebla,MX-PUE,Zaragoza,MX-PUE-211
Mexico,MX,Puebla,MX-PUE,Camocuautla,MX-PUE-029
Mexico,MX,Puebla,MX-PUE,Totoltepec de Guerrero,MX-PUE-190
Mexico,MX,Puebla,MX-PUE,Esperanza,MX-PUE-064
Mexico,MX,Puebla,MX-PUE,Puebla,MX-PUE-116
Mexico,MX,Puebla,MX-PUE,Cuautlancingo,MX-PUE-057
Mexico,MX,Puebla,MX-PUE,Ocoyucan,MX-PUE-108
Mexico,MX,Puebla,MX-PUE,Hueyapan,MX-PUE-078
Mexico,MX,Puebla,MX-PUE,Xicotlán,MX-PUE-198
Mexico,MX,Puebla,MX-PUE,Xiutetelco,MX-PUE-199
Mexico,MX,Puebla,MX-PUE,Chigmecatitlán,MX-PUE-039
Mexico,MX,Puebla,MX-PUE,Zautla,MX-PUE-212
Mexico,MX,Puebla,MX-PUE,Tetela de Ocampo,MX-PUE-172
Mexico,MX,Puebla,MX-PUE,Jonotla,MX-PUE-090
Mexico,MX,Puebla,MX-PUE,San Pedro Cholula,MX-PUE-141
Mexico,MX,Puebla,MX-PUE,San Gregorio Atzompa,MX-PUE-126
Mexico,MX,Puebla,MX-PUE,San Antonio Cañada,MX-PUE-121
Mexico,MX,Puebla,MX-PUE,Ixcaquixtla,MX-PUE-084
Mexico,MX,Puebla,MX-PUE,Cohuecan,MX-PUE-049
Mexico,MX,Puebla,MX-PUE,Palmar de Bravo,MX-PUE-112
Mexico,MX,Puebla,MX-PUE,Zongozotla,MX-PUE-215
Mexico,MX,Puebla,MX-PUE,Atzitzihuacán,MX-PUE-023
Mexico,MX,Puebla,MX-PUE,Atzitzintla,MX-PUE-024
Mexico,MX,Puebla,MX-PUE,San Pablo Anicano,MX-PUE-140
Mexico,MX,Puebla,MX-PUE,Zacapala,MX-PUE-206
Mexico,MX,Puebla,MX-PUE,Chignautla,MX-PUE-041
Mexico,MX,Puebla,MX-PUE,Coyomeapan,MX-PUE-052
Mexico,MX,Puebla,MX-PUE,Santo Tomás Hueyotlipan,MX-PUE-151
Mexico,MX,Puebla,MX-PUE,Juan Galindo,MX-PUE-093
Mexico,MX,Puebla,MX-PUE,Chiautla,MX-PUE-034
Mexico,MX,Puebla,MX-PUE,Zoquiapan,MX-PUE-216
Mexico,MX,Puebla,MX-PUE,Tlaxco,MX-PUE-187
Mexico,MX,Puebla,MX-PUE,Xayacatlán de Bravo,MX-PUE-196
Mexico,MX,Puebla,MX-PUE,Acateno,MX-PUE-002
Mexico,MX,Puebla,MX-PUE,Juan C. Bonilla,MX-PUE-092
Mexico,MX,Puebla,MX-PUE,San Sebastián Tlacotepec,MX-PUE-146
Mexico,MX,Puebla,MX-PUE,Chinantla,MX-PUE-045
Mexico,MX,Puebla,MX-PUE,Cañada Morelos,MX-PUE-031
Mexico,MX,Puebla,MX-PUE,San José Chiapa,MX-PUE-129
Mexico,MX,Puebla,MX-PUE,Caltepec,MX-PUE-028
Mexico,MX,Puebla,MX-PUE,Chalchicomula de Sesma,MX-PUE-032
Mexico,MX,Puebla,MX-PUE,San Matías Tlalancaleca,MX-PUE-135
Mexico,MX,Puebla,MX-PUE,Atexcal,MX-PUE-018
Mexico,MX,Puebla,MX-PUE,Atoyatempan,MX-PUE-021
Mexico,MX,Puebla,MX-PUE,Pantepec,MX-PUE-113
Mexico,MX,Puebla,MX-PUE,San Jerónimo Tecuanipan,MX-PUE-127
Mexico,MX,Puebla,MX-PUE,Tlaola,MX-PUE-183
Mexico,MX,Puebla,MX-PUE,Chiautzingo,MX-PUE-035
Mexico,MX,Puebla,MX-PUE,Huehuetlán el Grande,MX-PUE-076
Mexico,MX,Puebla,MX-PUE,Jopala,MX-PUE-091
Mexico,MX,Puebla,MX-PUE,Zacapoaxtla,MX-PUE-207
Mexico,MX,Puebla,MX-PUE,Ajalpan,MX-PUE-010
Mexico,MX,Puebla,MX-PUE,Tuzamapan de Galeana,MX-PUE-192
Mexico,MX,Puebla,MX-PUE,Tlacotepec de Benito Juárez,MX-PUE-178
Mexico,MX,Puebla,MX-PUE,Huitzilan de Serdán,MX-PUE-081
Mexico,MX,Puebla,MX-PUE,San Juan Atzompa,MX-PUE-132
Mexico,MX,Puebla,MX-PUE,Chiconcuautla,MX-PUE-037
Mexico,MX,Puebla,MX-PUE,Hermenegildo Galeana,MX-PUE-069
Mexico,MX,Puebla,MX-PUE,Ahuazotepec,MX-PUE-008
Mexico,MX,Puebla,MX-PUE,Chignahuapan,MX-PUE-040
Mexico,MX,Puebla,MX-PUE,Coatepec,MX-PUE-046
Mexico,MX,Puebla,MX-PUE,Molcaxac,MX-PUE-101
Mexico,MX,Puebla,MX-PUE,Tehuitzingo,MX-PUE-157
Mexico,MX,Puebla,MX-PUE,Huejotzingo,MX-PUE-077
Mexico,MX,Puebla,MX-PUE,Lafragua,MX-PUE-096
Mexico,MX,Puebla,MX-PUE,Tepetzintla,MX-PUE-167
Mexico,MX,Puebla,MX-PUE,Cuayuca de Andrade,MX-PUE-058
Mexico,MX,Puebla,MX-PUE,San Miguel Ixitlán,MX-PUE-136
Mexico,MX,Puebla,MX-PUE,Tlaltenango,MX-PUE-181
Mexico,MX,Puebla,MX-PUE,Tzicatlacoyan,MX-PUE-193
Mexico,MX,Puebla,MX-PUE,La Magdalena Tlatlauquitepec,MX-PUE-095
Mexico,MX,Puebla,MX-PUE,Pahuatlán,MX-PUE-111
Mexico,MX,Puebla,MX-PUE,Tepeaca,MX-PUE-164
Mexico,MX,Puebla,MX-PUE,Tepeojuma,MX-PUE-166
Mexico,MX,Puebla,MX-PUE,Coyotepec,MX-PUE-053
Mexico,MX,Puebla,MX-PUE,Cuautempan,MX-PUE-055
Mexico,MX,Puebla,MX-PUE,Zihuateutla,MX-PUE-213
Mexico,MX,Puebla,MX-PUE,Huauchinango,MX-PUE-073
Mexico,MX,Puebla,MX-PUE,Guadalupe Victoria,MX-PUE-068
Mexico,MX,Puebla,MX-PUE,Ixtepec,MX-PUE-086
Mexico,MX,Puebla,MX-PUE,Tlapacoya,MX-PUE-184
Mexico,MX,Puebla,MX-PUE,Huitziltepec,MX-PUE-082
Mexico,MX,Puebla,MX-PUE,Huaquechula,MX-PUE-071
Mexico,MX,Puebla,MX-PUE,Libres,MX-PUE-097
Mexico,MX,Puebla,MX-PUE,Ahuehuetitla,MX-PUE-009
Mexico,MX,Puebla,MX-PUE,Zapotitlán,MX-PUE-209
Mexico,MX,Puebla,MX-PUE,Chichiquila,MX-PUE-036
Mexico,MX,Puebla,MX-PUE,Tecomatlán,MX-PUE-155
Mexico,MX,Puebla,MX-PUE,Huehuetla,MX-PUE-074
Mexico,MX,Puebla,MX-PUE,Acajete,MX-PUE-001
Mexico,MX,Puebla,MX-PUE,Ixtacamaxtitlán,MX-PUE-085
Mexico,MX,Puebla,MX-PUE,Nicolás Bravo,MX-PUE-105
Mexico,MX,Puebla,MX-PUE,Xochiapulco,MX-PUE-200
Mexico,MX,Puebla,MX-PUE,Acatlán,MX-PUE-003
Mexico,MX,Puebla,MX-PUE,Caxhuacan,MX-PUE-030
Mexico,MX,Puebla,MX-PUE,Tepatlaxco de Hidalgo,MX-PUE-163
Mexico,MX,Puebla,MX-PUE,San Juan Atenco,MX-PUE-131
Mexico,MX,Puebla,MX-PUE,Chila de la Sal,MX-PUE-043
Mexico,MX,Puebla,MX-PUE,San Gabriel Chilac,MX-PUE-125
Mexico,MX,Puebla,MX-PUE,Teopantlán,MX-PUE-159
Mexico,MX,Puebla,MX-PUE,Tilapa,MX-PUE-176
Mexico,MX,Puebla,MX-PUE,Teotlalco,MX-PUE-160
Mexico,MX,Puebla,MX-PUE,Zacatlán,MX-PUE-208
Mexico,MX,Puebla,MX-PUE,Cuautinchán,MX-PUE-056
Mexico,MX,Puebla,MX-PUE,Xochitlán Todos Santos,MX-PUE-202
Mexico,MX,Puebla,MX-PUE,Tepanco de López,MX-PUE-161
Mexico,MX,Puebla,MX-PUE,Chilchotla,MX-PUE-044
Mexico,MX,Puebla,MX-PUE,Santa Inés Ahuatempan,MX-PUE-148
Mexico,MX,Puebla,MX-PUE,Ayotoxco de Guerrero,MX-PUE-026
Mexico,MX,Puebla,MX-PUE,Chila,MX-PUE-042
Mexico,MX,Puebla,MX-PUE,Venustiano Carranza,MX-PUE-194
Mexico,MX,Puebla,MX-PUE,Cohetzala,MX-PUE-048
Mexico,MX,Puebla,MX-PUE,Tepemaxalco,MX-PUE-165
Mexico,MX,Puebla,MX-PUE,Yehualtepec,MX-PUE-205
Mexico,MX,Puebla,MX-PUE,Huatlatlauca,MX-PUE-072
Mexico,MX,Puebla,MX-PUE,Cuyoaco,MX-PUE-060
Mexico,MX,Puebla,MX-PUE,General Felipe Ángeles,MX-PUE-066
Mexico,MX,Puebla,MX-PUE,Nauzontla,MX-PUE-103
Mexico,MX,Puebla,MX-PUE,Zoquitlán,MX-PUE-217
Mexico,MX,Puebla,MX-PUE,Epatlán,MX-PUE-063
Mexico,MX,Puebla,MX-PUE,Ahuacatlán,MX-PUE-006
Mexico,MX,Puebla,MX-PUE,Acatzingo,MX-PUE-004
Mexico,MX,Puebla,MX-PUE,Atempan,MX-PUE-017
Mexico,MX,Puebla,MX-PUE,San Felipe Tepatlán,MX-PUE-124
Mexico,MX,Puebla,MX-PUE,Tenampulco,MX-PUE-158
Mexico,MX,Puebla,MX-PUE,Amozoc,MX-PUE-015
Mexico,MX,Puebla,MX-PUE,Tecamachalco,MX-PUE-154
Mexico,MX,Puebla,MX-PUE,Quecholac,MX-PUE-117
Mexico,MX,Puebla,MX-PUE,Aljojuca,MX-PUE-012
Mexico,MX,Puebla,MX-PUE,Tlanepantla,MX-PUE-182
Mexico,MX,Puebla,MX-PUE,Santa Catarina Tlaltempan,MX-PUE-147
Mexico,MX,Puebla,MX-PUE,Tehuacán,MX-PUE-156
Mexico,MX,Puebla,MX-PUE,Atlixco,MX-PUE-020
Mexico,MX,Puebla,MX-PUE,Coronango,MX-PUE-050
Mexico,MX,Puebla,MX-PUE,Izúcar de Matamoros,MX-PUE-087
Mexico,MX,Puebla,MX-PUE,Acteopan,MX-PUE-005
Mexico,MX,Puebla,MX-PUE,Soltepec,MX-PUE-152
Mexico,MX,Puebla,MX-PUE,Los Reyes de Juárez,MX-PUE-098
Mexico,MX,Puebla,MX-PUE,Guadalupe,MX-PUE-067
Mexico,MX,Puebla,MX-PUE,Nopalucan,MX-PUE-106
Mexico,MX,Puebla,MX-PUE,San Pedro Yeloixtlahuaca,MX-PUE-142
Mexico,MX,Puebla,MX-PUE,Chapulco,MX-PUE-033
Mexico,MX,Puebla,MX-PUE,Tepeyahualco,MX-PUE-170
Mexico,MX,Puebla,MX-PUE,Jalpan,MX-PUE-088
Mexico,MX,Puebla,MX-PUE,Zinacatepec,MX-PUE-214
Mexico,MX,Puebla,MX-PUE,Tlachichuca,MX-PUE-177
Mexico,MX,Puebla,MX-PUE,Santiago Miahuatlán,MX-PUE-150
Mexico,MX,Puebla,MX-PUE,Tepexi de Rodríguez,MX-PUE-169
Mexico,MX,Puebla,MX-PUE,Tianguismanalco,MX-PUE-175
Mexico,MX,Puebla,MX-PUE,Tepango de Rodríguez,MX-PUE-162
Mexico,MX,Puebla,MX-PUE,Ocotepec,MX-PUE-107
Mexico,MX,Puebla,MX-PUE,San Andrés Cholula,MX-PUE-120
Mexico,MX,Puebla,MX-PUE,Xochitlán de Vicente Suárez,MX-PUE-203
Mexico,MX,Puebla,MX-PUE,Tepexco,MX-PUE-168
Mexico,MX,Puebla,MX-PUE,Hueytamalco,MX-PUE-079
Mexico,MX,Puebla,MX-PUE,Teteles de Avila Castillo,MX-PUE-173
Mexico,MX,Puebla,MX-PUE,San Salvador el Seco,MX-PUE-144
Mexico,MX,Puebla,MX-PUE,Francisco Z. Mena,MX-PUE-065
Mexico,MX,Puebla,MX-PUE,Ixcamilpa de Guerrero,MX-PUE-083
Mexico,MX,Puebla,MX-PUE,San Salvador el Verde,MX-PUE-145
Mexico,MX,Puebla,MX-PUE,Olintla,MX-PUE-109
Mexico,MX,Puebla,MX-PUE,Tlacuilotepec,MX-PUE-179
Mexico,MX,Puebla,MX-PUE,Petlalcingo,MX-PUE-114
Mexico,MX,Puebla,MX-PUE,Atzala,MX-PUE-022
Mexico,MX,Puebla,MX-PUE,Domingo Arenas,MX-PUE-061
Mexico,MX,Puebla,MX-PUE,Aquixtla,MX-PUE-016
Mexico,MX,Puebla,MX-PUE,San Nicolás de los Ranchos,MX-PUE-139
Mexico,MX,Puebla,MX-PUE,Tulcingo,MX-PUE-191
Mexico,MX,Puebla,MX-PUE,Piaxtla,MX-PUE-115
Mexico,MX,Puebla,MX-PUE,Teziutlán,MX-PUE-174
Mexico,MX,Puebla,MX-PUE,San José Miahuatlán,MX-PUE-130
Mexico,MX,Puebla,MX-PUE,San Martín Texmelucan,MX-PUE-133
Mexico,MX,Puebla,MX-PUE,Calpan,MX-PUE-027
Mexico,MX,Puebla,MX-PUE,Coxcatlán,MX-PUE-051
Mexico,MX,Puebla,MX-PUE,San Miguel Xoxtla,MX-PUE-137
Mexico,MX,Puebla,MX-PUE,Cuetzalan,MX-PUE-059
Mexico,MX,Puebla,MX-PUE,Ahuatlán,MX-PUE-007
Mexico,MX,Puebla,MX-PUE,Hueytlalpan,MX-PUE-080
Mexico,MX,Puebla,MX-PUE,Vicente Guerrero,MX-PUE-195
Mexico,MX,Puebla,MX-PUE,Juan N. Méndez,MX-PUE-094
Mexico,MX,Puebla,MX-PUE,Tochtepec,MX-PUE-189
Mexico,MX,Puebla,MX-PUE,San Diego la Meza Tochimiltzingo,MX-PUE-122
Mexico,MX,Puebla,MX-PUE,Tlahuapan,MX-PUE-180
Mexico,MX,Puebla,MX-PUE,Xochiltepec,MX-PUE-201
Mexico,MX,Puebla,MX-PUE,Coatzingo,MX-PUE-047
Mexico,MX,Puebla,MX-PUE,San Martín Totoltepec,MX-PUE-134
Mexico,MX,Puebla,MX-PUE,San Salvador Huixcolotla,MX-PUE-143
Mexico,MX,Puebla,MX-PUE,Honey,MX-PUE-070
Mexico,MX,Puebla,MX-PUE,Rafael Lara Grajales,MX-PUE-119
Mexico,MX,Puebla,MX-PUE,Tlatlauquitepec,MX-PUE-186
Mexico,MX,Puebla,MX-PUE,Tecali de Herrera,MX-PUE-153
Mexico,MX,Puebla,MX-PUE,Xicotepec,MX-PUE-197
Mexico,MX,Puebla,MX-PUE,Oriental,MX-PUE-110
Mexico,MX,Puebla,MX-PUE,Mazapiltepec de Juárez,MX-PUE-099
Mexico,MX,Puebla,MX-PUE,San Nicolás Buenos Aires,MX-PUE-138
Mexico,MX,Puebla,MX-PUE,Huehuetlán el Chico,MX-PUE-075
Mexico,MX,Puebla,MX-PUE,Yaonáhuac,MX-PUE-204
Mexico,MX,Puebla,MX-PUE,Tochimilco,MX-PUE-188
Mexico,MX,Puebla,MX-PUE,San Jerónimo Xayacatlán,MX-PUE-128
Mexico,MX,Puebla,MX-PUE,Chietla,MX-PUE-038
Mexico,MX,Guanajuato,MX-GUA,Villagrán,MX-GUA-044
Mexico,MX,Guanajuato,MX-GUA,Huanímaro,MX-GUA-014
Mexico,MX,Guanajuato,MX-GUA,Romita,MX-GUA-025
Mexico,MX,Guanajuato,MX-GUA,Coroneo,MX-GUA-008
Mexico,MX,Guanajuato,MX-GUA,Santa Catarina,MX-GUA-034
Mexico,MX,Guanajuato,MX-GUA,Santiago Maravatío,MX-GUA-036
Mexico,MX,Guanajuato,MX-GUA,León,MX-GUA-018
Mexico,MX,Guanajuato,MX-GUA,Irapuato,MX-GUA-015
Mexico,MX,Guanajuato,MX-GUA,Jerécuaro,MX-GUA-017
Mexico,MX,Guanajuato,MX-GUA,Tarimoro,MX-GUA-039
Mexico,MX,Guanajuato,MX-GUA,San Luis de la Paz,MX-GUA-032
Mexico,MX,Guanajuato,MX-GUA,Comonfort,MX-GUA-007
Mexico,MX,Guanajuato,MX-GUA,San José Iturbide,MX-GUA-031
Mexico,MX,Guanajuato,MX-GUA,Victoria,MX-GUA-043
Mexico,MX,Guanajuato,MX-GUA,Dolores Hidalgo,MX-GUA-012
Mexico,MX,Guanajuato,MX-GUA,San Felipe,MX-GUA-029
Mexico,MX,Guanajuato,MX-GUA,Abasolo,MX-GUA-001
Mexico,MX,Guanajuato,MX-GUA,Tierra Blanca,MX-GUA-040
Mexico,MX,Guanajuato,MX-GUA,Salvatierra,MX-GUA-027
Mexico,MX,Guanajuato,MX-GUA,Silao,MX-GUA-037
Mexico,MX,Guanajuato,MX-GUA,Atarjea,MX-GUA-005
Mexico,MX,Guanajuato,MX-GUA,Santa Cruz de Juventino Rosas,MX-GUA-035
Mexico,MX,Guanajuato,MX-GUA,Pueblo Nuevo,MX-GUA-022
Mexico,MX,Guanajuato,MX-GUA,Acámbaro,MX-GUA-002
Mexico,MX,Guanajuato,MX-GUA,Apaseo el Grande,MX-GUA-004
Mexico,MX,Guanajuato,MX-GUA,Salamanca,MX-GUA-026
Mexico,MX,Guanajuato,MX-GUA,San Francisco del Rincón,MX-GUA-030
Mexico,MX,Guanajuato,MX-GUA,San Miguel de Allende,MX-GUA-033
Mexico,MX,Guanajuato,MX-GUA,Moroleón,MX-GUA-020
Mexico,MX,Guanajuato,MX-GUA,Ocampo,MX-GUA-021
Mexico,MX,Guanajuato,MX-GUA,Jaral del Progreso,MX-GUA-016
Mexico,MX,Guanajuato,MX-GUA,Doctor Mora,MX-GUA-011
Mexico,MX,Guanajuato,MX-GUA,Uriangato,MX-GUA-041
Mexico,MX,Guanajuato,MX-GUA,Guanajuato,MX-GUA-013
Mexico,MX,Guanajuato,MX-GUA,Celaya,MX-GUA-006
Mexico,MX,Guanajuato,MX-GUA,Yuriria,MX-GUA-046
Mexico,MX,Guanajuato,MX-GUA,Apaseo el Alto,MX-GUA-003
Mexico,MX,Guanajuato,MX-GUA,Manuel Doblado,MX-GUA-019
Mexico,MX,Guanajuato,MX-GUA,Tarandacuao,MX-GUA-038
Mexico,MX,Guanajuato,MX-GUA,Purísima del Rincón,MX-GUA-023
Mexico,MX,Guanajuato,MX-GUA,Valle de Santiago,MX-GUA-042
Mexico,MX,Guanajuato,MX-GUA,San Diego de la Unión,MX-GUA-028
Mexico,MX,Guanajuato,MX-GUA,Xichú,MX-GUA-045
Mexico,MX,Guanajuato,MX-GUA,Cortazar,MX-GUA-009
Mexico,MX,Guanajuato,MX-GUA,Cuerámaro,MX-GUA-010
Mexico,MX,Guanajuato,MX-GUA,Pénjamo,MX-GUA-024
Mexico,MX,Durango,MX-DUR,Rodeo,MX-DUR-025
Mexico,MX,Durango,MX-DUR,Canelas,MX-DUR-002
Mexico,MX,Durango,MX-DUR,Súchil,MX-DUR-034
Mexico,MX,Durango,MX-DUR,Nuevo Ideal,MX-DUR-018
Mexico,MX,Durango,MX-DUR,Cuencamé,MX-DUR-004
Mexico,MX,Durango,MX-DUR,Santa Clara,MX-DUR-032
Mexico,MX,Durango,MX-DUR,Poanas,MX-DUR-022
Mexico,MX,Durango,MX-DUR,Santiago Papasquiaro,MX-DUR-033
Mexico,MX,Durango,MX-DUR,Guanaceví,MX-DUR-009
Mexico,MX,Durango,MX-DUR,General Simón Bolívar,MX-DUR-007
Mexico,MX,Durango,MX-DUR,Mapimí,MX-DUR-014
Mexico,MX,Durango,MX-DUR,Tepehuanes,MX-DUR-036
Mexico,MX,Durango,MX-DUR,Nombre de Dios,MX-DUR-017
Mexico,MX,Durango,MX-DUR,Topia,MX-DUR-038
Mexico,MX,Durango,MX-DUR,Ocampo,MX-DUR-019
Mexico,MX,Durango,MX-DUR,San Bernardo,MX-DUR-026
Mexico,MX,Durango,MX-DUR,Lerdo,MX-DUR-013
Mexico,MX,Durango,MX-DUR,Nazas,MX-DUR-016
Mexico,MX,Durango,MX-DUR,Durango,MX-DUR-005
Mexico,MX,Durango,MX-DUR,El Oro,MX-DUR-006
Mexico,MX,Durango,MX-DUR,Tamazula,MX-DUR-035
Mexico,MX,Durango,MX-DUR,San Dimas,MX-DUR-027
Mexico,MX,Durango,MX-DUR,Guadalupe Victoria,MX-DUR-008
Mexico,MX,Durango,MX-DUR,Pueblo Nuevo,MX-DUR-023
Mexico,MX,Durango,MX-DUR,Hidalgo,MX-DUR-011
Mexico,MX,Durango,MX-DUR,San Juan del Río,MX-DUR-040
Mexico,MX,Durango,MX-DUR,San Luis del Cordero,MX-DUR-030
Mexico,MX,Durango,MX-DUR,Peñón Blanco,MX-DUR-021
Mexico,MX,Durango,MX-DUR,Coneto de Comonfort,MX-DUR-003
Mexico,MX,Durango,MX-DUR,Otáez,MX-DUR-020
Mexico,MX,Durango,MX-DUR,Vicente Guerrero,MX-DUR-039
Mexico,MX,Durango,MX-DUR,Tlahualilo,MX-DUR-037
Mexico,MX,Durango,MX-DUR,San Pedro del Gallo,MX-DUR-031
Mexico,MX,Durango,MX-DUR,Gómez Palacio,MX-DUR-010
Mexico,MX,Durango,MX-DUR,Mezquital,MX-DUR-015
Mexico,MX,Durango,MX-DUR,Pánuco de Coronado,MX-DUR-024
Mexico,MX,Durango,MX-DUR,San Juan de Guadalupe,MX-DUR-028
Mexico,MX,Durango,MX-DUR,Indé,MX-DUR-012
Mexico,MX,Durango,MX-DUR,Canatlán,MX-DUR-001
Christmas Island,CX,Christmas Island,CX,Christmas Island,CX
Chile,CL,Arica y Parinacota,CL-AP,Camarones,CL-AP-CAM
Chile,CL,Arica y Parinacota,CL-AP,General Lagos,CL-AP-GEN
Chile,CL,Arica y Parinacota,CL-AP,Putre,CL-AP-PUT
Chile,CL,Arica y Parinacota,CL-AP,Arica,CL-AP-ARI
Chile,CL,Araucanía,CL-AR,Saavedra,CL-AR-SAA
Chile,CL,Araucanía,CL-AR,Vilcún,CL-AR-VLC
Chile,CL,Araucanía,CL-AR,Teodoro Schmidt,CL-AR-TEO
Chile,CL,Araucanía,CL-AR,Padre Las Casas,CL-AR-PAD
Chile,CL,Araucanía,CL-AR,Pitrufquén,CL-AR-PIT
Chile,CL,Araucanía,CL-AR,Cunco,CL-AR-CUN
Chile,CL,Araucanía,CL-AR,Villarrica,CL-AR-VLA
Chile,CL,Araucanía,CL-AR,Lonquimay,CL-AR-LQU
Chile,CL,Araucanía,CL-AR,Lautaro,CL-AR-LAU
Chile,CL,Araucanía,CL-AR,Nueva Imperial,CL-AR-NUE
Chile,CL,Araucanía,CL-AR,Victoria,CL-AR-VIC
Chile,CL,Araucanía,CL-AR,Freire,CL-AR-FRE
Chile,CL,Araucanía,CL-AR,Los Sauces,CL-AR-SAU
Chile,CL,Araucanía,CL-AR,Melipeuco,CL-AR-MEL
Chile,CL,Araucanía,CL-AR,Toltén,CL-AR-TOL
Chile,CL,Araucanía,CL-AR,Gorbea,CL-AR-GOR
Chile,CL,Araucanía,CL-AR,Renaico,CL-AR-REN
Chile,CL,Araucanía,CL-AR,Carahue,CL-AR-CAR
Chile,CL,Araucanía,CL-AR,Cholchol,CL-AR-CHO
Chile,CL,Araucanía,CL-AR,Pucón,CL-AR-PUC
Chile,CL,Araucanía,CL-AR,Curarrehue,CL-AR-CUR
Chile,CL,Araucanía,CL-AR,Traiguén,CL-AR-TRA
Chile,CL,Araucanía,CL-AR,Loncoche,CL-AR-LCO
Chile,CL,Araucanía,CL-AR,Collipulli,CL-AR-COL
Chile,CL,Araucanía,CL-AR,Ercilla,CL-AR-ERC
Chile,CL,Araucanía,CL-AR,Angol,CL-AR-ANG
Chile,CL,Araucanía,CL-AR,Temuco,CL-AR-TEM
Chile,CL,Araucanía,CL-AR,Galvarino,CL-AR-GAL
Chile,CL,Araucanía,CL-AR,Lumaco,CL-AR-LUM
Chile,CL,Araucanía,CL-AR,Perquenco,CL-AR-PER
Chile,CL,Araucanía,CL-AR,Curacautín,CL-AR-CAC
Chile,CL,Araucanía,CL-AR,Purén,CL-AR-PUR
Chile,CL,Tarapacá,CL-TA,Huara,CL-TA-HUA
Chile,CL,Tarapacá,CL-TA,Pozo Almonte,CL-TA-POZ
Chile,CL,Tarapacá,CL-TA,Camiña,CL-TA-CAM
Chile,CL,Tarapacá,CL-TA,Alto Hospicio,CL-TA-ALT
Chile,CL,Tarapacá,CL-TA,Iquique,CL-TA-IQU
Chile,CL,Tarapacá,CL-TA,Pica,CL-TA-PIC
Chile,CL,Tarapacá,CL-TA,Colchane,CL-TA-COL
Chile,CL,Valparaíso,CL-VS,Algarrobo,CL-VS-ALG
Chile,CL,Valparaíso,CL-VS,Villa Alemana,CL-VS-VIL
Chile,CL,Valparaíso,CL-VS,Juan Fernández,CL-VS-JUA
Chile,CL,Valparaíso,CL-VS,Olmué,CL-VS-OLM
Chile,CL,Valparaíso,CL-VS,Santo Domingo,CL-VS-SAN
Chile,CL,Valparaíso,CL-VS,Papudo,CL-VS-PAP
Chile,CL,Valparaíso,CL-VS,El Quisco,CL-VS-ELQ
Chile,CL,Valparaíso,CL-VS,Puchuncaví,CL-VS-PUC
Chile,CL,Valparaíso,CL-VS,Llaillay,CL-VS-LLA
Chile,CL,Valparaíso,CL-VS,Valparaíso,CL-VS-VAL
Chile,CL,Valparaíso,CL-VS,Cabildo,CL-VS-CAB
Chile,CL,Valparaíso,CL-VS,San Antonio,CL-VS-ANT
Chile,CL,Valparaíso,CL-VS,Rinconada,CL-VS-RIN
Chile,CL,Valparaíso,CL-VS,Putaendo,CL-VS-PUT
Chile,CL,Valparaíso,CL-VS,La Ligua,CL-VS-LAL
Chile,CL,Valparaíso,CL-VS,Cartagena,CL-VS-CAR
Chile,CL,Valparaíso,CL-VS,Quintero,CL-VS-QNT
Chile,CL,Valparaíso,CL-VS,Limache,CL-VS-LIM
Chile,CL,Valparaíso,CL-VS,Santa María,CL-VS-MAR
Chile,CL,Valparaíso,CL-VS,Catemu,CL-VS-CAT
Chile,CL,Valparaíso,CL-VS,San Felipe,CL-VS-FEL
Chile,CL,Valparaíso,CL-VS,Nogales,CL-VS-NOG
Chile,CL,Valparaíso,CL-VS,Viña del Mar,CL-VS-VIN
Chile,CL,Valparaíso,CL-VS,San Esteban,CL-VS-EST
Chile,CL,Valparaíso,CL-VS,Panquehue,CL-VS-PAN
Chile,CL,Valparaíso,CL-VS,Quilpué,CL-VS-QLP
Chile,CL,Valparaíso,CL-VS,El Tabo,CL-VS-ELT
Chile,CL,Valparaíso,CL-VS,Los Andes,CL-VS-AND
Chile,CL,Valparaíso,CL-VS,Hijuelas,CL-VS-HIJ
Chile,CL,Valparaíso,CL-VS,Petorca,CL-VS-PET
Chile,CL,Valparaíso,CL-VS,Calle Larga,CL-VS-CLA
Chile,CL,Valparaíso,CL-VS,Isla de Pascua,CL-VS-ISL
Chile,CL,Valparaíso,CL-VS,Casablanca,CL-VS-CAS
Chile,CL,Valparaíso,CL-VS,Calera,CL-VS-CAL
Chile,CL,Valparaíso,CL-VS,Quillota,CL-VS-QOT
Chile,CL,Valparaíso,CL-VS,La Cruz,CL-VS-LAC
Chile,CL,Valparaíso,CL-VS,Zapallar,CL-VS-ZAP
Chile,CL,Valparaíso,CL-VS,Concón,CL-VS-CON
Chile,CL,Región Metropolitana de Santiago,CL-RM,Tiltil,CL-RM-TIL
Chile,CL,Región Metropolitana de Santiago,CL-RM,Padre Hurtado,CL-RM-PAD
Chile,CL,Región Metropolitana de Santiago,CL-RM,Colina,CL-RM-COL
Chile,CL,Región Metropolitana de Santiago,CL-RM,María Pinto,CL-RM-MAR
Chile,CL,Región Metropolitana de Santiago,CL-RM,Ñuñoa,CL-RM-NUN
Chile,CL,Región Metropolitana de Santiago,CL-RM,Lo Prado,CL-RM-LOP
Chile,CL,Región Metropolitana de Santiago,CL-RM,Conchalí,CL-RM-CON
Chile,CL,Región Metropolitana de Santiago,CL-RM,Quinta Normal,CL-RM-QNT
Chile,CL,Región Metropolitana de Santiago,CL-RM,Peñalolén,CL-RM-PLO
Chile,CL,Región Metropolitana de Santiago,CL-RM,Santiago,CL-RM-SAN
Chile,CL,Región Metropolitana de Santiago,CL-RM,La Cisterna,CL-RM-LAC
Chile,CL,Región Metropolitana de Santiago,CL-RM,La Pintana,CL-RM-LAP
Chile,CL,Región Metropolitana de Santiago,CL-RM,La Granja,CL-RM-LAG
Chile,CL,Región Metropolitana de Santiago,CL-RM,Lo Barnechea,CL-RM-LOB
Chile,CL,Región Metropolitana de Santiago,CL-RM,Pirque,CL-RM-PIR
Chile,CL,Región Metropolitana de Santiago,CL-RM,Recoleta,CL-RM-REC
Chile,CL,Región Metropolitana de Santiago,CL-RM,San Bernardo,CL-RM-BER
Chile,CL,Región Metropolitana de Santiago,CL-RM,El Monte,CL-RM-ELM
Chile,CL,Región Metropolitana de Santiago,CL-RM,San Pedro,CL-RM-PED
Chile,CL,Región Metropolitana de Santiago,CL-RM,Lo Espejo,CL-RM-LOE
Chile,CL,Región Metropolitana de Santiago,CL-RM,Renca,CL-RM-REN
Chile,CL,Región Metropolitana de Santiago,CL-RM,San Ramón,CL-RM-RAM
Chile,CL,Región Metropolitana de Santiago,CL-RM,Melipilla,CL-RM-MEL
Chile,CL,Región Metropolitana de Santiago,CL-RM,La Florida,CL-RM-LAF
Chile,CL,Región Metropolitana de Santiago,CL-RM,Talagante,CL-RM-TAL
Chile,CL,Región Metropolitana de Santiago,CL-RM,Buin,CL-RM-BUI
Chile,CL,Región Metropolitana de Santiago,CL-RM,Cerro Navia,CL-RM-CNA
Chile,CL,Región Metropolitana de Santiago,CL-RM,Peñaflor,CL-RM-PFL
Chile,CL,Región Metropolitana de Santiago,CL-RM,Isla de Maipo,CL-RM-ISL
Chile,CL,Región Metropolitana de Santiago,CL-RM,Pedro Aguirre Cerda,CL-RM-PAC
Chile,CL,Región Metropolitana de Santiago,CL-RM,El Bosque,CL-RM-ELB
Chile,CL,Región Metropolitana de Santiago,CL-RM,Lampa,CL-RM-LAM
Chile,CL,Región Metropolitana de Santiago,CL-RM,Providencia,CL-RM-PRO
Chile,CL,Región Metropolitana de Santiago,CL-RM,San José de Maipo,CL-RM-JOS
Chile,CL,Región Metropolitana de Santiago,CL-RM,Independencia,CL-RM-IND
Chile,CL,Región Metropolitana de Santiago,CL-RM,Puente Alto,CL-RM-PUE
Chile,CL,Región Metropolitana de Santiago,CL-RM,San Miguel,CL-RM-MIG
Chile,CL,Región Metropolitana de Santiago,CL-RM,Quilicura,CL-RM-QLI
Chile,CL,Región Metropolitana de Santiago,CL-RM,Estación Central,CL-RM-EST
Chile,CL,Región Metropolitana de Santiago,CL-RM,Calera de Tango,CL-RM-CAL
Chile,CL,Región Metropolitana de Santiago,CL-RM,San Joaquín,CL-RM-JOA
Chile,CL,Región Metropolitana de Santiago,CL-RM,Vitacura,CL-RM-VIT
Chile,CL,Región Metropolitana de Santiago,CL-RM,La Reina,CL-RM-LAR
Chile,CL,Región Metropolitana de Santiago,CL-RM,Macul,CL-RM-MAC
Chile,CL,Región Metropolitana de Santiago,CL-RM,Paine,CL-RM-PAI
Chile,CL,Región Metropolitana de Santiago,CL-RM,Maipú,CL-RM-MAI
Chile,CL,Región Metropolitana de Santiago,CL-RM,Las Condes,CL-RM-LAS
Chile,CL,Región Metropolitana de Santiago,CL-RM,Alhué,CL-RM-ALH
Chile,CL,Región Metropolitana de Santiago,CL-RM,Cerrillos,CL-RM-CER
Chile,CL,Región Metropolitana de Santiago,CL-RM,Pudahuel,CL-RM-PUD
Chile,CL,Región Metropolitana de Santiago,CL-RM,Curacaví,CL-RM-CUR
Chile,CL,Región Metropolitana de Santiago,CL-RM,Huechuraba,CL-RM-HUE
Chile,CL,Magallanes,CL-MA,Torres del Paine,CL-MA-TOR
Chile,CL,Magallanes,CL-MA,Porvenir,CL-MA-POR
Chile,CL,Magallanes,CL-MA,Laguna Blanca,CL-MA-LAG
Chile,CL,Magallanes,CL-MA,Primavera,CL-MA-PRI
Chile,CL,Magallanes,CL-MA,Cabo de Hornos,CL-MA-CAB
Chile,CL,Magallanes,CL-MA,Timaukel,CL-MA-TIM
Chile,CL,Magallanes,CL-MA,Punta Arenas,CL-MA-PUN
Chile,CL,Magallanes,CL-MA,San Gregorio,CL-MA-GRE
Chile,CL,Magallanes,CL-MA,Natales,CL-MA-NAT
Chile,CL,Magallanes,CL-MA,Río Verde,CL-MA-RIO
Chile,CL,Bío-Bío,CL-BI,Santa Bárbara,CL-BI-BAR
Chile,CL,Bío-Bío,CL-BI,Santa Juana,CL-BI-JUA
Chile,CL,Bío-Bío,CL-BI,Quilleco,CL-BI-QEC
Chile,CL,Bío-Bío,CL-BI,Curanilahue,CL-BI-CUR
Chile,CL,Bío-Bío,CL-BI,San Rosendo,CL-BI-ROS
Chile,CL,Bío-Bío,CL-BI,Hualpén,CL-BI-HPE
Chile,CL,Bío-Bío,CL-BI,San Pedro de la Paz,CL-BI-PED
Chile,CL,Bío-Bío,CL-BI,Los Angeles,CL-BI-ANG
Chile,CL,Bío-Bío,CL-BI,Los Alamos,CL-BI-ALA
Chile,CL,Bío-Bío,CL-BI,Tomé,CL-BI-TOM
Chile,CL,Bío-Bío,CL-BI,Tirúa,CL-BI-TIR
Chile,CL,Bío-Bío,CL-BI,Florida,CL-BI-FLO
Chile,CL,Bío-Bío,CL-BI,Arauco,CL-BI-ARA
Chile,CL,Bío-Bío,CL-BI,Nacimiento,CL-BI-NAC
Chile,CL,Bío-Bío,CL-BI,Cañete,CL-BI-CAN
Chile,CL,Bío-Bío,CL-BI,Lebu,CL-BI-LEB
Chile,CL,Bío-Bío,CL-BI,Laja,CL-BI-LAJ
Chile,CL,Bío-Bío,CL-BI,Negrete,CL-BI-NEG
Chile,CL,Bío-Bío,CL-BI,Cabrero,CL-BI-CAB
Chile,CL,Bío-Bío,CL-BI,Contulmo,CL-BI-CTU
Chile,CL,Bío-Bío,CL-BI,Antuco,CL-BI-ANT
Chile,CL,Bío-Bío,CL-BI,Tucapel,CL-BI-TUC
Chile,CL,Bío-Bío,CL-BI,Talcahuano,CL-BI-TAL
Chile,CL,Bío-Bío,CL-BI,Concepción,CL-BI-CCE
Chile,CL,Bío-Bío,CL-BI,Coronel,CL-BI-COR
Chile,CL,Bío-Bío,CL-BI,Penco,CL-BI-PEN
Chile,CL,Bío-Bío,CL-BI,Chiguayante,CL-BI-CGU
Chile,CL,Bío-Bío,CL-BI,Quilaco,CL-BI-QLA
Chile,CL,Bío-Bío,CL-BI,Yumbel,CL-BI-YUM
Chile,CL,Bío-Bío,CL-BI,Mulchén,CL-BI-MUL
Chile,CL,Bío-Bío,CL-BI,Lota,CL-BI-LOT
Chile,CL,Bío-Bío,CL-BI,Hualqui,CL-BI-HQU
Chile,CL,Bío-Bío,CL-BI,Alto Biobío,CL-BI-ALT
Chile,CL,Libertador General Bernardo O'Higgins,CL-LI,Coltauco,CL-LI-COL
Chile,CL,Libertador General Bernardo O'Higgins,CL-LI,Nancagua,CL-LI-NAN
Chile,CL,Libertador General Bernardo O'Higgins,CL-LI,Navidad,CL-LI-NAV
Chile,CL,Libertador General Bernardo O'Higgins,CL-LI,Placilla,CL-LI-PLA
Chile,CL,Libertador General Bernardo O'Higgins,CL-LI,Marchigüe,CL-LI-MAR
Chile,CL,Libertador General Bernardo O'Higgins,CL-LI,Litueche,CL-LI-LIT
Chile,CL,Libertador General Bernardo O'Higgins,CL-LI,Codegua,CL-LI-COD
Chile,CL,Libertador General Bernardo O'Higgins,CL-LI,Graneros,CL-LI-GRA
Chile,CL,Libertador General Bernardo O'Higgins,CL-LI,Pumanque,CL-LI-PUM
Chile,CL,Libertador General Bernardo O'Higgins,CL-LI,San Vicente,CL-LI-VIC
Chile,CL,Libertador General Bernardo O'Higgins,CL-LI,Las Cabras,CL-LI-LAS
Chile,CL,Libertador General Bernardo O'Higgins,CL-LI,Machalí,CL-LI-MAC
Chile,CL,Libertador General Bernardo O'Higgins,CL-LI,Peumo,CL-LI-PEU
Chile,CL,Libertador General Bernardo O'Higgins,CL-LI,Rancagua,CL-LI-RAN
Chile,CL,Libertador General Bernardo O'Higgins,CL-LI,Malloa,CL-LI-MAL
Chile,CL,Libertador General Bernardo O'Higgins,CL-LI,Chépica,CL-LI-CHE
Chile,CL,Libertador General Bernardo O'Higgins,CL-LI,Pichidegua,CL-LI-PDE
Chile,CL,Libertador General Bernardo O'Higgins,CL-LI,Chimbarongo,CL-LI-CMB
Chile,CL,Libertador General Bernardo O'Higgins,CL-LI,Lolol,CL-LI-LOL
Chile,CL,Libertador General Bernardo O'Higgins,CL-LI,Santa Cruz,CL-LI-CRU
Chile,CL,Libertador General Bernardo O'Higgins,CL-LI,Requínoa,CL-LI-REQ
Chile,CL,Libertador General Bernardo O'Higgins,CL-LI,Quinta de Tilcoco,CL-LI-QNT
Chile,CL,Libertador General Bernardo O'Higgins,CL-LI,Coinco,CL-LI-COI
Chile,CL,Libertador General Bernardo O'Higgins,CL-LI,Pichilemu,CL-LI-PLE
Chile,CL,Libertador General Bernardo O'Higgins,CL-LI,Peralillo,CL-LI-PER
Chile,CL,Libertador General Bernardo O'Higgins,CL-LI,San Fernando,CL-LI-FER
Chile,CL,Libertador General Bernardo O'Higgins,CL-LI,Rengo,CL-LI-REN
Chile,CL,Libertador General Bernardo O'Higgins,CL-LI,Mostazal,CL-LI-MOS
Chile,CL,Libertador General Bernardo O'Higgins,CL-LI,Olivar,CL-LI-OLI
Chile,CL,Libertador General Bernardo O'Higgins,CL-LI,Palmilla,CL-LI-PAL
Chile,CL,Libertador General Bernardo O'Higgins,CL-LI,Doñihue,CL-LI-DON
Chile,CL,Libertador General Bernardo O'Higgins,CL-LI,Paredones,CL-LI-PAR
Chile,CL,Libertador General Bernardo O'Higgins,CL-LI,La Estrella,CL-LI-LAE
Chile,CL,Antofagasta,CL-AN,Mejillones,CL-AN-MEJ
Chile,CL,Antofagasta,CL-AN,Ollagüe,CL-AN-OLL
Chile,CL,Antofagasta,CL-AN,Antofagasta,CL-AN-ANT
Chile,CL,Antofagasta,CL-AN,San Pedro de Atacama,CL-AN-PED
Chile,CL,Antofagasta,CL-AN,Tocopilla,CL-AN-TOC
Chile,CL,Antofagasta,CL-AN,Taltal,CL-AN-TAL
Chile,CL,Antofagasta,CL-AN,María Elena,CL-AN-MAR
Chile,CL,Antofagasta,CL-AN,Calama,CL-AN-CAL
Chile,CL,Antofagasta,CL-AN,Sierra Gorda,CL-AN-SIE
Chile,CL,Maule,CL-ML,Yerbas Buenas,CL-ML-YER
Chile,CL,Maule,CL-ML,Maule,CL-ML-MAU
Chile,CL,Maule,CL-ML,Hualañé,CL-ML-HUA
Chile,CL,Maule,CL-ML,Pelluhue,CL-ML-PLU
Chile,CL,Maule,CL-ML,Sagrada Familia,CL-ML-SAG
Chile,CL,Maule,CL-ML,Chanco,CL-ML-CHA
Chile,CL,Maule,CL-ML,Retiro,CL-ML-RET
Chile,CL,Maule,CL-ML,Teno,CL-ML-TEN
Chile,CL,Maule,CL-ML,Molina,CL-ML-MOL
Chile,CL,Maule,CL-ML,Curicó,CL-ML-CIC
Chile,CL,Maule,CL-ML,Parral,CL-ML-PAR
Chile,CL,Maule,CL-ML,Pencahue,CL-ML-PEN
Chile,CL,Maule,CL-ML,San Rafael,CL-ML-RAF
Chile,CL,Maule,CL-ML,Romeral,CL-ML-ROM
Chile,CL,Maule,CL-ML,Longaví,CL-ML-LON
Chile,CL,Maule,CL-ML,San Javier,CL-ML-JAV
Chile,CL,Maule,CL-ML,Vichuquén,CL-ML-VIC
Chile,CL,Maule,CL-ML,Pelarco,CL-ML-PEL
Chile,CL,Maule,CL-ML,Curepto,CL-ML-CEP
Chile,CL,Maule,CL-ML,Colbún,CL-ML-COL
Chile,CL,Maule,CL-ML,Rauco,CL-ML-RAU
Chile,CL,Maule,CL-ML,Cauquenes,CL-ML-CAU
Chile,CL,Maule,CL-ML,Linares,CL-ML-LIN
Chile,CL,Maule,CL-ML,Villa Alegre,CL-ML-VIL
Chile,CL,Maule,CL-ML,San Clemente,CL-ML-CLE
Chile,CL,Maule,CL-ML,Licantén,CL-ML-LIC
Chile,CL,Maule,CL-ML,Empedrado,CL-ML-EMP
Chile,CL,Maule,CL-ML,Constitución,CL-ML-CON
Chile,CL,Maule,CL-ML,Río Claro,CL-ML-RIO
Chile,CL,Maule,CL-ML,Talca,CL-ML-TAL
Chile,CL,Aisén del General Carlos Ibáñez del Campo,CL-AI,Chile Chico,CL-AI-CLE
Chile,CL,Aisén del General Carlos Ibáñez del Campo,CL-AI,Lago Verde,CL-AI-VER
Chile,CL,Aisén del General Carlos Ibáñez del Campo,CL-AI,Aysén,CL-AI-AYS
Chile,CL,Aisén del General Carlos Ibáñez del Campo,CL-AI,O'Higgins,CL-AI-OHI
Chile,CL,Aisén del General Carlos Ibáñez del Campo,CL-AI,Cisnes,CL-AI-CIS
Chile,CL,Aisén del General Carlos Ibáñez del Campo,CL-AI,Guaitecas,CL-AI-GUA
Chile,CL,Aisén del General Carlos Ibáñez del Campo,CL-AI,Río Ibáñez,CL-AI-RIO
Chile,CL,Aisén del General Carlos Ibáñez del Campo,CL-AI,Cochrane,CL-AI-COC
Chile,CL,Aisén del General Carlos Ibáñez del Campo,CL-AI,Tortel,CL-AI-TOR
Chile,CL,Aisén del General Carlos Ibáñez del Campo,CL-AI,Coyhaique,CL-AI-COY
Chile,CL,Ñuble,CL-NB,Chillán Viejo,CL-NB-CVI
Chile,CL,Ñuble,CL-NB,Treguaco,CL-NB-TRE
Chile,CL,Ñuble,CL-NB,Ninhue,CL-NB-NIN
Chile,CL,Ñuble,CL-NB,Ñiquén,CL-NB-NIQ
Chile,CL,Ñuble,CL-NB,Pinto,CL-NB-PIN
Chile,CL,Ñuble,CL-NB,San Carlos,CL-NB-CAR
Chile,CL,Ñuble,CL-NB,Quillón,CL-NB-QON
Chile,CL,Ñuble,CL-NB,Portezuelo,CL-NB-POR
Chile,CL,Ñuble,CL-NB,Coelemu,CL-NB-COE
Chile,CL,Ñuble,CL-NB,Pemuco,CL-NB-PEM
Chile,CL,Ñuble,CL-NB,Cobquecura,CL-NB-COB
Chile,CL,Ñuble,CL-NB,San Nicolás,CL-NB-NIC
Chile,CL,Ñuble,CL-NB,Yungay,CL-NB-YUN
Chile,CL,Ñuble,CL-NB,San Ignacio,CL-NB-IGN
Chile,CL,Ñuble,CL-NB,El Carmen,CL-NB-ELC
Chile,CL,Ñuble,CL-NB,Quirihue,CL-NB-QRI
Chile,CL,Ñuble,CL-NB,Chillán,CL-NB-CLL
Chile,CL,Ñuble,CL-NB,Ránquil,CL-NB-RAN
Chile,CL,Ñuble,CL-NB,Bulnes,CL-NB-BUL
Chile,CL,Ñuble,CL-NB,Coihueco,CL-NB-COI
Chile,CL,Ñuble,CL-NB,San Fabián,CL-NB-FAB
Chile,CL,Coquimbo,CL-CO,Coquimbo,CL-CO-COQ
Chile,CL,Coquimbo,CL-CO,Monte Patria,CL-CO-MON
Chile,CL,Coquimbo,CL-CO,Andacollo,CL-CO-AND
Chile,CL,Coquimbo,CL-CO,La Higuera,CL-CO-LAH
Chile,CL,Coquimbo,CL-CO,Punitaqui,CL-CO-PUN
Chile,CL,Coquimbo,CL-CO,Los Vilos,CL-CO-VIL
Chile,CL,Coquimbo,CL-CO,Río Hurtado,CL-CO-RIO
Chile,CL,Coquimbo,CL-CO,Salamanca,CL-CO-SAL
Chile,CL,Coquimbo,CL-CO,Ovalle,CL-CO-OVA
Chile,CL,Coquimbo,CL-CO,La Serena,CL-CO-LAS
Chile,CL,Coquimbo,CL-CO,Illapel,CL-CO-ILL
Chile,CL,Coquimbo,CL-CO,Vicuña,CL-CO-VIC
Chile,CL,Coquimbo,CL-CO,Paihuano,CL-CO-PAI
Chile,CL,Coquimbo,CL-CO,Combarbalá,CL-CO-COM
Chile,CL,Coquimbo,CL-CO,Canela,CL-CO-CAN
Chile,CL,Los Ríos,CL-LR,Mariquina,CL-LR-MAR
Chile,CL,Los Ríos,CL-LR,Máfil,CL-LR-MAF
Chile,CL,Los Ríos,CL-LR,Paillaco,CL-LR-PAI
Chile,CL,Los Ríos,CL-LR,Corral,CL-LR-COR
Chile,CL,Los Ríos,CL-LR,Lago Ranco,CL-LR-RAN
Chile,CL,Los Ríos,CL-LR,Futrono,CL-LR-FUT
Chile,CL,Los Ríos,CL-LR,Río Bueno,CL-LR-RIO
Chile,CL,Los Ríos,CL-LR,Panguipulli,CL-LR-PAN
Chile,CL,Los Ríos,CL-LR,La Unión,CL-LR-LAU
Chile,CL,Los Ríos,CL-LR,Los Lagos,CL-LR-LAG
Chile,CL,Los Ríos,CL-LR,Valdivia,CL-LR-VAL
Chile,CL,Los Ríos,CL-LR,Lanco,CL-LR-LAN
Chile,CL,Los Lagos,CL-LL,Los Muermos,CL-LL-MUE
Chile,CL,Los Lagos,CL-LL,Chonchi,CL-LL-CHO
Chile,CL,Los Lagos,CL-LL,Quinchao,CL-LL-QNC
Chile,CL,Los Lagos,CL-LL,Queilén,CL-LL-QIL
Chile,CL,Los Lagos,CL-LL,Puyehue,CL-LL-PUY
Chile,CL,Los Lagos,CL-LL,Purranque,CL-LL-PUR
Chile,CL,Los Lagos,CL-LL,Maullín,CL-LL-MAU
Chile,CL,Los Lagos,CL-LL,Puerto Varas,CL-LL-OVA
Chile,CL,Los Lagos,CL-LL,Calbuco,CL-LL-CAL
Chile,CL,Los Lagos,CL-LL,Fresia,CL-LL-FRE
Chile,CL,Los Lagos,CL-LL,Ancud,CL-LL-ANC
Chile,CL,Los Lagos,CL-LL,San Juan de la Costa,CL-LL-JUA
Chile,CL,Los Lagos,CL-LL,Frutillar,CL-LL-FRU
Chile,CL,Los Lagos,CL-LL,Cochamó,CL-LL-COC
Chile,CL,Los Lagos,CL-LL,Dalcahue,CL-LL-DAL
Chile,CL,Los Lagos,CL-LL,Río Negro,CL-LL-RIO
Chile,CL,Los Lagos,CL-LL,Puerto Montt,CL-LL-OMO
Chile,CL,Los Lagos,CL-LL,Chaitén,CL-LL-CHA
Chile,CL,Los Lagos,CL-LL,Curaco de Vélez,CL-LL-CUR
Chile,CL,Los Lagos,CL-LL,Castro,CL-LL-CAS
Chile,CL,Los Lagos,CL-LL,Quellón,CL-LL-QLL
Chile,CL,Los Lagos,CL-LL,San Pablo,CL-LL-PAB
Chile,CL,Los Lagos,CL-LL,Hualaihué,CL-LL-HUA
Chile,CL,Los Lagos,CL-LL,Llanquihue,CL-LL-LLA
Chile,CL,Los Lagos,CL-LL,Puerto Octay,CL-LL-OOC
Chile,CL,Los Lagos,CL-LL,Quemchi,CL-LL-QMC
Chile,CL,Los Lagos,CL-LL,Futaleufú,CL-LL-FUT
Chile,CL,Los Lagos,CL-LL,Osorno,CL-LL-OSO
Chile,CL,Los Lagos,CL-LL,Puqueldón,CL-LL-PUQ
Chile,CL,Los Lagos,CL-LL,Palena,CL-LL-PAL
Chile,CL,Atacama,CL-AT,Huasco,CL-AT-HUA
Chile,CL,Atacama,CL-AT,Copiapó,CL-AT-COP
Chile,CL,Atacama,CL-AT,Freirina,CL-AT-FRE
Chile,CL,Atacama,CL-AT,Vallenar,CL-AT-VAL
Chile,CL,Atacama,CL-AT,Caldera,CL-AT-CAL
Chile,CL,Atacama,CL-AT,Tierra Amarilla,CL-AT-TIE
Chile,CL,Atacama,CL-AT,Diego de Almagro,CL-AT-DIE
Chile,CL,Atacama,CL-AT,Alto del Carmen,CL-AT-ALT
Chile,CL,Atacama,CL-AT,Chañaral,CL-AT-CHA
Guinea,GN,"Boké, Gouvernorat de",GN-B,"Boké, Gouvernorat de",GN-B
Guinea,GN,"Kankan, Gouvernorat de",GN-K,"Kankan, Gouvernorat de",GN-K
Guinea,GN,Conakry,GN-C,Conakry,GN-C
Guinea,GN,"Labé, Gouvernorat de",GN-L,"Labé, Gouvernorat de",GN-L
Guinea,GN,"Mamou, Gouvernorat de",GN-M,"Mamou, Gouvernorat de",GN-M
Guinea,GN,"Nzérékoré, Gouvernorat de",GN-N,"Nzérékoré, Gouvernorat de",GN-N
Guinea,GN,"Kindia, Gouvernorat de",GN-D,"Kindia, Gouvernorat de",GN-D
Guinea,GN,"Faranah, Gouvernorat de",GN-F,"Faranah, Gouvernorat de",GN-F
São Tomé and Príncipe,ST,São Tomé,ST-S,São Tomé,ST-S
São Tomé and Príncipe,ST,Príncipe,ST-P,Príncipe,ST-P
Saint Pierre and Miquelon,PM,Saint Pierre and Miquelon,PM,Saint Pierre and Miquelon,PM
Kuwait,KW,Al Jahrah,KW-JA,Al Jahrah,KW-JA
Kuwait,KW,Al Kuwayt,KW-KU,Al Kuwayt,KW-KU
Kuwait,KW,Hawalli,KW-HA,Hawalli,KW-HA
Kuwait,KW,Al Ahmadi,KW-AH,Al Ahmadi,KW-AH
Kuwait,KW,Al Farwaniyah,KW-FA,Al Farwaniyah,KW-FA
Kuwait,KW,Mubarak al Kabir,KW-MU,Mubarak al Kabir,KW-MU
Kyrgyzstan,KG,Talas,KG-T,Talas,KG-T
Kyrgyzstan,KG,Osh,KG-O,Osh,KG-O
Kyrgyzstan,KG,Batken,KG-B,Batken,KG-B
Kyrgyzstan,KG,Bishkek,KG-GB,Bishkek,KG-GB
Kyrgyzstan,KG,Ysyk-Köl,KG-Y,Ysyk-Köl,KG-Y
Kyrgyzstan,KG,Naryn,KG-N,Naryn,KG-N
Kyrgyzstan,KG,Chü,KG-C,Chü,KG-C
Kyrgyzstan,KG,Jalal-Abad,KG-J,Jalal-Abad,KG-J
Cameroon,CM,North,CM-NO,North,CM-NO
Cameroon,CM,West,CM-OU,West,CM-OU
Cameroon,CM,Far North,CM-EN,Far North,CM-EN
Cameroon,CM,East,CM-ES,East,CM-ES
Cameroon,CM,Littoral,CM-LT,Littoral,CM-LT
Cameroon,CM,South,CM-SU,South,CM-SU
Cameroon,CM,North-West,CM-NW,North-West,CM-NW
Cameroon,CM,Adamaoua,CM-AD,Adamaoua,CM-AD
Cameroon,CM,South-West,CM-SW,South-West,CM-SW
Cameroon,CM,Centre,CM-CE,Centre,CM-CE
Ethiopia,ET,Addis Ababa,ET-AA,Addis Ababa,ET-AA
Ethiopia,ET,Dire Dawa,ET-DD,Dire Dawa,ET-DD
Ethiopia,ET,Harari People,ET-HA,Harari People,ET-HA
Ethiopia,ET,Amara,ET-AM,Amara,ET-AM
Ethiopia,ET,Gambela Peoples,ET-GA,Gambela Peoples,ET-GA
Ethiopia,ET,Oromia,ET-OR,Oromia,ET-OR
Ethiopia,ET,"Southern Nations, Nationalities and Peoples",ET-SN,"Southern Nations, Nationalities and Peoples",ET-SN
Ethiopia,ET,Somali,ET-SO,Somali,ET-SO
Ethiopia,ET,Benshangul-Gumaz,ET-BE,Benshangul-Gumaz,ET-BE
Ethiopia,ET,Afar,ET-AF,Afar,ET-AF
Ethiopia,ET,Tigrai,ET-TI,Tigrai,ET-TI
Malaysia,MY,Selangor,MY-10,Selangor,MY-10
Malaysia,MY,Johor,MY-01,Johor,MY-01
Malaysia,MY,Wilayah Persekutuan Kuala Lumpur,MY-14,Wilayah Persekutuan Kuala Lumpur,MY-14
Malaysia,MY,Perak,MY-08,Perak,MY-08
Malaysia,MY,Perlis,MY-09,Perlis,MY-09
Malaysia,MY,Kelantan,MY-03,Kelantan,MY-03
Malaysia,MY,Melaka,MY-04,Melaka,MY-04
Malaysia,MY,Wilayah Persekutuan Putrajaya,MY-16,Wilayah Persekutuan Putrajaya,MY-16
Malaysia,MY,Kedah,MY-02,Kedah,MY-02
Malaysia,MY,Pulau Pinang,MY-07,Pulau Pinang,MY-07
Malaysia,MY,Terengganu,MY-11,Terengganu,MY-11
Malaysia,MY,Negeri Sembilan,MY-05,Negeri Sembilan,MY-05
Malaysia,MY,Sabah,MY-12,Sabah,MY-12
Malaysia,MY,Pahang,MY-06,Pahang,MY-06
Malaysia,MY,Sarawak,MY-13,Sarawak,MY-13
Malaysia,MY,Wilayah Persekutuan Labuan,MY-15,Wilayah Persekutuan Labuan,MY-15
Cayman Islands,KY,West Bay,KY-WB,West Bay,KY-WB
Cayman Islands,KY,North Side,KY-NS,North Side,KY-NS
Cayman Islands,KY,George Town,KY-GT,George Town,KY-GT
Cayman Islands,KY,East End,KY-EE,East End,KY-EE
Cayman Islands,KY,Bodden Town,KY-BT,Bodden Town,KY-BT
Cayman Islands,KY,Little Cayman,KY-SO,Little Cayman,KY-SO
Cayman Islands,KY,Cayman Brac,KY-CB,Cayman Brac,KY-CB
South Sudan,SS,Jonglei,SS-JG,Jonglei,SS-JG
South Sudan,SS,Lakes,SS-LK,Lakes,SS-LK
South Sudan,SS,Unity,SS-UY,Unity,SS-UY
South Sudan,SS,Eastern Equatoria,SS-EE,Eastern Equatoria,SS-EE
South Sudan,SS,Northern Bahr el Ghazal,SS-BN,Northern Bahr el Ghazal,SS-BN
South Sudan,SS,Upper Nile,SS-NU,Upper Nile,SS-NU
South Sudan,SS,Central Equatoria,SS-EC,Central Equatoria,SS-EC
South Sudan,SS,Western Equatoria,SS-EW,Western Equatoria,SS-EW
South Sudan,SS,Warrap,SS-WR,Warrap,SS-WR
South Sudan,SS,Western Bahr el Ghazal,SS-BW,Western Bahr el Ghazal,SS-BW
Austria,AT,Vorarlberg,AT-8,Vorarlberg,AT-8
Austria,AT,Kärnten,AT-2,Kärnten,AT-2
Austria,AT,Steiermark,AT-6,Steiermark,AT-6
Austria,AT,Niederösterreich,AT-3,Niederösterreich,AT-3
Austria,AT,Oberösterreich,AT-4,Oberösterreich,AT-4
Austria,AT,Tirol,AT-7,Tirol,AT-7
Austria,AT,Wien,AT-9,Wien,AT-9
Austria,AT,Salzburg,AT-5,Salzburg,AT-5
Austria,AT,Burgenland,AT-1,Burgenland,AT-1
Ukraine,UA,Chernihivs'ka Oblast',UA-74,Chernihivs'ka Oblast',UA-74
Ukraine,UA,Zakarpats'ka Oblast',UA-21,Zakarpats'ka Oblast',UA-21
Ukraine,UA,Khmel'nyts'ka Oblast',UA-68,Khmel'nyts'ka Oblast',UA-68
Ukraine,UA,Respublika Krym,UA-43,Respublika Krym,UA-43
Ukraine,UA,Dnipropetrovs'ka Oblast',UA-12,Dnipropetrovs'ka Oblast',UA-12
Ukraine,UA,Kyïv,UA-30,Kyïv,UA-30
Ukraine,UA,Poltavs'ka Oblast',UA-53,Poltavs'ka Oblast',UA-53
Ukraine,UA,Kirovohrads'ka Oblast',UA-35,Kirovohrads'ka Oblast',UA-35
Ukraine,UA,Vinnyts'ka Oblast',UA-05,Vinnyts'ka Oblast',UA-05
Ukraine,UA,Cherkas'ka Oblast',UA-71,Cherkas'ka Oblast',UA-71
Ukraine,UA,Ivano-Frankivs'ka Oblast',UA-26,Ivano-Frankivs'ka Oblast',UA-26
Ukraine,UA,Volyns'ka Oblast',UA-07,Volyns'ka Oblast',UA-07
Ukraine,UA,Odes'ka Oblast',UA-51,Odes'ka Oblast',UA-51
Ukraine,UA,Donets'ka Oblast',UA-14,Donets'ka Oblast',UA-14
Ukraine,UA,Zhytomyrs'ka Oblast',UA-18,Zhytomyrs'ka Oblast',UA-18
Ukraine,UA,Rivnens'ka Oblast',UA-56,Rivnens'ka Oblast',UA-56
Ukraine,UA,Luhans'ka Oblast',UA-09,Luhans'ka Oblast',UA-09
Ukraine,UA,Kharkivs'ka Oblast',UA-63,Kharkivs'ka Oblast',UA-63
Ukraine,UA,Kyïvs'ka Oblast',UA-32,Kyïvs'ka Oblast',UA-32
Ukraine,UA,Sevastopol',UA-40,Sevastopol',UA-40
Ukraine,UA,Mykolaïvs'ka Oblast',UA-48,Mykolaïvs'ka Oblast',UA-48
Ukraine,UA,Sums'ka Oblast',UA-59,Sums'ka Oblast',UA-59
Ukraine,UA,Chernivets'ka Oblast',UA-77,Chernivets'ka Oblast',UA-77
Ukraine,UA,Khersons'ka Oblast',UA-65,Khersons'ka Oblast',UA-65
Ukraine,UA,L'vivs'ka Oblast',UA-46,L'vivs'ka Oblast',UA-46
Ukraine,UA,Zaporiz'ka Oblast',UA-23,Zaporiz'ka Oblast',UA-23
Ukraine,UA,Ternopil's'ka Oblast',UA-61,Ternopil's'ka Oblast',UA-61
Eswatini,SZ,Manzini,SZ-MA,Manzini,SZ-MA
Eswatini,SZ,Hhohho,SZ-HH,Hhohho,SZ-HH
Eswatini,SZ,Shiselweni,SZ-SH,Shiselweni,SZ-SH
Eswatini,SZ,Lubombo,SZ-LU,Lubombo,SZ-LU
Nigeria,NG,Kwara,NG-KW,Kwara,NG-KW
Nigeria,NG,Sokoto,NG-SO,Sokoto,NG-SO
Nigeria,NG,Kebbi,NG-KE,Kebbi,NG-KE
Nigeria,NG,Anambra,NG-AN,Anambra,NG-AN
Nigeria,NG,Zamfara,NG-ZA,Zamfara,NG-ZA
Nigeria,NG,Lagos,NG-LA,Lagos,NG-LA
Nigeria,NG,Bauchi,NG-BA,Bauchi,NG-BA
Nigeria,NG,Jigawa,NG-JI,Jigawa,NG-JI
Nigeria,NG,Ondo,NG-ON,Ondo,NG-ON
Nigeria,NG,Ekiti,NG-EK,Ekiti,NG-EK
Nigeria,NG,Borno,NG-BO,Borno,NG-BO
Nigeria,NG,Delta,NG-DE,Delta,NG-DE
Nigeria,NG,Plateau,NG-PL,Plateau,NG-PL
Nigeria,NG,Taraba,NG-TA,Taraba,NG-TA
Nigeria,NG,Imo,NG-IM,Imo,NG-IM
Nigeria,NG,Benue,NG-BE,Benue,NG-BE
Nigeria,NG,Akwa Ibom,NG-AK,Akwa Ibom,NG-AK
Nigeria,NG,Kano,NG-KN,Kano,NG-KN
Nigeria,NG,Kogi,NG-KO,Kogi,NG-KO
Nigeria,NG,Rivers,NG-RI,Rivers,NG-RI
Nigeria,NG,Enugu,NG-EN,Enugu,NG-EN
Nigeria,NG,Kaduna,NG-KD,Kaduna,NG-KD
Nigeria,NG,Cross River,NG-CR,Cross River,NG-CR
Nigeria,NG,Ogun,NG-OG,Ogun,NG-OG
Nigeria,NG,Gombe,NG-GO,Gombe,NG-GO
Nigeria,NG,Bayelsa,NG-BY,Bayelsa,NG-BY
Nigeria,NG,Adamawa,NG-AD,Adamawa,NG-AD
Nigeria,NG,Osun,NG-OS,Osun,NG-OS
Nigeria,NG,Abia,NG-AB,Abia,NG-AB
Nigeria,NG,Abuja Federal Capital Territory,NG-FC,Abuja Federal Capital Territory,NG-FC
Nigeria,NG,Katsina,NG-KT,Katsina,NG-KT
Nigeria,NG,Yobe,NG-YO,Yobe,NG-YO
Nigeria,NG,Oyo,NG-OY,Oyo,NG-OY
Nigeria,NG,Ebonyi,NG-EB,Ebonyi,NG-EB
Nigeria,NG,Niger,NG-NI,Niger,NG-NI
Nigeria,NG,Nassarawa,NG-NA,Nassarawa,NG-NA
Nigeria,NG,Edo,NG-ED,Edo,NG-ED
Turks and Caicos Islands,TC,Turks and Caicos Islands,TC,Turks and Caicos Islands,TC
Croatia,HR,Grad Zagreb,HR-21,Grad Zagreb,HR-21
Croatia,HR,Vukovarsko-srijemska županija,HR-16,Vukovarsko-srijemska županija,HR-16
Croatia,HR,Šibensko-kninska županija,HR-15,Šibensko-kninska županija,HR-15
Croatia,HR,Viroviticko-podravska županija,HR-10,Viroviticko-podravska županija,HR-10
Croatia,HR,Primorsko-goranska županija,HR-08,Primorsko-goranska županija,HR-08
Croatia,HR,Sisacko-moslavacka županija,HR-03,Sisacko-moslavacka županija,HR-03
Croatia,HR,Koprivnicko-križevacka županija,HR-06,Koprivnicko-križevacka županija,HR-06
Croatia,HR,Zadarska županija,HR-13,Zadarska županija,HR-13
Croatia,HR,Medimurska županija,HR-20,Medimurska županija,HR-20
Croatia,HR,Krapinsko-zagorska županija,HR-02,Krapinsko-zagorska županija,HR-02
Croatia,HR,Varaždinska županija,HR-05,Varaždinska županija,HR-05
Croatia,HR,Splitsko-dalmatinska županija,HR-17,Splitsko-dalmatinska županija,HR-17
Croatia,HR,Istarska županija,HR-18,Istarska županija,HR-18
Croatia,HR,Brodsko-posavska županija,HR-12,Brodsko-posavska županija,HR-12
Croatia,HR,Licko-senjska županija,HR-09,Licko-senjska županija,HR-09
Croatia,HR,Zagrebacka županija,HR-01,Zagrebacka županija,HR-01
Croatia,HR,Požeško-slavonska županija,HR-11,Požeško-slavonska županija,HR-11
Croatia,HR,Karlovacka županija,HR-04,Karlovacka županija,HR-04
Croatia,HR,Osjecko-baranjska županija,HR-14,Osjecko-baranjska županija,HR-14
Croatia,HR,Bjelovarsko-bilogorska županija,HR-07,Bjelovarsko-bilogorska županija,HR-07
Croatia,HR,Dubrovacko-neretvanska županija,HR-19,Dubrovacko-neretvanska županija,HR-19
Denmark,DK,Nordsjælland,DK-02,Allerød,DK-02-01
Denmark,DK,Nordsjælland,DK-02,Hillerød,DK-02-07
Denmark,DK,Nordsjælland,DK-02,Frederikssund,DK-02-03
Denmark,DK,Nordsjælland,DK-02,Hørsholm,DK-02-08
Denmark,DK,Nordsjælland,DK-02,Fredensborg,DK-02-02
Denmark,DK,Nordsjælland,DK-02,Halsnæs,DK-02-05
Denmark,DK,Nordsjælland,DK-02,Gribskov,DK-02-04
Denmark,DK,Nordsjælland,DK-02,Rudersdal,DK-02-09
Denmark,DK,Nordsjælland,DK-02,Helsingør,DK-02-06
Denmark,DK,Sydvestjylland,DK-08,Fanø,DK-08-03
Denmark,DK,Sydvestjylland,DK-08,Billund,DK-08-01
Denmark,DK,Sydvestjylland,DK-08,Esbjerg,DK-08-02
Denmark,DK,Sydvestjylland,DK-08,Varde,DK-08-04
Denmark,DK,Sydvestjylland,DK-08,Vejen,DK-08-05
Denmark,DK,Storstrøm,DK-04,Guldborgsund,DK-04-02
Denmark,DK,Storstrøm,DK-04,Næstved,DK-04-04
Denmark,DK,Storstrøm,DK-04,Faxe,DK-04-01
Denmark,DK,Storstrøm,DK-04,Vordingborg,DK-04-05
Denmark,DK,Storstrøm,DK-04,Lolland,DK-04-03
Denmark,DK,Nordjylland,DK-13,Rebild,DK-13-08
Denmark,DK,Nordjylland,DK-13,Mariagerfjord,DK-13-07
Denmark,DK,Nordjylland,DK-13,Hjørring,DK-13-04
Denmark,DK,Nordjylland,DK-13,Jammerbugt,DK-13-05
Denmark,DK,Nordjylland,DK-13,Vesthimmerland,DK-13-09
Denmark,DK,Nordjylland,DK-13,Læsø,DK-13-06
Denmark,DK,Nordjylland,DK-13,Brønderslev,DK-13-02
Denmark,DK,Nordjylland,DK-13,Frederikshavn,DK-13-03
Denmark,DK,Nordjylland,DK-13,Aalborg,DK-13-01
Denmark,DK,København,DK-01,Brøndby,DK-01-03
Denmark,DK,København,DK-01,Stevns,DK-01-25
Denmark,DK,København,DK-01,Rødovre,DK-01-17
Denmark,DK,København,DK-01,Køge,DK-01-21
Denmark,DK,København,DK-01,Egedal,DK-01-05
Denmark,DK,København,DK-01,Dragør,DK-01-04
Denmark,DK,København,DK-01,Ishøj,DK-01-14
Denmark,DK,København,DK-01,Roskilde,DK-01-23
Denmark,DK,København,DK-01,Høje Taastrup,DK-01-12
Denmark,DK,København,DK-01,Hvidovre,DK-01-13
Denmark,DK,København,DK-01,København,DK-01-15
Denmark,DK,København,DK-01,Tårnby,DK-01-18
Denmark,DK,København,DK-01,Albertslund,DK-01-01
Denmark,DK,København,DK-01,Greve,DK-01-20
Denmark,DK,København,DK-01,Vallensbæk,DK-01-19
Denmark,DK,København,DK-01,Lyngby-Taarbæk,DK-01-16
Denmark,DK,København,DK-01,Furesø,DK-01-07
Denmark,DK,København,DK-01,Solrød,DK-01-24
Denmark,DK,København,DK-01,Ballerup,DK-01-02
Denmark,DK,København,DK-01,Gentofte,DK-01-08
Denmark,DK,København,DK-01,Gladsaxe,DK-01-09
Denmark,DK,København,DK-01,Glostrup,DK-01-10
Denmark,DK,København,DK-01,Herlev,DK-01-11
Denmark,DK,København,DK-01,Lejre,DK-01-22
Denmark,DK,København,DK-01,Frederiksberg,DK-01-06
Denmark,DK,Østjylland,DK-11,Skanderborg,DK-11-08
Denmark,DK,Østjylland,DK-11,Syddjurs,DK-11-09
Denmark,DK,Østjylland,DK-11,Favrskov,DK-11-02
Denmark,DK,Østjylland,DK-11,Århus,DK-11-01
Denmark,DK,Østjylland,DK-11,Randers,DK-11-05
Denmark,DK,Østjylland,DK-11,Norddjurs,DK-11-03
Denmark,DK,Østjylland,DK-11,Samsø,DK-11-06
Denmark,DK,Østjylland,DK-11,Silkeborg,DK-11-07
Denmark,DK,Østjylland,DK-11,Odder,DK-11-04
Denmark,DK,Vestsjælland,DK-03,Odsherred,DK-03-04
Denmark,DK,Vestsjælland,DK-03,Slagelse,DK-03-06
Denmark,DK,Vestsjælland,DK-03,Kalundborg,DK-03-02
Denmark,DK,Vestsjælland,DK-03,Ringsted,DK-03-05
Denmark,DK,Vestsjælland,DK-03,Holbæk,DK-03-01
Denmark,DK,Vestsjælland,DK-03,Sorø,DK-03-03
Denmark,DK,Fyn,DK-06,Ærø,DK-06-01
Denmark,DK,Fyn,DK-06,Faaborg-Midtfyn,DK-06-03
Denmark,DK,Fyn,DK-06,Assens,DK-06-02
Denmark,DK,Fyn,DK-06,Middelfart,DK-06-06
Denmark,DK,Fyn,DK-06,Odense,DK-06-09
Denmark,DK,Fyn,DK-06,Svendborg,DK-06-10
Denmark,DK,Fyn,DK-06,Kerteminde,DK-06-04
Denmark,DK,Fyn,DK-06,Nordfyns,DK-06-07
Denmark,DK,Fyn,DK-06,Langeland,DK-06-05
Denmark,DK,Fyn,DK-06,Nyborg,DK-06-08
Denmark,DK,Nordvestjylland,DK-12,Thisted,DK-12-03
Denmark,DK,Nordvestjylland,DK-12,Skive,DK-12-02
Denmark,DK,Nordvestjylland,DK-12,Viborg,DK-12-04
Denmark,DK,Nordvestjylland,DK-12,Morsø,DK-12-01
Denmark,DK,Sønderjylland,DK-07,Aabenraa,DK-07-01
Denmark,DK,Sønderjylland,DK-07,Tønder,DK-07-04
Denmark,DK,Sønderjylland,DK-07,Haderslev,DK-07-02
Denmark,DK,Sønderjylland,DK-07,Sønderborg,DK-07-03
Denmark,DK,Sydøstjylland,DK-09,Vejle,DK-09-05
Denmark,DK,Sydøstjylland,DK-09,Kolding,DK-09-04
Denmark,DK,Sydøstjylland,DK-09,Fredericia,DK-09-01
Denmark,DK,Sydøstjylland,DK-09,Hedensted,DK-09-02
Denmark,DK,Sydøstjylland,DK-09,Horsens,DK-09-03
Denmark,DK,Bornholm,DK-05,Christiansø,DK-05-02
Denmark,DK,Bornholm,DK-05,Bornholm,DK-05-01
Denmark,DK,Vestjylland,DK-10,Ikast-Brande,DK-10-03
Denmark,DK,Vestjylland,DK-10,Herning,DK-10-01
Denmark,DK,Vestjylland,DK-10,Ringkøbing-Skjern,DK-10-05
Denmark,DK,Vestjylland,DK-10,Lemvig,DK-10-04
Denmark,DK,Vestjylland,DK-10,Holstebro,DK-10-02
Denmark,DK,Vestjylland,DK-10,Struer,DK-10-06
Wallis and Futuna,WF,Wallis and Futuna,WF,Wallis and Futuna,WF
Svalbard,SJ,Svalbard,SJ,Svalbard,SJ
Panama,PA,Kuna Yala,PA-KY,Kuna Yala,PA-KY
Panama,PA,Ngäbe-Buglé,PA-NB,Ngäbe-Buglé,PA-NB
Panama,PA,Emberá,PA-EM,Emberá,PA-EM
Panama,PA,Panamá,PA-8,Panamá,PA-8
Panama,PA,Herrera,PA-6,Herrera,PA-6
Panama,PA,Bocas del Toro,PA-1,Bocas del Toro,PA-1
Panama,PA,Los Santos,PA-7,Los Santos,PA-7
Panama,PA,Colón,PA-3,Colón,PA-3
Panama,PA,Coclé,PA-2,Coclé,PA-2
Panama,PA,Veraguas,PA-9,Veraguas,PA-9
Panama,PA,Chiriquí,PA-4,Chiriquí,PA-4
Panama,PA,Darién,PA-5,Darién,PA-5
Timor-Leste,TL,Ermera,TL-ER,Ermera,TL-ER
Timor-Leste,TL,Bobonaro,TL-BO,Bobonaro,TL-BO
Timor-Leste,TL,Oecussi,TL-OE,Oecussi,TL-OE
Timor-Leste,TL,Cova Lima,TL-CO,Cova Lima,TL-CO
Timor-Leste,TL,Aileu,TL-AL,Aileu,TL-AL
Timor-Leste,TL,Manatuto,TL-MT,Manatuto,TL-MT
Timor-Leste,TL,Ainaro,TL-AN,Ainaro,TL-AN
Timor-Leste,TL,Viqueque,TL-VI,Viqueque,TL-VI
Timor-Leste,TL,Lautem,TL-LA,Lautem,TL-LA
Timor-Leste,TL,Manufahi,TL-MF,Manufahi,TL-MF
Timor-Leste,TL,Dili,TL-DI,Dili,TL-DI
Timor-Leste,TL,Liquiça,TL-LI,Liquiça,TL-LI
Timor-Leste,TL,Baucau,TL-BA,Baucau,TL-BA
Vatican City (Holy See),VA,Vatican City (Holy See),VA,Vatican City (Holy See),VA
French Guiana,GF,French Guiana,GF,French Guiana,GF
Oman,OM,A'Sharqiyah North,OM-SS,A'Sharqiyah North,OM-SS
Oman,OM,Al Buraimi,OM-BU,Al Buraimi,OM-BU
Oman,OM,A'Dhahirah,OM-ZA,A'Dhahirah,OM-ZA
Oman,OM,A'Dakhiliya,OM-DA,A'Dakhiliya,OM-DA
Oman,OM,A'Sharqiyah South,OM-SJ,A'Sharqiyah South,OM-SJ
Oman,OM,Muscat,OM-MA,Muscat,OM-MA
Oman,OM,Dhofar,OM-ZU,Dhofar,OM-ZU
Oman,OM,Al Wusta,OM-WU,Al Wusta,OM-WU
Oman,OM,Al Batinah South,OM-BJ,Al Batinah South,OM-BJ
Oman,OM,Musandam,OM-MU,Musandam,OM-MU
Oman,OM,Al Batinah North,OM-BS,Al Batinah North,OM-BS
Venezuela,VE,Amazonas,VE-Z,Amazonas,VE-Z
Venezuela,VE,Carabobo,VE-G,Carabobo,VE-G
Venezuela,VE,Zulia,VE-V,Zulia,VE-V
Venezuela,VE,Mérida,VE-L,Mérida,VE-L
Venezuela,VE,Anzoátegui,VE-B,Anzoátegui,VE-B
Venezuela,VE,Vargas,VE-X,Vargas,VE-X
Venezuela,VE,Delta Amacuro,VE-Y,Delta Amacuro,VE-Y
Venezuela,VE,Trujillo,VE-T,Trujillo,VE-T
Venezuela,VE,Barinas,VE-E,Barinas,VE-E
Venezuela,VE,Lara,VE-K,Lara,VE-K
Venezuela,VE,Monagas,VE-N,Monagas,VE-N
Venezuela,VE,Dependencias Federales,VE-W,Dependencias Federales,VE-W
Venezuela,VE,Guárico,VE-J,Guárico,VE-J
Venezuela,VE,Apure,VE-C,Apure,VE-C
Venezuela,VE,Distrito Capital,VE-A,Distrito Capital,VE-A
Venezuela,VE,Táchira,VE-S,Táchira,VE-S
Venezuela,VE,Portuguesa,VE-P,Portuguesa,VE-P
Venezuela,VE,Nueva Esparta,VE-O,Nueva Esparta,VE-O
Venezuela,VE,Cojedes,VE-H,Cojedes,VE-H
Venezuela,VE,Sucre,VE-R,Sucre,VE-R
Venezuela,VE,Falcón,VE-I,Falcón,VE-I
Venezuela,VE,Miranda,VE-M,Miranda,VE-M
Venezuela,VE,Yaracuy,VE-U,Yaracuy,VE-U
Venezuela,VE,Aragua,VE-D,Aragua,VE-D
Venezuela,VE,Bolívar,VE-F,Bolívar,VE-F
Greece,GR,Crete,GR-M,Heraklion,GR-M-71
Greece,GR,Crete,GR-M,Chania,GR-M-74
Greece,GR,Crete,GR-M,Lasithi,GR-M-72
Greece,GR,Crete,GR-M,Rethymno,GR-M-73
Greece,GR,Peloponnese,GR-J,Corinth,GR-J-42
Greece,GR,Peloponnese,GR-J,Arcadia,GR-J-40
Greece,GR,Peloponnese,GR-J,Lakonia,GR-J-43
Greece,GR,Peloponnese,GR-J,Argolida,GR-J-41
Greece,GR,Peloponnese,GR-J,Messinia,GR-J-44
Greece,GR,Central Macedonia,GR-B,Imathia,GR-B-08
Greece,GR,Central Macedonia,GR-B,Pella,GR-B-10
Greece,GR,Central Macedonia,GR-B,Serres,GR-B-12
Greece,GR,Central Macedonia,GR-B,Thessaloniki,GR-B-07
Greece,GR,Central Macedonia,GR-B,Chalkidiki,GR-B-13
Greece,GR,Central Macedonia,GR-B,Pieria,GR-B-11
Greece,GR,Central Macedonia,GR-B,Kilkis,GR-B-09
Greece,GR,Northern Aegean,GR-K,Lesvos,GR-K-53
Greece,GR,Northern Aegean,GR-K,Lemnos,GR-K-55
Greece,GR,Northern Aegean,GR-K,Ikaria,GR-K-54
Greece,GR,Northern Aegean,GR-K,Samos,GR-K-56
Greece,GR,Northern Aegean,GR-K,Chios,GR-K-57
Greece,GR,Central Greece,GR-H,Evvoia,GR-H-29
Greece,GR,Central Greece,GR-H,Fokida,GR-H-31
Greece,GR,Central Greece,GR-H,Fthiotida,GR-H-27
Greece,GR,Central Greece,GR-H,Viotia,GR-H-28
Greece,GR,Central Greece,GR-H,Evrytania,GR-H-30
Greece,GR,Thessaly,GR-E,Northern Sporades,GR-E-25
Greece,GR,Thessaly,GR-E,Karditsa,GR-E-23
Greece,GR,Thessaly,GR-E,Magnisia,GR-E-24
Greece,GR,Thessaly,GR-E,Trikala,GR-E-26
Greece,GR,Thessaly,GR-E,Larisa,GR-E-22
Greece,GR,Mount Athos Autonomous Region,GR-69,Mount Athos Autonomous Region,GR-69-99
Greece,GR,Ionian Islands,GR-F,Cephalonia,GR-F-35
Greece,GR,Ionian Islands,GR-F,Corfu,GR-F-32
Greece,GR,Ionian Islands,GR-F,Lefkada,GR-F-36
Greece,GR,Ionian Islands,GR-F,Zakynthos,GR-F-33
Greece,GR,Ionian Islands,GR-F,Ithaca,GR-F-34
Greece,GR,Eastern Macedonia and Thrace,GR-A,Rodopi,GR-A-01
Greece,GR,Eastern Macedonia and Thrace,GR-A,Xanthi,GR-A-06
Greece,GR,Eastern Macedonia and Thrace,GR-A,Kavala,GR-A-05
Greece,GR,Eastern Macedonia and Thrace,GR-A,Thasos,GR-A-04
Greece,GR,Eastern Macedonia and Thrace,GR-A,Evros,GR-A-03
Greece,GR,Eastern Macedonia and Thrace,GR-A,Drama,GR-A-02
Greece,GR,Southern Aegean,GR-L,Kos,GR-L-64
Greece,GR,Southern Aegean,GR-L,Syros,GR-L-58
Greece,GR,Southern Aegean,GR-L,Santorini,GR-L-60
Greece,GR,Southern Aegean,GR-L,Rhodes,GR-L-69
Greece,GR,Southern Aegean,GR-L,Kea-Kythnos,GR-L-63
Greece,GR,Southern Aegean,GR-L,Milos,GR-L-65
Greece,GR,Southern Aegean,GR-L,Paros,GR-L-68
Greece,GR,Southern Aegean,GR-L,Naxos,GR-L-67
Greece,GR,Southern Aegean,GR-L,Mykonos,GR-L-66
Greece,GR,Southern Aegean,GR-L,Andros,GR-L-59
Greece,GR,Southern Aegean,GR-L,Karpathos,GR-L-62
Greece,GR,Southern Aegean,GR-L,Kalymnos,GR-L-61
Greece,GR,Southern Aegean,GR-L,Tinos,GR-L-70
Greece,GR,Epirus,GR-D,Arta,GR-D-19
Greece,GR,Epirus,GR-D,Thesprotia,GR-D-20
Greece,GR,Epirus,GR-D,Ioannina,GR-D-18
Greece,GR,Epirus,GR-D,Preveza,GR-D-21
Greece,GR,Western Macedonia,GR-C,Kozani,GR-C-14
Greece,GR,Western Macedonia,GR-C,Kastoria,GR-C-16
Greece,GR,Western Macedonia,GR-C,Florina,GR-C-17
Greece,GR,Western Macedonia,GR-C,Grevena,GR-C-15
Greece,GR,Attica,GR-I,West Athens,GR-I-47
Greece,GR,Attica,GR-I,North Athens,GR-I-46
Greece,GR,Attica,GR-I,East Attica,GR-I-49
Greece,GR,Attica,GR-I,South Athens,GR-I-48
Greece,GR,Attica,GR-I,Islands,GR-I-52
Greece,GR,Attica,GR-I,Piraeus,GR-I-51
Greece,GR,Attica,GR-I,Central Athens,GR-I-45
Greece,GR,Attica,GR-I,West Attica,GR-I-50
Greece,GR,Western Greece,GR-G,Ileia,GR-G-39
Greece,GR,Western Greece,GR-G,Achaia,GR-G-37
Greece,GR,Western Greece,GR-G,Aitoloakarnania,GR-G-38
Estonia,EE,Viljandimaa,EE-84,Viljandimaa,EE-84
Estonia,EE,Raplamaa,EE-70,Raplamaa,EE-70
Estonia,EE,Pärnumaa,EE-67,Pärnumaa,EE-67
Estonia,EE,Valgamaa,EE-82,Valgamaa,EE-82
Estonia,EE,Läänemaa,EE-57,Läänemaa,EE-57
Estonia,EE,Harjumaa,EE-37,Harjumaa,EE-37
Estonia,EE,Ida-Virumaa,EE-44,Ida-Virumaa,EE-44
Estonia,EE,Hiiumaa,EE-39,Hiiumaa,EE-39
Estonia,EE,Põlvamaa,EE-65,Põlvamaa,EE-65
Estonia,EE,Lääne-Virumaa,EE-59,Lääne-Virumaa,EE-59
Estonia,EE,Jõgevamaa,EE-49,Jõgevamaa,EE-49
Estonia,EE,Järvamaa,EE-51,Järvamaa,EE-51
Estonia,EE,Võrumaa,EE-86,Võrumaa,EE-86
Estonia,EE,Saaremaa,EE-74,Saaremaa,EE-74
Estonia,EE,Tartumaa,EE-78,Tartumaa,EE-78
Western Sahara,EH,Western Sahara,EH,Western Sahara,EH
Micronesia,FM,Kosrae,FM-KSA,Kosrae,FM-KSA
Micronesia,FM,Pohnpei,FM-PNI,Pohnpei,FM-PNI
Micronesia,FM,Yap,FM-YAP,Yap,FM-YAP
Micronesia,FM,Chuuk,FM-TRK,Chuuk,FM-TRK
Guernsey,GG,Guernsey,GG,Guernsey,GG
Slovenia,SI,Hoce-Slivnica,SI-160,Hoce-Slivnica,SI-160
Slovenia,SI,Turnišce,SI-132,Turnišce,SI-132
Slovenia,SI,Radece,SI-099,Radece,SI-099
Slovenia,SI,Naklo,SI-082,Naklo,SI-082
Slovenia,SI,Rogatec,SI-107,Rogatec,SI-107
Slovenia,SI,Miren-Kostanjevica,SI-075,Miren-Kostanjevica,SI-075
Slovenia,SI,Šentjur pri Celju,SI-120,Šentjur pri Celju,SI-120
Slovenia,SI,Kungota,SI-055,Kungota,SI-055
Slovenia,SI,Tišina,SI-010,Tišina,SI-010
Slovenia,SI,Moravske Toplice,SI-078,Moravske Toplice,SI-078
Slovenia,SI,Ljutomer,SI-063,Ljutomer,SI-063
Slovenia,SI,Starše,SI-115,Starše,SI-115
Slovenia,SI,Železniki,SI-146,Železniki,SI-146
Slovenia,SI,Kranjska Gora,SI-053,Kranjska Gora,SI-053
Slovenia,SI,Lovrenc na Pohorju,SI-167,Lovrenc na Pohorju,SI-167
Slovenia,SI,Vitanje,SI-137,Vitanje,SI-137
Slovenia,SI,Murska Sobota (urbane commune),SI-080,Murska Sobota (urbane commune),SI-080
Slovenia,SI,Dolenjske Toplice,SI-157,Dolenjske Toplice,SI-157
Slovenia,SI,Pivka,SI-091,Pivka,SI-091
Slovenia,SI,Slovenske Konjice,SI-114,Slovenske Konjice,SI-114
Slovenia,SI,Ljubno,SI-062,Ljubno,SI-062
Slovenia,SI,Polzela,SI-173,Polzela,SI-173
Slovenia,SI,Race-Fram,SI-098,Race-Fram,SI-098
Slovenia,SI,Kostel,SI-165,Kostel,SI-165
Slovenia,SI,Puconci,SI-097,Puconci,SI-097
Slovenia,SI,Radenci,SI-100,Radenci,SI-100
Slovenia,SI,Selnica ob Dravi,SI-178,Selnica ob Dravi,SI-178
Slovenia,SI,Mislinja,SI-076,Mislinja,SI-076
Slovenia,SI,Dobrepolje,SI-020,Dobrepolje,SI-020
Slovenia,SI,Tabor,SI-184,Tabor,SI-184
Slovenia,SI,Kamnik,SI-043,Kamnik,SI-043
Slovenia,SI,Borovnica,SI-005,Borovnica,SI-005
Slovenia,SI,Kranj (urbane commune),SI-052,Kranj (urbane commune),SI-052
Slovenia,SI,Maribor (urbane commune),SI-070,Maribor (urbane commune),SI-070
Slovenia,SI,Ilirska Bistrica,SI-038,Ilirska Bistrica,SI-038
Slovenia,SI,Moravce,SI-077,Moravce,SI-077
Slovenia,SI,Luce,SI-067,Luce,SI-067
Slovenia,SI,Veržej,SI-188,Veržej,SI-188
Slovenia,SI,Razkrižje,SI-176,Razkrižje,SI-176
Slovenia,SI,Zrece,SI-144,Zrece,SI-144
Slovenia,SI,Šempeter-Vrtojba,SI-183,Šempeter-Vrtojba,SI-183
Slovenia,SI,Gorenja vas-Poljane,SI-027,Gorenja vas-Poljane,SI-027
Slovenia,SI,Mengeš,SI-072,Mengeš,SI-072
Slovenia,SI,Šalovci,SI-033,Šalovci,SI-033
Slovenia,SI,Divaca,SI-019,Divaca,SI-019
Slovenia,SI,Benedikt,SI-148,Benedikt,SI-148
Slovenia,SI,Dornava,SI-024,Dornava,SI-024
Slovenia,SI,Rogašovci,SI-105,Rogašovci,SI-105
Slovenia,SI,Vransko,SI-189,Vransko,SI-189
Slovenia,SI,Zavrc,SI-143,Zavrc,SI-143
Slovenia,SI,Šoštanj,SI-126,Šoštanj,SI-126
Slovenia,SI,Litija,SI-060,Litija,SI-060
Slovenia,SI,Bohinj,SI-004,Bohinj,SI-004
Slovenia,SI,Žalec,SI-190,Žalec,SI-190
Slovenia,SI,Krško,SI-054,Krško,SI-054
Slovenia,SI,Duplek,SI-026,Duplek,SI-026
Slovenia,SI,Gornja Radgona,SI-029,Gornja Radgona,SI-029
Slovenia,SI,Šmarje pri Jelšah,SI-124,Šmarje pri Jelšah,SI-124
Slovenia,SI,Gornji Grad,SI-030,Gornji Grad,SI-030
Slovenia,SI,Kidricevo,SI-045,Kidricevo,SI-045
Slovenia,SI,Sežana,SI-111,Sežana,SI-111
Slovenia,SI,Grosuplje,SI-032,Grosuplje,SI-032
Slovenia,SI,Grad,SI-158,Grad,SI-158
Slovenia,SI,Kozje,SI-051,Kozje,SI-051
Slovenia,SI,Kocevje,SI-048,Kocevje,SI-048
Slovenia,SI,Šentjernej,SI-119,Šentjernej,SI-119
Slovenia,SI,Semic,SI-109,Semic,SI-109
Slovenia,SI,Kobarid,SI-046,Kobarid,SI-046
Slovenia,SI,Miklavž na Dravskem Polju,SI-169,Miklavž na Dravskem Polju,SI-169
Slovenia,SI,Sodražica,SI-179,Sodražica,SI-179
Slovenia,SI,Koper/Capodistria (urbane commune),SI-050,Koper/Capodistria (urbane commune),SI-050
Slovenia,SI,Žužemberk,SI-193,Žužemberk,SI-193
Slovenia,SI,Sveti Andraž v Slovenskih Goricah,SI-182,Sveti Andraž v Slovenskih Goricah,SI-182
Slovenia,SI,Logatec,SI-064,Logatec,SI-064
Slovenia,SI,Metlika,SI-073,Metlika,SI-073
Slovenia,SI,Trebnje,SI-130,Trebnje,SI-130
Slovenia,SI,Ivancna Gorica,SI-039,Ivancna Gorica,SI-039
Slovenia,SI,Podvelka,SI-093,Podvelka,SI-093
Slovenia,SI,Lukovica,SI-068,Lukovica,SI-068
Slovenia,SI,Novo Mesto (urbane commune),SI-085,Novo Mesto (urbane commune),SI-085
Slovenia,SI,Solcava,SI-180,Solcava,SI-180
Slovenia,SI,Šentilj,SI-118,Šentilj,SI-118
Slovenia,SI,Šmartno pri Litiji,SI-194,Šmartno pri Litiji,SI-194
Slovenia,SI,Slovenj Gradec (urbane commune),SI-112,Slovenj Gradec (urbane commune),SI-112
Slovenia,SI,Škofja Loka,SI-122,Škofja Loka,SI-122
Slovenia,SI,Dobje,SI-154,Dobje,SI-154
Slovenia,SI,Jesenice,SI-041,Jesenice,SI-041
Slovenia,SI,Radovljica,SI-102,Radovljica,SI-102
Slovenia,SI,Komen,SI-049,Komen,SI-049
Slovenia,SI,Bled,SI-003,Bled,SI-003
Slovenia,SI,Trnovska Vas,SI-185,Trnovska Vas,SI-185
Slovenia,SI,Cerklje na Gorenjskem,SI-012,Cerklje na Gorenjskem,SI-012
Slovenia,SI,Bovec,SI-006,Bovec,SI-006
Slovenia,SI,Loški Potok,SI-066,Loški Potok,SI-066
Slovenia,SI,Trbovlje,SI-129,Trbovlje,SI-129
Slovenia,SI,Dol pri Ljubljani,SI-022,Dol pri Ljubljani,SI-022
Slovenia,SI,Velike Lašce,SI-134,Velike Lašce,SI-134
Slovenia,SI,Piran,SI-090,Piran,SI-090
Slovenia,SI,Žirovnica,SI-192,Žirovnica,SI-192
Slovenia,SI,Bistrica ob Sotli,SI-149,Bistrica ob Sotli,SI-149
Slovenia,SI,Horjul,SI-162,Horjul,SI-162
Slovenia,SI,Kanal,SI-044,Kanal,SI-044
Slovenia,SI,Loška Dolina,SI-065,Loška Dolina,SI-065
Slovenia,SI,Cerkno,SI-014,Cerkno,SI-014
Slovenia,SI,Destrnik,SI-018,Destrnik,SI-018
Slovenia,SI,Braslovce,SI-151,Braslovce,SI-151
Slovenia,SI,Komenda,SI-164,Komenda,SI-164
Slovenia,SI,Mozirje,SI-079,Mozirje,SI-079
Slovenia,SI,Velenje (urbane commune),SI-133,Velenje (urbane commune),SI-133
Slovenia,SI,Brezovica,SI-008,Brezovica,SI-008
Slovenia,SI,Sveti Jurij,SI-116,Sveti Jurij,SI-116
Slovenia,SI,Hajdina,SI-159,Hajdina,SI-159
Slovenia,SI,Tolmin,SI-128,Tolmin,SI-128
Slovenia,SI,Škocjan,SI-121,Škocjan,SI-121
Slovenia,SI,Škofljica,SI-123,Škofljica,SI-123
Slovenia,SI,Ormož,SI-087,Ormož,SI-087
Slovenia,SI,Ljubljana (urbane commune),SI-061,Ljubljana (urbane commune),SI-061
Slovenia,SI,Domžale,SI-023,Domžale,SI-023
Slovenia,SI,Cerknica,SI-013,Cerknica,SI-013
Slovenia,SI,Nova Gorica (urbane commune),SI-084,Nova Gorica (urbane commune),SI-084
Slovenia,SI,Hodoš,SI-161,Hodoš,SI-161
Slovenia,SI,Ptuj (urbane commune),SI-096,Ptuj (urbane commune),SI-096
Slovenia,SI,Izola/Isola,SI-040,Izola/Isola,SI-040
Slovenia,SI,Prevalje,SI-175,Prevalje,SI-175
Slovenia,SI,Velika Polana,SI-187,Velika Polana,SI-187
Slovenia,SI,Vuzenica,SI-141,Vuzenica,SI-141
Slovenia,SI,Videm,SI-135,Videm,SI-135
Slovenia,SI,Pesnica,SI-089,Pesnica,SI-089
Slovenia,SI,Gornji Petrovci,SI-031,Gornji Petrovci,SI-031
Slovenia,SI,Križevci,SI-166,Križevci,SI-166
Slovenia,SI,Osilnica,SI-088,Osilnica,SI-088
Slovenia,SI,Brda,SI-007,Brda,SI-007
Slovenia,SI,Celje (urbane commune),SI-011,Celje (urbane commune),SI-011
Slovenia,SI,Cerkvenjak,SI-153,Cerkvenjak,SI-153
Slovenia,SI,Podlehnik,SI-172,Podlehnik,SI-172
Slovenia,SI,Zagorje ob Savi,SI-142,Zagorje ob Savi,SI-142
Slovenia,SI,Hrpelje-Kozina,SI-035,Hrpelje-Kozina,SI-035
Slovenia,SI,Odranci,SI-086,Odranci,SI-086
Slovenia,SI,Dobrova-Horjul-Polhov Gradec,SI-021,Dobrova-Horjul-Polhov Gradec,SI-021
Slovenia,SI,Jezersko,SI-163,Jezersko,SI-163
Slovenia,SI,Hrastnik,SI-034,Hrastnik,SI-034
Slovenia,SI,Mirna Pec,SI-170,Mirna Pec,SI-170
Slovenia,SI,Bloke,SI-150,Bloke,SI-150
Slovenia,SI,Slovenska Bistrica,SI-113,Slovenska Bistrica,SI-113
Slovenia,SI,Dobrna,SI-155,Dobrna,SI-155
Slovenia,SI,Gorišnica,SI-028,Gorišnica,SI-028
Slovenia,SI,Kuzma,SI-056,Kuzma,SI-056
Slovenia,SI,Oplotnica,SI-171,Oplotnica,SI-171
Slovenia,SI,Juršinci,SI-042,Juršinci,SI-042
Slovenia,SI,Nazarje,SI-083,Nazarje,SI-083
Slovenia,SI,Rogaška Slatina,SI-106,Rogaška Slatina,SI-106
Slovenia,SI,Brežice,SI-009,Brežice,SI-009
Slovenia,SI,Ig,SI-037,Ig,SI-037
Slovenia,SI,Podcetrtek,SI-092,Podcetrtek,SI-092
Slovenia,SI,Majšperk,SI-069,Majšperk,SI-069
Slovenia,SI,Radlje ob Dravi,SI-101,Radlje ob Dravi,SI-101
Slovenia,SI,Dravograd,SI-025,Dravograd,SI-025
Slovenia,SI,Tržic,SI-131,Tržic,SI-131
Slovenia,SI,Lendava,SI-059,Lendava,SI-059
Slovenia,SI,Dobrovnik,SI-156,Dobrovnik,SI-156
Slovenia,SI,Ajdovšcina,SI-001,Ajdovšcina,SI-001
Slovenia,SI,Ravne na Koroškem,SI-103,Ravne na Koroškem,SI-103
Slovenia,SI,Medvode,SI-071,Medvode,SI-071
Slovenia,SI,Šencur,SI-117,Šencur,SI-117
Slovenia,SI,Ribnica na Pohorju,SI-177,Ribnica na Pohorju,SI-177
Slovenia,SI,Žetale,SI-191,Žetale,SI-191
Slovenia,SI,Mežica,SI-074,Mežica,SI-074
Slovenia,SI,Laško,SI-057,Laško,SI-057
Slovenia,SI,Ribnica,SI-104,Ribnica,SI-104
Slovenia,SI,Prebold,SI-174,Prebold,SI-174
Slovenia,SI,Postojna,SI-094,Postojna,SI-094
Slovenia,SI,Preddvor,SI-095,Preddvor,SI-095
Slovenia,SI,Trzin,SI-186,Trzin,SI-186
Slovenia,SI,Lenart,SI-058,Lenart,SI-058
Slovenia,SI,Sevnica,SI-110,Sevnica,SI-110
Slovenia,SI,Vipava,SI-136,Vipava,SI-136
Slovenia,SI,Vodice,SI-138,Vodice,SI-138
Slovenia,SI,Crna na Koroškem,SI-016,Crna na Koroškem,SI-016
Slovenia,SI,Šmartno ob Paki,SI-125,Šmartno ob Paki,SI-125
Slovenia,SI,Ruše,SI-108,Ruše,SI-108
Slovenia,SI,Crnomelj,SI-017,Crnomelj,SI-017
Slovenia,SI,Markovci,SI-168,Markovci,SI-168
Slovenia,SI,Vrhnika,SI-140,Vrhnika,SI-140
Slovenia,SI,Muta,SI-081,Muta,SI-081
Slovenia,SI,Beltinci,SI-002,Beltinci,SI-002
Slovenia,SI,Kobilje,SI-047,Kobilje,SI-047
Slovenia,SI,Štore,SI-127,Štore,SI-127
Slovenia,SI,Žiri,SI-147,Žiri,SI-147
Slovenia,SI,Cankova,SI-152,Cankova,SI-152
Slovenia,SI,Idrija,SI-036,Idrija,SI-036
Slovenia,SI,Vojnik,SI-139,Vojnik,SI-139
Slovenia,SI,Crenšovci,SI-015,Crenšovci,SI-015
Slovenia,SI,Sveta Ana,SI-181,Sveta Ana,SI-181
Pakistan,PK,Punjab,PK-PB,Punjab,PK-PB
Pakistan,PK,Azad Kashmir,PK-JK,Azad Kashmir,PK-JK
Pakistan,PK,Federally Administered Tribal Areas,PK-TA,Federally Administered Tribal Areas,PK-TA
Pakistan,PK,Baluchistan,PK-BA,Baluchistan,PK-BA
Pakistan,PK,Sind,PK-SD,Sind,PK-SD
Pakistan,PK,North-West Frontier,PK-NW,North-West Frontier,PK-NW
Pakistan,PK,Islamabad,PK-IS,Islamabad,PK-IS
Pakistan,PK,Northern Areas,PK-NA,Northern Areas,PK-NA
Montserrat,MS,Montserrat,MS,Montserrat,MS
Hong Kong,HK,Hong Kong,HK,Hong Kong,HK
Philippines,PH,Zamboanga del Norte,PH-ZAN,Zamboanga del Norte,PH-ZAN
Philippines,PH,Rizal,PH-RIZ,Rizal,PH-RIZ
Philippines,PH,Pangasinan,PH-PAN,Pangasinan,PH-PAN
Philippines,PH,Cagayan,PH-CAG,Cagayan,PH-CAG
Philippines,PH,Ifugao,PH-IFU,Ifugao,PH-IFU
Philippines,PH,Davao Oriental,PH-DAO,Davao Oriental,PH-DAO
Philippines,PH,Antique,PH-ANT,Antique,PH-ANT
Philippines,PH,Biliran,PH-BIL,Biliran,PH-BIL
Philippines,PH,National Capital Region (Manila),PH-00,National Capital Region (Manila),PH-00
Philippines,PH,Southern Leyte,PH-SLE,Southern Leyte,PH-SLE
Philippines,PH,Agusan del Norte,PH-AGN,Agusan del Norte,PH-AGN
Philippines,PH,Cotabato,PH-NCO,Cotabato,PH-NCO
Philippines,PH,Catanduanes,PH-CAT,Catanduanes,PH-CAT
Philippines,PH,Occidental Mindoro,PH-MDC,Occidental Mindoro,PH-MDC
Philippines,PH,Misamis Oriental,PH-MSR,Misamis Oriental,PH-MSR
Philippines,PH,Bataan,PH-BAN,Bataan,PH-BAN
Philippines,PH,Eastern Samar,PH-EAS,Eastern Samar,PH-EAS
Philippines,PH,Benguet,PH-BEN,Benguet,PH-BEN
Philippines,PH,Sorsogon,PH-SOR,Sorsogon,PH-SOR
Philippines,PH,Negros Occidental,PH-NEC,Negros Occidental,PH-NEC
Philippines,PH,Tarlac,PH-TAR,Tarlac,PH-TAR
Philippines,PH,Guimaras,PH-GUI,Guimaras,PH-GUI
Philippines,PH,Zambales,PH-ZMB,Zambales,PH-ZMB
Philippines,PH,Dinagat Islands,PH-DIN,Dinagat Islands,PH-DIN
Philippines,PH,Palawan,PH-PLW,Palawan,PH-PLW
Philippines,PH,Isabela,PH-ISA,Isabela,PH-ISA
Philippines,PH,Abra,PH-ABR,Abra,PH-ABR
Philippines,PH,Davao del Sur,PH-DAS,Davao del Sur,PH-DAS
Philippines,PH,Aklan,PH-AKL,Aklan,PH-AKL
Philippines,PH,Sulu,PH-SLU,Sulu,PH-SLU
Philippines,PH,Sarangani,PH-SAR,Sarangani,PH-SAR
Philippines,PH,Davao del Norte,PH-DAV,Davao del Norte,PH-DAV
Philippines,PH,Kalinga,PH-KAL,Kalinga,PH-KAL
Philippines,PH,Oriental Mindoro,PH-MDR,Oriental Mindoro,PH-MDR
Philippines,PH,Bulacan,PH-BUL,Bulacan,PH-BUL
Philippines,PH,Iloilo,PH-ILI,Iloilo,PH-ILI
Philippines,PH,Negros Oriental,PH-NER,Negros Oriental,PH-NER
Philippines,PH,Bohol,PH-BOH,Bohol,PH-BOH
Philippines,PH,Capiz,PH-CAP,Capiz,PH-CAP
Philippines,PH,Leyte,PH-LEY,Leyte,PH-LEY
Philippines,PH,Camarines Norte,PH-CAN,Camarines Norte,PH-CAN
Philippines,PH,Surigao del Norte,PH-SUN,Surigao del Norte,PH-SUN
Philippines,PH,Aurora,PH-AUR,Aurora,PH-AUR
Philippines,PH,La Union,PH-LUN,La Union,PH-LUN
Philippines,PH,Lanao del Sur,PH-LAS,Lanao del Sur,PH-LAS
Philippines,PH,Compostela Valley,PH-COM,Compostela Valley,PH-COM
Philippines,PH,Davao Occidental,PH-DAC,Davao Occidental,PH-DAC
Philippines,PH,Samar,PH-WSA,Samar,PH-WSA
Philippines,PH,Mountain Province,PH-MOU,Mountain Province,PH-MOU
Philippines,PH,Quirino,PH-QUI,Quirino,PH-QUI
Philippines,PH,Surigao del Sur,PH-SUR,Surigao del Sur,PH-SUR
Philippines,PH,Masbate,PH-MAS,Masbate,PH-MAS
Philippines,PH,Laguna,PH-LAG,Laguna,PH-LAG
Philippines,PH,Nueva Ecija,PH-NUE,Nueva Ecija,PH-NUE
Philippines,PH,Misamis Occidental,PH-MSC,Misamis Occidental,PH-MSC
Philippines,PH,Ilocos Norte,PH-ILN,Ilocos Norte,PH-ILN
Philippines,PH,Camiguin,PH-CAM,Camiguin,PH-CAM
Philippines,PH,Romblon,PH-ROM,Romblon,PH-ROM
Philippines,PH,Maguindanao,PH-MAG,Maguindanao,PH-MAG
Philippines,PH,Tawi-Tawi,PH-TAW,Tawi-Tawi,PH-TAW
Philippines,PH,Ilocos Sur,PH-ILS,Ilocos Sur,PH-ILS
Philippines,PH,Bukidnon,PH-BUK,Bukidnon,PH-BUK
Philippines,PH,Cebu,PH-CEB,Cebu,PH-CEB
Philippines,PH,Siquijor,PH-SIG,Siquijor,PH-SIG
Philippines,PH,Pampanga,PH-PAM,Pampanga,PH-PAM
Philippines,PH,Batangas,PH-BTG,Batangas,PH-BTG
Philippines,PH,Lanao del Norte,PH-LAN,Lanao del Norte,PH-LAN
Philippines,PH,Basilan,PH-BAS,Basilan,PH-BAS
Philippines,PH,Apayao,PH-APA,Apayao,PH-APA
Philippines,PH,Quezon,PH-QUE,Quezon,PH-QUE
Philippines,PH,Batanes,PH-BTN,Batanes,PH-BTN
Philippines,PH,Zamboanga Sibugay,PH-ZSI,Zamboanga Sibugay,PH-ZSI
Philippines,PH,Zamboanga del Sur,PH-ZAS,Zamboanga del Sur,PH-ZAS
Philippines,PH,Camarines Sur,PH-CAS,Camarines Sur,PH-CAS
Philippines,PH,Northern Samar,PH-NSA,Northern Samar,PH-NSA
Philippines,PH,Cavite,PH-CAV,Cavite,PH-CAV
Philippines,PH,South Cotabato,PH-SCO,South Cotabato,PH-SCO
Philippines,PH,Marinduque,PH-MAD,Marinduque,PH-MAD
Philippines,PH,Albay,PH-ALB,Albay,PH-ALB
Philippines,PH,Agusan del Sur,PH-AGS,Agusan del Sur,PH-AGS
Philippines,PH,Nueva Vizcaya,PH-NUV,Nueva Vizcaya,PH-NUV
Philippines,PH,Sultan Kudarat,PH-SUK,Sultan Kudarat,PH-SUK
United States,US,Louisiana,US-LA,St. Bernard,US-LA-087
United States,US,Louisiana,US-LA,St. Martin,US-LA-099
United States,US,Louisiana,US-LA,Plaquemines,US-LA-075
United States,US,Louisiana,US-LA,St. Mary,US-LA-101
United States,US,Louisiana,US-LA,East Baton Rouge,US-LA-033
United States,US,Louisiana,US-LA,De Soto,US-LA-031
United States,US,Louisiana,US-LA,Red River,US-LA-081
United States,US,Louisiana,US-LA,Bienville,US-LA-013
United States,US,Louisiana,US-LA,St. Helena,US-LA-091
United States,US,Louisiana,US-LA,Winn,US-LA-127
United States,US,Louisiana,US-LA,Avoyelles,US-LA-009
United States,US,Louisiana,US-LA,Catahoula,US-LA-025
United States,US,Louisiana,US-LA,Jackson,US-LA-049
United States,US,Louisiana,US-LA,Iberia,US-LA-045
United States,US,Louisiana,US-LA,Tangipahoa,US-LA-105
United States,US,Louisiana,US-LA,Calcasieu,US-LA-019
United States,US,Louisiana,US-LA,Jefferson Davis,US-LA-053
United States,US,Louisiana,US-LA,Madison,US-LA-065
United States,US,Louisiana,US-LA,Ascension,US-LA-005
United States,US,Louisiana,US-LA,Evangeline,US-LA-039
United States,US,Louisiana,US-LA,Acadia,US-LA-001
United States,US,Louisiana,US-LA,West Feliciana,US-LA-125
United States,US,Louisiana,US-LA,Richland,US-LA-083
United States,US,Louisiana,US-LA,Cameron,US-LA-023
United States,US,Louisiana,US-LA,Caddo,US-LA-017
United States,US,Louisiana,US-LA,Claiborne,US-LA-027
United States,US,Louisiana,US-LA,Natchitoches,US-LA-069
United States,US,Louisiana,US-LA,Orleans,US-LA-071
United States,US,Louisiana,US-LA,St. Charles,US-LA-089
United States,US,Louisiana,US-LA,East Carroll,US-LA-035
United States,US,Louisiana,US-LA,Iberville,US-LA-047
United States,US,Louisiana,US-LA,Ouachita,US-LA-073
United States,US,Louisiana,US-LA,Concordia,US-LA-029
United States,US,Louisiana,US-LA,Tensas,US-LA-107
United States,US,Louisiana,US-LA,Webster,US-LA-119
United States,US,Louisiana,US-LA,Jefferson,US-LA-051
United States,US,Louisiana,US-LA,La Salle,US-LA-059
United States,US,Louisiana,US-LA,Sabine,US-LA-085
United States,US,Louisiana,US-LA,Vernon,US-LA-115
United States,US,Louisiana,US-LA,West Baton Rouge,US-LA-121
United States,US,Louisiana,US-LA,Morehouse,US-LA-067
United States,US,Louisiana,US-LA,Lafourche,US-LA-057
United States,US,Louisiana,US-LA,Livingston,US-LA-063
United States,US,Louisiana,US-LA,Beauregard,US-LA-011
United States,US,Louisiana,US-LA,Vermilion,US-LA-113
United States,US,Louisiana,US-LA,Union,US-LA-111
United States,US,Louisiana,US-LA,St. James,US-LA-093
United States,US,Louisiana,US-LA,Franklin,US-LA-041
United States,US,Louisiana,US-LA,Lafayette,US-LA-055
United States,US,Louisiana,US-LA,Assumption,US-LA-007
United States,US,Louisiana,US-LA,Caldwell,US-LA-021
United States,US,Louisiana,US-LA,Lincoln,US-LA-061
United States,US,Louisiana,US-LA,West Carroll,US-LA-123
United States,US,Louisiana,US-LA,St. Landry,US-LA-097
United States,US,Louisiana,US-LA,St. Tammany,US-LA-103
United States,US,Louisiana,US-LA,Bossier,US-LA-015
United States,US,Louisiana,US-LA,Terrebonne,US-LA-109
United States,US,Louisiana,US-LA,Grant,US-LA-043
United States,US,Louisiana,US-LA,Rapides,US-LA-079
United States,US,Louisiana,US-LA,Allen,US-LA-003
United States,US,Louisiana,US-LA,East Feliciana,US-LA-037
United States,US,Louisiana,US-LA,Pointe Coupee,US-LA-077
United States,US,Louisiana,US-LA,Washington,US-LA-117
United States,US,Louisiana,US-LA,St. John the Baptist,US-LA-095
United States,US,New York,US-NY,Jefferson,US-NY-045
United States,US,New York,US-NY,Chautauqua,US-NY-013
United States,US,New York,US-NY,Rensselaer,US-NY-083
United States,US,New York,US-NY,Westchester,US-NY-119
United States,US,New York,US-NY,Wyoming,US-NY-121
United States,US,New York,US-NY,Herkimer,US-NY-043
United States,US,New York,US-NY,Queens,US-NY-081
United States,US,New York,US-NY,Nassau,US-NY-059
United States,US,New York,US-NY,Washington,US-NY-115
United States,US,New York,US-NY,Delaware,US-NY-025
United States,US,New York,US-NY,New York,US-NY-061
United States,US,New York,US-NY,Saratoga,US-NY-091
United States,US,New York,US-NY,Orange,US-NY-071
United States,US,New York,US-NY,Bronx,US-NY-005
United States,US,New York,US-NY,Tioga,US-NY-107
United States,US,New York,US-NY,Fulton,US-NY-035
United States,US,New York,US-NY,Steuben,US-NY-101
United States,US,New York,US-NY,Essex,US-NY-031
United States,US,New York,US-NY,Cayuga,US-NY-011
United States,US,New York,US-NY,Ulster,US-NY-111
United States,US,New York,US-NY,Richmond,US-NY-085
United States,US,New York,US-NY,Otsego,US-NY-077
United States,US,New York,US-NY,Seneca,US-NY-099
United States,US,New York,US-NY,Broome,US-NY-007
United States,US,New York,US-NY,Suffolk,US-NY-103
United States,US,New York,US-NY,Rockland,US-NY-087
United States,US,New York,US-NY,Orleans,US-NY-073
United States,US,New York,US-NY,Dutchess,US-NY-027
United States,US,New York,US-NY,Wayne,US-NY-117
United States,US,New York,US-NY,Chemung,US-NY-015
United States,US,New York,US-NY,Lewis,US-NY-049
United States,US,New York,US-NY,Oneida,US-NY-065
United States,US,New York,US-NY,Schuyler,US-NY-097
United States,US,New York,US-NY,Livingston,US-NY-051
United States,US,New York,US-NY,Greene,US-NY-039
United States,US,New York,US-NY,Franklin,US-NY-033
United States,US,New York,US-NY,Sullivan,US-NY-105
United States,US,New York,US-NY,Putnam,US-NY-079
United States,US,New York,US-NY,Niagara,US-NY-063
United States,US,New York,US-NY,Schoharie,US-NY-095
United States,US,New York,US-NY,Tompkins,US-NY-109
United States,US,New York,US-NY,Cattaraugus,US-NY-009
United States,US,New York,US-NY,Cortland,US-NY-023
United States,US,New York,US-NY,Montgomery,US-NY-057
United States,US,New York,US-NY,Warren,US-NY-113
United States,US,New York,US-NY,Oswego,US-NY-075
United States,US,New York,US-NY,Kings,US-NY-047
United States,US,New York,US-NY,Clinton,US-NY-019
United States,US,New York,US-NY,Hamilton,US-NY-041
United States,US,New York,US-NY,Chenango,US-NY-017
United States,US,New York,US-NY,St. Lawrence,US-NY-089
United States,US,New York,US-NY,Albany,US-NY-001
United States,US,New York,US-NY,Columbia,US-NY-021
United States,US,New York,US-NY,Schenectady,US-NY-093
United States,US,New York,US-NY,Madison,US-NY-053
United States,US,New York,US-NY,Allegany,US-NY-003
United States,US,New York,US-NY,Monroe,US-NY-055
United States,US,New York,US-NY,Yates,US-NY-123
United States,US,New York,US-NY,Erie,US-NY-029
United States,US,New York,US-NY,Genesee,US-NY-037
United States,US,New York,US-NY,Onondaga,US-NY-067
United States,US,New York,US-NY,Ontario,US-NY-069
United States,US,Ohio,US-OH,Clermont,US-OH-025
United States,US,Ohio,US-OH,Clark,US-OH-023
United States,US,Ohio,US-OH,Fayette,US-OH-047
United States,US,Ohio,US-OH,Pike,US-OH-131
United States,US,Ohio,US-OH,Hancock,US-OH-063
United States,US,Ohio,US-OH,Guernsey,US-OH-059
United States,US,Ohio,US-OH,Adams,US-OH-001
United States,US,Ohio,US-OH,Brown,US-OH-015
United States,US,Ohio,US-OH,Seneca,US-OH-147
United States,US,Ohio,US-OH,Huron,US-OH-077
United States,US,Ohio,US-OH,Franklin,US-OH-049
United States,US,Ohio,US-OH,Ashland,US-OH-005
United States,US,Ohio,US-OH,Fulton,US-OH-051
United States,US,Ohio,US-OH,Union,US-OH-159
United States,US,Ohio,US-OH,Lawrence,US-OH-087
United States,US,Ohio,US-OH,Henry,US-OH-069
United States,US,Ohio,US-OH,Trumbull,US-OH-155
United States,US,Ohio,US-OH,Warren,US-OH-165
United States,US,Ohio,US-OH,Jefferson,US-OH-081
United States,US,Ohio,US-OH,Highland,US-OH-071
United States,US,Ohio,US-OH,Paulding,US-OH-125
United States,US,Ohio,US-OH,Portage,US-OH-133
United States,US,Ohio,US-OH,Jackson,US-OH-079
United States,US,Ohio,US-OH,Clinton,US-OH-027
United States,US,Ohio,US-OH,Lorain,US-OH-093
United States,US,Ohio,US-OH,Hardin,US-OH-065
United States,US,Ohio,US-OH,Muskingum,US-OH-119
United States,US,Ohio,US-OH,Gallia,US-OH-053
United States,US,Ohio,US-OH,Lake,US-OH-085
United States,US,Ohio,US-OH,Monroe,US-OH-111
United States,US,Ohio,US-OH,Harrison,US-OH-067
United States,US,Ohio,US-OH,Athens,US-OH-009
United States,US,Ohio,US-OH,Delaware,US-OH-041
United States,US,Ohio,US-OH,Marion,US-OH-101
United States,US,Ohio,US-OH,Auglaize,US-OH-011
United States,US,Ohio,US-OH,Greene,US-OH-057
United States,US,Ohio,US-OH,Stark,US-OH-151
United States,US,Ohio,US-OH,Scioto,US-OH-145
United States,US,Ohio,US-OH,Erie,US-OH-043
United States,US,Ohio,US-OH,Hocking,US-OH-073
United States,US,Ohio,US-OH,Williams,US-OH-171
United States,US,Ohio,US-OH,Carroll,US-OH-019
United States,US,Ohio,US-OH,Noble,US-OH-121
United States,US,Ohio,US-OH,Knox,US-OH-083
United States,US,Ohio,US-OH,Logan,US-OH-091
United States,US,Ohio,US-OH,Columbiana,US-OH-029
United States,US,Ohio,US-OH,Morgan,US-OH-115
United States,US,Ohio,US-OH,Butler,US-OH-017
United States,US,Ohio,US-OH,Mahoning,US-OH-099
United States,US,Ohio,US-OH,Washington,US-OH-167
United States,US,Ohio,US-OH,Mercer,US-OH-107
United States,US,Ohio,US-OH,Montgomery,US-OH-113
United States,US,Ohio,US-OH,Lucas,US-OH-095
United States,US,Ohio,US-OH,Fairfield,US-OH-045
United States,US,Ohio,US-OH,Ross,US-OH-141
United States,US,Ohio,US-OH,Tuscarawas,US-OH-157
United States,US,Ohio,US-OH,Licking,US-OH-089
United States,US,Ohio,US-OH,Summit,US-OH-153
United States,US,Ohio,US-OH,Belmont,US-OH-013
United States,US,Ohio,US-OH,Meigs,US-OH-105
United States,US,Ohio,US-OH,Cuyahoga,US-OH-035
United States,US,Ohio,US-OH,Vinton,US-OH-163
United States,US,Ohio,US-OH,Morrow,US-OH-117
United States,US,Ohio,US-OH,Ottawa,US-OH-123
United States,US,Ohio,US-OH,Madison,US-OH-097
United States,US,Ohio,US-OH,Champaign,US-OH-021
United States,US,Ohio,US-OH,Medina,US-OH-103
United States,US,Ohio,US-OH,Wayne,US-OH-169
United States,US,Ohio,US-OH,Preble,US-OH-135
United States,US,Ohio,US-OH,Geauga,US-OH-055
United States,US,Ohio,US-OH,Holmes,US-OH-075
United States,US,Ohio,US-OH,Van Wert,US-OH-161
United States,US,Ohio,US-OH,Miami,US-OH-109
United States,US,Ohio,US-OH,Wood,US-OH-173
United States,US,Ohio,US-OH,Perry,US-OH-127
United States,US,Ohio,US-OH,Defiance,US-OH-039
United States,US,Ohio,US-OH,Hamilton,US-OH-061
United States,US,Ohio,US-OH,Shelby,US-OH-149
United States,US,Ohio,US-OH,Wyandot,US-OH-175
United States,US,Ohio,US-OH,Darke,US-OH-037
United States,US,Ohio,US-OH,Crawford,US-OH-033
United States,US,Ohio,US-OH,Putnam,US-OH-137
United States,US,Ohio,US-OH,Richland,US-OH-139
United States,US,Ohio,US-OH,Ashtabula,US-OH-007
United States,US,Ohio,US-OH,Allen,US-OH-003
United States,US,Ohio,US-OH,Sandusky,US-OH-143
United States,US,Ohio,US-OH,Pickaway,US-OH-129
United States,US,Ohio,US-OH,Coshocton,US-OH-031
United States,US,Hawaii,US-HI,Maui,US-HI-009
United States,US,Hawaii,US-HI,Kauai,US-HI-007
United States,US,Hawaii,US-HI,Northwestern Hawaiian Islands,US-HI-010
United States,US,Hawaii,US-HI,Kalawao,US-HI-005
United States,US,Hawaii,US-HI,Hawaii,US-HI-001
United States,US,Hawaii,US-HI,Honolulu,US-HI-003
United States,US,West Virginia,US-WV,Cabell,US-WV-011
United States,US,West Virginia,US-WV,Nicholas,US-WV-067
United States,US,West Virginia,US-WV,Marion,US-WV-049
United States,US,West Virginia,US-WV,Fayette,US-WV-019
United States,US,West Virginia,US-WV,Brooke,US-WV-009
United States,US,West Virginia,US-WV,Taylor,US-WV-091
United States,US,West Virginia,US-WV,Pocahontas,US-WV-075
United States,US,West Virginia,US-WV,Jackson,US-WV-035
United States,US,West Virginia,US-WV,Upshur,US-WV-097
United States,US,West Virginia,US-WV,Pleasants,US-WV-073
United States,US,West Virginia,US-WV,Tucker,US-WV-093
United States,US,West Virginia,US-WV,Barbour,US-WV-001
United States,US,West Virginia,US-WV,Braxton,US-WV-007
United States,US,West Virginia,US-WV,Tyler,US-WV-095
United States,US,West Virginia,US-WV,Clay,US-WV-015
United States,US,West Virginia,US-WV,Berkeley,US-WV-003
United States,US,West Virginia,US-WV,Lincoln,US-WV-043
United States,US,West Virginia,US-WV,Mason,US-WV-053
United States,US,West Virginia,US-WV,Mineral,US-WV-057
United States,US,West Virginia,US-WV,Hancock,US-WV-029
United States,US,West Virginia,US-WV,Mingo,US-WV-059
United States,US,West Virginia,US-WV,Wetzel,US-WV-103
United States,US,West Virginia,US-WV,Wirt,US-WV-105
United States,US,West Virginia,US-WV,Logan,US-WV-045
United States,US,West Virginia,US-WV,Ritchie,US-WV-085
United States,US,West Virginia,US-WV,Wyoming,US-WV-109
United States,US,West Virginia,US-WV,Harrison,US-WV-033
United States,US,West Virginia,US-WV,Raleigh,US-WV-081
United States,US,West Virginia,US-WV,Morgan,US-WV-065
United States,US,West Virginia,US-WV,Marshall,US-WV-051
United States,US,West Virginia,US-WV,Hardy,US-WV-031
United States,US,West Virginia,US-WV,Lewis,US-WV-041
United States,US,West Virginia,US-WV,Hampshire,US-WV-027
United States,US,West Virginia,US-WV,Roane,US-WV-087
United States,US,West Virginia,US-WV,Grant,US-WV-023
United States,US,West Virginia,US-WV,Kanawha,US-WV-039
United States,US,West Virginia,US-WV,Randolph,US-WV-083
United States,US,West Virginia,US-WV,Mercer,US-WV-055
United States,US,West Virginia,US-WV,Monroe,US-WV-063
United States,US,West Virginia,US-WV,Wayne,US-WV-099
United States,US,West Virginia,US-WV,Doddridge,US-WV-017
United States,US,West Virginia,US-WV,Gilmer,US-WV-021
United States,US,West Virginia,US-WV,Calhoun,US-WV-013
United States,US,West Virginia,US-WV,Jefferson,US-WV-037
United States,US,West Virginia,US-WV,Pendleton,US-WV-071
United States,US,West Virginia,US-WV,Wood,US-WV-107
United States,US,West Virginia,US-WV,Summers,US-WV-089
United States,US,West Virginia,US-WV,Ohio,US-WV-069
United States,US,West Virginia,US-WV,McDowell,US-WV-047
United States,US,West Virginia,US-WV,Putnam,US-WV-079
United States,US,West Virginia,US-WV,Monongalia,US-WV-061
United States,US,West Virginia,US-WV,Boone,US-WV-005
United States,US,West Virginia,US-WV,Webster,US-WV-101
United States,US,West Virginia,US-WV,Greenbrier,US-WV-025
United States,US,West Virginia,US-WV,Preston,US-WV-077
United States,US,North Carolina,US-NC,Washington,US-NC-187
United States,US,North Carolina,US-NC,Alexander,US-NC-003
United States,US,North Carolina,US-NC,Orange,US-NC-135
United States,US,North Carolina,US-NC,Rockingham,US-NC-157
United States,US,North Carolina,US-NC,Hyde,US-NC-095
United States,US,North Carolina,US-NC,Union,US-NC-179
United States,US,North Carolina,US-NC,Davie,US-NC-059
United States,US,North Carolina,US-NC,Watauga,US-NC-189
United States,US,North Carolina,US-NC,Alleghany,US-NC-005
United States,US,North Carolina,US-NC,Caswell,US-NC-033
United States,US,North Carolina,US-NC,Cabarrus,US-NC-025
United States,US,North Carolina,US-NC,Richmond,US-NC-153
United States,US,North Carolina,US-NC,Haywood,US-NC-087
United States,US,North Carolina,US-NC,Gaston,US-NC-071
United States,US,North Carolina,US-NC,Avery,US-NC-011
United States,US,North Carolina,US-NC,Duplin,US-NC-061
United States,US,North Carolina,US-NC,Macon,US-NC-113
United States,US,North Carolina,US-NC,Stokes,US-NC-169
United States,US,North Carolina,US-NC,Sampson,US-NC-163
United States,US,North Carolina,US-NC,Bladen,US-NC-017
United States,US,North Carolina,US-NC,Dare,US-NC-055
United States,US,North Carolina,US-NC,Cumberland,US-NC-051
United States,US,North Carolina,US-NC,Burke,US-NC-023
United States,US,North Carolina,US-NC,Pitt,US-NC-147
United States,US,North Carolina,US-NC,Edgecombe,US-NC-065
United States,US,North Carolina,US-NC,Surry,US-NC-171
United States,US,North Carolina,US-NC,Vance,US-NC-181
United States,US,North Carolina,US-NC,Lenoir,US-NC-107
United States,US,North Carolina,US-NC,Robeson,US-NC-155
United States,US,North Carolina,US-NC,Lee,US-NC-105
United States,US,North Carolina,US-NC,Cherokee,US-NC-039
United States,US,North Carolina,US-NC,Yancey,US-NC-199
United States,US,North Carolina,US-NC,Rutherford,US-NC-161
United States,US,North Carolina,US-NC,Clay,US-NC-043
United States,US,North Carolina,US-NC,Wilkes,US-NC-193
United States,US,North Carolina,US-NC,Iredell,US-NC-097
United States,US,North Carolina,US-NC,Wilson,US-NC-195
United States,US,North Carolina,US-NC,Johnston,US-NC-101
United States,US,North Carolina,US-NC,Currituck,US-NC-053
United States,US,North Carolina,US-NC,Graham,US-NC-075
United States,US,North Carolina,US-NC,Onslow,US-NC-133
United States,US,North Carolina,US-NC,Buncombe,US-NC-021
United States,US,North Carolina,US-NC,Anson,US-NC-007
United States,US,North Carolina,US-NC,Mitchell,US-NC-121
United States,US,North Carolina,US-NC,Montgomery,US-NC-123
United States,US,North Carolina,US-NC,Rowan,US-NC-159
United States,US,North Carolina,US-NC,Carteret,US-NC-031
United States,US,North Carolina,US-NC,Franklin,US-NC-069
United States,US,North Carolina,US-NC,Polk,US-NC-149
United States,US,North Carolina,US-NC,Stanly,US-NC-167
United States,US,North Carolina,US-NC,Scotland,US-NC-165
United States,US,North Carolina,US-NC,Guilford,US-NC-081
United States,US,North Carolina,US-NC,New Hanover,US-NC-129
United States,US,North Carolina,US-NC,Transylvania,US-NC-175
United States,US,North Carolina,US-NC,Alamance,US-NC-001
United States,US,North Carolina,US-NC,Caldwell,US-NC-027
United States,US,North Carolina,US-NC,Randolph,US-NC-151
United States,US,North Carolina,US-NC,Cleveland,US-NC-045
United States,US,North Carolina,US-NC,Tyrrell,US-NC-177
United States,US,North Carolina,US-NC,Columbus,US-NC-047
United States,US,North Carolina,US-NC,Chowan,US-NC-041
United States,US,North Carolina,US-NC,Martin,US-NC-117
United States,US,North Carolina,US-NC,Pamlico,US-NC-137
United States,US,North Carolina,US-NC,Gates,US-NC-073
United States,US,North Carolina,US-NC,Moore,US-NC-125
United States,US,North Carolina,US-NC,Pender,US-NC-141
United States,US,North Carolina,US-NC,Yadkin,US-NC-197
United States,US,North Carolina,US-NC,Henderson,US-NC-089
United States,US,North Carolina,US-NC,Person,US-NC-145
United States,US,North Carolina,US-NC,Beaufort,US-NC-013
United States,US,North Carolina,US-NC,Jones,US-NC-103
United States,US,North Carolina,US-NC,Pasquotank,US-NC-139
United States,US,North Carolina,US-NC,Bertie,US-NC-015
United States,US,North Carolina,US-NC,Northampton,US-NC-131
United States,US,North Carolina,US-NC,Greene,US-NC-079
United States,US,North Carolina,US-NC,Granville,US-NC-077
United States,US,North Carolina,US-NC,Hertford,US-NC-091
United States,US,North Carolina,US-NC,Wake,US-NC-183
United States,US,North Carolina,US-NC,Mecklenburg,US-NC-119
United States,US,North Carolina,US-NC,Craven,US-NC-049
United States,US,North Carolina,US-NC,Jackson,US-NC-099
United States,US,North Carolina,US-NC,Ashe,US-NC-009
United States,US,North Carolina,US-NC,Harnett,US-NC-085
United States,US,North Carolina,US-NC,Davidson,US-NC-057
United States,US,North Carolina,US-NC,Forsyth,US-NC-067
United States,US,North Carolina,US-NC,Brunswick,US-NC-019
United States,US,North Carolina,US-NC,Lincoln,US-NC-109
United States,US,North Carolina,US-NC,Halifax,US-NC-083
United States,US,North Carolina,US-NC,Hoke,US-NC-093
United States,US,North Carolina,US-NC,Chatham,US-NC-037
United States,US,North Carolina,US-NC,Catawba,US-NC-035
United States,US,North Carolina,US-NC,Durham,US-NC-063
United States,US,North Carolina,US-NC,Wayne,US-NC-191
United States,US,North Carolina,US-NC,Warren,US-NC-185
United States,US,North Carolina,US-NC,Perquimans,US-NC-143
United States,US,North Carolina,US-NC,Nash,US-NC-127
United States,US,North Carolina,US-NC,Madison,US-NC-115
United States,US,North Carolina,US-NC,Swain,US-NC-173
United States,US,North Carolina,US-NC,McDowell,US-NC-111
United States,US,North Carolina,US-NC,Camden,US-NC-029
United States,US,Wyoming,US-WY,Big Horn,US-WY-003
United States,US,Wyoming,US-WY,Weston,US-WY-045
United States,US,Wyoming,US-WY,Laramie,US-WY-021
United States,US,Wyoming,US-WY,Fremont,US-WY-013
United States,US,Wyoming,US-WY,Park,US-WY-029
United States,US,Wyoming,US-WY,Lincoln,US-WY-023
United States,US,Wyoming,US-WY,Campbell,US-WY-005
United States,US,Wyoming,US-WY,Platte,US-WY-031
United States,US,Wyoming,US-WY,Goshen,US-WY-015
United States,US,Wyoming,US-WY,Hot Springs,US-WY-017
United States,US,Wyoming,US-WY,Niobrara,US-WY-027
United States,US,Wyoming,US-WY,Sublette,US-WY-035
United States,US,Wyoming,US-WY,Sweetwater,US-WY-037
United States,US,Wyoming,US-WY,Johnson,US-WY-019
United States,US,Wyoming,US-WY,Teton,US-WY-039
United States,US,Wyoming,US-WY,Uinta,US-WY-041
United States,US,Wyoming,US-WY,Sheridan,US-WY-033
United States,US,Wyoming,US-WY,Washakie,US-WY-043
United States,US,Wyoming,US-WY,Carbon,US-WY-007
United States,US,Wyoming,US-WY,Natrona,US-WY-025
United States,US,Wyoming,US-WY,Crook,US-WY-011
United States,US,Wyoming,US-WY,Converse,US-WY-009
United States,US,Wyoming,US-WY,Albany,US-WY-001
United States,US,Rhode Island,US-RI,Newport,US-RI-005
United States,US,Rhode Island,US-RI,Washington,US-RI-009
United States,US,Rhode Island,US-RI,Providence,US-RI-007
United States,US,Rhode Island,US-RI,Kent,US-RI-003
United States,US,Rhode Island,US-RI,Bristol,US-RI-001
United States,US,Missouri,US-MO,Pulaski,US-MO-169
United States,US,Missouri,US-MO,Iron,US-MO-093
United States,US,Missouri,US-MO,Polk,US-MO-167
United States,US,Missouri,US-MO,Reynolds,US-MO-179
United States,US,Missouri,US-MO,Andrew,US-MO-003
United States,US,Missouri,US-MO,Barton,US-MO-011
United States,US,Missouri,US-MO,Perry,US-MO-157
United States,US,Missouri,US-MO,Atchison,US-MO-005
United States,US,Missouri,US-MO,St. Louis City,US-MO-510
United States,US,Missouri,US-MO,Callaway,US-MO-027
United States,US,Missouri,US-MO,St. Clair,US-MO-185
United States,US,Missouri,US-MO,McDonald,US-MO-119
United States,US,Missouri,US-MO,Gasconade,US-MO-073
United States,US,Missouri,US-MO,Grundy,US-MO-079
United States,US,Missouri,US-MO,Carroll,US-MO-033
United States,US,Missouri,US-MO,Texas,US-MO-215
United States,US,Missouri,US-MO,Lewis,US-MO-111
United States,US,Missouri,US-MO,Cass,US-MO-037
United States,US,Missouri,US-MO,St. Louis,US-MO-189
United States,US,Missouri,US-MO,Holt,US-MO-087
United States,US,Missouri,US-MO,Douglas,US-MO-067
United States,US,Missouri,US-MO,Montgomery,US-MO-139
United States,US,Missouri,US-MO,Cole,US-MO-051
United States,US,Missouri,US-MO,Laclede,US-MO-105
United States,US,Missouri,US-MO,Ripley,US-MO-181
United States,US,Missouri,US-MO,Mercer,US-MO-129
United States,US,Missouri,US-MO,Camden,US-MO-029
United States,US,Missouri,US-MO,Randolph,US-MO-175
United States,US,Missouri,US-MO,Knox,US-MO-103
United States,US,Missouri,US-MO,Clark,US-MO-045
United States,US,Missouri,US-MO,Sullivan,US-MO-211
United States,US,Missouri,US-MO,Lincoln,US-MO-113
United States,US,Missouri,US-MO,Caldwell,US-MO-025
United States,US,Missouri,US-MO,Pemiscot,US-MO-155
United States,US,Missouri,US-MO,Putnam,US-MO-171
United States,US,Missouri,US-MO,Oregon,US-MO-149
United States,US,Missouri,US-MO,Carter,US-MO-035
United States,US,Missouri,US-MO,Cape Girardeau,US-MO-031
United States,US,Missouri,US-MO,Jefferson,US-MO-099
United States,US,Missouri,US-MO,Wright,US-MO-229
United States,US,Missouri,US-MO,Dade,US-MO-057
United States,US,Missouri,US-MO,DeKalb,US-MO-063
United States,US,Missouri,US-MO,Stone,US-MO-209
United States,US,Missouri,US-MO,Ozark,US-MO-153
United States,US,Missouri,US-MO,Butler,US-MO-023
United States,US,Missouri,US-MO,Schuyler,US-MO-197
United States,US,Missouri,US-MO,Hickory,US-MO-085
United States,US,Missouri,US-MO,Phelps,US-MO-161
United States,US,Missouri,US-MO,Adair,US-MO-001
United States,US,Missouri,US-MO,Ste. Genevieve,US-MO-186
United States,US,Missouri,US-MO,Shannon,US-MO-203
United States,US,Missouri,US-MO,Scotland,US-MO-199
United States,US,Missouri,US-MO,Warren,US-MO-219
United States,US,Missouri,US-MO,Franklin,US-MO-071
United States,US,Missouri,US-MO,Pike,US-MO-163
United States,US,Missouri,US-MO,Osage,US-MO-151
United States,US,Missouri,US-MO,Johnson,US-MO-101
United States,US,Missouri,US-MO,Maries,US-MO-125
United States,US,Missouri,US-MO,Vernon,US-MO-217
United States,US,Missouri,US-MO,Morgan,US-MO-141
United States,US,Missouri,US-MO,Cooper,US-MO-053
United States,US,Missouri,US-MO,Crawford,US-MO-055
United States,US,Missouri,US-MO,Mississippi,US-MO-133
United States,US,Missouri,US-MO,Jasper,US-MO-097
United States,US,Missouri,US-MO,Lawrence,US-MO-109
United States,US,Missouri,US-MO,Howard,US-MO-089
United States,US,Missouri,US-MO,Dent,US-MO-065
United States,US,Missouri,US-MO,Howell,US-MO-091
United States,US,Missouri,US-MO,Shelby,US-MO-205
United States,US,Missouri,US-MO,St. Charles,US-MO-183
United States,US,Missouri,US-MO,Ralls,US-MO-173
United States,US,Missouri,US-MO,Cedar,US-MO-039
United States,US,Missouri,US-MO,Bollinger,US-MO-017
United States,US,Missouri,US-MO,Wayne,US-MO-223
United States,US,Missouri,US-MO,Monroe,US-MO-137
United States,US,Missouri,US-MO,Livingston,US-MO-117
United States,US,Missouri,US-MO,Taney,US-MO-213
United States,US,Missouri,US-MO,Macon,US-MO-121
United States,US,Missouri,US-MO,Chariton,US-MO-041
United States,US,Missouri,US-MO,Nodaway,US-MO-147
United States,US,Missouri,US-MO,Washington,US-MO-221
United States,US,Missouri,US-MO,Dallas,US-MO-059
United States,US,Missouri,US-MO,Audrain,US-MO-007
United States,US,Missouri,US-MO,Buchanan,US-MO-021
United States,US,Missouri,US-MO,Linn,US-MO-115
United States,US,Missouri,US-MO,Gentry,US-MO-075
United States,US,Missouri,US-MO,Clay,US-MO-047
United States,US,Missouri,US-MO,Jackson,US-MO-095
United States,US,Missouri,US-MO,Madison,US-MO-123
United States,US,Missouri,US-MO,Henry,US-MO-083
United States,US,Missouri,US-MO,Benton,US-MO-015
United States,US,Missouri,US-MO,Marion,US-MO-127
United States,US,Missouri,US-MO,Pettis,US-MO-159
United States,US,Missouri,US-MO,Lafayette,US-MO-107
United States,US,Missouri,US-MO,Saline,US-MO-195
United States,US,Missouri,US-MO,Ray,US-MO-177
United States,US,Missouri,US-MO,Christian,US-MO-043
United States,US,Missouri,US-MO,Platte,US-MO-165
United States,US,Missouri,US-MO,Stoddard,US-MO-207
United States,US,Missouri,US-MO,New Madrid,US-MO-143
United States,US,Missouri,US-MO,Greene,US-MO-077
United States,US,Missouri,US-MO,Scott,US-MO-201
United States,US,Missouri,US-MO,Clinton,US-MO-049
United States,US,Missouri,US-MO,Bates,US-MO-013
United States,US,Missouri,US-MO,Miller,US-MO-131
United States,US,Missouri,US-MO,Webster,US-MO-225
United States,US,Missouri,US-MO,Newton,US-MO-145
United States,US,Missouri,US-MO,Dunklin,US-MO-069
United States,US,Missouri,US-MO,Harrison,US-MO-081
United States,US,Missouri,US-MO,Barry,US-MO-009
United States,US,Missouri,US-MO,Moniteau,US-MO-135
United States,US,Missouri,US-MO,Daviess,US-MO-061
United States,US,Missouri,US-MO,St. Francois,US-MO-187
United States,US,Missouri,US-MO,Boone,US-MO-019
United States,US,Missouri,US-MO,Worth,US-MO-227
United States,US,Delaware,US-DE,Sussex,US-DE-005
United States,US,Delaware,US-DE,New Castle,US-DE-003
United States,US,Delaware,US-DE,Kent,US-DE-001
United States,US,Alabama,US-AL,Coffee,US-AL-031
United States,US,Alabama,US-AL,Madison,US-AL-089
United States,US,Alabama,US-AL,Bibb,US-AL-007
United States,US,Alabama,US-AL,Jackson,US-AL-071
United States,US,Alabama,US-AL,Henry,US-AL-067
United States,US,Alabama,US-AL,DeKalb,US-AL-049
United States,US,Alabama,US-AL,Lowndes,US-AL-085
United States,US,Alabama,US-AL,Blount,US-AL-009
United States,US,Alabama,US-AL,Baldwin,US-AL-003
United States,US,Alabama,US-AL,Coosa,US-AL-037
United States,US,Alabama,US-AL,Clay,US-AL-027
United States,US,Alabama,US-AL,Chilton,US-AL-021
United States,US,Alabama,US-AL,Escambia,US-AL-053
United States,US,Alabama,US-AL,Mobile,US-AL-097
United States,US,Alabama,US-AL,Greene,US-AL-063
United States,US,Alabama,US-AL,Covington,US-AL-039
United States,US,Alabama,US-AL,Franklin,US-AL-059
United States,US,Alabama,US-AL,Marion,US-AL-093
United States,US,Alabama,US-AL,Russell,US-AL-113
United States,US,Alabama,US-AL,Chambers,US-AL-017
United States,US,Alabama,US-AL,Pickens,US-AL-107
United States,US,Alabama,US-AL,Crenshaw,US-AL-041
United States,US,Alabama,US-AL,Elmore,US-AL-051
United States,US,Alabama,US-AL,Colbert,US-AL-033
United States,US,Alabama,US-AL,Cullman,US-AL-043
United States,US,Alabama,US-AL,Randolph,US-AL-111
United States,US,Alabama,US-AL,Lawrence,US-AL-079
United States,US,Alabama,US-AL,Cherokee,US-AL-019
United States,US,Alabama,US-AL,Wilcox,US-AL-131
United States,US,Alabama,US-AL,Geneva,US-AL-061
United States,US,Alabama,US-AL,Marengo,US-AL-091
United States,US,Alabama,US-AL,Dallas,US-AL-047
United States,US,Alabama,US-AL,Autauga,US-AL-001
United States,US,Alabama,US-AL,Dale,US-AL-045
United States,US,Alabama,US-AL,Lauderdale,US-AL-077
United States,US,Alabama,US-AL,Marshall,US-AL-095
United States,US,Alabama,US-AL,Tallapoosa,US-AL-123
United States,US,Alabama,US-AL,Talladega,US-AL-121
United States,US,Alabama,US-AL,Sumter,US-AL-119
United States,US,Alabama,US-AL,Etowah,US-AL-055
United States,US,Alabama,US-AL,Fayette,US-AL-057
United States,US,Alabama,US-AL,Montgomery,US-AL-101
United States,US,Alabama,US-AL,Monroe,US-AL-099
United States,US,Alabama,US-AL,Perry,US-AL-105
United States,US,Alabama,US-AL,Lamar,US-AL-075
United States,US,Alabama,US-AL,Washington,US-AL-129
United States,US,Alabama,US-AL,Butler,US-AL-013
United States,US,Alabama,US-AL,Houston,US-AL-069
United States,US,Alabama,US-AL,Cleburne,US-AL-029
United States,US,Alabama,US-AL,Walker,US-AL-127
United States,US,Alabama,US-AL,Choctaw,US-AL-023
United States,US,Alabama,US-AL,Morgan,US-AL-103
United States,US,Alabama,US-AL,Bullock,US-AL-011
United States,US,Alabama,US-AL,Lee,US-AL-081
United States,US,Alabama,US-AL,Winston,US-AL-133
United States,US,Alabama,US-AL,Shelby,US-AL-117
United States,US,Alabama,US-AL,Tuscaloosa,US-AL-125
United States,US,Alabama,US-AL,Barbour,US-AL-005
United States,US,Alabama,US-AL,Jefferson,US-AL-073
United States,US,Alabama,US-AL,Pike,US-AL-109
United States,US,Alabama,US-AL,Calhoun,US-AL-015
United States,US,Alabama,US-AL,Clarke,US-AL-025
United States,US,Alabama,US-AL,Conecuh,US-AL-035
United States,US,Alabama,US-AL,St. Clair,US-AL-115
United States,US,Alabama,US-AL,Macon,US-AL-087
United States,US,Alabama,US-AL,Hale,US-AL-065
United States,US,Alabama,US-AL,Limestone,US-AL-083
United States,US,Idaho,US-ID,Custer,US-ID-037
United States,US,Idaho,US-ID,Cassia,US-ID-031
United States,US,Idaho,US-ID,Washington,US-ID-087
United States,US,Idaho,US-ID,Bonneville,US-ID-019
United States,US,Idaho,US-ID,Fremont,US-ID-043
United States,US,Idaho,US-ID,Twin Falls,US-ID-083
United States,US,Idaho,US-ID,Bonner,US-ID-017
United States,US,Idaho,US-ID,Blaine,US-ID-013
United States,US,Idaho,US-ID,Gooding,US-ID-047
United States,US,Idaho,US-ID,Owyhee,US-ID-073
United States,US,Idaho,US-ID,Boise,US-ID-015
United States,US,Idaho,US-ID,Jefferson,US-ID-051
United States,US,Idaho,US-ID,Gem,US-ID-045
United States,US,Idaho,US-ID,Jerome,US-ID-053
United States,US,Idaho,US-ID,Adams,US-ID-003
United States,US,Idaho,US-ID,Latah,US-ID-057
United States,US,Idaho,US-ID,Elmore,US-ID-039
United States,US,Idaho,US-ID,Nez Perce,US-ID-069
United States,US,Idaho,US-ID,Lemhi,US-ID-059
United States,US,Idaho,US-ID,Payette,US-ID-075
United States,US,Idaho,US-ID,Camas,US-ID-025
United States,US,Idaho,US-ID,Kootenai,US-ID-055
United States,US,Idaho,US-ID,Valley,US-ID-085
United States,US,Idaho,US-ID,Power,US-ID-077
United States,US,Idaho,US-ID,Idaho,US-ID-049
United States,US,Idaho,US-ID,Lincoln,US-ID-063
United States,US,Idaho,US-ID,Shoshone,US-ID-079
United States,US,Idaho,US-ID,Bannock,US-ID-005
United States,US,Idaho,US-ID,Franklin,US-ID-041
United States,US,Idaho,US-ID,Bear Lake,US-ID-007
United States,US,Idaho,US-ID,Oneida,US-ID-071
United States,US,Idaho,US-ID,Minidoka,US-ID-067
United States,US,Idaho,US-ID,Ada,US-ID-001
United States,US,Idaho,US-ID,Boundary,US-ID-021
United States,US,Idaho,US-ID,Bingham,US-ID-011
United States,US,Idaho,US-ID,Teton,US-ID-081
United States,US,Idaho,US-ID,Canyon,US-ID-027
United States,US,Idaho,US-ID,Benewah,US-ID-009
United States,US,Idaho,US-ID,Butte,US-ID-023
United States,US,Idaho,US-ID,Madison,US-ID-065
United States,US,Idaho,US-ID,Caribou,US-ID-029
United States,US,Idaho,US-ID,Clark,US-ID-033
United States,US,Idaho,US-ID,Lewis,US-ID-061
United States,US,Idaho,US-ID,Clearwater,US-ID-035
United States,US,Maryland,US-MD,Harford,US-MD-025
United States,US,Maryland,US-MD,Allegany,US-MD-001
United States,US,Maryland,US-MD,Cecil,US-MD-015
United States,US,Maryland,US-MD,Kent,US-MD-029
United States,US,Maryland,US-MD,Anne Arundel,US-MD-003
United States,US,Maryland,US-MD,Washington,US-MD-043
United States,US,Maryland,US-MD,Baltimore,US-MD-005
United States,US,Maryland,US-MD,Calvert,US-MD-009
United States,US,Maryland,US-MD,Wicomico,US-MD-045
United States,US,Maryland,US-MD,Caroline,US-MD-011
United States,US,Maryland,US-MD,Prince George's,US-MD-033
United States,US,Maryland,US-MD,Queen Anne's,US-MD-035
United States,US,Maryland,US-MD,Charles,US-MD-017
United States,US,Maryland,US-MD,Worcester,US-MD-047
United States,US,Maryland,US-MD,Carroll,US-MD-013
United States,US,Maryland,US-MD,Somerset,US-MD-039
United States,US,Maryland,US-MD,Howard,US-MD-027
United States,US,Maryland,US-MD,Talbot,US-MD-041
United States,US,Maryland,US-MD,Montgomery,US-MD-031
United States,US,Maryland,US-MD,St. Mary's,US-MD-037
United States,US,Maryland,US-MD,Frederick,US-MD-021
United States,US,Maryland,US-MD,Dorchester,US-MD-019
United States,US,Maryland,US-MD,Garrett,US-MD-023
United States,US,Montana,US-MT,Glacier,US-MT-035
United States,US,Montana,US-MT,Petroleum,US-MT-069
United States,US,Montana,US-MT,Hill,US-MT-041
United States,US,Montana,US-MT,Beaverhead,US-MT-001
United States,US,Montana,US-MT,Deer Lodge,US-MT-023
United States,US,Montana,US-MT,Custer,US-MT-017
United States,US,Montana,US-MT,Golden Valley,US-MT-037
United States,US,Montana,US-MT,Park,US-MT-067
United States,US,Montana,US-MT,Sheridan,US-MT-091
United States,US,Montana,US-MT,Yellowstone,US-MT-111
United States,US,Montana,US-MT,Meagher,US-MT-059
United States,US,Montana,US-MT,Rosebud,US-MT-087
United States,US,Montana,US-MT,Wibaux,US-MT-109
United States,US,Montana,US-MT,Ravalli,US-MT-081
United States,US,Montana,US-MT,Dawson,US-MT-021
United States,US,Montana,US-MT,Daniels,US-MT-019
United States,US,Montana,US-MT,Judith Basin,US-MT-045
United States,US,Montana,US-MT,Carbon,US-MT-009
United States,US,Montana,US-MT,Phillips,US-MT-071
United States,US,Montana,US-MT,Teton,US-MT-099
United States,US,Montana,US-MT,Carter,US-MT-011
United States,US,Montana,US-MT,Blaine,US-MT-005
United States,US,Montana,US-MT,Missoula,US-MT-063
United States,US,Montana,US-MT,Jefferson,US-MT-043
United States,US,Montana,US-MT,Madison,US-MT-057
United States,US,Montana,US-MT,Richland,US-MT-083
United States,US,Montana,US-MT,Granite,US-MT-039
United States,US,Montana,US-MT,Cascade,US-MT-013
United States,US,Montana,US-MT,Powell,US-MT-077
United States,US,Montana,US-MT,Liberty,US-MT-051
United States,US,Montana,US-MT,Big Horn,US-MT-003
United States,US,Montana,US-MT,Musselshell,US-MT-065
United States,US,Montana,US-MT,Toole,US-MT-101
United States,US,Montana,US-MT,Prairie,US-MT-079
United States,US,Montana,US-MT,Treasure,US-MT-103
United States,US,Montana,US-MT,Powder River,US-MT-075
United States,US,Montana,US-MT,McCone,US-MT-055
United States,US,Montana,US-MT,Lake,US-MT-047
United States,US,Montana,US-MT,Chouteau,US-MT-015
United States,US,Montana,US-MT,Mineral,US-MT-061
United States,US,Montana,US-MT,Roosevelt,US-MT-085
United States,US,Montana,US-MT,Fergus,US-MT-027
United States,US,Montana,US-MT,Flathead,US-MT-029
United States,US,Montana,US-MT,Broadwater,US-MT-007
United States,US,Montana,US-MT,Wheatland,US-MT-107
United States,US,Montana,US-MT,Silver Bow,US-MT-093
United States,US,Montana,US-MT,Sweet Grass,US-MT-097
United States,US,Montana,US-MT,Lewis and Clark,US-MT-049
United States,US,Montana,US-MT,Fallon,US-MT-025
United States,US,Montana,US-MT,Sanders,US-MT-089
United States,US,Montana,US-MT,Pondera,US-MT-073
United States,US,Montana,US-MT,Valley,US-MT-105
United States,US,Montana,US-MT,Lincoln,US-MT-053
United States,US,Montana,US-MT,Gallatin,US-MT-031
United States,US,Montana,US-MT,Garfield,US-MT-033
United States,US,Montana,US-MT,Stillwater,US-MT-095
United States,US,Arkansas,US-AR,Ashley,US-AR-003
United States,US,Arkansas,US-AR,Mississippi,US-AR-093
United States,US,Arkansas,US-AR,Greene,US-AR-055
United States,US,Arkansas,US-AR,Hot Spring,US-AR-059
United States,US,Arkansas,US-AR,Sharp,US-AR-135
United States,US,Arkansas,US-AR,Hempstead,US-AR-057
United States,US,Arkansas,US-AR,Phillips,US-AR-107
United States,US,Arkansas,US-AR,Washington,US-AR-143
United States,US,Arkansas,US-AR,White,US-AR-145
United States,US,Arkansas,US-AR,Craighead,US-AR-031
United States,US,Arkansas,US-AR,Logan,US-AR-083
United States,US,Arkansas,US-AR,Stone,US-AR-137
United States,US,Arkansas,US-AR,Nevada,US-AR-099
United States,US,Arkansas,US-AR,Cross,US-AR-037
United States,US,Arkansas,US-AR,Polk,US-AR-113
United States,US,Arkansas,US-AR,Little River,US-AR-081
United States,US,Arkansas,US-AR,Dallas,US-AR-039
United States,US,Arkansas,US-AR,Garland,US-AR-051
United States,US,Arkansas,US-AR,Yell,US-AR-149
United States,US,Arkansas,US-AR,Prairie,US-AR-117
United States,US,Arkansas,US-AR,Crawford,US-AR-033
United States,US,Arkansas,US-AR,Scott,US-AR-127
United States,US,Arkansas,US-AR,Drew,US-AR-043
United States,US,Arkansas,US-AR,Jefferson,US-AR-069
United States,US,Arkansas,US-AR,Marion,US-AR-089
United States,US,Arkansas,US-AR,Miller,US-AR-091
United States,US,Arkansas,US-AR,Poinsett,US-AR-111
United States,US,Arkansas,US-AR,Lafayette,US-AR-073
United States,US,Arkansas,US-AR,Crittenden,US-AR-035
United States,US,Arkansas,US-AR,Van Buren,US-AR-141
United States,US,Arkansas,US-AR,St. Francis,US-AR-123
United States,US,Arkansas,US-AR,Arkansas,US-AR-001
United States,US,Arkansas,US-AR,Clark,US-AR-019
United States,US,Arkansas,US-AR,Boone,US-AR-009
United States,US,Arkansas,US-AR,Perry,US-AR-105
United States,US,Arkansas,US-AR,Calhoun,US-AR-013
United States,US,Arkansas,US-AR,Bradley,US-AR-011
United States,US,Arkansas,US-AR,Montgomery,US-AR-097
United States,US,Arkansas,US-AR,Johnson,US-AR-071
United States,US,Arkansas,US-AR,Benton,US-AR-007
United States,US,Arkansas,US-AR,Cleburne,US-AR-023
United States,US,Arkansas,US-AR,Izard,US-AR-065
United States,US,Arkansas,US-AR,Ouachita,US-AR-103
United States,US,Arkansas,US-AR,Lawrence,US-AR-075
United States,US,Arkansas,US-AR,Pike,US-AR-109
United States,US,Arkansas,US-AR,Grant,US-AR-053
United States,US,Arkansas,US-AR,Faulkner,US-AR-045
United States,US,Arkansas,US-AR,Sebastian,US-AR-131
United States,US,Arkansas,US-AR,Pope,US-AR-115
United States,US,Arkansas,US-AR,Franklin,US-AR-047
United States,US,Arkansas,US-AR,Monroe,US-AR-095
United States,US,Arkansas,US-AR,Conway,US-AR-029
United States,US,Arkansas,US-AR,Cleveland,US-AR-025
United States,US,Arkansas,US-AR,Jackson,US-AR-067
United States,US,Arkansas,US-AR,Howard,US-AR-061
United States,US,Arkansas,US-AR,Chicot,US-AR-017
United States,US,Arkansas,US-AR,Madison,US-AR-087
United States,US,Arkansas,US-AR,Desha,US-AR-041
United States,US,Arkansas,US-AR,Saline,US-AR-125
United States,US,Arkansas,US-AR,Union,US-AR-139
United States,US,Arkansas,US-AR,Searcy,US-AR-129
United States,US,Arkansas,US-AR,Fulton,US-AR-049
United States,US,Arkansas,US-AR,Lee,US-AR-077
United States,US,Arkansas,US-AR,Pulaski,US-AR-119
United States,US,Arkansas,US-AR,Carroll,US-AR-015
United States,US,Arkansas,US-AR,Newton,US-AR-101
United States,US,Arkansas,US-AR,Independence,US-AR-063
United States,US,Arkansas,US-AR,Lonoke,US-AR-085
United States,US,Arkansas,US-AR,Clay,US-AR-021
United States,US,Arkansas,US-AR,Randolph,US-AR-121
United States,US,Arkansas,US-AR,Columbia,US-AR-027
United States,US,Arkansas,US-AR,Woodruff,US-AR-147
United States,US,Arkansas,US-AR,Sevier,US-AR-133
United States,US,Arkansas,US-AR,Baxter,US-AR-005
United States,US,Arkansas,US-AR,Lincoln,US-AR-079
United States,US,Colorado,US-CO,Larimer,US-CO-069
United States,US,Colorado,US-CO,Bent,US-CO-011
United States,US,Colorado,US-CO,Garfield,US-CO-045
United States,US,Colorado,US-CO,Yuma,US-CO-125
United States,US,Colorado,US-CO,Baca,US-CO-009
United States,US,Colorado,US-CO,Pueblo,US-CO-101
United States,US,Colorado,US-CO,El Paso,US-CO-041
United States,US,Colorado,US-CO,Gilpin,US-CO-047
United States,US,Colorado,US-CO,Mesa,US-CO-077
United States,US,Colorado,US-CO,Elbert,US-CO-039
United States,US,Colorado,US-CO,Teller,US-CO-119
United States,US,Colorado,US-CO,Arapahoe,US-CO-005
United States,US,Colorado,US-CO,Ouray,US-CO-091
United States,US,Colorado,US-CO,Prowers,US-CO-099
United States,US,Colorado,US-CO,Phillips,US-CO-095
United States,US,Colorado,US-CO,Pitkin,US-CO-097
United States,US,Colorado,US-CO,Hinsdale,US-CO-053
United States,US,Colorado,US-CO,Custer,US-CO-027
United States,US,Colorado,US-CO,Kit Carson,US-CO-063
United States,US,Colorado,US-CO,Grand,US-CO-049
United States,US,Colorado,US-CO,Moffat,US-CO-081
United States,US,Colorado,US-CO,Denver,US-CO-031
United States,US,Colorado,US-CO,Routt,US-CO-107
United States,US,Colorado,US-CO,Washington,US-CO-121
United States,US,Colorado,US-CO,Costilla,US-CO-023
United States,US,Colorado,US-CO,Boulder,US-CO-013
United States,US,Colorado,US-CO,Montezuma,US-CO-083
United States,US,Colorado,US-CO,Fremont,US-CO-043
United States,US,Colorado,US-CO,Adams,US-CO-001
United States,US,Colorado,US-CO,Chaffee,US-CO-015
United States,US,Colorado,US-CO,Alamosa,US-CO-003
United States,US,Colorado,US-CO,Rio Grande,US-CO-105
United States,US,Colorado,US-CO,San Miguel,US-CO-113
United States,US,Colorado,US-CO,Jefferson,US-CO-059
United States,US,Colorado,US-CO,Park,US-CO-093
United States,US,Colorado,US-CO,Crowley,US-CO-025
United States,US,Colorado,US-CO,Weld,US-CO-123
United States,US,Colorado,US-CO,Kiowa,US-CO-061
United States,US,Colorado,US-CO,Mineral,US-CO-079
United States,US,Colorado,US-CO,Summit,US-CO-117
United States,US,Colorado,US-CO,Lincoln,US-CO-073
United States,US,Colorado,US-CO,Delta,US-CO-029
United States,US,Colorado,US-CO,Montrose,US-CO-085
United States,US,Colorado,US-CO,Archuleta,US-CO-007
United States,US,Colorado,US-CO,Huerfano,US-CO-055
United States,US,Colorado,US-CO,Sedgwick,US-CO-115
United States,US,Colorado,US-CO,Broomfield,US-CO-014
United States,US,Colorado,US-CO,Gunnison,US-CO-051
United States,US,Colorado,US-CO,Lake,US-CO-065
United States,US,Colorado,US-CO,Dolores,US-CO-033
United States,US,Colorado,US-CO,Logan,US-CO-075
United States,US,Colorado,US-CO,Morgan,US-CO-087
United States,US,Colorado,US-CO,La Plata,US-CO-067
United States,US,Colorado,US-CO,Saguache,US-CO-109
United States,US,Colorado,US-CO,Jackson,US-CO-057
United States,US,Colorado,US-CO,Conejos,US-CO-021
United States,US,Colorado,US-CO,Clear Creek,US-CO-019
United States,US,Colorado,US-CO,Cheyenne,US-CO-017
United States,US,Colorado,US-CO,Eagle,US-CO-037
United States,US,Colorado,US-CO,Rio Blanco,US-CO-103
United States,US,Colorado,US-CO,Otero,US-CO-089
United States,US,Colorado,US-CO,San Juan,US-CO-111
United States,US,Colorado,US-CO,Las Animas,US-CO-071
United States,US,Colorado,US-CO,Douglas,US-CO-035
United States,US,Illinois,US-IL,Hancock,US-IL-067
United States,US,Illinois,US-IL,Bond,US-IL-005
United States,US,Illinois,US-IL,Tazewell,US-IL-179
United States,US,Illinois,US-IL,Piatt,US-IL-147
United States,US,Illinois,US-IL,Pike,US-IL-149
United States,US,Illinois,US-IL,Pope,US-IL-151
United States,US,Illinois,US-IL,Sangamon,US-IL-167
United States,US,Illinois,US-IL,Wayne,US-IL-191
United States,US,Illinois,US-IL,Douglas,US-IL-041
United States,US,Illinois,US-IL,Champaign,US-IL-019
United States,US,Illinois,US-IL,Winnebago,US-IL-201
United States,US,Illinois,US-IL,Whiteside,US-IL-195
United States,US,Illinois,US-IL,Marshall,US-IL-123
United States,US,Illinois,US-IL,Perry,US-IL-145
United States,US,Illinois,US-IL,Clay,US-IL-025
United States,US,Illinois,US-IL,Gallatin,US-IL-059
United States,US,Illinois,US-IL,Jefferson,US-IL-081
United States,US,Illinois,US-IL,Boone,US-IL-007
United States,US,Illinois,US-IL,Menard,US-IL-129
United States,US,Illinois,US-IL,Lawrence,US-IL-101
United States,US,Illinois,US-IL,Schuyler,US-IL-169
United States,US,Illinois,US-IL,Woodford,US-IL-203
United States,US,Illinois,US-IL,Brown,US-IL-009
United States,US,Illinois,US-IL,Union,US-IL-181
United States,US,Illinois,US-IL,DuPage,US-IL-043
United States,US,Illinois,US-IL,Mason,US-IL-125
United States,US,Illinois,US-IL,Jersey,US-IL-083
United States,US,Illinois,US-IL,Vermilion,US-IL-183
United States,US,Illinois,US-IL,Jo Daviess,US-IL-085
United States,US,Illinois,US-IL,La Salle,US-IL-099
United States,US,Illinois,US-IL,Alexander,US-IL-003
United States,US,Illinois,US-IL,Franklin,US-IL-055
United States,US,Illinois,US-IL,Moultrie,US-IL-139
United States,US,Illinois,US-IL,Monroe,US-IL-133
United States,US,Illinois,US-IL,Jackson,US-IL-077
United States,US,Illinois,US-IL,Shelby,US-IL-173
United States,US,Illinois,US-IL,Bureau,US-IL-011
United States,US,Illinois,US-IL,Montgomery,US-IL-135
United States,US,Illinois,US-IL,Richland,US-IL-159
United States,US,Illinois,US-IL,Wabash,US-IL-185
United States,US,Illinois,US-IL,Kane,US-IL-089
United States,US,Illinois,US-IL,Grundy,US-IL-063
United States,US,Illinois,US-IL,Coles,US-IL-029
United States,US,Illinois,US-IL,Crawford,US-IL-033
United States,US,Illinois,US-IL,Henderson,US-IL-071
United States,US,Illinois,US-IL,Fulton,US-IL-057
United States,US,Illinois,US-IL,Stephenson,US-IL-177
United States,US,Illinois,US-IL,McLean,US-IL-113
United States,US,Illinois,US-IL,McDonough,US-IL-109
United States,US,Illinois,US-IL,Cumberland,US-IL-035
United States,US,Illinois,US-IL,Lake,US-IL-097
United States,US,Illinois,US-IL,Iroquois,US-IL-075
United States,US,Illinois,US-IL,Henry,US-IL-073
United States,US,Illinois,US-IL,Peoria,US-IL-143
United States,US,Illinois,US-IL,Adams,US-IL-001
United States,US,Illinois,US-IL,Rock Island,US-IL-161
United States,US,Illinois,US-IL,Putnam,US-IL-155
United States,US,Illinois,US-IL,Cook,US-IL-031
United States,US,Illinois,US-IL,Marion,US-IL-121
United States,US,Illinois,US-IL,Massac,US-IL-127
United States,US,Illinois,US-IL,Fayette,US-IL-051
United States,US,Illinois,US-IL,Hardin,US-IL-069
United States,US,Illinois,US-IL,Effingham,US-IL-049
United States,US,Illinois,US-IL,Carroll,US-IL-015
United States,US,Illinois,US-IL,Kankakee,US-IL-091
United States,US,Illinois,US-IL,Jasper,US-IL-079
United States,US,Illinois,US-IL,Lee,US-IL-103
United States,US,Illinois,US-IL,De Witt,US-IL-039
United States,US,Illinois,US-IL,Ford,US-IL-053
United States,US,Illinois,US-IL,Madison,US-IL-119
United States,US,Illinois,US-IL,Will,US-IL-197
United States,US,Illinois,US-IL,Williamson,US-IL-199
United States,US,Illinois,US-IL,Macon,US-IL-115
United States,US,Illinois,US-IL,Edwards,US-IL-047
United States,US,Illinois,US-IL,McHenry,US-IL-111
United States,US,Illinois,US-IL,Morgan,US-IL-137
United States,US,Illinois,US-IL,Ogle,US-IL-141
United States,US,Illinois,US-IL,Clinton,US-IL-027
United States,US,Illinois,US-IL,Clark,US-IL-023
United States,US,Illinois,US-IL,Warren,US-IL-187
United States,US,Illinois,US-IL,Christian,US-IL-021
United States,US,Illinois,US-IL,Greene,US-IL-061
United States,US,Illinois,US-IL,St. Clair,US-IL-163
United States,US,Illinois,US-IL,Logan,US-IL-107
United States,US,Illinois,US-IL,Kendall,US-IL-093
United States,US,Illinois,US-IL,Calhoun,US-IL-013
United States,US,Illinois,US-IL,Mercer,US-IL-131
United States,US,Illinois,US-IL,Edgar,US-IL-045
United States,US,Illinois,US-IL,Stark,US-IL-175
United States,US,Illinois,US-IL,Scott,US-IL-171
United States,US,Illinois,US-IL,Washington,US-IL-189
United States,US,Illinois,US-IL,Macoupin,US-IL-117
United States,US,Illinois,US-IL,Pulaski,US-IL-153
United States,US,Illinois,US-IL,Cass,US-IL-017
United States,US,Illinois,US-IL,Hamilton,US-IL-065
United States,US,Illinois,US-IL,DeKalb,US-IL-037
United States,US,Illinois,US-IL,Johnson,US-IL-087
United States,US,Illinois,US-IL,Saline,US-IL-165
United States,US,Illinois,US-IL,Livingston,US-IL-105
United States,US,Illinois,US-IL,Randolph,US-IL-157
United States,US,Illinois,US-IL,Knox,US-IL-095
United States,US,Illinois,US-IL,White,US-IL-193
United States,US,Nebraska,US-NE,Thayer,US-NE-169
United States,US,Nebraska,US-NE,Brown,US-NE-017
United States,US,Nebraska,US-NE,Custer,US-NE-041
United States,US,Nebraska,US-NE,Richardson,US-NE-147
United States,US,Nebraska,US-NE,Lincoln,US-NE-111
United States,US,Nebraska,US-NE,Cass,US-NE-025
United States,US,Nebraska,US-NE,Chase,US-NE-029
United States,US,Nebraska,US-NE,Furnas,US-NE-065
United States,US,Nebraska,US-NE,Saline,US-NE-151
United States,US,Nebraska,US-NE,Sherman,US-NE-163
United States,US,Nebraska,US-NE,Pawnee,US-NE-133
United States,US,Nebraska,US-NE,Lancaster,US-NE-109
United States,US,Nebraska,US-NE,Dawson,US-NE-047
United States,US,Nebraska,US-NE,Dundy,US-NE-057
United States,US,Nebraska,US-NE,Wheeler,US-NE-183
United States,US,Nebraska,US-NE,Jefferson,US-NE-095
United States,US,Nebraska,US-NE,Cuming,US-NE-039
United States,US,Nebraska,US-NE,Deuel,US-NE-049
United States,US,Nebraska,US-NE,Scotts Bluff,US-NE-157
United States,US,Nebraska,US-NE,Garden,US-NE-069
United States,US,Nebraska,US-NE,Keith,US-NE-101
United States,US,Nebraska,US-NE,Buffalo,US-NE-019
United States,US,Nebraska,US-NE,Knox,US-NE-107
United States,US,Nebraska,US-NE,Box Butte,US-NE-013
United States,US,Nebraska,US-NE,Perkins,US-NE-135
United States,US,Nebraska,US-NE,Cheyenne,US-NE-033
United States,US,Nebraska,US-NE,Douglas,US-NE-055
United States,US,Nebraska,US-NE,Boyd,US-NE-015
United States,US,Nebraska,US-NE,Arthur,US-NE-005
United States,US,Nebraska,US-NE,McPherson,US-NE-117
United States,US,Nebraska,US-NE,Loup,US-NE-115
United States,US,Nebraska,US-NE,Greeley,US-NE-077
United States,US,Nebraska,US-NE,Morrill,US-NE-123
United States,US,Nebraska,US-NE,Banner,US-NE-007
United States,US,Nebraska,US-NE,Nemaha,US-NE-127
United States,US,Nebraska,US-NE,Dakota,US-NE-043
United States,US,Nebraska,US-NE,Butler,US-NE-023
United States,US,Nebraska,US-NE,Thomas,US-NE-171
United States,US,Nebraska,US-NE,Pierce,US-NE-139
United States,US,Nebraska,US-NE,Rock,US-NE-149
United States,US,Nebraska,US-NE,Saunders,US-NE-155
United States,US,Nebraska,US-NE,Sioux,US-NE-165
United States,US,Nebraska,US-NE,Dawes,US-NE-045
United States,US,Nebraska,US-NE,Stanton,US-NE-167
United States,US,Nebraska,US-NE,Sheridan,US-NE-161
United States,US,Nebraska,US-NE,Cherry,US-NE-031
United States,US,Nebraska,US-NE,Hooker,US-NE-091
United States,US,Nebraska,US-NE,Logan,US-NE-113
United States,US,Nebraska,US-NE,Burt,US-NE-021
United States,US,Nebraska,US-NE,Polk,US-NE-143
United States,US,Nebraska,US-NE,Keya Paha,US-NE-103
United States,US,Nebraska,US-NE,Cedar,US-NE-027
United States,US,Nebraska,US-NE,York,US-NE-185
United States,US,Nebraska,US-NE,Hamilton,US-NE-081
United States,US,Nebraska,US-NE,Colfax,US-NE-037
United States,US,Nebraska,US-NE,Kearney,US-NE-099
United States,US,Nebraska,US-NE,Gosper,US-NE-073
United States,US,Nebraska,US-NE,Nance,US-NE-125
United States,US,Nebraska,US-NE,Dodge,US-NE-053
United States,US,Nebraska,US-NE,Grant,US-NE-075
United States,US,Nebraska,US-NE,Hall,US-NE-079
United States,US,Nebraska,US-NE,Garfield,US-NE-071
United States,US,Nebraska,US-NE,Franklin,US-NE-061
United States,US,Nebraska,US-NE,Phelps,US-NE-137
United States,US,Nebraska,US-NE,Adams,US-NE-001
United States,US,Nebraska,US-NE,Hitchcock,US-NE-087
United States,US,Nebraska,US-NE,Antelope,US-NE-003
United States,US,Nebraska,US-NE,Holt,US-NE-089
United States,US,Nebraska,US-NE,Johnson,US-NE-097
United States,US,Nebraska,US-NE,Washington,US-NE-177
United States,US,Nebraska,US-NE,Gage,US-NE-067
United States,US,Nebraska,US-NE,Boone,US-NE-011
United States,US,Nebraska,US-NE,Hayes,US-NE-085
United States,US,Nebraska,US-NE,Merrick,US-NE-121
United States,US,Nebraska,US-NE,Howard,US-NE-093
United States,US,Nebraska,US-NE,Thurston,US-NE-173
United States,US,Nebraska,US-NE,Sarpy,US-NE-153
United States,US,Nebraska,US-NE,Platte,US-NE-141
United States,US,Nebraska,US-NE,Blaine,US-NE-009
United States,US,Nebraska,US-NE,Fillmore,US-NE-059
United States,US,Nebraska,US-NE,Red Willow,US-NE-145
United States,US,Nebraska,US-NE,Nuckolls,US-NE-129
United States,US,Nebraska,US-NE,Harlan,US-NE-083
United States,US,Nebraska,US-NE,Otoe,US-NE-131
United States,US,Nebraska,US-NE,Kimball,US-NE-105
United States,US,Nebraska,US-NE,Wayne,US-NE-179
United States,US,Nebraska,US-NE,Madison,US-NE-119
United States,US,Nebraska,US-NE,Clay,US-NE-035
United States,US,Nebraska,US-NE,Valley,US-NE-175
United States,US,Nebraska,US-NE,Seward,US-NE-159
United States,US,Nebraska,US-NE,Dixon,US-NE-051
United States,US,Nebraska,US-NE,Webster,US-NE-181
United States,US,Nebraska,US-NE,Frontier,US-NE-063
United States,US,Alaska,US-AK,Aleutians East Borough,US-AK-013
United States,US,Alaska,US-AK,Kenai Peninsula Borough,US-AK-122
United States,US,Alaska,US-AK,Sitka City and Borough,US-AK-220
United States,US,Alaska,US-AK,Aleutians West Census Area,US-AK-016
United States,US,Alaska,US-AK,Prince of Wales-Hyder Census Area,US-AK-198
United States,US,Alaska,US-AK,Kusilvak Census Area,US-AK-270
United States,US,Alaska,US-AK,Juneau City and Borough,US-AK-110
United States,US,Alaska,US-AK,Hoonah-Angoon Census Area,US-AK-105
United States,US,Alaska,US-AK,Denali Borough,US-AK-068
United States,US,Alaska,US-AK,Wrangell City and Borough,US-AK-275
United States,US,Alaska,US-AK,Petersburg Borough,US-AK-195
United States,US,Alaska,US-AK,Chugach Census Area,US-AK-063
United States,US,Alaska,US-AK,Skagway Municipality,US-AK-230
United States,US,Alaska,US-AK,Bethel Census Area,US-AK-050
United States,US,Alaska,US-AK,Southeast Fairbanks Census Area,US-AK-240
United States,US,Alaska,US-AK,Matanuska-Susitna Borough,US-AK-170
United States,US,Alaska,US-AK,North Slope Borough,US-AK-185
United States,US,Alaska,US-AK,Ketchikan Gateway Borough,US-AK-130
United States,US,Alaska,US-AK,Kodiak Island Borough,US-AK-150
United States,US,Alaska,US-AK,Anchorage Municipality,US-AK-020
United States,US,Alaska,US-AK,Yukon-Koyukuk Census Area,US-AK-290
United States,US,Alaska,US-AK,Bristol Bay Borough,US-AK-060
United States,US,Alaska,US-AK,Northwest Arctic Borough,US-AK-188
United States,US,Alaska,US-AK,Lake and Peninsula Borough,US-AK-164
United States,US,Alaska,US-AK,Dillingham Census Area,US-AK-070
United States,US,Alaska,US-AK,Copper River Census Area,US-AK-066
United States,US,Alaska,US-AK,Yakutat City and Borough,US-AK-282
United States,US,Alaska,US-AK,Nome Census Area,US-AK-180
United States,US,Alaska,US-AK,Fairbanks North Star Borough,US-AK-090
United States,US,Alaska,US-AK,Haines Borough,US-AK-100
United States,US,Indiana,US-IN,Tippecanoe,US-IN-157
United States,US,Indiana,US-IN,LaGrange,US-IN-087
United States,US,Indiana,US-IN,Gibson,US-IN-051
United States,US,Indiana,US-IN,Brown,US-IN-013
United States,US,Indiana,US-IN,Randolph,US-IN-135
United States,US,Indiana,US-IN,Rush,US-IN-139
United States,US,Indiana,US-IN,Lake,US-IN-089
United States,US,Indiana,US-IN,Montgomery,US-IN-107
United States,US,Indiana,US-IN,Marion,US-IN-097
United States,US,Indiana,US-IN,Marshall,US-IN-099
United States,US,Indiana,US-IN,Delaware,US-IN-035
United States,US,Indiana,US-IN,Carroll,US-IN-015
United States,US,Indiana,US-IN,Orange,US-IN-117
United States,US,Indiana,US-IN,Switzerland,US-IN-155
United States,US,Indiana,US-IN,Franklin,US-IN-047
United States,US,Indiana,US-IN,Hancock,US-IN-059
United States,US,Indiana,US-IN,Crawford,US-IN-025
United States,US,Indiana,US-IN,Greene,US-IN-055
United States,US,Indiana,US-IN,Martin,US-IN-101
United States,US,Indiana,US-IN,Wabash,US-IN-169
United States,US,Indiana,US-IN,Johnson,US-IN-081
United States,US,Indiana,US-IN,Scott,US-IN-143
United States,US,Indiana,US-IN,Porter,US-IN-127
United States,US,Indiana,US-IN,Warren,US-IN-171
United States,US,Indiana,US-IN,Jennings,US-IN-079
United States,US,Indiana,US-IN,Vermillion,US-IN-165
United States,US,Indiana,US-IN,Steuben,US-IN-151
United States,US,Indiana,US-IN,DeKalb,US-IN-033
United States,US,Indiana,US-IN,Union,US-IN-161
United States,US,Indiana,US-IN,Wells,US-IN-179
United States,US,Indiana,US-IN,Elkhart,US-IN-039
United States,US,Indiana,US-IN,Boone,US-IN-011
United States,US,Indiana,US-IN,Jackson,US-IN-071
United States,US,Indiana,US-IN,Whitley,US-IN-183
United States,US,Indiana,US-IN,Jay,US-IN-075
United States,US,Indiana,US-IN,Warrick,US-IN-173
United States,US,Indiana,US-IN,Perry,US-IN-123
United States,US,Indiana,US-IN,Knox,US-IN-083
United States,US,Indiana,US-IN,Decatur,US-IN-031
United States,US,Indiana,US-IN,Benton,US-IN-007
United States,US,Indiana,US-IN,Clark,US-IN-019
United States,US,Indiana,US-IN,Newton,US-IN-111
United States,US,Indiana,US-IN,Jasper,US-IN-073
United States,US,Indiana,US-IN,Parke,US-IN-121
United States,US,Indiana,US-IN,Vigo,US-IN-167
United States,US,Indiana,US-IN,Daviess,US-IN-027
United States,US,Indiana,US-IN,Posey,US-IN-129
United States,US,Indiana,US-IN,LaPorte,US-IN-091
United States,US,Indiana,US-IN,Owen,US-IN-119
United States,US,Indiana,US-IN,White,US-IN-181
United States,US,Indiana,US-IN,Clay,US-IN-021
United States,US,Indiana,US-IN,Ohio,US-IN-115
United States,US,Indiana,US-IN,Dubois,US-IN-037
United States,US,Indiana,US-IN,Starke,US-IN-149
United States,US,Indiana,US-IN,Hendricks,US-IN-063
United States,US,Indiana,US-IN,Madison,US-IN-095
United States,US,Indiana,US-IN,St. Joseph,US-IN-141
United States,US,Indiana,US-IN,Henry,US-IN-065
United States,US,Indiana,US-IN,Floyd,US-IN-043
United States,US,Indiana,US-IN,Pike,US-IN-125
United States,US,Indiana,US-IN,Ripley,US-IN-137
United States,US,Indiana,US-IN,Kosciusko,US-IN-085
United States,US,Indiana,US-IN,Clinton,US-IN-023
United States,US,Indiana,US-IN,Monroe,US-IN-105
United States,US,Indiana,US-IN,Allen,US-IN-003
United States,US,Indiana,US-IN,Wayne,US-IN-177
United States,US,Indiana,US-IN,Fayette,US-IN-041
United States,US,Indiana,US-IN,Adams,US-IN-001
United States,US,Indiana,US-IN,Fulton,US-IN-049
United States,US,Indiana,US-IN,Cass,US-IN-017
United States,US,Indiana,US-IN,Hamilton,US-IN-057
United States,US,Indiana,US-IN,Washington,US-IN-175
United States,US,Indiana,US-IN,Blackford,US-IN-009
United States,US,Indiana,US-IN,Fountain,US-IN-045
United States,US,Indiana,US-IN,Bartholomew,US-IN-005
United States,US,Indiana,US-IN,Howard,US-IN-067
United States,US,Indiana,US-IN,Noble,US-IN-113
United States,US,Indiana,US-IN,Shelby,US-IN-145
United States,US,Indiana,US-IN,Huntington,US-IN-069
United States,US,Indiana,US-IN,Harrison,US-IN-061
United States,US,Indiana,US-IN,Tipton,US-IN-159
United States,US,Indiana,US-IN,Lawrence,US-IN-093
United States,US,Indiana,US-IN,Morgan,US-IN-109
United States,US,Indiana,US-IN,Jefferson,US-IN-077
United States,US,Indiana,US-IN,Miami,US-IN-103
United States,US,Indiana,US-IN,Sullivan,US-IN-153
United States,US,Indiana,US-IN,Grant,US-IN-053
United States,US,Indiana,US-IN,Spencer,US-IN-147
United States,US,Indiana,US-IN,Dearborn,US-IN-029
United States,US,Indiana,US-IN,Vanderburgh,US-IN-163
United States,US,Indiana,US-IN,Putnam,US-IN-133
United States,US,Indiana,US-IN,Pulaski,US-IN-131
United States,US,New Hampshire,US-NH,Strafford,US-NH-017
United States,US,New Hampshire,US-NH,Carroll,US-NH-003
United States,US,New Hampshire,US-NH,Cheshire,US-NH-005
United States,US,New Hampshire,US-NH,Coos,US-NH-007
United States,US,New Hampshire,US-NH,Sullivan,US-NH-019
United States,US,New Hampshire,US-NH,Grafton,US-NH-009
United States,US,New Hampshire,US-NH,Hillsborough,US-NH-011
United States,US,New Hampshire,US-NH,Belknap,US-NH-001
United States,US,New Hampshire,US-NH,Rockingham,US-NH-015
United States,US,New Hampshire,US-NH,Merrimack,US-NH-013
United States,US,Arizona,US-AZ,Santa Cruz,US-AZ-023
United States,US,Arizona,US-AZ,Greenlee,US-AZ-011
United States,US,Arizona,US-AZ,Yavapai,US-AZ-025
United States,US,Arizona,US-AZ,Yuma,US-AZ-027
United States,US,Arizona,US-AZ,La Paz,US-AZ-012
United States,US,Arizona,US-AZ,Apache,US-AZ-001
United States,US,Arizona,US-AZ,Navajo,US-AZ-017
United States,US,Arizona,US-AZ,Gila,US-AZ-007
United States,US,Arizona,US-AZ,Mohave,US-AZ-015
United States,US,Arizona,US-AZ,Maricopa,US-AZ-013
United States,US,Arizona,US-AZ,Coconino,US-AZ-005
United States,US,Arizona,US-AZ,Graham,US-AZ-009
United States,US,Arizona,US-AZ,Cochise,US-AZ-003
United States,US,Arizona,US-AZ,Pinal,US-AZ-021
United States,US,Arizona,US-AZ,Pima,US-AZ-019
United States,US,Connecticut,US-CT,New Haven,US-CT-009
United States,US,Connecticut,US-CT,Litchfield,US-CT-005
United States,US,Connecticut,US-CT,Middlesex,US-CT-007
United States,US,Connecticut,US-CT,Hartford,US-CT-003
United States,US,Connecticut,US-CT,Tolland,US-CT-013
United States,US,Connecticut,US-CT,Windham,US-CT-015
United States,US,Connecticut,US-CT,Fairfield,US-CT-001
United States,US,Connecticut,US-CT,New London,US-CT-011
United States,US,Michigan,US-MI,Antrim,US-MI-009
United States,US,Michigan,US-MI,Mecosta,US-MI-107
United States,US,Michigan,US-MI,Luce,US-MI-095
United States,US,Michigan,US-MI,Oscoda,US-MI-135
United States,US,Michigan,US-MI,Branch,US-MI-023
United States,US,Michigan,US-MI,Muskegon,US-MI-121
United States,US,Michigan,US-MI,Genesee,US-MI-049
United States,US,Michigan,US-MI,Manistee,US-MI-101
United States,US,Michigan,US-MI,Houghton,US-MI-061
United States,US,Michigan,US-MI,Kalkaska,US-MI-079
United States,US,Michigan,US-MI,Alcona,US-MI-001
United States,US,Michigan,US-MI,Wexford,US-MI-165
United States,US,Michigan,US-MI,Calhoun,US-MI-025
United States,US,Michigan,US-MI,Chippewa,US-MI-033
United States,US,Michigan,US-MI,Ontonagon,US-MI-131
United States,US,Michigan,US-MI,Mason,US-MI-105
United States,US,Michigan,US-MI,Saginaw,US-MI-145
United States,US,Michigan,US-MI,Leelanau,US-MI-089
United States,US,Michigan,US-MI,Oceana,US-MI-127
United States,US,Michigan,US-MI,Kalamazoo,US-MI-077
United States,US,Michigan,US-MI,Lake,US-MI-085
United States,US,Michigan,US-MI,Huron,US-MI-063
United States,US,Michigan,US-MI,Van Buren,US-MI-159
United States,US,Michigan,US-MI,Delta,US-MI-041
United States,US,Michigan,US-MI,Newaygo,US-MI-123
United States,US,Michigan,US-MI,Charlevoix,US-MI-029
United States,US,Michigan,US-MI,Allegan,US-MI-005
United States,US,Michigan,US-MI,Macomb,US-MI-099
United States,US,Michigan,US-MI,Gogebic,US-MI-053
United States,US,Michigan,US-MI,Montmorency,US-MI-119
United States,US,Michigan,US-MI,Lenawee,US-MI-091
United States,US,Michigan,US-MI,Eaton,US-MI-045
United States,US,Michigan,US-MI,Oakland,US-MI-125
United States,US,Michigan,US-MI,Baraga,US-MI-013
United States,US,Michigan,US-MI,Otsego,US-MI-137
United States,US,Michigan,US-MI,Schoolcraft,US-MI-153
United States,US,Michigan,US-MI,Lapeer,US-MI-087
United States,US,Michigan,US-MI,Grand Traverse,US-MI-055
United States,US,Michigan,US-MI,Washtenaw,US-MI-161
United States,US,Michigan,US-MI,Mackinac,US-MI-097
United States,US,Michigan,US-MI,Kent,US-MI-081
United States,US,Michigan,US-MI,Monroe,US-MI-115
United States,US,Michigan,US-MI,Emmet,US-MI-047
United States,US,Michigan,US-MI,Cheboygan,US-MI-031
United States,US,Michigan,US-MI,Isabella,US-MI-073
United States,US,Michigan,US-MI,Ionia,US-MI-067
United States,US,Michigan,US-MI,Missaukee,US-MI-113
United States,US,Michigan,US-MI,Midland,US-MI-111
United States,US,Michigan,US-MI,Gladwin,US-MI-051
United States,US,Michigan,US-MI,Ottawa,US-MI-139
United States,US,Michigan,US-MI,Ingham,US-MI-065
United States,US,Michigan,US-MI,Ogemaw,US-MI-129
United States,US,Michigan,US-MI,Jackson,US-MI-075
United States,US,Michigan,US-MI,Alger,US-MI-003
United States,US,Michigan,US-MI,St. Joseph,US-MI-149
United States,US,Michigan,US-MI,Cass,US-MI-027
United States,US,Michigan,US-MI,Dickinson,US-MI-043
United States,US,Michigan,US-MI,Clinton,US-MI-037
United States,US,Michigan,US-MI,Clare,US-MI-035
United States,US,Michigan,US-MI,Benzie,US-MI-019
United States,US,Michigan,US-MI,Bay,US-MI-017
United States,US,Michigan,US-MI,Presque Isle,US-MI-141
United States,US,Michigan,US-MI,Wayne,US-MI-163
United States,US,Michigan,US-MI,Berrien,US-MI-021
United States,US,Michigan,US-MI,Montcalm,US-MI-117
United States,US,Michigan,US-MI,Gratiot,US-MI-057
United States,US,Michigan,US-MI,Roscommon,US-MI-143
United States,US,Michigan,US-MI,Alpena,US-MI-007
United States,US,Michigan,US-MI,Iron,US-MI-071
United States,US,Michigan,US-MI,Barry,US-MI-015
United States,US,Michigan,US-MI,Crawford,US-MI-039
United States,US,Michigan,US-MI,Tuscola,US-MI-157
United States,US,Michigan,US-MI,Marquette,US-MI-103
United States,US,Michigan,US-MI,Keweenaw,US-MI-083
United States,US,Michigan,US-MI,Sanilac,US-MI-151
United States,US,Michigan,US-MI,Iosco,US-MI-069
United States,US,Michigan,US-MI,Arenac,US-MI-011
United States,US,Michigan,US-MI,Livingston,US-MI-093
United States,US,Michigan,US-MI,St. Clair,US-MI-147
United States,US,Michigan,US-MI,Hillsdale,US-MI-059
United States,US,Michigan,US-MI,Osceola,US-MI-133
United States,US,Michigan,US-MI,Shiawassee,US-MI-155
United States,US,Michigan,US-MI,Menominee,US-MI-109
United States,US,North Dakota,US-ND,Richland,US-ND-077
United States,US,North Dakota,US-ND,Williams,US-ND-105
United States,US,North Dakota,US-ND,Sheridan,US-ND-083
United States,US,North Dakota,US-ND,Dickey,US-ND-021
United States,US,North Dakota,US-ND,Ward,US-ND-101
United States,US,North Dakota,US-ND,Morton,US-ND-059
United States,US,North Dakota,US-ND,Cavalier,US-ND-019
United States,US,North Dakota,US-ND,Barnes,US-ND-003
United States,US,North Dakota,US-ND,Golden Valley,US-ND-033
United States,US,North Dakota,US-ND,Ramsey,US-ND-071
United States,US,North Dakota,US-ND,Oliver,US-ND-065
United States,US,North Dakota,US-ND,Griggs,US-ND-039
United States,US,North Dakota,US-ND,Foster,US-ND-031
United States,US,North Dakota,US-ND,Steele,US-ND-091
United States,US,North Dakota,US-ND,Kidder,US-ND-043
United States,US,North Dakota,US-ND,Traill,US-ND-097
United States,US,North Dakota,US-ND,Grant,US-ND-037
United States,US,North Dakota,US-ND,McLean,US-ND-055
United States,US,North Dakota,US-ND,Pembina,US-ND-067
United States,US,North Dakota,US-ND,Logan,US-ND-047
United States,US,North Dakota,US-ND,Mercer,US-ND-057
United States,US,North Dakota,US-ND,LaMoure,US-ND-045
United States,US,North Dakota,US-ND,Bowman,US-ND-011
United States,US,North Dakota,US-ND,Renville,US-ND-075
United States,US,North Dakota,US-ND,McIntosh,US-ND-051
United States,US,North Dakota,US-ND,Towner,US-ND-095
United States,US,North Dakota,US-ND,Slope,US-ND-087
United States,US,North Dakota,US-ND,Emmons,US-ND-029
United States,US,North Dakota,US-ND,Stark,US-ND-089
United States,US,North Dakota,US-ND,Sargent,US-ND-081
United States,US,North Dakota,US-ND,Nelson,US-ND-063
United States,US,North Dakota,US-ND,Cass,US-ND-017
United States,US,North Dakota,US-ND,Grand Forks,US-ND-035
United States,US,North Dakota,US-ND,McKenzie,US-ND-053
United States,US,North Dakota,US-ND,Adams,US-ND-001
United States,US,North Dakota,US-ND,Billings,US-ND-007
United States,US,North Dakota,US-ND,McHenry,US-ND-049
United States,US,North Dakota,US-ND,Burleigh,US-ND-015
United States,US,North Dakota,US-ND,Burke,US-ND-013
United States,US,North Dakota,US-ND,Ransom,US-ND-073
United States,US,North Dakota,US-ND,Benson,US-ND-005
United States,US,North Dakota,US-ND,Rolette,US-ND-079
United States,US,North Dakota,US-ND,Eddy,US-ND-027
United States,US,North Dakota,US-ND,Pierce,US-ND-069
United States,US,North Dakota,US-ND,Dunn,US-ND-025
United States,US,North Dakota,US-ND,Wells,US-ND-103
United States,US,North Dakota,US-ND,Sioux,US-ND-085
United States,US,North Dakota,US-ND,Hettinger,US-ND-041
United States,US,North Dakota,US-ND,Divide,US-ND-023
United States,US,North Dakota,US-ND,Mountrail,US-ND-061
United States,US,North Dakota,US-ND,Stutsman,US-ND-093
United States,US,North Dakota,US-ND,Bottineau,US-ND-009
United States,US,North Dakota,US-ND,Walsh,US-ND-099
United States,US,Kansas,US-KS,Atchison,US-KS-005
United States,US,Kansas,US-KS,Montgomery,US-KS-125
United States,US,Kansas,US-KS,Seward,US-KS-175
United States,US,Kansas,US-KS,Cherokee,US-KS-021
United States,US,Kansas,US-KS,Ford,US-KS-057
United States,US,Kansas,US-KS,Osborne,US-KS-141
United States,US,Kansas,US-KS,Scott,US-KS-171
United States,US,Kansas,US-KS,Edwards,US-KS-047
United States,US,Kansas,US-KS,Trego,US-KS-195
United States,US,Kansas,US-KS,Miami,US-KS-121
United States,US,Kansas,US-KS,Sheridan,US-KS-179
United States,US,Kansas,US-KS,Morris,US-KS-127
United States,US,Kansas,US-KS,Johnson,US-KS-091
United States,US,Kansas,US-KS,Allen,US-KS-001
United States,US,Kansas,US-KS,Jewell,US-KS-089
United States,US,Kansas,US-KS,Leavenworth,US-KS-103
United States,US,Kansas,US-KS,Lincoln,US-KS-105
United States,US,Kansas,US-KS,Marshall,US-KS-117
United States,US,Kansas,US-KS,Meade,US-KS-119
United States,US,Kansas,US-KS,Harvey,US-KS-079
United States,US,Kansas,US-KS,Douglas,US-KS-045
United States,US,Kansas,US-KS,Kiowa,US-KS-097
United States,US,Kansas,US-KS,Lyon,US-KS-111
United States,US,Kansas,US-KS,Brown,US-KS-013
United States,US,Kansas,US-KS,Shawnee,US-KS-177
United States,US,Kansas,US-KS,Coffey,US-KS-031
United States,US,Kansas,US-KS,Linn,US-KS-107
United States,US,Kansas,US-KS,Franklin,US-KS-059
United States,US,Kansas,US-KS,Gove,US-KS-063
United States,US,Kansas,US-KS,Doniphan,US-KS-043
United States,US,Kansas,US-KS,Jefferson,US-KS-087
United States,US,Kansas,US-KS,Sherman,US-KS-181
United States,US,Kansas,US-KS,Pawnee,US-KS-145
United States,US,Kansas,US-KS,Cloud,US-KS-029
United States,US,Kansas,US-KS,Republic,US-KS-157
United States,US,Kansas,US-KS,Wyandotte,US-KS-209
United States,US,Kansas,US-KS,Riley,US-KS-161
United States,US,Kansas,US-KS,Labette,US-KS-099
United States,US,Kansas,US-KS,Wabaunsee,US-KS-197
United States,US,Kansas,US-KS,Harper,US-KS-077
United States,US,Kansas,US-KS,McPherson,US-KS-113
United States,US,Kansas,US-KS,Pottawatomie,US-KS-149
United States,US,Kansas,US-KS,Osage,US-KS-139
United States,US,Kansas,US-KS,Cowley,US-KS-035
United States,US,Kansas,US-KS,Finney,US-KS-055
United States,US,Kansas,US-KS,Hamilton,US-KS-075
United States,US,Kansas,US-KS,Ellsworth,US-KS-053
United States,US,Kansas,US-KS,Stanton,US-KS-187
United States,US,Kansas,US-KS,Ottawa,US-KS-143
United States,US,Kansas,US-KS,Smith,US-KS-183
United States,US,Kansas,US-KS,Dickinson,US-KS-041
United States,US,Kansas,US-KS,Elk,US-KS-049
United States,US,Kansas,US-KS,Crawford,US-KS-037
United States,US,Kansas,US-KS,Comanche,US-KS-033
United States,US,Kansas,US-KS,Gray,US-KS-069
United States,US,Kansas,US-KS,Hodgeman,US-KS-083
United States,US,Kansas,US-KS,Ellis,US-KS-051
United States,US,Kansas,US-KS,Russell,US-KS-167
United States,US,Kansas,US-KS,Norton,US-KS-137
United States,US,Kansas,US-KS,Grant,US-KS-067
United States,US,Kansas,US-KS,Wichita,US-KS-203
United States,US,Kansas,US-KS,Pratt,US-KS-151
United States,US,Kansas,US-KS,Kingman,US-KS-095
United States,US,Kansas,US-KS,Chautauqua,US-KS-019
United States,US,Kansas,US-KS,Greenwood,US-KS-073
United States,US,Kansas,US-KS,Morton,US-KS-129
United States,US,Kansas,US-KS,Butler,US-KS-015
United States,US,Kansas,US-KS,Sedgwick,US-KS-173
United States,US,Kansas,US-KS,Stevens,US-KS-189
United States,US,Kansas,US-KS,Ness,US-KS-135
United States,US,Kansas,US-KS,Anderson,US-KS-003
United States,US,Kansas,US-KS,Lane,US-KS-101
United States,US,Kansas,US-KS,Greeley,US-KS-071
United States,US,Kansas,US-KS,Decatur,US-KS-039
United States,US,Kansas,US-KS,Clay,US-KS-027
United States,US,Kansas,US-KS,Nemaha,US-KS-131
United States,US,Kansas,US-KS,Barton,US-KS-009
United States,US,Kansas,US-KS,Wallace,US-KS-199
United States,US,Kansas,US-KS,Mitchell,US-KS-123
United States,US,Kansas,US-KS,Marion,US-KS-115
United States,US,Kansas,US-KS,Reno,US-KS-155
United States,US,Kansas,US-KS,Jackson,US-KS-085
United States,US,Kansas,US-KS,Clark,US-KS-025
United States,US,Kansas,US-KS,Bourbon,US-KS-011
United States,US,Kansas,US-KS,Haskell,US-KS-081
United States,US,Kansas,US-KS,Phillips,US-KS-147
United States,US,Kansas,US-KS,Thomas,US-KS-193
United States,US,Kansas,US-KS,Barber,US-KS-007
United States,US,Kansas,US-KS,Saline,US-KS-169
United States,US,Kansas,US-KS,Chase,US-KS-017
United States,US,Kansas,US-KS,Stafford,US-KS-185
United States,US,Kansas,US-KS,Sumner,US-KS-191
United States,US,Kansas,US-KS,Woodson,US-KS-207
United States,US,Kansas,US-KS,Rice,US-KS-159
United States,US,Kansas,US-KS,Rush,US-KS-165
United States,US,Kansas,US-KS,Neosho,US-KS-133
United States,US,Kansas,US-KS,Graham,US-KS-065
United States,US,Kansas,US-KS,Logan,US-KS-109
United States,US,Kansas,US-KS,Rawlins,US-KS-153
United States,US,Kansas,US-KS,Washington,US-KS-201
United States,US,Kansas,US-KS,Kearny,US-KS-093
United States,US,Kansas,US-KS,Rooks,US-KS-163
United States,US,Kansas,US-KS,Wilson,US-KS-205
United States,US,Kansas,US-KS,Geary,US-KS-061
United States,US,Kansas,US-KS,Cheyenne,US-KS-023
United States,US,Florida,US-FL,St. Lucie,US-FL-111
United States,US,Florida,US-FL,Taylor,US-FL-123
United States,US,Florida,US-FL,Hendry,US-FL-051
United States,US,Florida,US-FL,Suwannee,US-FL-121
United States,US,Florida,US-FL,Marion,US-FL-083
United States,US,Florida,US-FL,Martin,US-FL-085
United States,US,Florida,US-FL,Levy,US-FL-075
United States,US,Florida,US-FL,Walton,US-FL-131
United States,US,Florida,US-FL,Okeechobee,US-FL-093
United States,US,Florida,US-FL,Flagler,US-FL-035
United States,US,Florida,US-FL,Gilchrist,US-FL-041
United States,US,Florida,US-FL,Hernando,US-FL-053
United States,US,Florida,US-FL,Lee,US-FL-071
United States,US,Florida,US-FL,Hillsborough,US-FL-057
United States,US,Florida,US-FL,Highlands,US-FL-055
United States,US,Florida,US-FL,Jefferson,US-FL-065
United States,US,Florida,US-FL,Wakulla,US-FL-129
United States,US,Florida,US-FL,Bay,US-FL-005
United States,US,Florida,US-FL,Madison,US-FL-079
United States,US,Florida,US-FL,Pinellas,US-FL-103
United States,US,Florida,US-FL,St. Johns,US-FL-109
United States,US,Florida,US-FL,Seminole,US-FL-117
United States,US,Florida,US-FL,Bradford,US-FL-007
United States,US,Florida,US-FL,Putnam,US-FL-107
United States,US,Florida,US-FL,Alachua,US-FL-001
United States,US,Florida,US-FL,Brevard,US-FL-009
United States,US,Florida,US-FL,Holmes,US-FL-059
United States,US,Florida,US-FL,Nassau,US-FL-089
United States,US,Florida,US-FL,Palm Beach,US-FL-099
United States,US,Florida,US-FL,Duval,US-FL-031
United States,US,Florida,US-FL,Leon,US-FL-073
United States,US,Florida,US-FL,Osceola,US-FL-097
United States,US,Florida,US-FL,Manatee,US-FL-081
United States,US,Florida,US-FL,Polk,US-FL-105
United States,US,Florida,US-FL,Volusia,US-FL-127
United States,US,Florida,US-FL,Okaloosa,US-FL-091
United States,US,Florida,US-FL,Hamilton,US-FL-047
United States,US,Florida,US-FL,Calhoun,US-FL-013
United States,US,Florida,US-FL,Franklin,US-FL-037
United States,US,Florida,US-FL,Gulf,US-FL-045
United States,US,Florida,US-FL,Lafayette,US-FL-067
United States,US,Florida,US-FL,Union,US-FL-125
United States,US,Florida,US-FL,Lake,US-FL-069
United States,US,Florida,US-FL,Collier,US-FL-021
United States,US,Florida,US-FL,Charlotte,US-FL-015
United States,US,Florida,US-FL,Hardee,US-FL-049
United States,US,Florida,US-FL,Clay,US-FL-019
United States,US,Florida,US-FL,Jackson,US-FL-063
United States,US,Florida,US-FL,Washington,US-FL-133
United States,US,Florida,US-FL,DeSoto,US-FL-027
United States,US,Florida,US-FL,Orange,US-FL-095
United States,US,Florida,US-FL,Columbia,US-FL-023
United States,US,Florida,US-FL,Gadsden,US-FL-039
United States,US,Florida,US-FL,Indian River,US-FL-061
United States,US,Florida,US-FL,Dixie,US-FL-029
United States,US,Florida,US-FL,Pasco,US-FL-101
United States,US,Florida,US-FL,Santa Rosa,US-FL-113
United States,US,Florida,US-FL,Broward,US-FL-011
United States,US,Florida,US-FL,Sumter,US-FL-119
United States,US,Florida,US-FL,Miami-Dade,US-FL-086
United States,US,Florida,US-FL,Baker,US-FL-003
United States,US,Florida,US-FL,Escambia,US-FL-033
United States,US,Florida,US-FL,Monroe,US-FL-087
United States,US,Florida,US-FL,Citrus,US-FL-017
United States,US,Florida,US-FL,Glades,US-FL-043
United States,US,Florida,US-FL,Sarasota,US-FL-115
United States,US,Florida,US-FL,Liberty,US-FL-077
United States,US,Virginia,US-VA,Caroline,US-VA-033
United States,US,Virginia,US-VA,Alexandria,US-VA-510
United States,US,Virginia,US-VA,Spotsylvania,US-VA-177
United States,US,Virginia,US-VA,Virginia Beach,US-VA-810
United States,US,Virginia,US-VA,Rockbridge,US-VA-163
United States,US,Virginia,US-VA,James City,US-VA-095
United States,US,Virginia,US-VA,New Kent,US-VA-127
United States,US,Virginia,US-VA,Rockingham,US-VA-165
United States,US,Virginia,US-VA,Louisa,US-VA-109
United States,US,Virginia,US-VA,Norton,US-VA-720
United States,US,Virginia,US-VA,Covington,US-VA-580
United States,US,Virginia,US-VA,Hanover,US-VA-085
United States,US,Virginia,US-VA,Halifax,US-VA-083
United States,US,Virginia,US-VA,Accomack,US-VA-001
United States,US,Virginia,US-VA,Middlesex,US-VA-119
United States,US,Virginia,US-VA,Buchanan,US-VA-027
United States,US,Virginia,US-VA,Buena Vista,US-VA-530
United States,US,Virginia,US-VA,York,US-VA-199
United States,US,Virginia,US-VA,Nottoway,US-VA-135
United States,US,Virginia,US-VA,Colonial Heights,US-VA-570
United States,US,Virginia,US-VA,Roanoke City,US-VA-770
United States,US,Virginia,US-VA,Danville,US-VA-590
United States,US,Virginia,US-VA,Highland,US-VA-091
United States,US,Virginia,US-VA,Lee,US-VA-105
United States,US,Virginia,US-VA,Essex,US-VA-057
United States,US,Virginia,US-VA,Harrisonburg,US-VA-660
United States,US,Virginia,US-VA,Hopewell,US-VA-670
United States,US,Virginia,US-VA,Galax,US-VA-640
United States,US,Virginia,US-VA,Rappahannock,US-VA-157
United States,US,Virginia,US-VA,Loudoun,US-VA-107
United States,US,Virginia,US-VA,Goochland,US-VA-075
United States,US,Virginia,US-VA,Roanoke,US-VA-161
United States,US,Virginia,US-VA,Northumberland,US-VA-133
United States,US,Virginia,US-VA,Frederick,US-VA-069
United States,US,Virginia,US-VA,Appomattox,US-VA-011
United States,US,Virginia,US-VA,Bath,US-VA-017
United States,US,Virginia,US-VA,Culpeper,US-VA-047
United States,US,Virginia,US-VA,Fairfax,US-VA-059
United States,US,Virginia,US-VA,Montgomery,US-VA-121
United States,US,Virginia,US-VA,Staunton,US-VA-790
United States,US,Virginia,US-VA,Fluvanna,US-VA-065
United States,US,Virginia,US-VA,Bland,US-VA-021
United States,US,Virginia,US-VA,Botetourt,US-VA-023
United States,US,Virginia,US-VA,Newport News,US-VA-700
United States,US,Virginia,US-VA,Floyd,US-VA-063
United States,US,Virginia,US-VA,Orange,US-VA-137
United States,US,Virginia,US-VA,Craig,US-VA-045
United States,US,Virginia,US-VA,Charlotte,US-VA-037
United States,US,Virginia,US-VA,Greensville,US-VA-081
United States,US,Virginia,US-VA,Williamsburg,US-VA-830
United States,US,Virginia,US-VA,Northampton,US-VA-131
United States,US,Virginia,US-VA,Falls Church,US-VA-610
United States,US,Virginia,US-VA,Lancaster,US-VA-103
United States,US,Virginia,US-VA,Page,US-VA-139
United States,US,Virginia,US-VA,Waynesboro,US-VA-820
United States,US,Virginia,US-VA,Suffolk,US-VA-800
United States,US,Virginia,US-VA,Greene,US-VA-079
United States,US,Virginia,US-VA,Mecklenburg,US-VA-117
United States,US,Virginia,US-VA,Buckingham,US-VA-029
United States,US,Virginia,US-VA,Dickenson,US-VA-051
United States,US,Virginia,US-VA,Westmoreland,US-VA-193
United States,US,Virginia,US-VA,King William,US-VA-101
United States,US,Virginia,US-VA,Franklin City,US-VA-620
United States,US,Virginia,US-VA,Charlottesville,US-VA-540
United States,US,Virginia,US-VA,Albemarle,US-VA-003
United States,US,Virginia,US-VA,Richmond City,US-VA-760
United States,US,Virginia,US-VA,Powhatan,US-VA-145
United States,US,Virginia,US-VA,Southampton,US-VA-175
United States,US,Virginia,US-VA,Cumberland,US-VA-049
United States,US,Virginia,US-VA,King George,US-VA-099
United States,US,Virginia,US-VA,Petersburg,US-VA-730
United States,US,Virginia,US-VA,Richmond,US-VA-159
United States,US,Virginia,US-VA,Winchester,US-VA-840
United States,US,Virginia,US-VA,Smyth,US-VA-173
United States,US,Virginia,US-VA,Clarke,US-VA-043
United States,US,Virginia,US-VA,Prince George,US-VA-149
United States,US,Virginia,US-VA,Manassas,US-VA-683
United States,US,Virginia,US-VA,Chesterfield,US-VA-041
United States,US,Virginia,US-VA,Radford,US-VA-750
United States,US,Virginia,US-VA,Bedford,US-VA-019
United States,US,Virginia,US-VA,Norfolk,US-VA-710
United States,US,Virginia,US-VA,Alleghany,US-VA-005
United States,US,Virginia,US-VA,Washington,US-VA-191
United States,US,Virginia,US-VA,Brunswick,US-VA-025
United States,US,Virginia,US-VA,Surry,US-VA-181
United States,US,Virginia,US-VA,Henrico,US-VA-087
United States,US,Virginia,US-VA,Chesapeake,US-VA-550
United States,US,Virginia,US-VA,Madison,US-VA-113
United States,US,Virginia,US-VA,Fauquier,US-VA-061
United States,US,Virginia,US-VA,Lynchburg,US-VA-680
United States,US,Virginia,US-VA,Warren,US-VA-187
United States,US,Virginia,US-VA,Tazewell,US-VA-185
United States,US,Virginia,US-VA,Augusta,US-VA-015
United States,US,Virginia,US-VA,Shenandoah,US-VA-171
United States,US,Virginia,US-VA,Grayson,US-VA-077
United States,US,Virginia,US-VA,Pittsylvania,US-VA-143
United States,US,Virginia,US-VA,Fredericksburg,US-VA-630
United States,US,Virginia,US-VA,Patrick,US-VA-141
United States,US,Virginia,US-VA,Dinwiddie,US-VA-053
United States,US,Virginia,US-VA,Bristol,US-VA-520
United States,US,Virginia,US-VA,Poquoson,US-VA-735
United States,US,Virginia,US-VA,Sussex,US-VA-183
United States,US,Virginia,US-VA,Salem,US-VA-775
United States,US,Virginia,US-VA,Gloucester,US-VA-073
United States,US,Virginia,US-VA,Charles City,US-VA-036
United States,US,Virginia,US-VA,Portsmouth,US-VA-740
United States,US,Virginia,US-VA,Prince Edward,US-VA-147
United States,US,Virginia,US-VA,Nelson,US-VA-125
United States,US,Virginia,US-VA,Isle of Wight,US-VA-093
United States,US,Virginia,US-VA,Martinsville,US-VA-690
United States,US,Virginia,US-VA,King and Queen,US-VA-097
United States,US,Virginia,US-VA,Prince William,US-VA-153
United States,US,Virginia,US-VA,Emporia,US-VA-595
United States,US,Virginia,US-VA,Franklin,US-VA-067
United States,US,Virginia,US-VA,Pulaski,US-VA-155
United States,US,Virginia,US-VA,Amherst,US-VA-009
United States,US,Virginia,US-VA,Mathews,US-VA-115
United States,US,Virginia,US-VA,Henry,US-VA-089
United States,US,Virginia,US-VA,Wise,US-VA-195
United States,US,Virginia,US-VA,Manassas Park,US-VA-685
United States,US,Virginia,US-VA,Amelia,US-VA-007
United States,US,Virginia,US-VA,Russell,US-VA-167
United States,US,Virginia,US-VA,Wythe,US-VA-197
United States,US,Virginia,US-VA,Scott,US-VA-169
United States,US,Virginia,US-VA,Arlington,US-VA-013
United States,US,Virginia,US-VA,Fairfax City,US-VA-600
United States,US,Virginia,US-VA,Carroll,US-VA-035
United States,US,Virginia,US-VA,Lexington,US-VA-678
United States,US,Virginia,US-VA,Stafford,US-VA-179
United States,US,Virginia,US-VA,Lunenburg,US-VA-111
United States,US,Virginia,US-VA,Campbell,US-VA-031
United States,US,Virginia,US-VA,Giles,US-VA-071
United States,US,Virginia,US-VA,Hampton,US-VA-650
United States,US,New Jersey,US-NJ,Hudson,US-NJ-017
United States,US,New Jersey,US-NJ,Somerset,US-NJ-035
United States,US,New Jersey,US-NJ,Monmouth,US-NJ-025
United States,US,New Jersey,US-NJ,Mercer,US-NJ-021
United States,US,New Jersey,US-NJ,Atlantic,US-NJ-001
United States,US,New Jersey,US-NJ,Burlington,US-NJ-005
United States,US,New Jersey,US-NJ,Ocean,US-NJ-029
United States,US,New Jersey,US-NJ,Morris,US-NJ-027
United States,US,New Jersey,US-NJ,Gloucester,US-NJ-015
United States,US,New Jersey,US-NJ,Bergen,US-NJ-003
United States,US,New Jersey,US-NJ,Middlesex,US-NJ-023
United States,US,New Jersey,US-NJ,Warren,US-NJ-041
United States,US,New Jersey,US-NJ,Sussex,US-NJ-037
United States,US,New Jersey,US-NJ,Salem,US-NJ-033
United States,US,New Jersey,US-NJ,Hunterdon,US-NJ-019
United States,US,New Jersey,US-NJ,Essex,US-NJ-013
United States,US,New Jersey,US-NJ,Union,US-NJ-039
United States,US,New Jersey,US-NJ,Cumberland,US-NJ-011
United States,US,New Jersey,US-NJ,Cape May,US-NJ-009
United States,US,New Jersey,US-NJ,Camden,US-NJ-007
United States,US,New Jersey,US-NJ,Passaic,US-NJ-031
United States,US,Iowa,US-IA,Scott,US-IA-163
United States,US,Iowa,US-IA,Henry,US-IA-087
United States,US,Iowa,US-IA,Wright,US-IA-197
United States,US,Iowa,US-IA,Buchanan,US-IA-019
United States,US,Iowa,US-IA,Wapello,US-IA-179
United States,US,Iowa,US-IA,Boone,US-IA-015
United States,US,Iowa,US-IA,Palo Alto,US-IA-147
United States,US,Iowa,US-IA,Adair,US-IA-001
United States,US,Iowa,US-IA,Warren,US-IA-181
United States,US,Iowa,US-IA,Taylor,US-IA-173
United States,US,Iowa,US-IA,Black Hawk,US-IA-013
United States,US,Iowa,US-IA,Clay,US-IA-041
United States,US,Iowa,US-IA,Decatur,US-IA-053
United States,US,Iowa,US-IA,Cedar,US-IA-031
United States,US,Iowa,US-IA,Marion,US-IA-125
United States,US,Iowa,US-IA,Madison,US-IA-121
United States,US,Iowa,US-IA,Clarke,US-IA-039
United States,US,Iowa,US-IA,Lyon,US-IA-119
United States,US,Iowa,US-IA,Muscatine,US-IA-139
United States,US,Iowa,US-IA,Clayton,US-IA-043
United States,US,Iowa,US-IA,Keokuk,US-IA-107
United States,US,Iowa,US-IA,Page,US-IA-145
United States,US,Iowa,US-IA,Fayette,US-IA-065
United States,US,Iowa,US-IA,Hardin,US-IA-083
United States,US,Iowa,US-IA,Dallas,US-IA-049
United States,US,Iowa,US-IA,Shelby,US-IA-165
United States,US,Iowa,US-IA,Jones,US-IA-105
United States,US,Iowa,US-IA,Webster,US-IA-187
United States,US,Iowa,US-IA,Wayne,US-IA-185
United States,US,Iowa,US-IA,Cass,US-IA-029
United States,US,Iowa,US-IA,Polk,US-IA-153
United States,US,Iowa,US-IA,Chickasaw,US-IA-037
United States,US,Iowa,US-IA,Sac,US-IA-161
United States,US,Iowa,US-IA,Crawford,US-IA-047
United States,US,Iowa,US-IA,Ida,US-IA-093
United States,US,Iowa,US-IA,Osceola,US-IA-143
United States,US,Iowa,US-IA,Clinton,US-IA-045
United States,US,Iowa,US-IA,Floyd,US-IA-067
United States,US,Iowa,US-IA,Linn,US-IA-113
United States,US,Iowa,US-IA,Tama,US-IA-171
United States,US,Iowa,US-IA,Delaware,US-IA-055
United States,US,Iowa,US-IA,Hancock,US-IA-081
United States,US,Iowa,US-IA,Monona,US-IA-133
United States,US,Iowa,US-IA,Appanoose,US-IA-007
United States,US,Iowa,US-IA,Allamakee,US-IA-005
United States,US,Iowa,US-IA,Franklin,US-IA-069
United States,US,Iowa,US-IA,Johnson,US-IA-103
United States,US,Iowa,US-IA,Iowa,US-IA-095
United States,US,Iowa,US-IA,Pottawattamie,US-IA-155
United States,US,Iowa,US-IA,Cerro Gordo,US-IA-033
United States,US,Iowa,US-IA,Mitchell,US-IA-131
United States,US,Iowa,US-IA,Poweshiek,US-IA-157
United States,US,Iowa,US-IA,Winnebago,US-IA-189
United States,US,Iowa,US-IA,Emmet,US-IA-063
United States,US,Iowa,US-IA,Monroe,US-IA-135
United States,US,Iowa,US-IA,O'Brien,US-IA-141
United States,US,Iowa,US-IA,Montgomery,US-IA-137
United States,US,Iowa,US-IA,Davis,US-IA-051
United States,US,Iowa,US-IA,Audubon,US-IA-009
United States,US,Iowa,US-IA,Hamilton,US-IA-079
United States,US,Iowa,US-IA,Carroll,US-IA-027
United States,US,Iowa,US-IA,Fremont,US-IA-071
United States,US,Iowa,US-IA,Greene,US-IA-073
United States,US,Iowa,US-IA,Woodbury,US-IA-193
United States,US,Iowa,US-IA,Marshall,US-IA-127
United States,US,Iowa,US-IA,Worth,US-IA-195
United States,US,Iowa,US-IA,Adams,US-IA-003
United States,US,Iowa,US-IA,Cherokee,US-IA-035
United States,US,Iowa,US-IA,Dubuque,US-IA-061
United States,US,Iowa,US-IA,Des Moines,US-IA-057
United States,US,Iowa,US-IA,Sioux,US-IA-167
United States,US,Iowa,US-IA,Benton,US-IA-011
United States,US,Iowa,US-IA,Kossuth,US-IA-109
United States,US,Iowa,US-IA,Calhoun,US-IA-025
United States,US,Iowa,US-IA,Howard,US-IA-089
United States,US,Iowa,US-IA,Jasper,US-IA-099
United States,US,Iowa,US-IA,Lucas,US-IA-117
United States,US,Iowa,US-IA,Buena Vista,US-IA-021
United States,US,Iowa,US-IA,Union,US-IA-175
United States,US,Iowa,US-IA,Mahaska,US-IA-123
United States,US,Iowa,US-IA,Washington,US-IA-183
United States,US,Iowa,US-IA,Dickinson,US-IA-059
United States,US,Iowa,US-IA,Van Buren,US-IA-177
United States,US,Iowa,US-IA,Mills,US-IA-129
United States,US,Iowa,US-IA,Pocahontas,US-IA-151
United States,US,Iowa,US-IA,Jackson,US-IA-097
United States,US,Iowa,US-IA,Plymouth,US-IA-149
United States,US,Iowa,US-IA,Humboldt,US-IA-091
United States,US,Iowa,US-IA,Lee,US-IA-111
United States,US,Iowa,US-IA,Ringgold,US-IA-159
United States,US,Iowa,US-IA,Jefferson,US-IA-101
United States,US,Iowa,US-IA,Guthrie,US-IA-077
United States,US,Iowa,US-IA,Winneshiek,US-IA-191
United States,US,Iowa,US-IA,Louisa,US-IA-115
United States,US,Iowa,US-IA,Bremer,US-IA-017
United States,US,Iowa,US-IA,Butler,US-IA-023
United States,US,Iowa,US-IA,Story,US-IA-169
United States,US,Iowa,US-IA,Harrison,US-IA-085
United States,US,Iowa,US-IA,Grundy,US-IA-075
United States,US,Tennessee,US-TN,Blount,US-TN-009
United States,US,Tennessee,US-TN,Roane,US-TN-145
United States,US,Tennessee,US-TN,Marshall,US-TN-117
United States,US,Tennessee,US-TN,Overton,US-TN-133
United States,US,Tennessee,US-TN,Warren,US-TN-177
United States,US,Tennessee,US-TN,Grainger,US-TN-057
United States,US,Tennessee,US-TN,Haywood,US-TN-075
United States,US,Tennessee,US-TN,Cumberland,US-TN-035
United States,US,Tennessee,US-TN,Jefferson,US-TN-089
United States,US,Tennessee,US-TN,Obion,US-TN-131
United States,US,Tennessee,US-TN,Davidson,US-TN-037
United States,US,Tennessee,US-TN,Maury,US-TN-119
United States,US,Tennessee,US-TN,Hardin,US-TN-071
United States,US,Tennessee,US-TN,Williamson,US-TN-187
United States,US,Tennessee,US-TN,Hamilton,US-TN-065
United States,US,Tennessee,US-TN,Lawrence,US-TN-099
United States,US,Tennessee,US-TN,Hardeman,US-TN-069
United States,US,Tennessee,US-TN,Stewart,US-TN-161
United States,US,Tennessee,US-TN,Moore,US-TN-127
United States,US,Tennessee,US-TN,Monroe,US-TN-123
United States,US,Tennessee,US-TN,Marion,US-TN-115
United States,US,Tennessee,US-TN,Hancock,US-TN-067
United States,US,Tennessee,US-TN,Fentress,US-TN-049
United States,US,Tennessee,US-TN,Coffee,US-TN-031
United States,US,Tennessee,US-TN,McMinn,US-TN-107
United States,US,Tennessee,US-TN,Tipton,US-TN-167
United States,US,Tennessee,US-TN,Morgan,US-TN-129
United States,US,Tennessee,US-TN,Sevier,US-TN-155
United States,US,Tennessee,US-TN,Loudon,US-TN-105
United States,US,Tennessee,US-TN,Cocke,US-TN-029
United States,US,Tennessee,US-TN,Dickson,US-TN-043
United States,US,Tennessee,US-TN,Rutherford,US-TN-149
United States,US,Tennessee,US-TN,Putnam,US-TN-141
United States,US,Tennessee,US-TN,Washington,US-TN-179
United States,US,Tennessee,US-TN,Johnson,US-TN-091
United States,US,Tennessee,US-TN,Unicoi,US-TN-171
United States,US,Tennessee,US-TN,Lake,US-TN-095
United States,US,Tennessee,US-TN,Perry,US-TN-135
United States,US,Tennessee,US-TN,Scott,US-TN-151
United States,US,Tennessee,US-TN,Grundy,US-TN-061
United States,US,Tennessee,US-TN,Cannon,US-TN-015
United States,US,Tennessee,US-TN,Carroll,US-TN-017
United States,US,Tennessee,US-TN,Gibson,US-TN-053
United States,US,Tennessee,US-TN,Humphreys,US-TN-085
United States,US,Tennessee,US-TN,Bedford,US-TN-003
United States,US,Tennessee,US-TN,Sequatchie,US-TN-153
United States,US,Tennessee,US-TN,Giles,US-TN-055
United States,US,Tennessee,US-TN,Franklin,US-TN-051
United States,US,Tennessee,US-TN,Macon,US-TN-111
United States,US,Tennessee,US-TN,Trousdale,US-TN-169
United States,US,Tennessee,US-TN,Knox,US-TN-093
United States,US,Tennessee,US-TN,Shelby,US-TN-157
United States,US,Tennessee,US-TN,Benton,US-TN-005
United States,US,Tennessee,US-TN,Smith,US-TN-159
United States,US,Tennessee,US-TN,Polk,US-TN-139
United States,US,Tennessee,US-TN,Bledsoe,US-TN-007
United States,US,Tennessee,US-TN,Meigs,US-TN-121
United States,US,Tennessee,US-TN,Sullivan,US-TN-163
United States,US,Tennessee,US-TN,Sumner,US-TN-165
United States,US,Tennessee,US-TN,Wilson,US-TN-189
United States,US,Tennessee,US-TN,Henry,US-TN-079
United States,US,Tennessee,US-TN,Union,US-TN-173
United States,US,Tennessee,US-TN,Hawkins,US-TN-073
United States,US,Tennessee,US-TN,Robertson,US-TN-147
United States,US,Tennessee,US-TN,Bradley,US-TN-011
United States,US,Tennessee,US-TN,Chester,US-TN-023
United States,US,Tennessee,US-TN,Crockett,US-TN-033
United States,US,Tennessee,US-TN,Lewis,US-TN-101
United States,US,Tennessee,US-TN,Decatur,US-TN-039
United States,US,Tennessee,US-TN,Houston,US-TN-083
United States,US,Tennessee,US-TN,Campbell,US-TN-013
United States,US,Tennessee,US-TN,Montgomery,US-TN-125
United States,US,Tennessee,US-TN,Madison,US-TN-113
United States,US,Tennessee,US-TN,Van Buren,US-TN-175
United States,US,Tennessee,US-TN,McNairy,US-TN-109
United States,US,Tennessee,US-TN,Claiborne,US-TN-025
United States,US,Tennessee,US-TN,DeKalb,US-TN-041
United States,US,Tennessee,US-TN,Dyer,US-TN-045
United States,US,Tennessee,US-TN,Hamblen,US-TN-063
United States,US,Tennessee,US-TN,Wayne,US-TN-181
United States,US,Tennessee,US-TN,Hickman,US-TN-081
United States,US,Tennessee,US-TN,Jackson,US-TN-087
United States,US,Tennessee,US-TN,Weakley,US-TN-183
United States,US,Tennessee,US-TN,Greene,US-TN-059
United States,US,Tennessee,US-TN,Lincoln,US-TN-103
United States,US,Tennessee,US-TN,Carter,US-TN-019
United States,US,Tennessee,US-TN,Lauderdale,US-TN-097
United States,US,Tennessee,US-TN,Anderson,US-TN-001
United States,US,Tennessee,US-TN,Henderson,US-TN-077
United States,US,Tennessee,US-TN,Clay,US-TN-027
United States,US,Tennessee,US-TN,White,US-TN-185
United States,US,Tennessee,US-TN,Cheatham,US-TN-021
United States,US,Tennessee,US-TN,Pickett,US-TN-137
United States,US,Tennessee,US-TN,Rhea,US-TN-143
United States,US,Tennessee,US-TN,Fayette,US-TN-047
United States,US,Oregon,US-OR,Gilliam,US-OR-021
United States,US,Oregon,US-OR,Malheur,US-OR-045
United States,US,Oregon,US-OR,Linn,US-OR-043
United States,US,Oregon,US-OR,Grant,US-OR-023
United States,US,Oregon,US-OR,Josephine,US-OR-033
United States,US,Oregon,US-OR,Tillamook,US-OR-057
United States,US,Oregon,US-OR,Jefferson,US-OR-031
United States,US,Oregon,US-OR,Clackamas,US-OR-005
United States,US,Oregon,US-OR,Wasco,US-OR-065
United States,US,Oregon,US-OR,Douglas,US-OR-019
United States,US,Oregon,US-OR,Washington,US-OR-067
United States,US,Oregon,US-OR,Yamhill,US-OR-071
United States,US,Oregon,US-OR,Lane,US-OR-039
United States,US,Oregon,US-OR,Curry,US-OR-015
United States,US,Oregon,US-OR,Polk,US-OR-053
United States,US,Oregon,US-OR,Columbia,US-OR-009
United States,US,Oregon,US-OR,Lincoln,US-OR-041
United States,US,Oregon,US-OR,Wheeler,US-OR-069
United States,US,Oregon,US-OR,Klamath,US-OR-035
United States,US,Oregon,US-OR,Umatilla,US-OR-059
United States,US,Oregon,US-OR,Union,US-OR-061
United States,US,Oregon,US-OR,Multnomah,US-OR-051
United States,US,Oregon,US-OR,Benton,US-OR-003
United States,US,Oregon,US-OR,Harney,US-OR-025
United States,US,Oregon,US-OR,Marion,US-OR-047
United States,US,Oregon,US-OR,Jackson,US-OR-029
United States,US,Oregon,US-OR,Lake,US-OR-037
United States,US,Oregon,US-OR,Deschutes,US-OR-017
United States,US,Oregon,US-OR,Morrow,US-OR-049
United States,US,Oregon,US-OR,Coos,US-OR-011
United States,US,Oregon,US-OR,Clatsop,US-OR-007
United States,US,Oregon,US-OR,Wallowa,US-OR-063
United States,US,Oregon,US-OR,Crook,US-OR-013
United States,US,Oregon,US-OR,Hood River,US-OR-027
United States,US,Oregon,US-OR,Baker,US-OR-001
United States,US,Oregon,US-OR,Sherman,US-OR-055
United States,US,Oklahoma,US-OK,Bryan,US-OK-013
United States,US,Oklahoma,US-OK,Stephens,US-OK-137
United States,US,Oklahoma,US-OK,Okmulgee,US-OK-111
United States,US,Oklahoma,US-OK,Washita,US-OK-149
United States,US,Oklahoma,US-OK,Dewey,US-OK-043
United States,US,Oklahoma,US-OK,Custer,US-OK-039
United States,US,Oklahoma,US-OK,Delaware,US-OK-041
United States,US,Oklahoma,US-OK,Creek,US-OK-037
United States,US,Oklahoma,US-OK,McCurtain,US-OK-089
United States,US,Oklahoma,US-OK,Cimarron,US-OK-025
United States,US,Oklahoma,US-OK,Canadian,US-OK-017
United States,US,Oklahoma,US-OK,Garfield,US-OK-047
United States,US,Oklahoma,US-OK,Harper,US-OK-059
United States,US,Oklahoma,US-OK,Pawnee,US-OK-117
United States,US,Oklahoma,US-OK,Adair,US-OK-001
United States,US,Oklahoma,US-OK,Mayes,US-OK-097
United States,US,Oklahoma,US-OK,Hughes,US-OK-063
United States,US,Oklahoma,US-OK,McIntosh,US-OK-091
United States,US,Oklahoma,US-OK,Alfalfa,US-OK-003
United States,US,Oklahoma,US-OK,Woods,US-OK-151
United States,US,Oklahoma,US-OK,Roger Mills,US-OK-129
United States,US,Oklahoma,US-OK,Choctaw,US-OK-023
United States,US,Oklahoma,US-OK,Ottawa,US-OK-115
United States,US,Oklahoma,US-OK,Cleveland,US-OK-027
United States,US,Oklahoma,US-OK,Pittsburg,US-OK-121
United States,US,Oklahoma,US-OK,Johnston,US-OK-069
United States,US,Oklahoma,US-OK,Washington,US-OK-147
United States,US,Oklahoma,US-OK,Love,US-OK-085
United States,US,Oklahoma,US-OK,Greer,US-OK-055
United States,US,Oklahoma,US-OK,Pontotoc,US-OK-123
United States,US,Oklahoma,US-OK,Grady,US-OK-051
United States,US,Oklahoma,US-OK,Atoka,US-OK-005
United States,US,Oklahoma,US-OK,Pottawatomie,US-OK-125
United States,US,Oklahoma,US-OK,Tillman,US-OK-141
United States,US,Oklahoma,US-OK,Kingfisher,US-OK-073
United States,US,Oklahoma,US-OK,Cotton,US-OK-033
United States,US,Oklahoma,US-OK,Harmon,US-OK-057
United States,US,Oklahoma,US-OK,Muskogee,US-OK-101
United States,US,Oklahoma,US-OK,Latimer,US-OK-077
United States,US,Oklahoma,US-OK,Lincoln,US-OK-081
United States,US,Oklahoma,US-OK,Beckham,US-OK-009
United States,US,Oklahoma,US-OK,Logan,US-OK-083
United States,US,Oklahoma,US-OK,Blaine,US-OK-011
United States,US,Oklahoma,US-OK,Noble,US-OK-103
United States,US,Oklahoma,US-OK,Grant,US-OK-053
United States,US,Oklahoma,US-OK,Tulsa,US-OK-143
United States,US,Oklahoma,US-OK,Caddo,US-OK-015
United States,US,Oklahoma,US-OK,Kiowa,US-OK-075
United States,US,Oklahoma,US-OK,Comanche,US-OK-031
United States,US,Oklahoma,US-OK,Major,US-OK-093
United States,US,Oklahoma,US-OK,Ellis,US-OK-045
United States,US,Oklahoma,US-OK,Pushmataha,US-OK-127
United States,US,Oklahoma,US-OK,Cherokee,US-OK-021
United States,US,Oklahoma,US-OK,Okfuskee,US-OK-107
United States,US,Oklahoma,US-OK,Le Flore,US-OK-079
United States,US,Oklahoma,US-OK,Payne,US-OK-119
United States,US,Oklahoma,US-OK,Haskell,US-OK-061
United States,US,Oklahoma,US-OK,Nowata,US-OK-105
United States,US,Oklahoma,US-OK,Rogers,US-OK-131
United States,US,Oklahoma,US-OK,Woodward,US-OK-153
United States,US,Oklahoma,US-OK,Oklahoma,US-OK-109
United States,US,Oklahoma,US-OK,Carter,US-OK-019
United States,US,Oklahoma,US-OK,Texas,US-OK-139
United States,US,Oklahoma,US-OK,Sequoyah,US-OK-135
United States,US,Oklahoma,US-OK,Osage,US-OK-113
United States,US,Oklahoma,US-OK,Beaver,US-OK-007
United States,US,Oklahoma,US-OK,Seminole,US-OK-133
United States,US,Oklahoma,US-OK,Craig,US-OK-035
United States,US,Oklahoma,US-OK,Wagoner,US-OK-145
United States,US,Oklahoma,US-OK,Jefferson,US-OK-067
United States,US,Oklahoma,US-OK,Kay,US-OK-071
United States,US,Oklahoma,US-OK,Jackson,US-OK-065
United States,US,Oklahoma,US-OK,Coal,US-OK-029
United States,US,Oklahoma,US-OK,Murray,US-OK-099
United States,US,Oklahoma,US-OK,Garvin,US-OK-049
United States,US,Oklahoma,US-OK,Marshall,US-OK-095
United States,US,Oklahoma,US-OK,McClain,US-OK-087
United States,US,Mississippi,US-MS,Sunflower,US-MS-133
United States,US,Mississippi,US-MS,Tallahatchie,US-MS-135
United States,US,Mississippi,US-MS,Alcorn,US-MS-003
United States,US,Mississippi,US-MS,Pontotoc,US-MS-115
United States,US,Mississippi,US-MS,Leake,US-MS-079
United States,US,Mississippi,US-MS,Perry,US-MS-111
United States,US,Mississippi,US-MS,Hinds,US-MS-049
United States,US,Mississippi,US-MS,Washington,US-MS-151
United States,US,Mississippi,US-MS,Union,US-MS-145
United States,US,Mississippi,US-MS,Lauderdale,US-MS-075
United States,US,Mississippi,US-MS,George,US-MS-039
United States,US,Mississippi,US-MS,Noxubee,US-MS-103
United States,US,Mississippi,US-MS,Choctaw,US-MS-019
United States,US,Mississippi,US-MS,Jackson,US-MS-059
United States,US,Mississippi,US-MS,Issaquena,US-MS-055
United States,US,Mississippi,US-MS,Franklin,US-MS-037
United States,US,Mississippi,US-MS,Walthall,US-MS-147
United States,US,Mississippi,US-MS,Marion,US-MS-091
United States,US,Mississippi,US-MS,Jefferson,US-MS-063
United States,US,Mississippi,US-MS,Jasper,US-MS-061
United States,US,Mississippi,US-MS,Tunica,US-MS-143
United States,US,Mississippi,US-MS,Tate,US-MS-137
United States,US,Mississippi,US-MS,Leflore,US-MS-083
United States,US,Mississippi,US-MS,Smith,US-MS-129
United States,US,Mississippi,US-MS,Harrison,US-MS-047
United States,US,Mississippi,US-MS,Forrest,US-MS-035
United States,US,Mississippi,US-MS,Holmes,US-MS-051
United States,US,Mississippi,US-MS,Lincoln,US-MS-085
United States,US,Mississippi,US-MS,Prentiss,US-MS-117
United States,US,Mississippi,US-MS,Wilkinson,US-MS-157
United States,US,Mississippi,US-MS,Lafayette,US-MS-071
United States,US,Mississippi,US-MS,Webster,US-MS-155
United States,US,Mississippi,US-MS,Lee,US-MS-081
United States,US,Mississippi,US-MS,Itawamba,US-MS-057
United States,US,Mississippi,US-MS,Oktibbeha,US-MS-105
United States,US,Mississippi,US-MS,Amite,US-MS-005
United States,US,Mississippi,US-MS,Neshoba,US-MS-099
United States,US,Mississippi,US-MS,Lamar,US-MS-073
United States,US,Mississippi,US-MS,Warren,US-MS-149
United States,US,Mississippi,US-MS,Yazoo,US-MS-163
United States,US,Mississippi,US-MS,Claiborne,US-MS-021
United States,US,Mississippi,US-MS,Madison,US-MS-089
United States,US,Mississippi,US-MS,Adams,US-MS-001
United States,US,Mississippi,US-MS,Bolivar,US-MS-011
United States,US,Mississippi,US-MS,Sharkey,US-MS-125
United States,US,Mississippi,US-MS,Attala,US-MS-007
United States,US,Mississippi,US-MS,Montgomery,US-MS-097
United States,US,Mississippi,US-MS,Winston,US-MS-159
United States,US,Mississippi,US-MS,Clarke,US-MS-023
United States,US,Mississippi,US-MS,Calhoun,US-MS-013
United States,US,Mississippi,US-MS,Covington,US-MS-031
United States,US,Mississippi,US-MS,Lowndes,US-MS-087
United States,US,Mississippi,US-MS,Panola,US-MS-107
United States,US,Mississippi,US-MS,Monroe,US-MS-095
United States,US,Mississippi,US-MS,Chickasaw,US-MS-017
United States,US,Mississippi,US-MS,Grenada,US-MS-043
United States,US,Mississippi,US-MS,Yalobusha,US-MS-161
United States,US,Mississippi,US-MS,Copiah,US-MS-029
United States,US,Mississippi,US-MS,Newton,US-MS-101
United States,US,Mississippi,US-MS,Quitman,US-MS-119
United States,US,Mississippi,US-MS,Jones,US-MS-067
United States,US,Mississippi,US-MS,Carroll,US-MS-015
United States,US,Mississippi,US-MS,Wayne,US-MS-153
United States,US,Mississippi,US-MS,Kemper,US-MS-069
United States,US,Mississippi,US-MS,Tishomingo,US-MS-141
United States,US,Mississippi,US-MS,Greene,US-MS-041
United States,US,Mississippi,US-MS,Humphreys,US-MS-053
United States,US,Mississippi,US-MS,Hancock,US-MS-045
United States,US,Mississippi,US-MS,Stone,US-MS-131
United States,US,Mississippi,US-MS,Tippah,US-MS-139
United States,US,Mississippi,US-MS,DeSoto,US-MS-033
United States,US,Mississippi,US-MS,Pike,US-MS-113
United States,US,Mississippi,US-MS,Clay,US-MS-025
United States,US,Mississippi,US-MS,Jefferson Davis,US-MS-065
United States,US,Mississippi,US-MS,Lawrence,US-MS-077
United States,US,Mississippi,US-MS,Marshall,US-MS-093
United States,US,Mississippi,US-MS,Simpson,US-MS-127
United States,US,Mississippi,US-MS,Scott,US-MS-123
United States,US,Mississippi,US-MS,Benton,US-MS-009
United States,US,Mississippi,US-MS,Pearl River,US-MS-109
United States,US,Mississippi,US-MS,Coahoma,US-MS-027
United States,US,Mississippi,US-MS,Rankin,US-MS-121
United States,US,South Dakota,US-SD,Jones,US-SD-075
United States,US,South Dakota,US-SD,McCook,US-SD-087
United States,US,South Dakota,US-SD,Turner,US-SD-125
United States,US,South Dakota,US-SD,Corson,US-SD-031
United States,US,South Dakota,US-SD,Jerauld,US-SD-073
United States,US,South Dakota,US-SD,Hutchinson,US-SD-067
United States,US,South Dakota,US-SD,Oglala Lakota,US-SD-113
United States,US,South Dakota,US-SD,Mellette,US-SD-095
United States,US,South Dakota,US-SD,Sanborn,US-SD-111
United States,US,South Dakota,US-SD,Yankton,US-SD-135
United States,US,South Dakota,US-SD,Douglas,US-SD-043
United States,US,South Dakota,US-SD,Brown,US-SD-013
United States,US,South Dakota,US-SD,Meade,US-SD-093
United States,US,South Dakota,US-SD,Davison,US-SD-035
United States,US,South Dakota,US-SD,Clay,US-SD-027
United States,US,South Dakota,US-SD,Beadle,US-SD-005
United States,US,South Dakota,US-SD,Brule,US-SD-015
United States,US,South Dakota,US-SD,Dewey,US-SD-041
United States,US,South Dakota,US-SD,Roberts,US-SD-109
United States,US,South Dakota,US-SD,Haakon,US-SD-055
United States,US,South Dakota,US-SD,Moody,US-SD-101
United States,US,South Dakota,US-SD,Tripp,US-SD-123
United States,US,South Dakota,US-SD,Spink,US-SD-115
United States,US,South Dakota,US-SD,Gregory,US-SD-053
United States,US,South Dakota,US-SD,Edmunds,US-SD-045
United States,US,South Dakota,US-SD,Clark,US-SD-025
United States,US,South Dakota,US-SD,Hanson,US-SD-061
United States,US,South Dakota,US-SD,Day,US-SD-037
United States,US,South Dakota,US-SD,Grant,US-SD-051
United States,US,South Dakota,US-SD,Charles Mix,US-SD-023
United States,US,South Dakota,US-SD,Campbell,US-SD-021
United States,US,South Dakota,US-SD,Lawrence,US-SD-081
United States,US,South Dakota,US-SD,Union,US-SD-127
United States,US,South Dakota,US-SD,Jackson,US-SD-071
United States,US,South Dakota,US-SD,Custer,US-SD-033
United States,US,South Dakota,US-SD,Buffalo,US-SD-017
United States,US,South Dakota,US-SD,Stanley,US-SD-117
United States,US,South Dakota,US-SD,Bon Homme,US-SD-009
United States,US,South Dakota,US-SD,Miner,US-SD-097
United States,US,South Dakota,US-SD,Pennington,US-SD-103
United States,US,South Dakota,US-SD,Ziebach,US-SD-137
United States,US,South Dakota,US-SD,Harding,US-SD-063
United States,US,South Dakota,US-SD,Lake,US-SD-079
United States,US,South Dakota,US-SD,Lyman,US-SD-085
United States,US,South Dakota,US-SD,Walworth,US-SD-129
United States,US,South Dakota,US-SD,Minnehaha,US-SD-099
United States,US,South Dakota,US-SD,Sully,US-SD-119
United States,US,South Dakota,US-SD,Marshall,US-SD-091
United States,US,South Dakota,US-SD,Fall River,US-SD-047
United States,US,South Dakota,US-SD,Bennett,US-SD-007
United States,US,South Dakota,US-SD,Kingsbury,US-SD-077
United States,US,South Dakota,US-SD,Hughes,US-SD-065
United States,US,South Dakota,US-SD,Perkins,US-SD-105
United States,US,South Dakota,US-SD,Faulk,US-SD-049
United States,US,South Dakota,US-SD,Hamlin,US-SD-057
United States,US,South Dakota,US-SD,Todd,US-SD-121
United States,US,South Dakota,US-SD,Potter,US-SD-107
United States,US,South Dakota,US-SD,Hand,US-SD-059
United States,US,South Dakota,US-SD,Codington,US-SD-029
United States,US,South Dakota,US-SD,Butte,US-SD-019
United States,US,South Dakota,US-SD,Aurora,US-SD-003
United States,US,South Dakota,US-SD,Hyde,US-SD-069
United States,US,South Dakota,US-SD,Brookings,US-SD-011
United States,US,South Dakota,US-SD,Lincoln,US-SD-083
United States,US,South Dakota,US-SD,Deuel,US-SD-039
United States,US,South Dakota,US-SD,McPherson,US-SD-089
United States,US,District of Columbia,US-DC,District of Columbia,US-DC-001
United States,US,Nevada,US-NV,Humboldt,US-NV-013
United States,US,Nevada,US-NV,Eureka,US-NV-011
United States,US,Nevada,US-NV,White Pine,US-NV-033
United States,US,Nevada,US-NV,Mineral,US-NV-021
United States,US,Nevada,US-NV,Douglas,US-NV-005
United States,US,Nevada,US-NV,Carson City,US-NV-510
United States,US,Nevada,US-NV,Lyon,US-NV-019
United States,US,Nevada,US-NV,Clark,US-NV-003
United States,US,Nevada,US-NV,Lander,US-NV-015
United States,US,Nevada,US-NV,Storey,US-NV-029
United States,US,Nevada,US-NV,Churchill,US-NV-001
United States,US,Nevada,US-NV,Lincoln,US-NV-017
United States,US,Nevada,US-NV,Elko,US-NV-007
United States,US,Nevada,US-NV,Esmeralda,US-NV-009
United States,US,Nevada,US-NV,Pershing,US-NV-027
United States,US,Nevada,US-NV,Washoe,US-NV-031
United States,US,Nevada,US-NV,Nye,US-NV-023
United States,US,Vermont,US-VT,Essex,US-VT-009
United States,US,Vermont,US-VT,Rutland,US-VT-021
United States,US,Vermont,US-VT,Bennington,US-VT-003
United States,US,Vermont,US-VT,Orleans,US-VT-019
United States,US,Vermont,US-VT,Washington,US-VT-023
United States,US,Vermont,US-VT,Windham,US-VT-025
United States,US,Vermont,US-VT,Orange,US-VT-017
United States,US,Vermont,US-VT,Chittenden,US-VT-007
United States,US,Vermont,US-VT,Addison,US-VT-001
United States,US,Vermont,US-VT,Lamoille,US-VT-015
United States,US,Vermont,US-VT,Caledonia,US-VT-005
United States,US,Vermont,US-VT,Franklin,US-VT-011
United States,US,Vermont,US-VT,Windsor,US-VT-027
United States,US,Vermont,US-VT,Grand Isle,US-VT-013
United States,US,Texas,US-TX,Deaf Smith,US-TX-117
United States,US,Texas,US-TX,Taylor,US-TX-441
United States,US,Texas,US-TX,Randall,US-TX-381
United States,US,Texas,US-TX,Comanche,US-TX-093
United States,US,Texas,US-TX,Kerr,US-TX-265
United States,US,Texas,US-TX,Calhoun,US-TX-057
United States,US,Texas,US-TX,Refugio,US-TX-391
United States,US,Texas,US-TX,Kaufman,US-TX-257
United States,US,Texas,US-TX,Morris,US-TX-343
United States,US,Texas,US-TX,Mills,US-TX-333
United States,US,Texas,US-TX,Gray,US-TX-179
United States,US,Texas,US-TX,Andrews,US-TX-003
United States,US,Texas,US-TX,Sterling,US-TX-431
United States,US,Texas,US-TX,Cottle,US-TX-101
United States,US,Texas,US-TX,Bee,US-TX-025
United States,US,Texas,US-TX,Lubbock,US-TX-303
United States,US,Texas,US-TX,Irion,US-TX-235
United States,US,Texas,US-TX,Mitchell,US-TX-335
United States,US,Texas,US-TX,Kimble,US-TX-267
United States,US,Texas,US-TX,San Saba,US-TX-411
United States,US,Texas,US-TX,Floyd,US-TX-153
United States,US,Texas,US-TX,Edwards,US-TX-137
United States,US,Texas,US-TX,Dallas,US-TX-113
United States,US,Texas,US-TX,Starr,US-TX-427
United States,US,Texas,US-TX,Leon,US-TX-289
United States,US,Texas,US-TX,Swisher,US-TX-437
United States,US,Texas,US-TX,King,US-TX-269
United States,US,Texas,US-TX,San Jacinto,US-TX-407
United States,US,Texas,US-TX,Collin,US-TX-085
United States,US,Texas,US-TX,Brown,US-TX-049
United States,US,Texas,US-TX,Ward,US-TX-475
United States,US,Texas,US-TX,Hartley,US-TX-205
United States,US,Texas,US-TX,Madison,US-TX-313
United States,US,Texas,US-TX,Van Zandt,US-TX-467
United States,US,Texas,US-TX,Navarro,US-TX-349
United States,US,Texas,US-TX,Yoakum,US-TX-501
United States,US,Texas,US-TX,Kenedy,US-TX-261
United States,US,Texas,US-TX,Fayette,US-TX-149
United States,US,Texas,US-TX,El Paso,US-TX-141
United States,US,Texas,US-TX,Harrison,US-TX-203
United States,US,Texas,US-TX,Johnson,US-TX-251
United States,US,Texas,US-TX,Gonzales,US-TX-177
United States,US,Texas,US-TX,Real,US-TX-385
United States,US,Texas,US-TX,Parmer,US-TX-369
United States,US,Texas,US-TX,Wood,US-TX-499
United States,US,Texas,US-TX,Stonewall,US-TX-433
United States,US,Texas,US-TX,Tyler,US-TX-457
United States,US,Texas,US-TX,Armstrong,US-TX-011
United States,US,Texas,US-TX,Hardin,US-TX-199
United States,US,Texas,US-TX,Hays,US-TX-209
United States,US,Texas,US-TX,Archer,US-TX-009
United States,US,Texas,US-TX,Midland,US-TX-329
United States,US,Texas,US-TX,Trinity,US-TX-455
United States,US,Texas,US-TX,Crane,US-TX-103
United States,US,Texas,US-TX,Collingsworth,US-TX-087
United States,US,Texas,US-TX,Parker,US-TX-367
United States,US,Texas,US-TX,Crockett,US-TX-105
United States,US,Texas,US-TX,Hopkins,US-TX-223
United States,US,Texas,US-TX,Coleman,US-TX-083
United States,US,Texas,US-TX,Jones,US-TX-253
United States,US,Texas,US-TX,Camp,US-TX-063
United States,US,Texas,US-TX,Bastrop,US-TX-021
United States,US,Texas,US-TX,Reeves,US-TX-389
United States,US,Texas,US-TX,Jack,US-TX-237
United States,US,Texas,US-TX,Hood,US-TX-221
United States,US,Texas,US-TX,Rockwall,US-TX-397
United States,US,Texas,US-TX,Nacogdoches,US-TX-347
United States,US,Texas,US-TX,Jim Wells,US-TX-249
United States,US,Texas,US-TX,Garza,US-TX-169
United States,US,Texas,US-TX,Franklin,US-TX-159
United States,US,Texas,US-TX,Burnet,US-TX-053
United States,US,Texas,US-TX,Cooke,US-TX-097
United States,US,Texas,US-TX,Marion,US-TX-315
United States,US,Texas,US-TX,Polk,US-TX-373
United States,US,Texas,US-TX,Hill,US-TX-217
United States,US,Texas,US-TX,Schleicher,US-TX-413
United States,US,Texas,US-TX,Crosby,US-TX-107
United States,US,Texas,US-TX,Limestone,US-TX-293
United States,US,Texas,US-TX,Donley,US-TX-129
United States,US,Texas,US-TX,Terry,US-TX-445
United States,US,Texas,US-TX,Willacy,US-TX-489
United States,US,Texas,US-TX,Menard,US-TX-327
United States,US,Texas,US-TX,Jackson,US-TX-239
United States,US,Texas,US-TX,Montgomery,US-TX-339
United States,US,Texas,US-TX,Brazos,US-TX-041
United States,US,Texas,US-TX,La Salle,US-TX-283
United States,US,Texas,US-TX,Howard,US-TX-227
United States,US,Texas,US-TX,Robertson,US-TX-395
United States,US,Texas,US-TX,Hockley,US-TX-219
United States,US,Texas,US-TX,Carson,US-TX-065
United States,US,Texas,US-TX,Gillespie,US-TX-171
United States,US,Texas,US-TX,Wise,US-TX-497
United States,US,Texas,US-TX,McMullen,US-TX-311
United States,US,Texas,US-TX,Motley,US-TX-345
United States,US,Texas,US-TX,Somervell,US-TX-425
United States,US,Texas,US-TX,Wichita,US-TX-485
United States,US,Texas,US-TX,Kent,US-TX-263
United States,US,Texas,US-TX,Reagan,US-TX-383
United States,US,Texas,US-TX,Henderson,US-TX-213
United States,US,Texas,US-TX,Shelby,US-TX-419
United States,US,Texas,US-TX,Tom Green,US-TX-451
United States,US,Texas,US-TX,Wilson,US-TX-493
United States,US,Texas,US-TX,Loving,US-TX-301
United States,US,Texas,US-TX,Lampasas,US-TX-281
United States,US,Texas,US-TX,Nueces,US-TX-355
United States,US,Texas,US-TX,Oldham,US-TX-359
United States,US,Texas,US-TX,Brooks,US-TX-047
United States,US,Texas,US-TX,Delta,US-TX-119
United States,US,Texas,US-TX,Kleberg,US-TX-273
United States,US,Texas,US-TX,Val Verde,US-TX-465
United States,US,Texas,US-TX,Sabine,US-TX-403
United States,US,Texas,US-TX,Castro,US-TX-069
United States,US,Texas,US-TX,Austin,US-TX-015
United States,US,Texas,US-TX,Roberts,US-TX-393
United States,US,Texas,US-TX,Milam,US-TX-331
United States,US,Texas,US-TX,Stephens,US-TX-429
United States,US,Texas,US-TX,Rusk,US-TX-401
United States,US,Texas,US-TX,Bailey,US-TX-017
United States,US,Texas,US-TX,Moore,US-TX-341
United States,US,Texas,US-TX,Nolan,US-TX-353
United States,US,Texas,US-TX,Hardeman,US-TX-197
United States,US,Texas,US-TX,Zavala,US-TX-507
United States,US,Texas,US-TX,Bell,US-TX-027
United States,US,Texas,US-TX,Uvalde,US-TX-463
United States,US,Texas,US-TX,Aransas,US-TX-007
United States,US,Texas,US-TX,Matagorda,US-TX-321
United States,US,Texas,US-TX,Runnels,US-TX-399
United States,US,Texas,US-TX,Brazoria,US-TX-039
United States,US,Texas,US-TX,Childress,US-TX-075
United States,US,Texas,US-TX,Fisher,US-TX-151
United States,US,Texas,US-TX,Jim Hogg,US-TX-247
United States,US,Texas,US-TX,Erath,US-TX-143
United States,US,Texas,US-TX,Shackelford,US-TX-417
United States,US,Texas,US-TX,Kendall,US-TX-259
United States,US,Texas,US-TX,Mason,US-TX-319
United States,US,Texas,US-TX,Winkler,US-TX-495
United States,US,Texas,US-TX,Bandera,US-TX-019
United States,US,Texas,US-TX,Hudspeth,US-TX-229
United States,US,Texas,US-TX,Upshur,US-TX-459
United States,US,Texas,US-TX,Dickens,US-TX-125
United States,US,Texas,US-TX,Hall,US-TX-191
United States,US,Texas,US-TX,Knox,US-TX-275
United States,US,Texas,US-TX,Red River,US-TX-387
United States,US,Texas,US-TX,Martin,US-TX-317
United States,US,Texas,US-TX,Atascosa,US-TX-013
United States,US,Texas,US-TX,Walker,US-TX-471
United States,US,Texas,US-TX,Ector,US-TX-135
United States,US,Texas,US-TX,Williamson,US-TX-491
United States,US,Texas,US-TX,Orange,US-TX-361
United States,US,Texas,US-TX,Victoria,US-TX-469
United States,US,Texas,US-TX,Clay,US-TX-077
United States,US,Texas,US-TX,Anderson,US-TX-001
United States,US,Texas,US-TX,Hutchinson,US-TX-233
United States,US,Texas,US-TX,Glasscock,US-TX-173
United States,US,Texas,US-TX,Galveston,US-TX-167
United States,US,Texas,US-TX,Lipscomb,US-TX-295
United States,US,Texas,US-TX,Dimmit,US-TX-127
United States,US,Texas,US-TX,Gaines,US-TX-165
United States,US,Texas,US-TX,Burleson,US-TX-051
United States,US,Texas,US-TX,Rains,US-TX-379
United States,US,Texas,US-TX,Concho,US-TX-095
United States,US,Texas,US-TX,Lamb,US-TX-279
United States,US,Texas,US-TX,Potter,US-TX-375
United States,US,Texas,US-TX,Pecos,US-TX-371
United States,US,Texas,US-TX,Sutton,US-TX-435
United States,US,Texas,US-TX,Hunt,US-TX-231
United States,US,Texas,US-TX,Gregg,US-TX-183
United States,US,Texas,US-TX,Upton,US-TX-461
United States,US,Texas,US-TX,Liberty,US-TX-291
United States,US,Texas,US-TX,Angelina,US-TX-005
United States,US,Texas,US-TX,Lavaca,US-TX-285
United States,US,Texas,US-TX,Jasper,US-TX-241
United States,US,Texas,US-TX,Llano,US-TX-299
United States,US,Texas,US-TX,Brewster,US-TX-043
United States,US,Texas,US-TX,Medina,US-TX-325
United States,US,Texas,US-TX,Grimes,US-TX-185
United States,US,Texas,US-TX,Terrell,US-TX-443
United States,US,Texas,US-TX,Panola,US-TX-365
United States,US,Texas,US-TX,Haskell,US-TX-207
United States,US,Texas,US-TX,San Patricio,US-TX-409
United States,US,Texas,US-TX,Lee,US-TX-287
United States,US,Texas,US-TX,DeWitt,US-TX-123
United States,US,Texas,US-TX,Titus,US-TX-449
United States,US,Texas,US-TX,Falls,US-TX-145
United States,US,Texas,US-TX,Chambers,US-TX-071
United States,US,Texas,US-TX,Ellis,US-TX-139
United States,US,Texas,US-TX,Presidio,US-TX-377
United States,US,Texas,US-TX,Wharton,US-TX-481
United States,US,Texas,US-TX,Hamilton,US-TX-193
United States,US,Texas,US-TX,Tarrant,US-TX-439
United States,US,Texas,US-TX,Bexar,US-TX-029
United States,US,Texas,US-TX,Coryell,US-TX-099
United States,US,Texas,US-TX,Cherokee,US-TX-073
United States,US,Texas,US-TX,Jeff Davis,US-TX-243
United States,US,Texas,US-TX,Young,US-TX-503
United States,US,Texas,US-TX,Baylor,US-TX-023
United States,US,Texas,US-TX,Dawson,US-TX-115
United States,US,Texas,US-TX,Wheeler,US-TX-483
United States,US,Texas,US-TX,Colorado,US-TX-089
United States,US,Texas,US-TX,Scurry,US-TX-415
United States,US,Texas,US-TX,Fort Bend,US-TX-157
United States,US,Texas,US-TX,Wilbarger,US-TX-487
United States,US,Texas,US-TX,Ochiltree,US-TX-357
United States,US,Texas,US-TX,Denton,US-TX-121
United States,US,Texas,US-TX,Freestone,US-TX-161
United States,US,Texas,US-TX,McCulloch,US-TX-307
United States,US,Texas,US-TX,Houston,US-TX-225
United States,US,Texas,US-TX,Borden,US-TX-033
United States,US,Texas,US-TX,Montague,US-TX-337
United States,US,Texas,US-TX,Fannin,US-TX-147
United States,US,Texas,US-TX,Briscoe,US-TX-045
United States,US,Texas,US-TX,Grayson,US-TX-181
United States,US,Texas,US-TX,Smith,US-TX-423
United States,US,Texas,US-TX,Comal,US-TX-091
United States,US,Texas,US-TX,Karnes,US-TX-255
United States,US,Texas,US-TX,Cochran,US-TX-079
United States,US,Texas,US-TX,Blanco,US-TX-031
United States,US,Texas,US-TX,McLennan,US-TX-309
United States,US,Texas,US-TX,Washington,US-TX-477
United States,US,Texas,US-TX,Hemphill,US-TX-211
United States,US,Texas,US-TX,Cameron,US-TX-061
United States,US,Texas,US-TX,Eastland,US-TX-133
United States,US,Texas,US-TX,Hansford,US-TX-195
United States,US,Texas,US-TX,Foard,US-TX-155
United States,US,Texas,US-TX,Zapata,US-TX-505
United States,US,Texas,US-TX,Culberson,US-TX-109
United States,US,Texas,US-TX,Throckmorton,US-TX-447
United States,US,Texas,US-TX,Webb,US-TX-479
United States,US,Texas,US-TX,Goliad,US-TX-175
United States,US,Texas,US-TX,Waller,US-TX-473
United States,US,Texas,US-TX,Lamar,US-TX-277
United States,US,Texas,US-TX,Guadalupe,US-TX-187
United States,US,Texas,US-TX,Bosque,US-TX-035
United States,US,Texas,US-TX,Live Oak,US-TX-297
United States,US,Texas,US-TX,Harris,US-TX-201
United States,US,Texas,US-TX,Palo Pinto,US-TX-363
United States,US,Texas,US-TX,Travis,US-TX-453
United States,US,Texas,US-TX,Coke,US-TX-081
United States,US,Texas,US-TX,Cass,US-TX-067
United States,US,Texas,US-TX,Hidalgo,US-TX-215
United States,US,Texas,US-TX,Lynn,US-TX-305
United States,US,Texas,US-TX,Maverick,US-TX-323
United States,US,Texas,US-TX,San Augustine,US-TX-405
United States,US,Texas,US-TX,Bowie,US-TX-037
United States,US,Texas,US-TX,Duval,US-TX-131
United States,US,Texas,US-TX,Callahan,US-TX-059
United States,US,Texas,US-TX,Dallam,US-TX-111
United States,US,Texas,US-TX,Newton,US-TX-351
United States,US,Texas,US-TX,Hale,US-TX-189
United States,US,Texas,US-TX,Jefferson,US-TX-245
United States,US,Texas,US-TX,Caldwell,US-TX-055
United States,US,Texas,US-TX,Sherman,US-TX-421
United States,US,Texas,US-TX,Kinney,US-TX-271
United States,US,Texas,US-TX,Frio,US-TX-163
United States,US,South Carolina,US-SC,Saluda,US-SC-081
United States,US,South Carolina,US-SC,Fairfield,US-SC-039
United States,US,South Carolina,US-SC,Anderson,US-SC-007
United States,US,South Carolina,US-SC,Orangeburg,US-SC-075
United States,US,South Carolina,US-SC,Laurens,US-SC-059
United States,US,South Carolina,US-SC,Sumter,US-SC-085
United States,US,South Carolina,US-SC,Chesterfield,US-SC-025
United States,US,South Carolina,US-SC,Bamberg,US-SC-009
United States,US,South Carolina,US-SC,Newberry,US-SC-071
United States,US,South Carolina,US-SC,Spartanburg,US-SC-083
United States,US,South Carolina,US-SC,Barnwell,US-SC-011
United States,US,South Carolina,US-SC,Marion,US-SC-067
United States,US,South Carolina,US-SC,Dorchester,US-SC-035
United States,US,South Carolina,US-SC,Clarendon,US-SC-027
United States,US,South Carolina,US-SC,Beaufort,US-SC-013
United States,US,South Carolina,US-SC,Aiken,US-SC-003
United States,US,South Carolina,US-SC,Allendale,US-SC-005
United States,US,South Carolina,US-SC,Chester,US-SC-023
United States,US,South Carolina,US-SC,Dillon,US-SC-033
United States,US,South Carolina,US-SC,Greenwood,US-SC-047
United States,US,South Carolina,US-SC,Colleton,US-SC-029
United States,US,South Carolina,US-SC,Richland,US-SC-079
United States,US,South Carolina,US-SC,Hampton,US-SC-049
United States,US,South Carolina,US-SC,McCormick,US-SC-065
United States,US,South Carolina,US-SC,Williamsburg,US-SC-089
United States,US,South Carolina,US-SC,Pickens,US-SC-077
United States,US,South Carolina,US-SC,Horry,US-SC-051
United States,US,South Carolina,US-SC,Georgetown,US-SC-043
United States,US,South Carolina,US-SC,Greenville,US-SC-045
United States,US,South Carolina,US-SC,York,US-SC-091
United States,US,South Carolina,US-SC,Kershaw,US-SC-055
United States,US,South Carolina,US-SC,Edgefield,US-SC-037
United States,US,South Carolina,US-SC,Union,US-SC-087
United States,US,South Carolina,US-SC,Calhoun,US-SC-017
United States,US,South Carolina,US-SC,Florence,US-SC-041
United States,US,South Carolina,US-SC,Marlboro,US-SC-069
United States,US,South Carolina,US-SC,Charleston,US-SC-019
United States,US,South Carolina,US-SC,Lexington,US-SC-063
United States,US,South Carolina,US-SC,Lee,US-SC-061
United States,US,South Carolina,US-SC,Abbeville,US-SC-001
United States,US,South Carolina,US-SC,Darlington,US-SC-031
United States,US,South Carolina,US-SC,Cherokee,US-SC-021
United States,US,South Carolina,US-SC,Jasper,US-SC-053
United States,US,South Carolina,US-SC,Oconee,US-SC-073
United States,US,South Carolina,US-SC,Berkeley,US-SC-015
United States,US,South Carolina,US-SC,Lancaster,US-SC-057
United States,US,Massachusetts,US-MA,Barnstable,US-MA-001
United States,US,Massachusetts,US-MA,Middlesex,US-MA-017
United States,US,Massachusetts,US-MA,Essex,US-MA-009
United States,US,Massachusetts,US-MA,Dukes,US-MA-007
United States,US,Massachusetts,US-MA,Berkshire,US-MA-003
United States,US,Massachusetts,US-MA,Franklin,US-MA-011
United States,US,Massachusetts,US-MA,Nantucket,US-MA-019
United States,US,Massachusetts,US-MA,Plymouth,US-MA-023
United States,US,Massachusetts,US-MA,Norfolk,US-MA-021
United States,US,Massachusetts,US-MA,Suffolk,US-MA-025
United States,US,Massachusetts,US-MA,Hampshire,US-MA-015
United States,US,Massachusetts,US-MA,Worcester,US-MA-027
United States,US,Massachusetts,US-MA,Hampden,US-MA-013
United States,US,Massachusetts,US-MA,Bristol,US-MA-005
United States,US,California,US-CA,Marin,US-CA-041
United States,US,California,US-CA,Sacramento,US-CA-067
United States,US,California,US-CA,Fresno,US-CA-019
United States,US,California,US-CA,San Mateo,US-CA-081
United States,US,California,US-CA,Imperial,US-CA-025
United States,US,California,US-CA,San Bernardino,US-CA-071
United States,US,California,US-CA,Yuba,US-CA-115
United States,US,California,US-CA,Contra Costa,US-CA-013
United States,US,California,US-CA,Los Angeles,US-CA-037
United States,US,California,US-CA,Santa Barbara,US-CA-083
United States,US,California,US-CA,Santa Cruz,US-CA-087
United States,US,California,US-CA,Nevada,US-CA-057
United States,US,California,US-CA,Trinity,US-CA-105
United States,US,California,US-CA,Humboldt,US-CA-023
United States,US,California,US-CA,Tulare,US-CA-107
United States,US,California,US-CA,Yolo,US-CA-113
United States,US,California,US-CA,Orange,US-CA-059
United States,US,California,US-CA,Stanislaus,US-CA-099
United States,US,California,US-CA,Calaveras,US-CA-009
United States,US,California,US-CA,San Francisco,US-CA-075
United States,US,California,US-CA,Butte,US-CA-007
United States,US,California,US-CA,Siskiyou,US-CA-093
United States,US,California,US-CA,Sutter,US-CA-101
United States,US,California,US-CA,Merced,US-CA-047
United States,US,California,US-CA,Modoc,US-CA-049
United States,US,California,US-CA,San Diego,US-CA-073
United States,US,California,US-CA,San Luis Obispo,US-CA-079
United States,US,California,US-CA,Kern,US-CA-029
United States,US,California,US-CA,Riverside,US-CA-065
United States,US,California,US-CA,Monterey,US-CA-053
United States,US,California,US-CA,Mariposa,US-CA-043
United States,US,California,US-CA,Santa Clara,US-CA-085
United States,US,California,US-CA,Inyo,US-CA-027
United States,US,California,US-CA,Solano,US-CA-095
United States,US,California,US-CA,El Dorado,US-CA-017
United States,US,California,US-CA,Alpine,US-CA-003
United States,US,California,US-CA,Lake,US-CA-033
United States,US,California,US-CA,Mendocino,US-CA-045
United States,US,California,US-CA,Mono,US-CA-051
United States,US,California,US-CA,Sonoma,US-CA-097
United States,US,California,US-CA,Placer,US-CA-061
United States,US,California,US-CA,Lassen,US-CA-035
United States,US,California,US-CA,Napa,US-CA-055
United States,US,California,US-CA,Tuolumne,US-CA-109
United States,US,California,US-CA,Del Norte,US-CA-015
United States,US,California,US-CA,Kings,US-CA-031
United States,US,California,US-CA,Amador,US-CA-005
United States,US,California,US-CA,Tehama,US-CA-103
United States,US,California,US-CA,Plumas,US-CA-063
United States,US,California,US-CA,San Benito,US-CA-069
United States,US,California,US-CA,Madera,US-CA-039
United States,US,California,US-CA,Shasta,US-CA-089
United States,US,California,US-CA,Colusa,US-CA-011
United States,US,California,US-CA,Glenn,US-CA-021
United States,US,California,US-CA,San Joaquin,US-CA-077
United States,US,California,US-CA,Sierra,US-CA-091
United States,US,California,US-CA,Alameda,US-CA-001
United States,US,California,US-CA,Ventura,US-CA-111
United States,US,Washington,US-WA,King,US-WA-033
United States,US,Washington,US-WA,Skagit,US-WA-057
United States,US,Washington,US-WA,Kitsap,US-WA-035
United States,US,Washington,US-WA,Grays Harbor,US-WA-027
United States,US,Washington,US-WA,Benton,US-WA-005
United States,US,Washington,US-WA,Mason,US-WA-045
United States,US,Washington,US-WA,Douglas,US-WA-017
United States,US,Washington,US-WA,Snohomish,US-WA-061
United States,US,Washington,US-WA,Lewis,US-WA-041
United States,US,Washington,US-WA,Clallam,US-WA-009
United States,US,Washington,US-WA,Chelan,US-WA-007
United States,US,Washington,US-WA,Skamania,US-WA-059
United States,US,Washington,US-WA,Asotin,US-WA-003
United States,US,Washington,US-WA,Columbia,US-WA-013
United States,US,Washington,US-WA,Klickitat,US-WA-039
United States,US,Washington,US-WA,Garfield,US-WA-023
United States,US,Washington,US-WA,Island,US-WA-029
United States,US,Washington,US-WA,Whitman,US-WA-075
United States,US,Washington,US-WA,Pacific,US-WA-049
United States,US,Washington,US-WA,Pend Oreille,US-WA-051
United States,US,Washington,US-WA,Okanogan,US-WA-047
United States,US,Washington,US-WA,Lincoln,US-WA-043
United States,US,Washington,US-WA,Thurston,US-WA-067
United States,US,Washington,US-WA,Wahkiakum,US-WA-069
United States,US,Washington,US-WA,Pierce,US-WA-053
United States,US,Washington,US-WA,Adams,US-WA-001
United States,US,Washington,US-WA,Yakima,US-WA-077
United States,US,Washington,US-WA,Grant,US-WA-025
United States,US,Washington,US-WA,Kittitas,US-WA-037
United States,US,Washington,US-WA,San Juan,US-WA-055
United States,US,Washington,US-WA,Jefferson,US-WA-031
United States,US,Washington,US-WA,Walla Walla,US-WA-071
United States,US,Washington,US-WA,Ferry,US-WA-019
United States,US,Washington,US-WA,Spokane,US-WA-063
United States,US,Washington,US-WA,Cowlitz,US-WA-015
United States,US,Washington,US-WA,Clark,US-WA-011
United States,US,Washington,US-WA,Stevens,US-WA-065
United States,US,Washington,US-WA,Franklin,US-WA-021
United States,US,Washington,US-WA,Whatcom,US-WA-073
United States,US,Wisconsin,US-WI,Columbia,US-WI-021
United States,US,Wisconsin,US-WI,Buffalo,US-WI-011
United States,US,Wisconsin,US-WI,Menominee,US-WI-078
United States,US,Wisconsin,US-WI,Jefferson,US-WI-055
United States,US,Wisconsin,US-WI,Portage,US-WI-097
United States,US,Wisconsin,US-WI,Dane,US-WI-025
United States,US,Wisconsin,US-WI,Waukesha,US-WI-133
United States,US,Wisconsin,US-WI,Shawano,US-WI-115
United States,US,Wisconsin,US-WI,Brown,US-WI-009
United States,US,Wisconsin,US-WI,Eau Claire,US-WI-035
United States,US,Wisconsin,US-WI,Vilas,US-WI-125
United States,US,Wisconsin,US-WI,Wood,US-WI-141
United States,US,Wisconsin,US-WI,Pepin,US-WI-091
United States,US,Wisconsin,US-WI,Rock,US-WI-105
United States,US,Wisconsin,US-WI,Dodge,US-WI-027
United States,US,Wisconsin,US-WI,Marquette,US-WI-077
United States,US,Wisconsin,US-WI,Outagamie,US-WI-087
United States,US,Wisconsin,US-WI,Dunn,US-WI-033
United States,US,Wisconsin,US-WI,Oneida,US-WI-085
United States,US,Wisconsin,US-WI,St. Croix,US-WI-109
United States,US,Wisconsin,US-WI,Kewaunee,US-WI-061
United States,US,Wisconsin,US-WI,Door,US-WI-029
United States,US,Wisconsin,US-WI,Washburn,US-WI-129
United States,US,Wisconsin,US-WI,Douglas,US-WI-031
United States,US,Wisconsin,US-WI,Lafayette,US-WI-065
United States,US,Wisconsin,US-WI,Calumet,US-WI-015
United States,US,Wisconsin,US-WI,Marinette,US-WI-075
United States,US,Wisconsin,US-WI,Racine,US-WI-101
United States,US,Wisconsin,US-WI,Polk,US-WI-095
United States,US,Wisconsin,US-WI,Florence,US-WI-037
United States,US,Wisconsin,US-WI,Fond du Lac,US-WI-039
United States,US,Wisconsin,US-WI,Winnebago,US-WI-139
United States,US,Wisconsin,US-WI,Manitowoc,US-WI-071
United States,US,Wisconsin,US-WI,Crawford,US-WI-023
United States,US,Wisconsin,US-WI,Barron,US-WI-005
United States,US,Wisconsin,US-WI,Marathon,US-WI-073
United States,US,Wisconsin,US-WI,Green Lake,US-WI-047
United States,US,Wisconsin,US-WI,Juneau,US-WI-057
United States,US,Wisconsin,US-WI,Walworth,US-WI-127
United States,US,Wisconsin,US-WI,Sauk,US-WI-111
United States,US,Wisconsin,US-WI,Pierce,US-WI-093
United States,US,Wisconsin,US-WI,Sheboygan,US-WI-117
United States,US,Wisconsin,US-WI,Washington,US-WI-131
United States,US,Wisconsin,US-WI,Sawyer,US-WI-113
United States,US,Wisconsin,US-WI,Taylor,US-WI-119
United States,US,Wisconsin,US-WI,Green,US-WI-045
United States,US,Wisconsin,US-WI,Richland,US-WI-103
United States,US,Wisconsin,US-WI,Ashland,US-WI-003
United States,US,Wisconsin,US-WI,Forest,US-WI-041
United States,US,Wisconsin,US-WI,Lincoln,US-WI-069
United States,US,Wisconsin,US-WI,Monroe,US-WI-081
United States,US,Wisconsin,US-WI,Jackson,US-WI-053
United States,US,Wisconsin,US-WI,Price,US-WI-099
United States,US,Wisconsin,US-WI,Oconto,US-WI-083
United States,US,Wisconsin,US-WI,Ozaukee,US-WI-089
United States,US,Wisconsin,US-WI,Grant,US-WI-043
United States,US,Wisconsin,US-WI,Milwaukee,US-WI-079
United States,US,Wisconsin,US-WI,Burnett,US-WI-013
United States,US,Wisconsin,US-WI,Trempealeau,US-WI-121
United States,US,Wisconsin,US-WI,Iron,US-WI-051
United States,US,Wisconsin,US-WI,Clark,US-WI-019
United States,US,Wisconsin,US-WI,Iowa,US-WI-049
United States,US,Wisconsin,US-WI,Vernon,US-WI-123
United States,US,Wisconsin,US-WI,Chippewa,US-WI-017
United States,US,Wisconsin,US-WI,Rusk,US-WI-107
United States,US,Wisconsin,US-WI,Langlade,US-WI-067
United States,US,Wisconsin,US-WI,Waushara,US-WI-137
United States,US,Wisconsin,US-WI,La Crosse,US-WI-063
United States,US,Wisconsin,US-WI,Bayfield,US-WI-007
United States,US,Wisconsin,US-WI,Waupaca,US-WI-135
United States,US,Wisconsin,US-WI,Adams,US-WI-001
United States,US,Wisconsin,US-WI,Kenosha,US-WI-059
United States,US,Minnesota,US-MN,Stearns,US-MN-145
United States,US,Minnesota,US-MN,Todd,US-MN-153
United States,US,Minnesota,US-MN,Mille Lacs,US-MN-095
United States,US,Minnesota,US-MN,Rice,US-MN-131
United States,US,Minnesota,US-MN,Chippewa,US-MN-023
United States,US,Minnesota,US-MN,Olmsted,US-MN-109
United States,US,Minnesota,US-MN,Crow Wing,US-MN-035
United States,US,Minnesota,US-MN,Itasca,US-MN-061
United States,US,Minnesota,US-MN,Lac qui Parle,US-MN-073
United States,US,Minnesota,US-MN,McLeod,US-MN-085
United States,US,Minnesota,US-MN,Rock,US-MN-133
United States,US,Minnesota,US-MN,Nobles,US-MN-105
United States,US,Minnesota,US-MN,Grant,US-MN-051
United States,US,Minnesota,US-MN,Fillmore,US-MN-045
United States,US,Minnesota,US-MN,Washington,US-MN-163
United States,US,Minnesota,US-MN,Benton,US-MN-009
United States,US,Minnesota,US-MN,Morrison,US-MN-097
United States,US,Minnesota,US-MN,Nicollet,US-MN-103
United States,US,Minnesota,US-MN,Redwood,US-MN-127
United States,US,Minnesota,US-MN,Chisago,US-MN-025
United States,US,Minnesota,US-MN,Clay,US-MN-027
United States,US,Minnesota,US-MN,Le Sueur,US-MN-079
United States,US,Minnesota,US-MN,Waseca,US-MN-161
United States,US,Minnesota,US-MN,Pennington,US-MN-113
United States,US,Minnesota,US-MN,Wilkin,US-MN-167
United States,US,Minnesota,US-MN,Sherburne,US-MN-141
United States,US,Minnesota,US-MN,Kittson,US-MN-069
United States,US,Minnesota,US-MN,Anoka,US-MN-003
United States,US,Minnesota,US-MN,Clearwater,US-MN-029
United States,US,Minnesota,US-MN,Faribault,US-MN-043
United States,US,Minnesota,US-MN,Wright,US-MN-171
United States,US,Minnesota,US-MN,Red Lake,US-MN-125
United States,US,Minnesota,US-MN,Lincoln,US-MN-081
United States,US,Minnesota,US-MN,Cass,US-MN-021
United States,US,Minnesota,US-MN,Becker,US-MN-005
United States,US,Minnesota,US-MN,Blue Earth,US-MN-013
United States,US,Minnesota,US-MN,Norman,US-MN-107
United States,US,Minnesota,US-MN,Beltrami,US-MN-007
United States,US,Minnesota,US-MN,Carlton,US-MN-017
United States,US,Minnesota,US-MN,Cottonwood,US-MN-033
United States,US,Minnesota,US-MN,Roseau,US-MN-135
United States,US,Minnesota,US-MN,Renville,US-MN-129
United States,US,Minnesota,US-MN,Kandiyohi,US-MN-067
United States,US,Minnesota,US-MN,Big Stone,US-MN-011
United States,US,Minnesota,US-MN,Lake,US-MN-075
United States,US,Minnesota,US-MN,Koochiching,US-MN-071
United States,US,Minnesota,US-MN,Hubbard,US-MN-057
United States,US,Minnesota,US-MN,Freeborn,US-MN-047
United States,US,Minnesota,US-MN,Lake of the Woods,US-MN-077
United States,US,Minnesota,US-MN,Isanti,US-MN-059
United States,US,Minnesota,US-MN,Wabasha,US-MN-157
United States,US,Minnesota,US-MN,Watonwan,US-MN-165
United States,US,Minnesota,US-MN,Kanabec,US-MN-065
United States,US,Minnesota,US-MN,Pipestone,US-MN-117
United States,US,Minnesota,US-MN,Aitkin,US-MN-001
United States,US,Minnesota,US-MN,Brown,US-MN-015
United States,US,Minnesota,US-MN,Murray,US-MN-101
United States,US,Minnesota,US-MN,Meeker,US-MN-093
United States,US,Minnesota,US-MN,Wadena,US-MN-159
United States,US,Minnesota,US-MN,Mower,US-MN-099
United States,US,Minnesota,US-MN,Cook,US-MN-031
United States,US,Minnesota,US-MN,Polk,US-MN-119
United States,US,Minnesota,US-MN,Lyon,US-MN-083
United States,US,Minnesota,US-MN,Pope,US-MN-121
United States,US,Minnesota,US-MN,Martin,US-MN-091
United States,US,Minnesota,US-MN,Dodge,US-MN-039
United States,US,Minnesota,US-MN,Traverse,US-MN-155
United States,US,Minnesota,US-MN,Otter Tail,US-MN-111
United States,US,Minnesota,US-MN,Pine,US-MN-115
United States,US,Minnesota,US-MN,St. Louis,US-MN-137
United States,US,Minnesota,US-MN,Scott,US-MN-139
United States,US,Minnesota,US-MN,Mahnomen,US-MN-087
United States,US,Minnesota,US-MN,Winona,US-MN-169
United States,US,Minnesota,US-MN,Carver,US-MN-019
United States,US,Minnesota,US-MN,Dakota,US-MN-037
United States,US,Minnesota,US-MN,Douglas,US-MN-041
United States,US,Minnesota,US-MN,Marshall,US-MN-089
United States,US,Minnesota,US-MN,Stevens,US-MN-149
United States,US,Minnesota,US-MN,Hennepin,US-MN-053
United States,US,Minnesota,US-MN,Yellow Medicine,US-MN-173
United States,US,Minnesota,US-MN,Swift,US-MN-151
United States,US,Minnesota,US-MN,Jackson,US-MN-063
United States,US,Minnesota,US-MN,Ramsey,US-MN-123
United States,US,Minnesota,US-MN,Houston,US-MN-055
United States,US,Minnesota,US-MN,Steele,US-MN-147
United States,US,Minnesota,US-MN,Sibley,US-MN-143
United States,US,Minnesota,US-MN,Goodhue,US-MN-049
United States,US,Maine,US-ME,Androscoggin,US-ME-001
United States,US,Maine,US-ME,Waldo,US-ME-027
United States,US,Maine,US-ME,York,US-ME-031
United States,US,Maine,US-ME,Oxford,US-ME-017
United States,US,Maine,US-ME,Knox,US-ME-013
United States,US,Maine,US-ME,Cumberland,US-ME-005
United States,US,Maine,US-ME,Penobscot,US-ME-019
United States,US,Maine,US-ME,Washington,US-ME-029
United States,US,Maine,US-ME,Franklin,US-ME-007
United States,US,Maine,US-ME,Piscataquis,US-ME-021
United States,US,Maine,US-ME,Lincoln,US-ME-015
United States,US,Maine,US-ME,Somerset,US-ME-025
United States,US,Maine,US-ME,Sagadahoc,US-ME-023
United States,US,Maine,US-ME,Aroostook,US-ME-003
United States,US,Maine,US-ME,Hancock,US-ME-009
United States,US,Maine,US-ME,Kennebec,US-ME-011
United States,US,Utah,US-UT,Washington,US-UT-053
United States,US,Utah,US-UT,Emery,US-UT-015
United States,US,Utah,US-UT,Juab,US-UT-023
United States,US,Utah,US-UT,Millard,US-UT-027
United States,US,Utah,US-UT,Duchesne,US-UT-013
United States,US,Utah,US-UT,Wasatch,US-UT-051
United States,US,Utah,US-UT,Cache,US-UT-005
United States,US,Utah,US-UT,San Juan,US-UT-037
United States,US,Utah,US-UT,Box Elder,US-UT-003
United States,US,Utah,US-UT,Salt Lake,US-UT-035
United States,US,Utah,US-UT,Carbon,US-UT-007
United States,US,Utah,US-UT,Rich,US-UT-033
United States,US,Utah,US-UT,Garfield,US-UT-017
United States,US,Utah,US-UT,Summit,US-UT-043
United States,US,Utah,US-UT,Sevier,US-UT-041
United States,US,Utah,US-UT,Utah,US-UT-049
United States,US,Utah,US-UT,Weber,US-UT-057
United States,US,Utah,US-UT,Uintah,US-UT-047
United States,US,Utah,US-UT,Iron,US-UT-021
United States,US,Utah,US-UT,Beaver,US-UT-001
United States,US,Utah,US-UT,Kane,US-UT-025
United States,US,Utah,US-UT,Grand,US-UT-019
United States,US,Utah,US-UT,Morgan,US-UT-029
United States,US,Utah,US-UT,Daggett,US-UT-009
United States,US,Utah,US-UT,Piute,US-UT-031
United States,US,Utah,US-UT,Sanpete,US-UT-039
United States,US,Utah,US-UT,Tooele,US-UT-045
United States,US,Utah,US-UT,Wayne,US-UT-055
United States,US,Utah,US-UT,Davis,US-UT-011
United States,US,Georgia,US-GA,Fannin,US-GA-111
United States,US,Georgia,US-GA,Hart,US-GA-147
United States,US,Georgia,US-GA,Hancock,US-GA-141
United States,US,Georgia,US-GA,Tift,US-GA-277
United States,US,Georgia,US-GA,Cobb,US-GA-067
United States,US,Georgia,US-GA,Taliaferro,US-GA-265
United States,US,Georgia,US-GA,DeKalb,US-GA-089
United States,US,Georgia,US-GA,Walton,US-GA-297
United States,US,Georgia,US-GA,Douglas,US-GA-097
United States,US,Georgia,US-GA,Heard,US-GA-149
United States,US,Georgia,US-GA,Lamar,US-GA-171
United States,US,Georgia,US-GA,Candler,US-GA-043
United States,US,Georgia,US-GA,Lee,US-GA-177
United States,US,Georgia,US-GA,Baldwin,US-GA-009
United States,US,Georgia,US-GA,Clinch,US-GA-065
United States,US,Georgia,US-GA,Haralson,US-GA-143
United States,US,Georgia,US-GA,Chattahoochee,US-GA-053
United States,US,Georgia,US-GA,Whitfield,US-GA-313
United States,US,Georgia,US-GA,Thomas,US-GA-275
United States,US,Georgia,US-GA,Union,US-GA-291
United States,US,Georgia,US-GA,Greene,US-GA-133
United States,US,Georgia,US-GA,Toombs,US-GA-279
United States,US,Georgia,US-GA,Evans,US-GA-109
United States,US,Georgia,US-GA,Columbia,US-GA-073
United States,US,Georgia,US-GA,Putnam,US-GA-237
United States,US,Georgia,US-GA,Seminole,US-GA-253
United States,US,Georgia,US-GA,Chattooga,US-GA-055
United States,US,Georgia,US-GA,Dade,US-GA-083
United States,US,Georgia,US-GA,Treutlen,US-GA-283
United States,US,Georgia,US-GA,Chatham,US-GA-051
United States,US,Georgia,US-GA,Dooly,US-GA-093
United States,US,Georgia,US-GA,Bryan,US-GA-029
United States,US,Georgia,US-GA,Madison,US-GA-195
United States,US,Georgia,US-GA,Marion,US-GA-197
United States,US,Georgia,US-GA,Gwinnett,US-GA-135
United States,US,Georgia,US-GA,Calhoun,US-GA-037
United States,US,Georgia,US-GA,Wilkes,US-GA-317
United States,US,Georgia,US-GA,Miller,US-GA-201
United States,US,Georgia,US-GA,Gordon,US-GA-129
United States,US,Georgia,US-GA,Screven,US-GA-251
United States,US,Georgia,US-GA,Atkinson,US-GA-003
United States,US,Georgia,US-GA,Richmond,US-GA-245
United States,US,Georgia,US-GA,Walker,US-GA-295
United States,US,Georgia,US-GA,Houston,US-GA-153
United States,US,Georgia,US-GA,McDuffie,US-GA-189
United States,US,Georgia,US-GA,Bulloch,US-GA-031
United States,US,Georgia,US-GA,Dodge,US-GA-091
United States,US,Georgia,US-GA,Long,US-GA-183
United States,US,Georgia,US-GA,Randolph,US-GA-243
United States,US,Georgia,US-GA,Clay,US-GA-061
United States,US,Georgia,US-GA,Clarke,US-GA-059
United States,US,Georgia,US-GA,Butts,US-GA-035
United States,US,Georgia,US-GA,Baker,US-GA-007
United States,US,Georgia,US-GA,Paulding,US-GA-223
United States,US,Georgia,US-GA,Lincoln,US-GA-181
United States,US,Georgia,US-GA,Brantley,US-GA-025
United States,US,Georgia,US-GA,Henry,US-GA-151
United States,US,Georgia,US-GA,Liberty,US-GA-179
United States,US,Georgia,US-GA,Emanuel,US-GA-107
United States,US,Georgia,US-GA,Telfair,US-GA-271
United States,US,Georgia,US-GA,Pierce,US-GA-229
United States,US,Georgia,US-GA,Jackson,US-GA-157
United States,US,Georgia,US-GA,Crawford,US-GA-079
United States,US,Georgia,US-GA,Coweta,US-GA-077
United States,US,Georgia,US-GA,Monroe,US-GA-207
United States,US,Georgia,US-GA,Lumpkin,US-GA-187
United States,US,Georgia,US-GA,Bleckley,US-GA-023
United States,US,Georgia,US-GA,Johnson,US-GA-167
United States,US,Georgia,US-GA,Effingham,US-GA-103
United States,US,Georgia,US-GA,Rabun,US-GA-241
United States,US,Georgia,US-GA,Glascock,US-GA-125
United States,US,Georgia,US-GA,Muscogee,US-GA-215
United States,US,Georgia,US-GA,Murray,US-GA-213
United States,US,Georgia,US-GA,Grady,US-GA-131
United States,US,Georgia,US-GA,Clayton,US-GA-063
United States,US,Georgia,US-GA,Decatur,US-GA-087
United States,US,Georgia,US-GA,Wheeler,US-GA-309
United States,US,Georgia,US-GA,Ware,US-GA-299
United States,US,Georgia,US-GA,Montgomery,US-GA-209
United States,US,Georgia,US-GA,Macon,US-GA-193
United States,US,Georgia,US-GA,Oconee,US-GA-219
United States,US,Georgia,US-GA,Gilmer,US-GA-123
United States,US,Georgia,US-GA,Harris,US-GA-145
United States,US,Georgia,US-GA,Washington,US-GA-303
United States,US,Georgia,US-GA,Rockdale,US-GA-247
United States,US,Georgia,US-GA,Glynn,US-GA-127
United States,US,Georgia,US-GA,Catoosa,US-GA-047
United States,US,Georgia,US-GA,Twiggs,US-GA-289
United States,US,Georgia,US-GA,Early,US-GA-099
United States,US,Georgia,US-GA,Hall,US-GA-139
United States,US,Georgia,US-GA,Banks,US-GA-011
United States,US,Georgia,US-GA,Forsyth,US-GA-117
United States,US,Georgia,US-GA,Barrow,US-GA-013
United States,US,Georgia,US-GA,Charlton,US-GA-049
United States,US,Georgia,US-GA,Jasper,US-GA-159
United States,US,Georgia,US-GA,Jones,US-GA-169
United States,US,Georgia,US-GA,Oglethorpe,US-GA-221
United States,US,Georgia,US-GA,Brooks,US-GA-027
United States,US,Georgia,US-GA,Worth,US-GA-321
United States,US,Georgia,US-GA,Taylor,US-GA-269
United States,US,Georgia,US-GA,Spalding,US-GA-255
United States,US,Georgia,US-GA,Franklin,US-GA-119
United States,US,Georgia,US-GA,Schley,US-GA-249
United States,US,Georgia,US-GA,Jefferson,US-GA-163
United States,US,Georgia,US-GA,Wilkinson,US-GA-319
United States,US,Georgia,US-GA,Terrell,US-GA-273
United States,US,Georgia,US-GA,Talbot,US-GA-263
United States,US,Georgia,US-GA,Pickens,US-GA-227
United States,US,Georgia,US-GA,Ben Hill,US-GA-017
United States,US,Georgia,US-GA,Habersham,US-GA-137
United States,US,Georgia,US-GA,Warren,US-GA-301
United States,US,Georgia,US-GA,Morgan,US-GA-211
United States,US,Georgia,US-GA,Polk,US-GA-233
United States,US,Georgia,US-GA,Appling,US-GA-001
United States,US,Georgia,US-GA,Crisp,US-GA-081
United States,US,Georgia,US-GA,Fulton,US-GA-121
United States,US,Georgia,US-GA,White,US-GA-311
United States,US,Georgia,US-GA,Echols,US-GA-101
United States,US,Georgia,US-GA,McIntosh,US-GA-191
United States,US,Georgia,US-GA,Troup,US-GA-285
United States,US,Georgia,US-GA,Cherokee,US-GA-057
United States,US,Georgia,US-GA,Carroll,US-GA-045
United States,US,Georgia,US-GA,Tattnall,US-GA-267
United States,US,Georgia,US-GA,Wayne,US-GA-305
United States,US,Georgia,US-GA,Pike,US-GA-231
United States,US,Georgia,US-GA,Fayette,US-GA-113
United States,US,Georgia,US-GA,Bacon,US-GA-005
United States,US,Georgia,US-GA,Floyd,US-GA-115
United States,US,Georgia,US-GA,Jeff Davis,US-GA-161
United States,US,Georgia,US-GA,Cook,US-GA-075
United States,US,Georgia,US-GA,Stewart,US-GA-259
United States,US,Georgia,US-GA,Stephens,US-GA-257
United States,US,Georgia,US-GA,Colquitt,US-GA-071
United States,US,Georgia,US-GA,Turner,US-GA-287
United States,US,Georgia,US-GA,Irwin,US-GA-155
United States,US,Georgia,US-GA,Lowndes,US-GA-185
United States,US,Georgia,US-GA,Laurens,US-GA-175
United States,US,Georgia,US-GA,Elbert,US-GA-105
United States,US,Georgia,US-GA,Mitchell,US-GA-205
United States,US,Georgia,US-GA,Upson,US-GA-293
United States,US,Georgia,US-GA,Webster,US-GA-307
United States,US,Georgia,US-GA,Coffee,US-GA-069
United States,US,Georgia,US-GA,Peach,US-GA-225
United States,US,Georgia,US-GA,Newton,US-GA-217
United States,US,Georgia,US-GA,Towns,US-GA-281
United States,US,Georgia,US-GA,Sumter,US-GA-261
United States,US,Georgia,US-GA,Bibb,US-GA-021
United States,US,Georgia,US-GA,Meriwether,US-GA-199
United States,US,Georgia,US-GA,Dougherty,US-GA-095
United States,US,Georgia,US-GA,Camden,US-GA-039
United States,US,Georgia,US-GA,Burke,US-GA-033
United States,US,Georgia,US-GA,Jenkins,US-GA-165
United States,US,Georgia,US-GA,Quitman,US-GA-239
United States,US,Georgia,US-GA,Pulaski,US-GA-235
United States,US,Georgia,US-GA,Wilcox,US-GA-315
United States,US,Georgia,US-GA,Lanier,US-GA-173
United States,US,Georgia,US-GA,Berrien,US-GA-019
United States,US,Georgia,US-GA,Bartow,US-GA-015
United States,US,Georgia,US-GA,Dawson,US-GA-085
United States,US,New Mexico,US-NM,Los Alamos,US-NM-028
United States,US,New Mexico,US-NM,Eddy,US-NM-015
United States,US,New Mexico,US-NM,Dona Ana,US-NM-013
United States,US,New Mexico,US-NM,Curry,US-NM-009
United States,US,New Mexico,US-NM,Otero,US-NM-035
United States,US,New Mexico,US-NM,Valencia,US-NM-061
United States,US,New Mexico,US-NM,Cibola,US-NM-006
United States,US,New Mexico,US-NM,Roosevelt,US-NM-041
United States,US,New Mexico,US-NM,Taos,US-NM-055
United States,US,New Mexico,US-NM,Torrance,US-NM-057
United States,US,New Mexico,US-NM,San Juan,US-NM-045
United States,US,New Mexico,US-NM,Guadalupe,US-NM-019
United States,US,New Mexico,US-NM,Colfax,US-NM-007
United States,US,New Mexico,US-NM,San Miguel,US-NM-047
United States,US,New Mexico,US-NM,Hidalgo,US-NM-023
United States,US,New Mexico,US-NM,Chaves,US-NM-005
United States,US,New Mexico,US-NM,Lincoln,US-NM-027
United States,US,New Mexico,US-NM,Santa Fe,US-NM-049
United States,US,New Mexico,US-NM,Lea,US-NM-025
United States,US,New Mexico,US-NM,Quay,US-NM-037
United States,US,New Mexico,US-NM,Catron,US-NM-003
United States,US,New Mexico,US-NM,Union,US-NM-059
United States,US,New Mexico,US-NM,Harding,US-NM-021
United States,US,New Mexico,US-NM,Mora,US-NM-033
United States,US,New Mexico,US-NM,Bernalillo,US-NM-001
United States,US,New Mexico,US-NM,Luna,US-NM-029
United States,US,New Mexico,US-NM,De Baca,US-NM-011
United States,US,New Mexico,US-NM,Grant,US-NM-017
United States,US,New Mexico,US-NM,Sandoval,US-NM-043
United States,US,New Mexico,US-NM,Rio Arriba,US-NM-039
United States,US,New Mexico,US-NM,Socorro,US-NM-053
United States,US,New Mexico,US-NM,McKinley,US-NM-031
United States,US,New Mexico,US-NM,Sierra,US-NM-051
United States,US,Kentucky,US-KY,Carroll,US-KY-041
United States,US,Kentucky,US-KY,Bath,US-KY-011
United States,US,Kentucky,US-KY,Lewis,US-KY-135
United States,US,Kentucky,US-KY,Jackson,US-KY-109
United States,US,Kentucky,US-KY,Madison,US-KY-151
United States,US,Kentucky,US-KY,Pendleton,US-KY-191
United States,US,Kentucky,US-KY,Owsley,US-KY-189
United States,US,Kentucky,US-KY,Larue,US-KY-123
United States,US,Kentucky,US-KY,Shelby,US-KY-211
United States,US,Kentucky,US-KY,Leslie,US-KY-131
United States,US,Kentucky,US-KY,Whitley,US-KY-235
United States,US,Kentucky,US-KY,Carlisle,US-KY-039
United States,US,Kentucky,US-KY,Edmonson,US-KY-061
United States,US,Kentucky,US-KY,Calloway,US-KY-035
United States,US,Kentucky,US-KY,Grayson,US-KY-085
United States,US,Kentucky,US-KY,Cumberland,US-KY-057
United States,US,Kentucky,US-KY,Wolfe,US-KY-237
United States,US,Kentucky,US-KY,Jessamine,US-KY-113
United States,US,Kentucky,US-KY,Mason,US-KY-161
United States,US,Kentucky,US-KY,Campbell,US-KY-037
United States,US,Kentucky,US-KY,Johnson,US-KY-115
United States,US,Kentucky,US-KY,Casey,US-KY-045
United States,US,Kentucky,US-KY,Hardin,US-KY-093
United States,US,Kentucky,US-KY,Elliott,US-KY-063
United States,US,Kentucky,US-KY,Todd,US-KY-219
United States,US,Kentucky,US-KY,Breathitt,US-KY-025
United States,US,Kentucky,US-KY,Clay,US-KY-051
United States,US,Kentucky,US-KY,Lee,US-KY-129
United States,US,Kentucky,US-KY,Montgomery,US-KY-173
United States,US,Kentucky,US-KY,Kenton,US-KY-117
United States,US,Kentucky,US-KY,Christian,US-KY-047
United States,US,Kentucky,US-KY,Wayne,US-KY-231
United States,US,Kentucky,US-KY,Morgan,US-KY-175
United States,US,Kentucky,US-KY,Crittenden,US-KY-055
United States,US,Kentucky,US-KY,McLean,US-KY-149
United States,US,Kentucky,US-KY,Fleming,US-KY-069
United States,US,Kentucky,US-KY,McCracken,US-KY-145
United States,US,Kentucky,US-KY,Allen,US-KY-003
United States,US,Kentucky,US-KY,Metcalfe,US-KY-169
United States,US,Kentucky,US-KY,Anderson,US-KY-005
United States,US,Kentucky,US-KY,Grant,US-KY-081
United States,US,Kentucky,US-KY,Adair,US-KY-001
United States,US,Kentucky,US-KY,Fulton,US-KY-075
United States,US,Kentucky,US-KY,Green,US-KY-087
United States,US,Kentucky,US-KY,Livingston,US-KY-139
United States,US,Kentucky,US-KY,Monroe,US-KY-171
United States,US,Kentucky,US-KY,Hart,US-KY-099
United States,US,Kentucky,US-KY,Clinton,US-KY-053
United States,US,Kentucky,US-KY,Oldham,US-KY-185
United States,US,Kentucky,US-KY,Trigg,US-KY-221
United States,US,Kentucky,US-KY,Logan,US-KY-141
United States,US,Kentucky,US-KY,Lincoln,US-KY-137
United States,US,Kentucky,US-KY,Lawrence,US-KY-127
United States,US,Kentucky,US-KY,Marion,US-KY-155
United States,US,Kentucky,US-KY,Warren,US-KY-227
United States,US,Kentucky,US-KY,Union,US-KY-225
United States,US,Kentucky,US-KY,Breckinridge,US-KY-027
United States,US,Kentucky,US-KY,Caldwell,US-KY-033
United States,US,Kentucky,US-KY,Mercer,US-KY-167
United States,US,Kentucky,US-KY,Gallatin,US-KY-077
United States,US,Kentucky,US-KY,Floyd,US-KY-071
United States,US,Kentucky,US-KY,Rockcastle,US-KY-203
United States,US,Kentucky,US-KY,Harrison,US-KY-097
United States,US,Kentucky,US-KY,Henry,US-KY-103
United States,US,Kentucky,US-KY,Hancock,US-KY-091
United States,US,Kentucky,US-KY,Knox,US-KY-121
United States,US,Kentucky,US-KY,Boyle,US-KY-021
United States,US,Kentucky,US-KY,Taylor,US-KY-217
United States,US,Kentucky,US-KY,Carter,US-KY-043
United States,US,Kentucky,US-KY,Hopkins,US-KY-107
United States,US,Kentucky,US-KY,Pulaski,US-KY-199
United States,US,Kentucky,US-KY,Bullitt,US-KY-029
United States,US,Kentucky,US-KY,Webster,US-KY-233
United States,US,Kentucky,US-KY,Perry,US-KY-193
United States,US,Kentucky,US-KY,Bell,US-KY-013
United States,US,Kentucky,US-KY,Laurel,US-KY-125
United States,US,Kentucky,US-KY,Graves,US-KY-083
United States,US,Kentucky,US-KY,Spencer,US-KY-215
United States,US,Kentucky,US-KY,Hickman,US-KY-105
United States,US,Kentucky,US-KY,Woodford,US-KY-239
United States,US,Kentucky,US-KY,Russell,US-KY-207
United States,US,Kentucky,US-KY,Menifee,US-KY-165
United States,US,Kentucky,US-KY,Knott,US-KY-119
United States,US,Kentucky,US-KY,Letcher,US-KY-133
United States,US,Kentucky,US-KY,Daviess,US-KY-059
United States,US,Kentucky,US-KY,Muhlenberg,US-KY-177
United States,US,Kentucky,US-KY,Lyon,US-KY-143
United States,US,Kentucky,US-KY,Magoffin,US-KY-153
United States,US,Kentucky,US-KY,Powell,US-KY-197
United States,US,Kentucky,US-KY,Clark,US-KY-049
United States,US,Kentucky,US-KY,Robertson,US-KY-201
United States,US,Kentucky,US-KY,Nicholas,US-KY-181
United States,US,Kentucky,US-KY,Barren,US-KY-009
United States,US,Kentucky,US-KY,Harlan,US-KY-095
United States,US,Kentucky,US-KY,Henderson,US-KY-101
United States,US,Kentucky,US-KY,Washington,US-KY-229
United States,US,Kentucky,US-KY,Bracken,US-KY-023
United States,US,Kentucky,US-KY,Garrard,US-KY-079
United States,US,Kentucky,US-KY,Greenup,US-KY-089
United States,US,Kentucky,US-KY,Butler,US-KY-031
United States,US,Kentucky,US-KY,Trimble,US-KY-223
United States,US,Kentucky,US-KY,Scott,US-KY-209
United States,US,Kentucky,US-KY,Rowan,US-KY-205
United States,US,Kentucky,US-KY,Fayette,US-KY-067
United States,US,Kentucky,US-KY,Nelson,US-KY-179
United States,US,Kentucky,US-KY,Boone,US-KY-015
United States,US,Kentucky,US-KY,Jefferson,US-KY-111
United States,US,Kentucky,US-KY,Franklin,US-KY-073
United States,US,Kentucky,US-KY,Marshall,US-KY-157
United States,US,Kentucky,US-KY,Ohio,US-KY-183
United States,US,Kentucky,US-KY,McCreary,US-KY-147
United States,US,Kentucky,US-KY,Owen,US-KY-187
United States,US,Kentucky,US-KY,Bourbon,US-KY-017
United States,US,Kentucky,US-KY,Martin,US-KY-159
United States,US,Kentucky,US-KY,Estill,US-KY-065
United States,US,Kentucky,US-KY,Pike,US-KY-195
United States,US,Kentucky,US-KY,Ballard,US-KY-007
United States,US,Kentucky,US-KY,Simpson,US-KY-213
United States,US,Kentucky,US-KY,Boyd,US-KY-019
United States,US,Kentucky,US-KY,Meade,US-KY-163
United States,US,Pennsylvania,US-PA,Cambria,US-PA-021
United States,US,Pennsylvania,US-PA,Allegheny,US-PA-003
United States,US,Pennsylvania,US-PA,Cumberland,US-PA-041
United States,US,Pennsylvania,US-PA,Tioga,US-PA-117
United States,US,Pennsylvania,US-PA,Sullivan,US-PA-113
United States,US,Pennsylvania,US-PA,Bradford,US-PA-015
United States,US,Pennsylvania,US-PA,Northampton,US-PA-095
United States,US,Pennsylvania,US-PA,Beaver,US-PA-007
United States,US,Pennsylvania,US-PA,Greene,US-PA-059
United States,US,Pennsylvania,US-PA,Mifflin,US-PA-087
United States,US,Pennsylvania,US-PA,Centre,US-PA-027
United States,US,Pennsylvania,US-PA,Butler,US-PA-019
United States,US,Pennsylvania,US-PA,Erie,US-PA-049
United States,US,Pennsylvania,US-PA,McKean,US-PA-083
United States,US,Pennsylvania,US-PA,Delaware,US-PA-045
United States,US,Pennsylvania,US-PA,Chester,US-PA-029
United States,US,Pennsylvania,US-PA,Clarion,US-PA-031
United States,US,Pennsylvania,US-PA,Bucks,US-PA-017
United States,US,Pennsylvania,US-PA,Philadelphia,US-PA-101
United States,US,Pennsylvania,US-PA,Luzerne,US-PA-079
United States,US,Pennsylvania,US-PA,Indiana,US-PA-063
United States,US,Pennsylvania,US-PA,Jefferson,US-PA-065
United States,US,Pennsylvania,US-PA,Carbon,US-PA-025
United States,US,Pennsylvania,US-PA,Juniata,US-PA-067
United States,US,Pennsylvania,US-PA,Columbia,US-PA-037
United States,US,Pennsylvania,US-PA,Adams,US-PA-001
United States,US,Pennsylvania,US-PA,Armstrong,US-PA-005
United States,US,Pennsylvania,US-PA,Westmoreland,US-PA-129
United States,US,Pennsylvania,US-PA,Perry,US-PA-099
United States,US,Pennsylvania,US-PA,Venango,US-PA-121
United States,US,Pennsylvania,US-PA,Schuylkill,US-PA-107
United States,US,Pennsylvania,US-PA,Lehigh,US-PA-077
United States,US,Pennsylvania,US-PA,Dauphin,US-PA-043
United States,US,Pennsylvania,US-PA,Montour,US-PA-093
United States,US,Pennsylvania,US-PA,Warren,US-PA-123
United States,US,Pennsylvania,US-PA,Lancaster,US-PA-071
United States,US,Pennsylvania,US-PA,Montgomery,US-PA-091
United States,US,Pennsylvania,US-PA,Monroe,US-PA-089
United States,US,Pennsylvania,US-PA,Elk,US-PA-047
United States,US,Pennsylvania,US-PA,Somerset,US-PA-111
United States,US,Pennsylvania,US-PA,Clearfield,US-PA-033
United States,US,Pennsylvania,US-PA,Susquehanna,US-PA-115
United States,US,Pennsylvania,US-PA,Cameron,US-PA-023
United States,US,Pennsylvania,US-PA,Clinton,US-PA-035
United States,US,Pennsylvania,US-PA,Forest,US-PA-053
United States,US,Pennsylvania,US-PA,Potter,US-PA-105
United States,US,Pennsylvania,US-PA,Pike,US-PA-103
United States,US,Pennsylvania,US-PA,Lawrence,US-PA-073
United States,US,Pennsylvania,US-PA,Huntingdon,US-PA-061
United States,US,Pennsylvania,US-PA,York,US-PA-133
United States,US,Pennsylvania,US-PA,Wyoming,US-PA-131
United States,US,Pennsylvania,US-PA,Lebanon,US-PA-075
United States,US,Pennsylvania,US-PA,Union,US-PA-119
United States,US,Pennsylvania,US-PA,Northumberland,US-PA-097
United States,US,Pennsylvania,US-PA,Berks,US-PA-011
United States,US,Pennsylvania,US-PA,Mercer,US-PA-085
United States,US,Pennsylvania,US-PA,Lackawanna,US-PA-069
United States,US,Pennsylvania,US-PA,Crawford,US-PA-039
United States,US,Pennsylvania,US-PA,Blair,US-PA-013
United States,US,Pennsylvania,US-PA,Franklin,US-PA-055
United States,US,Pennsylvania,US-PA,Washington,US-PA-125
United States,US,Pennsylvania,US-PA,Wayne,US-PA-127
United States,US,Pennsylvania,US-PA,Bedford,US-PA-009
United States,US,Pennsylvania,US-PA,Fulton,US-PA-057
United States,US,Pennsylvania,US-PA,Fayette,US-PA-051
United States,US,Pennsylvania,US-PA,Snyder,US-PA-109
United States,US,Pennsylvania,US-PA,Lycoming,US-PA-081
Tonga,TO,Ha'apai,TO-02,Ha'apai,TO-02
Tonga,TO,Tongatapu,TO-04,Tongatapu,TO-04
Tonga,TO,Niuas,TO-03,Niuas,TO-03
Tonga,TO,Vava'u,TO-05,Vava'u,TO-05
Tonga,TO,'Eua,TO-01,'Eua,TO-01
Djibouti,DJ,Obock,DJ-OB,Obock,DJ-OB
Djibouti,DJ,Djibouti,DJ-DJ,Djibouti,DJ-DJ
Djibouti,DJ,Ali Sabieh,DJ-AS,Ali Sabieh,DJ-AS
Djibouti,DJ,Tadjourah,DJ-TA,Tadjourah,DJ-TA
Djibouti,DJ,Dikhil,DJ-DI,Dikhil,DJ-DI
Djibouti,DJ,Arta,DJ-AR,Arta,DJ-AR
Saint Martin (French part),MF,Saint Martin (French part),MF,Saint Martin (French part),MF
Saint Barthélemy,BL,Saint Barthélemy,BL,Saint Barthélemy,BL
Macau,MO,Macau,MO,Macau,MO
Kiribati,KI,Gilbert Islands,KI-G,Gilbert Islands,KI-G
Kiribati,KI,Phoenix Islands,KI-P,Phoenix Islands,KI-P
Kiribati,KI,Line Islands,KI-L,Line Islands,KI-L
Algeria,DZ,Saïda,DZ-20,Saïda,DZ-20
Algeria,DZ,Souk Ahras,DZ-41,Souk Ahras,DZ-41
Algeria,DZ,Bouira,DZ-10,Bouira,DZ-10
Algeria,DZ,Mila,DZ-43,Mila,DZ-43
Algeria,DZ,Relizane,DZ-48,Relizane,DZ-48
Algeria,DZ,Tissemsilt,DZ-38,Tissemsilt,DZ-38
Algeria,DZ,Sidi Bel Abbès,DZ-22,Sidi Bel Abbès,DZ-22
Algeria,DZ,Tindouf,DZ-37,Tindouf,DZ-37
Algeria,DZ,Djelfa,DZ-17,Djelfa,DZ-17
Algeria,DZ,Sétif,DZ-19,Sétif,DZ-19
Algeria,DZ,Illizi,DZ-33,Illizi,DZ-33
Algeria,DZ,Ghardaïa,DZ-47,Ghardaïa,DZ-47
Algeria,DZ,Tipaza,DZ-42,Tipaza,DZ-42
Algeria,DZ,Guelma,DZ-24,Guelma,DZ-24
Algeria,DZ,Adrar,DZ-01,Adrar,DZ-01
Algeria,DZ,Msila,DZ-28,Msila,DZ-28
Algeria,DZ,Annaba,DZ-23,Annaba,DZ-23
Algeria,DZ,Laghouat,DZ-03,Laghouat,DZ-03
Algeria,DZ,Skikda,DZ-21,Skikda,DZ-21
Algeria,DZ,Béchar,DZ-08,Béchar,DZ-08
Algeria,DZ,El Tarf,DZ-36,El Tarf,DZ-36
Algeria,DZ,Tamanghasset,DZ-11,Tamanghasset,DZ-11
Algeria,DZ,El Oued,DZ-39,El Oued,DZ-39
Algeria,DZ,Blida,DZ-09,Blida,DZ-09
Algeria,DZ,El Bayadh,DZ-32,El Bayadh,DZ-32
Algeria,DZ,Béjaïa,DZ-06,Béjaïa,DZ-06
Algeria,DZ,Jijel,DZ-18,Jijel,DZ-18
Algeria,DZ,Ouargla,DZ-30,Ouargla,DZ-30
Algeria,DZ,Mascara,DZ-29,Mascara,DZ-29
Algeria,DZ,Aïn Témouchent,DZ-46,Aïn Témouchent,DZ-46
Algeria,DZ,Tébessa,DZ-12,Tébessa,DZ-12
Algeria,DZ,Mostaganem,DZ-27,Mostaganem,DZ-27
Algeria,DZ,Tizi Ouzou,DZ-15,Tizi Ouzou,DZ-15
Algeria,DZ,Tiaret,DZ-14,Tiaret,DZ-14
Algeria,DZ,Alger,DZ-16,Alger,DZ-16
Algeria,DZ,Oum el Bouaghi,DZ-04,Oum el Bouaghi,DZ-04
Algeria,DZ,Biskra,DZ-07,Biskra,DZ-07
Algeria,DZ,Oran,DZ-31,Oran,DZ-31
Algeria,DZ,Constantine,DZ-25,Constantine,DZ-25
Algeria,DZ,Naama,DZ-45,Naama,DZ-45
Algeria,DZ,Bordj Bou Arréridj,DZ-34,Bordj Bou Arréridj,DZ-34
Algeria,DZ,Tlemcen,DZ-13,Tlemcen,DZ-13
Algeria,DZ,Batna,DZ-05,Batna,DZ-05
Algeria,DZ,Médéa,DZ-26,Médéa,DZ-26
Algeria,DZ,Khenchela,DZ-40,Khenchela,DZ-40
Algeria,DZ,Boumerdès,DZ-35,Boumerdès,DZ-35
Algeria,DZ,Aïn Defla,DZ-44,Aïn Defla,DZ-44
Algeria,DZ,Chlef,DZ-02,Chlef,DZ-02
Türkiye,TR,Bartın,TR-74,Bartın,TR-74
Türkiye,TR,Kayseri,TR-38,Kayseri,TR-38
Türkiye,TR,Çorum,TR-19,Çorum,TR-19
Türkiye,TR,Isparta,TR-32,Isparta,TR-32
Türkiye,TR,Samsun,TR-55,Samsun,TR-55
Türkiye,TR,Adana,TR-01,Adana,TR-01
Türkiye,TR,Konya,TR-42,Konya,TR-42
Türkiye,TR,Sivas,TR-58,Sivas,TR-58
Türkiye,TR,Adıyaman,TR-02,Adıyaman,TR-02
Türkiye,TR,Amasya,TR-05,Amasya,TR-05
Türkiye,TR,Erzurum,TR-25,Erzurum,TR-25
Türkiye,TR,Muğla,TR-48,Muğla,TR-48
Türkiye,TR,Bursa,TR-16,Bursa,TR-16
Türkiye,TR,Aydın,TR-09,Aydın,TR-09
Türkiye,TR,Kastamonu,TR-37,Kastamonu,TR-37
Türkiye,TR,Erzincan,TR-24,Erzincan,TR-24
Türkiye,TR,Iğdır,TR-76,Iğdır,TR-76
Türkiye,TR,Bolu,TR-14,Bolu,TR-14
Türkiye,TR,Gaziantep,TR-27,Gaziantep,TR-27
Türkiye,TR,Gümüşhane,TR-29,Gümüşhane,TR-29
Türkiye,TR,Bingöl,TR-12,Bingöl,TR-12
Türkiye,TR,Trabzon,TR-61,Trabzon,TR-61
Türkiye,TR,Mersin,TR-33,Mersin,TR-33
Türkiye,TR,Hakkari,TR-30,Hakkari,TR-30
Türkiye,TR,Kars,TR-36,Kars,TR-36
Türkiye,TR,Düzce,TR-81,Düzce,TR-81
Türkiye,TR,Kilis,TR-79,Kilis,TR-79
Türkiye,TR,İstanbul,TR-34,İstanbul,TR-34
Türkiye,TR,Malatya,TR-44,Malatya,TR-44
Türkiye,TR,Balıkesir,TR-10,Balıkesir,TR-10
Türkiye,TR,Mardin,TR-47,Mardin,TR-47
Türkiye,TR,Eskişehir,TR-26,Eskişehir,TR-26
Türkiye,TR,Elazığ,TR-23,Elazığ,TR-23
Türkiye,TR,Ağrı,TR-04,Ağrı,TR-04
Türkiye,TR,Osmaniye,TR-80,Osmaniye,TR-80
Türkiye,TR,Zonguldak,TR-67,Zonguldak,TR-67
Türkiye,TR,Giresun,TR-28,Giresun,TR-28
Türkiye,TR,K.Maraş,TR-46,K.Maraş,TR-46
Türkiye,TR,Rize,TR-53,Rize,TR-53
Türkiye,TR,Manisa,TR-45,Manisa,TR-45
Türkiye,TR,Yalova,TR-77,Yalova,TR-77
Türkiye,TR,Artvin,TR-08,Artvin,TR-08
Türkiye,TR,Bilecik,TR-11,Bilecik,TR-11
Türkiye,TR,Çanakkale,TR-17,Çanakkale,TR-17
Türkiye,TR,Denizli,TR-20,Denizli,TR-20
Türkiye,TR,Tokat,TR-60,Tokat,TR-60
Türkiye,TR,Tunceli,TR-62,Tunceli,TR-62
Türkiye,TR,Van,TR-65,Van,TR-65
Türkiye,TR,Afyon,TR-03,Afyon,TR-03
Türkiye,TR,Şırnak,TR-73,Şırnak,TR-73
Türkiye,TR,Şanlıurfa,TR-63,Şanlıurfa,TR-63
Türkiye,TR,Burdur,TR-15,Burdur,TR-15
Türkiye,TR,Kırıkkale,TR-71,Kırıkkale,TR-71
Türkiye,TR,Siirt,TR-56,Siirt,TR-56
Türkiye,TR,Nevşehir,TR-50,Nevşehir,TR-50
Türkiye,TR,Bayburt,TR-69,Bayburt,TR-69
Türkiye,TR,Sakarya,TR-54,Sakarya,TR-54
Türkiye,TR,Tekirdağ,TR-59,Tekirdağ,TR-59
Türkiye,TR,Hatay,TR-31,Hatay,TR-31
Türkiye,TR,Ordu,TR-52,Ordu,TR-52
Türkiye,TR,Aksaray,TR-68,Aksaray,TR-68
Türkiye,TR,Çankırı,TR-18,Çankırı,TR-18
Türkiye,TR,Kırklareli,TR-39,Kırklareli,TR-39
Türkiye,TR,Karabük,TR-78,Karabük,TR-78
Türkiye,TR,Ankara,TR-06,Ankara,TR-06
Türkiye,TR,Diyarbakır,TR-21,Diyarbakır,TR-21
Türkiye,TR,Karaman,TR-70,Karaman,TR-70
Türkiye,TR,Bitlis,TR-13,Bitlis,TR-13
Türkiye,TR,Yozgat,TR-66,Yozgat,TR-66
Türkiye,TR,Kütahya,TR-43,Kütahya,TR-43
Türkiye,TR,Edirne,TR-22,Edirne,TR-22
Türkiye,TR,Sinop,TR-57,Sinop,TR-57
Türkiye,TR,Ardahan,TR-75,Ardahan,TR-75
Türkiye,TR,Muş,TR-49,Muş,TR-49
Türkiye,TR,Kocaeli,TR-41,Kocaeli,TR-41
Türkiye,TR,Batman,TR-72,Batman,TR-72
Türkiye,TR,İzmir,TR-35,İzmir,TR-35
Türkiye,TR,Kırşehir,TR-40,Kırşehir,TR-40
Türkiye,TR,Uşak,TR-64,Uşak,TR-64
Türkiye,TR,Antalya,TR-07,Antalya,TR-07
Türkiye,TR,Niğde,TR-51,Niğde,TR-51
Sudan,SD,Khartoum,SD-KH,Khartoum,SD-KH
Sudan,SD,South Kordofan,SD-KS,South Kordofan,SD-KS
Sudan,SD,Gezira,SD-GZ,Gezira,SD-GZ
Sudan,SD,Sennar,SD-SI,Sennar,SD-SI
Sudan,SD,Blue Nile,SD-NB,Blue Nile,SD-NB
Sudan,SD,North Kordofan,SD-KN,North Kordofan,SD-KN
Sudan,SD,South Darfur,SD-DS,South Darfur,SD-DS
Sudan,SD,River Nile,SD-NR,River Nile,SD-NR
Sudan,SD,Northern,SD-NO,Northern,SD-NO
Sudan,SD,Gedaref,SD-GD,Gedaref,SD-GD
Sudan,SD,West Darfur,SD-DW,West Darfur,SD-DW
Sudan,SD,Red Sea,SD-RS,Red Sea,SD-RS
Sudan,SD,White Nile,SD-NW,White Nile,SD-NW
Sudan,SD,North Darfur,SD-DN,North Darfur,SD-DN
Sudan,SD,Kassala,SD-KA,Kassala,SD-KA
Kenya,KE,Central,KE-200,Central,KE-200
Kenya,KE,Rift Valley,KE-700,Rift Valley,KE-700
Kenya,KE,Coast,KE-300,Coast,KE-300
Kenya,KE,Nyanza,KE-600,Nyanza,KE-600
Kenya,KE,Western,KE-800,Western,KE-800
Kenya,KE,North-Eastern,KE-500,North-Eastern,KE-500
Kenya,KE,Nairobi,KE-110,Nairobi,KE-110
Kenya,KE,Eastern,KE-400,Eastern,KE-400
Gambia,GM,Western,GM-W,Western,GM-W
Gambia,GM,Upper River,GM-U,Upper River,GM-U
Gambia,GM,North Bank,GM-N,North Bank,GM-N
Gambia,GM,Banjul,GM-B,Banjul,GM-B
Gambia,GM,Central River,GM-M,Central River,GM-M
Gambia,GM,Lower River,GM-L,Lower River,GM-L
Jordan,JO,Amman,JO-AM,Amman,JO-AM
Jordan,JO,Irbid,JO-IR,Irbid,JO-IR
Jordan,JO,Jarash,JO-JA,Jarash,JO-JA
Jordan,JO,Ajlun,JO-AJ,Ajlun,JO-AJ
Jordan,JO,Ma‘an,JO-MN,Ma‘an,JO-MN
Jordan,JO,Al Karak,JO-KA,Al Karak,JO-KA
Jordan,JO,Madabah,JO-MD,Madabah,JO-MD
Jordan,JO,At Tafilah,JO-AT,At Tafilah,JO-AT
Jordan,JO,Az Zarqa',JO-AZ,Az Zarqa',JO-AZ
Jordan,JO,Al Balqa',JO-BA,Al Balqa',JO-BA
Jordan,JO,Al Mafraq,JO-MA,Al Mafraq,JO-MA
Jordan,JO,Al 'Aqaba,JO-AQ,Al 'Aqaba,JO-AQ
DR Congo,CD,Kasai-Occidental,CD-KW,Kasai-Occidental,CD-KW
DR Congo,CD,Orientale,CD-OR,Orientale,CD-OR
DR Congo,CD,Nord-Kivu,CD-NK,Nord-Kivu,CD-NK
DR Congo,CD,Maniema,CD-MA,Maniema,CD-MA
DR Congo,CD,Katanga,CD-KA,Katanga,CD-KA
DR Congo,CD,Kinshasa,CD-KN,Kinshasa,CD-KN
DR Congo,CD,Bas-Congo,CD-BC,Bas-Congo,CD-BC
DR Congo,CD,Bandundu,CD-BN,Bandundu,CD-BN
DR Congo,CD,Équateur,CD-EQ,Équateur,CD-EQ
DR Congo,CD,Kasai-Oriental,CD-KE,Kasai-Oriental,CD-KE
DR Congo,CD,Sud-Kivu,CD-SK,Sud-Kivu,CD-SK
Kosovo,XK,Kosovo,XK,Kosovo,XK
Slovakia,SK,Trenciansky kraj,SK-TC,Trenciansky kraj,SK-TC
Slovakia,SK,Prešovský kraj,SK-PV,Prešovský kraj,SK-PV
Slovakia,SK,Žilinský kraj,SK-ZI,Žilinský kraj,SK-ZI
Slovakia,SK,Košický kraj,SK-KI,Košický kraj,SK-KI
Slovakia,SK,Banskobystrický kraj,SK-BC,Banskobystrický kraj,SK-BC
Slovakia,SK,Nitriansky kraj,SK-NI,Nitriansky kraj,SK-NI
Slovakia,SK,Trnavský kraj,SK-TA,Trnavský kraj,SK-TA
Slovakia,SK,Bratislavský kraj,SK-BL,Bratislavský kraj,SK-BL
Niue,NU,Niue,NU,Niue,NU
Guatemala,GT,Totonicapán,GT-TO,Totonicapán,GT-TO
Guatemala,GT,Sololá,GT-SO,Sololá,GT-SO
Guatemala,GT,Izabal,GT-IZ,Izabal,GT-IZ
Guatemala,GT,Escuintla,GT-ES,Escuintla,GT-ES
Guatemala,GT,Jutiapa,GT-JU,Jutiapa,GT-JU
Guatemala,GT,Chimaltenango,GT-CM,Chimaltenango,GT-CM
Guatemala,GT,El Progreso,GT-PR,El Progreso,GT-PR
Guatemala,GT,Baja Verapaz,GT-BV,Baja Verapaz,GT-BV
Guatemala,GT,Santa Rosa,GT-SR,Santa Rosa,GT-SR
Guatemala,GT,Quetzaltenango,GT-QZ,Quetzaltenango,GT-QZ
Guatemala,GT,Jalapa,GT-JA,Jalapa,GT-JA
Guatemala,GT,Petén,GT-PE,Petén,GT-PE
Guatemala,GT,Sacatepéquez,GT-SA,Sacatepéquez,GT-SA
Guatemala,GT,Guatemala,GT-GU,Guatemala,GT-GU
Guatemala,GT,Alta Verapaz,GT-AV,Alta Verapaz,GT-AV
Guatemala,GT,Retalhuleu,GT-RE,Retalhuleu,GT-RE
Guatemala,GT,San Marcos,GT-SM,San Marcos,GT-SM
Guatemala,GT,Quiché,GT-QC,Quiché,GT-QC
Guatemala,GT,Huehuetenango,GT-HU,Huehuetenango,GT-HU
Guatemala,GT,Zacapa,GT-ZA,Zacapa,GT-ZA
Guatemala,GT,Suchitepéquez,GT-SU,Suchitepéquez,GT-SU
Guatemala,GT,Chiquimula,GT-CQ,Chiquimula,GT-CQ
Greenland,GL,Greenland,GL,Greenland,GL
Suriname,SR,Sipaliwini,SR-SI,Sipaliwini,SR-SI
Suriname,SR,Saramacca,SR-SA,Saramacca,SR-SA
Suriname,SR,Wanica,SR-WA,Wanica,SR-WA
Suriname,SR,Para,SR-PR,Para,SR-PR
Suriname,SR,Commewijne,SR-CM,Commewijne,SR-CM
Suriname,SR,Coronie,SR-CR,Coronie,SR-CR
Suriname,SR,Brokopondo,SR-BR,Brokopondo,SR-BR
Suriname,SR,Marowijne,SR-MA,Marowijne,SR-MA
Suriname,SR,Paramaribo,SR-PM,Paramaribo,SR-PM
Suriname,SR,Nickerie,SR-NI,Nickerie,SR-NI
Réunion,RE,Réunion,RE,Réunion,RE
Azerbaijan,AZ,Sämkir,AZ-SKR,Sämkir,AZ-SKR
Azerbaijan,AZ,Länkäran Municipality,AZ-LA,Länkäran Municipality,AZ-LA
Azerbaijan,AZ,Susa,AZ-SUS,Susa,AZ-SUS
Azerbaijan,AZ,Abseron,AZ-ABS,Abseron,AZ-ABS
Azerbaijan,AZ,Sumqayit,AZ-SM,Sumqayit,AZ-SM
Azerbaijan,AZ,Beyläqan,AZ-BEY,Beyläqan,AZ-BEY
Azerbaijan,AZ,Susa Municipality,AZ-SS,Susa Municipality,AZ-SS
Azerbaijan,AZ,Baki,AZ-BA,Baki,AZ-BA
Azerbaijan,AZ,Agdas,AZ-AGS,Agdas,AZ-AGS
Azerbaijan,AZ,Ucar,AZ-UCA,Ucar,AZ-UCA
Azerbaijan,AZ,Kürdämir,AZ-KUR,Kürdämir,AZ-KUR
Azerbaijan,AZ,Salyan,AZ-SAL,Salyan,AZ-SAL
Azerbaijan,AZ,Samaxi,AZ-SMI,Samaxi,AZ-SMI
Azerbaijan,AZ,Xankändi,AZ-XA,Xankändi,AZ-XA
Azerbaijan,AZ,Siyäzän,AZ-SIY,Siyäzän,AZ-SIY
Azerbaijan,AZ,Zaqatala,AZ-ZAQ,Zaqatala,AZ-ZAQ
Azerbaijan,AZ,Kälbäcär,AZ-KAL,Kälbäcär,AZ-KAL
Azerbaijan,AZ,Masalli,AZ-MAS,Masalli,AZ-MAS
Azerbaijan,AZ,Agstafa,AZ-AGA,Agstafa,AZ-AGA
Azerbaijan,AZ,Sabirabad,AZ-SAB,Sabirabad,AZ-SAB
Azerbaijan,AZ,Däväçi,AZ-DAV,Däväçi,AZ-DAV
Azerbaijan,AZ,Gäncä,AZ-GA,Gäncä,AZ-GA
Azerbaijan,AZ,Bärdä,AZ-BAR,Bärdä,AZ-BAR
Azerbaijan,AZ,Cäbrayil,AZ-CAB,Cäbrayil,AZ-CAB
Azerbaijan,AZ,Xocavänd,AZ-XVD,Xocavänd,AZ-XVD
Azerbaijan,AZ,Yevlax Municipality,AZ-YE,Yevlax Municipality,AZ-YE
Azerbaijan,AZ,Mingäçevir,AZ-MI,Mingäçevir,AZ-MI
Azerbaijan,AZ,Quba,AZ-QBA,Quba,AZ-QBA
Azerbaijan,AZ,Goranboy,AZ-GOR,Goranboy,AZ-GOR
Azerbaijan,AZ,Tärtär,AZ-TAR,Tärtär,AZ-TAR
Azerbaijan,AZ,Länkäran,AZ-LAN,Länkäran,AZ-LAN
Azerbaijan,AZ,Yardimli,AZ-YAR,Yardimli,AZ-YAR
Azerbaijan,AZ,Agsu,AZ-AGU,Agsu,AZ-AGU
Azerbaijan,AZ,Gädäbäy,AZ-GAD,Gädäbäy,AZ-GAD
Azerbaijan,AZ,Naftalan,AZ-NA,Naftalan,AZ-NA
Azerbaijan,AZ,Cälilabab,AZ-CAL,Cälilabab,AZ-CAL
Azerbaijan,AZ,Xocali,AZ-XCI,Xocali,AZ-XCI
Azerbaijan,AZ,Göyçay,AZ-GOY,Göyçay,AZ-GOY
Azerbaijan,AZ,Oguz,AZ-OGU,Oguz,AZ-OGU
Azerbaijan,AZ,Naxçivan,AZ-NX,Naxçivan,AZ-NX
Azerbaijan,AZ,Qäbälä,AZ-QAB,Qäbälä,AZ-QAB
Azerbaijan,AZ,Xaçmaz,AZ-XAC,Xaçmaz,AZ-XAC
Azerbaijan,AZ,Qazax,AZ-QAZ,Qazax,AZ-QAZ
Azerbaijan,AZ,Xizi,AZ-XIZ,Xizi,AZ-XIZ
Azerbaijan,AZ,Zärdab,AZ-ZAR,Zärdab,AZ-ZAR
Azerbaijan,AZ,Füzuli,AZ-FUZ,Füzuli,AZ-FUZ
Azerbaijan,AZ,Äli Bayramli,AZ-AB,Äli Bayramli,AZ-AB
Azerbaijan,AZ,Tovuz,AZ-TOV,Tovuz,AZ-TOV
Azerbaijan,AZ,Laçin,AZ-LAC,Laçin,AZ-LAC
Azerbaijan,AZ,Biläsuvar,AZ-BIL,Biläsuvar,AZ-BIL
Azerbaijan,AZ,Samux,AZ-SMX,Samux,AZ-SMX
Azerbaijan,AZ,Balakän,AZ-BAL,Balakän,AZ-BAL
Azerbaijan,AZ,Säki,AZ-SAK,Säki,AZ-SAK
Azerbaijan,AZ,Agcabädi,AZ-AGC,Agcabädi,AZ-AGC
Azerbaijan,AZ,Yevlax,AZ-YEV,Yevlax,AZ-YEV
Azerbaijan,AZ,Qax,AZ-QAX,Qax,AZ-QAX
Azerbaijan,AZ,Saatli,AZ-SAT,Saatli,AZ-SAT
Azerbaijan,AZ,Agdam,AZ-AGM,Agdam,AZ-AGM
Azerbaijan,AZ,Zängilan,AZ-ZAN,Zängilan,AZ-ZAN
Azerbaijan,AZ,Şəki Municipality,AZ-SA,Şəki Municipality,AZ-SA
Azerbaijan,AZ,Qobustan,AZ-QOB,Qobustan,AZ-QOB
Azerbaijan,AZ,Daskäsän,AZ-DAS,Daskäsän,AZ-DAS
Azerbaijan,AZ,Neftçala,AZ-NEF,Neftçala,AZ-NEF
Azerbaijan,AZ,Qubadli,AZ-QBI,Qubadli,AZ-QBI
Azerbaijan,AZ,Imisli,AZ-IMI,Imisli,AZ-IMI
Azerbaijan,AZ,Ismayilli,AZ-ISM,Ismayilli,AZ-ISM
Azerbaijan,AZ,Lerik,AZ-LER,Lerik,AZ-LER
Azerbaijan,AZ,Astara,AZ-AST,Astara,AZ-AST
Azerbaijan,AZ,Xanlar,AZ-XAN,Xanlar,AZ-XAN
Azerbaijan,AZ,Haciqabul,AZ-HAC,Haciqabul,AZ-HAC
Azerbaijan,AZ,Qusar,AZ-QUS,Qusar,AZ-QUS
Yemen,YE,San'a',YE-SN,San'a',YE-SN
Yemen,YE,Ad¸ D¸ali',YE-DA,Ad¸ D¸ali',YE-DA
Yemen,YE,'Amran,YE-AM,'Amran,YE-AM
Yemen,YE,Al Mahwit,YE-MW,Al Mahwit,YE-MW
Yemen,YE,San‘a’ [city],YE-SA,San‘a’ [city],YE-SA
Yemen,YE,Abyan,YE-AB,Abyan,YE-AB
Yemen,YE,Hajjah,YE-HJ,Hajjah,YE-HJ
Yemen,YE,Ta'izz,YE-TA,Ta'izz,YE-TA
Yemen,YE,Dhamar,YE-DH,Dhamar,YE-DH
Yemen,YE,Al Jawf,YE-JA,Al Jawf,YE-JA
Yemen,YE,Hadramawt,YE-HD,Hadramawt,YE-HD
Yemen,YE,'Adan,YE-AD,'Adan,YE-AD
Yemen,YE,Al Mahrah,YE-MR,Al Mahrah,YE-MR
Yemen,YE,Al Hudaydah,YE-HU,Al Hudaydah,YE-HU
Yemen,YE,Ma'rib,YE-MA,Ma'rib,YE-MA
Yemen,YE,Al Bayda',YE-BA,Al Bayda',YE-BA
Yemen,YE,Lahij,YE-LA,Lahij,YE-LA
Yemen,YE,Shabwah,YE-SH,Shabwah,YE-SH
Yemen,YE,Sa'dah,YE-SD,Sa'dah,YE-SD
Yemen,YE,Ibb,YE-IB,Ibb,YE-IB
Hungary,HU,Borsod-Abaúj-Zemplén,HU-BZ,Borsod-Abaúj-Zemplén,HU-BZ
Hungary,HU,Békéscsaba,HU-BC,Békéscsaba,HU-BC
Hungary,HU,Veszprém City,HU-VM,Veszprém City,HU-VM
Hungary,HU,Nógrád,HU-NO,Nógrád,HU-NO
Hungary,HU,Hajdú-Bihar,HU-HB,Hajdú-Bihar,HU-HB
Hungary,HU,Szabolcs-Szatmár-Bereg,HU-SZ,Szabolcs-Szatmár-Bereg,HU-SZ
Hungary,HU,Vas,HU-VA,Vas,HU-VA
Hungary,HU,Jász-Nagykun-Szolnok,HU-JN,Jász-Nagykun-Szolnok,HU-JN
Hungary,HU,Eger,HU-EG,Eger,HU-EG
Hungary,HU,Dunaújváros,HU-DU,Dunaújváros,HU-DU
Hungary,HU,Sopron,HU-SN,Sopron,HU-SN
Hungary,HU,Veszprém,HU-VE,Veszprém,HU-VE
Hungary,HU,Szolnok,HU-SK,Szolnok,HU-SK
Hungary,HU,Békés,HU-BE,Békés,HU-BE
Hungary,HU,Zala,HU-ZA,Zala,HU-ZA
Hungary,HU,Nagykanizsa,HU-NK,Nagykanizsa,HU-NK
Hungary,HU,Budapest,HU-BU,Budapest,HU-BU
Hungary,HU,Csongrád,HU-CS,Csongrád,HU-CS
Hungary,HU,Fejér,HU-FE,Fejér,HU-FE
Hungary,HU,Baranya,HU-BA,Baranya,HU-BA
Hungary,HU,Tatabánya,HU-TB,Tatabánya,HU-TB
Hungary,HU,Zalaegerszeg,HU-ZE,Zalaegerszeg,HU-ZE
Hungary,HU,Komárom-Esztergom,HU-KE,Komárom-Esztergom,HU-KE
Hungary,HU,Hódmezovásárhely,HU-HV,Hódmezovásárhely,HU-HV
Hungary,HU,Heves,HU-HE,Heves,HU-HE
Hungary,HU,Tolna,HU-TO,Tolna,HU-TO
Hungary,HU,Gyor,HU-GY,Gyor,HU-GY
Hungary,HU,Szombathely,HU-SH,Szombathely,HU-SH
Hungary,HU,Pest,HU-PE,Pest,HU-PE
Hungary,HU,Bács-Kiskun,HU-BK,Bács-Kiskun,HU-BK
Hungary,HU,Somogy,HU-SO,Somogy,HU-SO
Hungary,HU,Debrecen,HU-DE,Debrecen,HU-DE
Hungary,HU,Gyor-Moson-Sopron,HU-GS,Gyor-Moson-Sopron,HU-GS
Hungary,HU,Kaposvár,HU-KV,Kaposvár,HU-KV
Hungary,HU,Kecskemét,HU-KM,Kecskemét,HU-KM
Hungary,HU,Pécs,HU-PS,Pécs,HU-PS
Hungary,HU,Szeged,HU-SD,Szeged,HU-SD
Hungary,HU,Székesfehérvár,HU-SF,Székesfehérvár,HU-SF
Hungary,HU,Salgótarján,HU-ST,Salgótarján,HU-ST
Hungary,HU,Miskolc,HU-MI,Miskolc,HU-MI
Hungary,HU,Nyíregyháza,HU-NY,Nyíregyháza,HU-NY
Hungary,HU,Szekszárd,HU-SS,Szekszárd,HU-SS
Cyprus,CY,Keryneia,CY-06,Keryneia,CY-06
Cyprus,CY,Lefkosia,CY-01,Lefkosia,CY-01
Cyprus,CY,Lemesos,CY-02,Lemesos,CY-02
Cyprus,CY,Larnaka,CY-03,Larnaka,CY-03
Cyprus,CY,Ammochostos,CY-04,Ammochostos,CY-04
Cyprus,CY,Pafos,CY-05,Pafos,CY-05
Jamaica,JM,Clarendon,JM-13,Clarendon,JM-13
Jamaica,JM,Saint James,JM-08,Saint James,JM-08
Jamaica,JM,Saint Thomas,JM-03,Saint Thomas,JM-03
Jamaica,JM,Saint Mary,JM-05,Saint Mary,JM-05
Jamaica,JM,Saint Andrew,JM-02,Saint Andrew,JM-02
Jamaica,JM,Trelawny,JM-07,Trelawny,JM-07
Jamaica,JM,Hanover,JM-09,Hanover,JM-09
Jamaica,JM,Saint Catherine,JM-14,Saint Catherine,JM-14
Jamaica,JM,Portland,JM-04,Portland,JM-04
Jamaica,JM,Saint Elizabeth,JM-11,Saint Elizabeth,JM-11
Jamaica,JM,Westmoreland,JM-10,Westmoreland,JM-10
Jamaica,JM,Kingston,JM-01,Kingston,JM-01
Jamaica,JM,Manchester,JM-12,Manchester,JM-12
Jamaica,JM,Saint Ann,JM-06,Saint Ann,JM-06
Romania,RO,Galati,RO-GL,Galati,RO-GL
Romania,RO,Maramures,RO-MM,Maramures,RO-MM
Romania,RO,Covasna,RO-CV,Covasna,RO-CV
Romania,RO,Tulcea,RO-TL,Tulcea,RO-TL
Romania,RO,Suceava,RO-SV,Suceava,RO-SV
Romania,RO,Bistrita-Nasaud,RO-BN,Bistrita-Nasaud,RO-BN
Romania,RO,Bucuresti,RO-B,Bucuresti,RO-B
Romania,RO,Timis,RO-TM,Timis,RO-TM
Romania,RO,Bihor,RO-BH,Bihor,RO-BH
Romania,RO,Neamt,RO-NT,Neamt,RO-NT
Romania,RO,Mehedinti,RO-MH,Mehedinti,RO-MH
Romania,RO,Satu Mare,RO-SM,Satu Mare,RO-SM
Romania,RO,Alba,RO-AB,Alba,RO-AB
Romania,RO,Iasi,RO-IS,Iasi,RO-IS
Romania,RO,Cluj,RO-CJ,Cluj,RO-CJ
Romania,RO,Ialomita,RO-IL,Ialomita,RO-IL
Romania,RO,Harghita,RO-HR,Harghita,RO-HR
Romania,RO,Vrancea,RO-VN,Vrancea,RO-VN
Romania,RO,Braila,RO-BR,Braila,RO-BR
Romania,RO,Botosani,RO-BT,Botosani,RO-BT
Romania,RO,Giurgiu,RO-GR,Giurgiu,RO-GR
Romania,RO,Calarasi,RO-CL,Calarasi,RO-CL
Romania,RO,Vaslui,RO-VS,Vaslui,RO-VS
Romania,RO,Arad,RO-AR,Arad,RO-AR
Romania,RO,Olt,RO-OT,Olt,RO-OT
Romania,RO,Hunedoara,RO-HD,Hunedoara,RO-HD
Romania,RO,Salaj,RO-SJ,Salaj,RO-SJ
Romania,RO,Vâlcea,RO-VL,Vâlcea,RO-VL
Romania,RO,Dâmbovita,RO-DB,Dâmbovita,RO-DB
Romania,RO,Bacau,RO-BC,Bacau,RO-BC
Romania,RO,Teleorman,RO-TR,Teleorman,RO-TR
Romania,RO,Mures,RO-MS,Mures,RO-MS
Romania,RO,Dolj,RO-DJ,Dolj,RO-DJ
Romania,RO,Gorj,RO-GJ,Gorj,RO-GJ
Romania,RO,Ilfov,RO-IF,Ilfov,RO-IF
Romania,RO,Prahova,RO-PH,Prahova,RO-PH
Romania,RO,Sibiu,RO-SB,Sibiu,RO-SB
Romania,RO,Arges,RO-AG,Arges,RO-AG
Romania,RO,Constanta,RO-CT,Constanta,RO-CT
Romania,RO,Brasov,RO-BV,Brasov,RO-BV
Romania,RO,Buzau,RO-BZ,Buzau,RO-BZ
Romania,RO,Caras-Severin,RO-CS,Caras-Severin,RO-CS
Paraguay,PY,Alto Paraguay,PY-16,Alto Paraguay,PY-16
Paraguay,PY,Canindeyú,PY-14,Canindeyú,PY-14
Paraguay,PY,Guairá,PY-4,Guairá,PY-4
Paraguay,PY,Paraguarí,PY-9,Paraguarí,PY-9
Paraguay,PY,Cordillera,PY-3,Cordillera,PY-3
Paraguay,PY,San Pedro,PY-2,San Pedro,PY-2
Paraguay,PY,Caaguazú,PY-5,Caaguazú,PY-5
Paraguay,PY,Central,PY-11,Central,PY-11
Paraguay,PY,Ñeembucú,PY-12,Ñeembucú,PY-12
Paraguay,PY,Amambay,PY-13,Amambay,PY-13
Paraguay,PY,Boquerón,PY-19,Boquerón,PY-19
Paraguay,PY,Caazapá,PY-6,Caazapá,PY-6
Paraguay,PY,Concepción,PY-1,Concepción,PY-1
Paraguay,PY,Itapúa,PY-7,Itapúa,PY-7
Paraguay,PY,Misiones,PY-8,Misiones,PY-8
Paraguay,PY,Presidente Hayes,PY-15,Presidente Hayes,PY-15
Paraguay,PY,Asunción,PY-ASU,Asunción,PY-ASU
Paraguay,PY,Alto Paraná,PY-10,Alto Paraná,PY-10
El Salvador,SV,San Salvador,SV-SS,San Salvador,SV-SS
El Salvador,SV,Santa Ana,SV-SA,Santa Ana,SV-SA
El Salvador,SV,La Paz,SV-PA,La Paz,SV-PA
El Salvador,SV,La Unión,SV-UN,La Unión,SV-UN
El Salvador,SV,Morazán,SV-MO,Morazán,SV-MO
El Salvador,SV,Ahuachapán,SV-AH,Ahuachapán,SV-AH
El Salvador,SV,San Miguel,SV-SM,San Miguel,SV-SM
El Salvador,SV,Cabañas,SV-CA,Cabañas,SV-CA
El Salvador,SV,Sonsonate,SV-SO,Sonsonate,SV-SO
El Salvador,SV,La Libertad,SV-LI,La Libertad,SV-LI
El Salvador,SV,Cuscatlán,SV-CU,Cuscatlán,SV-CU
El Salvador,SV,Usulután,SV-US,Usulután,SV-US
El Salvador,SV,San Vicente,SV-SV,San Vicente,SV-SV
El Salvador,SV,Chalatenango,SV-CH,Chalatenango,SV-CH
Laos,LA,Louang Namtha,LA-LM,Louang Namtha,LA-LM
Laos,LA,Vientiane Prefecture,LA-VT,Vientiane Prefecture,LA-VT
Laos,LA,Xaisômboun,LA-XN,Xaisômboun,LA-XN
Laos,LA,Vientiane,LA-VI,Vientiane,LA-VI
Laos,LA,Phôngsali [Phong Saly],LA-PH,Phôngsali [Phong Saly],LA-PH
Laos,LA,Khammouan,LA-KH,Khammouan,LA-KH
Laos,LA,Louangphabang [Louang Prabang],LA-LP,Louangphabang [Louang Prabang],LA-LP
Laos,LA,Oudômxai [Oudomsai],LA-OU,Oudômxai [Oudomsai],LA-OU
Laos,LA,Champasak [Champassak],LA-CH,Champasak [Champassak],LA-CH
Laos,LA,Xékong [Sékong],LA-XE,Xékong [Sékong],LA-XE
Laos,LA,Bolikhamxai [Borikhane],LA-BL,Bolikhamxai [Borikhane],LA-BL
Laos,LA,Salavan [Saravane],LA-SL,Salavan [Saravane],LA-SL
Laos,LA,Attapu [Attopeu],LA-AT,Attapu [Attopeu],LA-AT
Laos,LA,Savannakhét,LA-SV,Savannakhét,LA-SV
Laos,LA,Bokèo,LA-BK,Bokèo,LA-BK
Laos,LA,Xaignabouli [Sayaboury],LA-XA,Xaignabouli [Sayaboury],LA-XA
Laos,LA,Houaphan,LA-HO,Houaphan,LA-HO
Laos,LA,Xiangkhoang [Xieng Khouang],LA-XI,Xiangkhoang [Xieng Khouang],LA-XI
Poland,PL,Warminsko-mazurskie,PL-WN,Warminsko-mazurskie,PL-WN
Poland,PL,Wielkopolskie,PL-WP,Wielkopolskie,PL-WP
Poland,PL,Dolnoslaskie,PL-DS,Dolnoslaskie,PL-DS
Poland,PL,Podlaskie,PL-PD,Podlaskie,PL-PD
Poland,PL,Pomorskie,PL-PM,Pomorskie,PL-PM
Poland,PL,Zachodniopomorskie,PL-ZP,Zachodniopomorskie,PL-ZP
Poland,PL,Mazowieckie,PL-MZ,Mazowieckie,PL-MZ
Poland,PL,Lódzkie,PL-LD,Lódzkie,PL-LD
Poland,PL,Lubuskie,PL-LB,Lubuskie,PL-LB
Poland,PL,Lubelskie,PL-LU,Lubelskie,PL-LU
Poland,PL,Slaskie,PL-SL,Slaskie,PL-SL
Poland,PL,Swietokrzyskie,PL-SK,Swietokrzyskie,PL-SK
Poland,PL,Malopolskie,PL-MA,Malopolskie,PL-MA
Poland,PL,Kujawsko-pomorskie,PL-KP,Kujawsko-pomorskie,PL-KP
Poland,PL,Podkarpackie,PL-PK,Podkarpackie,PL-PK
Poland,PL,Opolskie,PL-OP,Opolskie,PL-OP
Finland,FI,South Karelia,FI-02,South Karelia,FI-02
Finland,FI,Päijänne Tavastia,FI-16,Päijänne Tavastia,FI-16
Finland,FI,Åland,FI-01,Åland,FI-01
Finland,FI,Southern Ostrobothnia,FI-03,Southern Ostrobothnia,FI-03
Finland,FI,Kainuu,FI-05,Kainuu,FI-05
Finland,FI,Central Ostrobothnia,FI-07,Central Ostrobothnia,FI-07
Finland,FI,Lapland,FI-10,Lapland,FI-10
Finland,FI,North Karelia,FI-13,North Karelia,FI-13
Finland,FI,Kymenlaakso,FI-09,Kymenlaakso,FI-09
Finland,FI,Satakunta,FI-17,Satakunta,FI-17
Finland,FI,Central Finland,FI-08,Central Finland,FI-08
Finland,FI,Pirkanmaa,FI-11,Pirkanmaa,FI-11
Finland,FI,Northern Ostrobothnia,FI-14,Northern Ostrobothnia,FI-14
Finland,FI,Ostrobothnia,FI-12,Ostrobothnia,FI-12
Finland,FI,Northern Savonia,FI-15,Northern Savonia,FI-15
Finland,FI,Southwest Finland,FI-19,Southwest Finland,FI-19
Finland,FI,Tavastia Proper,FI-06,Tavastia Proper,FI-06
Finland,FI,Southern Savonia,FI-04,Southern Savonia,FI-04
Finland,FI,Uusimaa,FI-18,Uusimaa,FI-18
Mongolia,MN,Govi-Altay,MN-065,Govi-Altay,MN-065
Mongolia,MN,Töv,MN-047,Töv,MN-047
Mongolia,MN,Bulgan,MN-067,Bulgan,MN-067
Mongolia,MN,Hövsgöl,MN-041,Hövsgöl,MN-041
Mongolia,MN,Sühbaatar,MN-051,Sühbaatar,MN-051
Mongolia,MN,Hentiy,MN-039,Hentiy,MN-039
Mongolia,MN,Dundgovi,MN-059,Dundgovi,MN-059
Mongolia,MN,Ömnögovi,MN-053,Ömnögovi,MN-053
Mongolia,MN,Arhangay,MN-073,Arhangay,MN-073
Mongolia,MN,Dornogovi,MN-063,Dornogovi,MN-063
Mongolia,MN,Övörhangay,MN-055,Övörhangay,MN-055
Mongolia,MN,Hovd,MN-043,Hovd,MN-043
Mongolia,MN,Dornod,MN-061,Dornod,MN-061
Mongolia,MN,Bayan-Ölgiy,MN-071,Bayan-Ölgiy,MN-071
Mongolia,MN,Darhan uul,MN-037,Darhan uul,MN-037
Mongolia,MN,Bayanhongor,MN-069,Bayanhongor,MN-069
Mongolia,MN,Orhon,MN-035,Orhon,MN-035
Mongolia,MN,Ulaanbaatar,MN-1,Ulaanbaatar,MN-1
Mongolia,MN,Selenge,MN-049,Selenge,MN-049
Mongolia,MN,Govi-Sümber,MN-064,Govi-Sümber,MN-064
Mongolia,MN,Uvs,MN-046,Uvs,MN-046
Mongolia,MN,Dzavhan,MN-057,Dzavhan,MN-057
Myanmar,MM,Bago,MM-02,Bago,MM-02
Myanmar,MM,Kayin,MM-13,Kayin,MM-13
Myanmar,MM,Kayah,MM-12,Kayah,MM-12
Myanmar,MM,Sagaing,MM-01,Sagaing,MM-01
Myanmar,MM,Chin,MM-14,Chin,MM-14
Myanmar,MM,Rakhine,MM-16,Rakhine,MM-16
Myanmar,MM,Shan,MM-17,Shan,MM-17
Myanmar,MM,Magway,MM-03,Magway,MM-03
Myanmar,MM,Mon,MM-15,Mon,MM-15
Myanmar,MM,Yangon,MM-06,Yangon,MM-06
Myanmar,MM,Kachin,MM-11,Kachin,MM-11
Myanmar,MM,Tanintharyi,MM-05,Tanintharyi,MM-05
Myanmar,MM,Ayeyarwady,MM-07,Ayeyarwady,MM-07
Myanmar,MM,Mandalay,MM-04,Mandalay,MM-04
Cook Islands,CK,Cook Islands,CK,Cook Islands,CK
Central African Republic,CF,Vakaga,CF-VK,Vakaga,CF-VK
Central African Republic,CF,Nana-Mambéré,CF-NM,Nana-Mambéré,CF-NM
Central African Republic,CF,Ombella-Mpoko,CF-MP,Ombella-Mpoko,CF-MP
Central African Republic,CF,Ouaka,CF-UK,Ouaka,CF-UK
Central African Republic,CF,Lobaye,CF-LB,Lobaye,CF-LB
Central African Republic,CF,Kémo,CF-KG,Kémo,CF-KG
Central African Republic,CF,Mambéré-Kadéï,CF-HS,Mambéré-Kadéï,CF-HS
Central African Republic,CF,Haut-Mbomou,CF-HM,Haut-Mbomou,CF-HM
Central African Republic,CF,Haute-Kotto,CF-HK,Haute-Kotto,CF-HK
Central African Republic,CF,Bangui,CF-BGF,Bangui,CF-BGF
Central African Republic,CF,Mbomou,CF-MB,Mbomou,CF-MB
Central African Republic,CF,Ouham-Pendé,CF-OP,Ouham-Pendé,CF-OP
Central African Republic,CF,Sangha-Mbaéré,CF-SE,Sangha-Mbaéré,CF-SE
Central African Republic,CF,Nana-Grébizi,CF-KB,Nana-Grébizi,CF-KB
Central African Republic,CF,Bamingui-Bangoran,CF-BB,Bamingui-Bangoran,CF-BB
Central African Republic,CF,Ouham,CF-AC,Ouham,CF-AC
Central African Republic,CF,Basse-Kotto,CF-BK,Basse-Kotto,CF-BK
Cambodia,KH,Prey Vêng,KH-14,Prey Vêng,KH-14
Cambodia,KH,Pousaat,KH-15,Pousaat,KH-15
Cambodia,KH,Kâmpóng Spœ,KH-5,Kâmpóng Spœ,KH-5
Cambodia,KH,Svay Rieng,KH-20,Svay Rieng,KH-20
Cambodia,KH,Kâmpóng Chhnang,KH-4,Kâmpóng Chhnang,KH-4
Cambodia,KH,Krâchéh,KH-10,Krâchéh,KH-10
Cambodia,KH,Bântéay Méanchey,KH-1,Bântéay Méanchey,KH-1
Cambodia,KH,Stueng Traeng [Stœng Trêng],KH-19,Stueng Traeng [Stœng Trêng],KH-19
Cambodia,KH,Rôtânôkiri,KH-16,Rôtânôkiri,KH-16
Cambodia,KH,Takêv,KH-21,Takêv,KH-21
Cambodia,KH,Batdâmbâng,KH-2,Batdâmbâng,KH-2
Cambodia,KH,Krong Pailin,KH-24,Krong Pailin,KH-24
Cambodia,KH,Otdâr Méanchey,KH-22,Otdâr Méanchey,KH-22
Cambodia,KH,Phnum Pénh,KH-12,Phnum Pénh,KH-12
Cambodia,KH,Môndól Kiri,KH-11,Môndól Kiri,KH-11
Cambodia,KH,Preah Vihéar,KH-13,Preah Vihéar,KH-13
Cambodia,KH,Krong Preah Sihanouk,KH-18,Krong Preah Sihanouk,KH-18
Cambodia,KH,Kâmpóng Thum,KH-6,Kâmpóng Thum,KH-6
Cambodia,KH,Krong Kêb,KH-23,Krong Kêb,KH-23
Cambodia,KH,Siemréab,KH-17,Siemréab,KH-17
Cambodia,KH,Kâmpóng Cham,KH-3,Kâmpóng Cham,KH-3
Cambodia,KH,Kândal,KH-8,Kândal,KH-8
Cambodia,KH,Kaôh Kong,KH-9,Kaôh Kong,KH-9
Cambodia,KH,Kâmpôt,KH-7,Kâmpôt,KH-7
Togo,TG,Savannes,TG-S,Savannes,TG-S
Togo,TG,Centre,TG-C,Centre,TG-C
Togo,TG,Kara,TG-K,Kara,TG-K
Togo,TG,Plateaux,TG-P,Plateaux,TG-P
Togo,TG,Maritime (Région),TG-M,Maritime (Région),TG-M
Curaçao,CW,Curaçao,CW,Curaçao,CW
Ecuador,EC,Santo Domingo de los Tsáchilas,EC-SD,Santo Domingo de los Tsáchilas,EC-SD
Ecuador,EC,Napo,EC-N,Napo,EC-N
Ecuador,EC,Cañar,EC-F,Cañar,EC-F
Ecuador,EC,Orellana,EC-D,Orellana,EC-D
Ecuador,EC,Loja,EC-L,Loja,EC-L
Ecuador,EC,Morona-Santiago,EC-S,Morona-Santiago,EC-S
Ecuador,EC,Carchi,EC-C,Carchi,EC-C
Ecuador,EC,Los Ríos,EC-R,Los Ríos,EC-R
Ecuador,EC,Cotopaxi,EC-X,Cotopaxi,EC-X
Ecuador,EC,Pichincha,EC-P,Pichincha,EC-P
Ecuador,EC,Zamora-Chinchipe,EC-Z,Zamora-Chinchipe,EC-Z
Ecuador,EC,Tungurahua,EC-T,Tungurahua,EC-T
Ecuador,EC,Chimborazo,EC-H,Chimborazo,EC-H
Ecuador,EC,Galápagos,EC-W,Galápagos,EC-W
Ecuador,EC,Bolívar,EC-B,Bolívar,EC-B
Ecuador,EC,Azuay,EC-A,Azuay,EC-A
Ecuador,EC,Esmeraldas,EC-E,Esmeraldas,EC-E
Ecuador,EC,Santa Elena,EC-SE,Santa Elena,EC-SE
Ecuador,EC,Sucumbíos,EC-U,Sucumbíos,EC-U
Ecuador,EC,El Oro,EC-O,El Oro,EC-O
Ecuador,EC,Pastaza,EC-Y,Pastaza,EC-Y
Ecuador,EC,Guayas,EC-G,Guayas,EC-G
Ecuador,EC,Imbabura,EC-I,Imbabura,EC-I
Ecuador,EC,Manabí,EC-M,Manabí,EC-M
Jersey,JE,Jersey,JE,Jersey,JE
Bulgaria,BG,Varna,BG-03,Varna,BG-03
Bulgaria,BG,Haskovo,BG-26,Haskovo,BG-26
Bulgaria,BG,Silistra,BG-19,Silistra,BG-19
Bulgaria,BG,Montana,BG-12,Montana,BG-12
Bulgaria,BG,Burgas,BG-02,Burgas,BG-02
Bulgaria,BG,Kardzhali,BG-09,Kardzhali,BG-09
Bulgaria,BG,Stara Zagora,BG-24,Stara Zagora,BG-24
Bulgaria,BG,Vidin,BG-05,Vidin,BG-05
Bulgaria,BG,Sofia,BG-23,Sofia,BG-23
Bulgaria,BG,Sofia-Grad,BG-22,Sofia-Grad,BG-22
Bulgaria,BG,Lovech,BG-11,Lovech,BG-11
Bulgaria,BG,Pernik,BG-14,Pernik,BG-14
Bulgaria,BG,Gabrovo,BG-07,Gabrovo,BG-07
Bulgaria,BG,Razgrad,BG-17,Razgrad,BG-17
Bulgaria,BG,Kyustendil,BG-10,Kyustendil,BG-10
Bulgaria,BG,Dobrich,BG-08,Dobrich,BG-08
Bulgaria,BG,Blagoevgrad,BG-01,Blagoevgrad,BG-01
Bulgaria,BG,Targovishte,BG-25,Targovishte,BG-25
Bulgaria,BG,Yambol,BG-28,Yambol,BG-28
Bulgaria,BG,Smolyan,BG-21,Smolyan,BG-21
Bulgaria,BG,Shumen,BG-27,Shumen,BG-27
Bulgaria,BG,Vratsa,BG-06,Vratsa,BG-06
Bulgaria,BG,Sliven,BG-20,Sliven,BG-20
Bulgaria,BG,Ruse,BG-18,Ruse,BG-18
Bulgaria,BG,Pazardzhik,BG-13,Pazardzhik,BG-13
Bulgaria,BG,Veliko Tarnovo,BG-04,Veliko Tarnovo,BG-04
Bulgaria,BG,Pleven,BG-15,Pleven,BG-15
Bulgaria,BG,Plovdiv,BG-16,Plovdiv,BG-16
Spain,ES,Castilla-La Mancha,ES-CM,Toledo,ES-CM-TD
Spain,ES,Castilla-La Mancha,ES-CM,Albacete,ES-CM-AB
Spain,ES,Castilla-La Mancha,ES-CM,Ciudad Real,ES-CM-CR
Spain,ES,Castilla-La Mancha,ES-CM,Cuenca,ES-CM-CU
Spain,ES,Castilla-La Mancha,ES-CM,Guadalajara,ES-CM-GJ
Spain,ES,Melilla,ES-ML,Melilla,ES-ML
Spain,ES,"Valenciana, Comunidad",ES-VC,Alicante,ES-VC-AN
Spain,ES,"Valenciana, Comunidad",ES-VC,Valencia,ES-VC-VN
Spain,ES,"Valenciana, Comunidad",ES-VC,Castellón,ES-VC-CS
Spain,ES,Ceuta,ES-CE,Ceuta,ES-CE
Spain,ES,País Vasco,ES-PV,Bizkaia,ES-PV-VZ
Spain,ES,País Vasco,ES-PV,Araba,ES-PV-AA
Spain,ES,País Vasco,ES-PV,Gipuzkoa,ES-PV-GP
Spain,ES,Cataluña,ES-CT,Lleida,ES-CT-LD
Spain,ES,Cataluña,ES-CT,Girona,ES-CT-GN
Spain,ES,Cataluña,ES-CT,Tarragona,ES-CT-TG
Spain,ES,Cataluña,ES-CT,Barcelona,ES-CT-BR
Spain,ES,Extremadura,ES-EX,Badajoz,ES-EX-BD
Spain,ES,Extremadura,ES-EX,Cáceres,ES-EX-CC
Spain,ES,"Navarra, Comunidad Foral de",ES-NC,"Navarra, Comunidad Foral de",ES-NC
Spain,ES,Cantabria,ES-CB,Cantabria,ES-CB
Spain,ES,"Murcia, Región de",ES-MC,"Murcia, Región de",ES-MC
Spain,ES,Galicia,ES-GA,A Coruña,ES-GA-AC
Spain,ES,Galicia,ES-GA,Ourense,ES-GA-OR
Spain,ES,Galicia,ES-GA,Pontevedra,ES-GA-PV
Spain,ES,Galicia,ES-GA,Lugo,ES-GA-LG
Spain,ES,Illes Baleares,ES-IB,Illes Baleares,ES-IB
Spain,ES,La Rioja,ES-RI,La Rioja,ES-RI
Spain,ES,"Madrid, Comunidad de",ES-MD,"Madrid, Comunidad de",ES-MD
Spain,ES,Castilla y León,ES-CL,Burgos,ES-CL-BU
Spain,ES,Castilla y León,ES-CL,Salamanca,ES-CL-SL
Spain,ES,Castilla y León,ES-CL,Palencia,ES-CL-PL
Spain,ES,Castilla y León,ES-CL,Ávila,ES-CL-AV
Spain,ES,Castilla y León,ES-CL,Zamora,ES-CL-ZM
Spain,ES,Castilla y León,ES-CL,León,ES-CL-LN
Spain,ES,Castilla y León,ES-CL,Valladolid,ES-CL-VD
Spain,ES,Castilla y León,ES-CL,Soria,ES-CL-SR
Spain,ES,Castilla y León,ES-CL,Segovia,ES-CL-SG
Spain,ES,Canarias,ES-CN,La Gomera,ES-CN-GOM
Spain,ES,Canarias,ES-CN,Fuerteventura,ES-CN-FVT
Spain,ES,Canarias,ES-CN,La Palma,ES-CN-PAL
Spain,ES,Canarias,ES-CN,Lanzarote,ES-CN-LZR
Spain,ES,Canarias,ES-CN,Gran Canaria,ES-CN-GRC
Spain,ES,Canarias,ES-CN,El Hierro,ES-CN-HIE
Spain,ES,Canarias,ES-CN,Tenerife,ES-CN-TEN
Spain,ES,"Asturias, Principado de",ES-AS,"Asturias, Principado de",ES-AS
Spain,ES,Andalucía,ES-AN,Jaén,ES-AN-JA
Spain,ES,Andalucía,ES-AN,Almería,ES-AN-AM
Spain,ES,Andalucía,ES-AN,Córdoba,ES-AN-CO
Spain,ES,Andalucía,ES-AN,Huelva,ES-AN-HL
Spain,ES,Andalucía,ES-AN,Sevilla,ES-AN-SV
Spain,ES,Andalucía,ES-AN,Málaga,ES-AN-MG
Spain,ES,Andalucía,ES-AN,Cádiz,ES-AN-CD
Spain,ES,Andalucía,ES-AN,Granada,ES-AN-GD
Spain,ES,Aragón,ES-AR,Huesca,ES-AR-HS
Spain,ES,Aragón,ES-AR,Zaragoza,ES-AR-ZG
Spain,ES,Aragón,ES-AR,Teruel,ES-AR-TE
North Korea,KP,Hamgyong-bukto,KP-09,Hamgyong-bukto,KP-09
North Korea,KP,Chagang-do,KP-04,Chagang-do,KP-04
North Korea,KP,P’yongyang-t’ukpyolsi,KP-01,P’yongyang-t’ukpyolsi,KP-01
North Korea,KP,Hwanghae-namdo,KP-05,Hwanghae-namdo,KP-05
North Korea,KP,Najin Sonbong-si,KP-13,Najin Sonbong-si,KP-13
North Korea,KP,Hwanghae-bukto,KP-06,Hwanghae-bukto,KP-06
North Korea,KP,P’yongan-namdo,KP-02,P’yongan-namdo,KP-02
North Korea,KP,Yanggang-do,KP-10,Yanggang-do,KP-10
North Korea,KP,P’yongan-bukto,KP-03,P’yongan-bukto,KP-03
North Korea,KP,Kangwon-do,KP-07,Kangwon-do,KP-07
North Korea,KP,Hamgyong-namdo,KP-08,Hamgyong-namdo,KP-08
"Saint Helena, Ascension, and Tristan da Cunha",SH,Ascension,SH-AC,Ascension,SH-AC
"Saint Helena, Ascension, and Tristan da Cunha",SH,Tristan da Cunha,SH-TA,Tristan da Cunha,SH-TA
"Saint Helena, Ascension, and Tristan da Cunha",SH,Saint Helena,SH-SH,Saint Helena,SH-SH
Montenegro,ME,Bijelo Polje,ME-04,Bijelo Polje,ME-04
Montenegro,ME,Cetinje,ME-06,Cetinje,ME-06
Montenegro,ME,Kotor,ME-10,Kotor,ME-10
Montenegro,ME,Danilovgrad,ME-07,Danilovgrad,ME-07
Montenegro,ME,Šavnik,ME-18,Šavnik,ME-18
Montenegro,ME,Kolašin,ME-09,Kolašin,ME-09
Montenegro,ME,Plužine,ME-15,Plužine,ME-15
Montenegro,ME,Podgorica,ME-16,Podgorica,ME-16
Montenegro,ME,Pljevlja,ME-14,Pljevlja,ME-14
Montenegro,ME,Bar,ME-02,Bar,ME-02
Montenegro,ME,Ulcinj,ME-20,Ulcinj,ME-20
Montenegro,ME,Plav,ME-13,Plav,ME-13
Montenegro,ME,Rožaje,ME-17,Rožaje,ME-17
Montenegro,ME,Nikšic´,ME-12,Nikšic´,ME-12
Montenegro,ME,Tivat,ME-19,Tivat,ME-19
Montenegro,ME,Budva,ME-05,Budva,ME-05
Montenegro,ME,Herceg-Novi,ME-08,Herceg-Novi,ME-08
Montenegro,ME,Andrijevica,ME-01,Andrijevica,ME-01
Montenegro,ME,Žabljak,ME-21,Žabljak,ME-21
Montenegro,ME,Mojkovac,ME-11,Mojkovac,ME-11
Montenegro,ME,Berane,ME-03,Berane,ME-03
Saint Kitts and Nevis,KN,Saint Kitts,KN-K,Saint Kitts,KN-K
Saint Kitts and Nevis,KN,Nevis,KN-N,Nevis,KN-N
Botswana,BW,Kgalagadi,BW-KG,Kgalagadi,BW-KG
Botswana,BW,Kweneng,BW-KW,Kweneng,BW-KW
Botswana,BW,North-West,BW-NW,North-West,BW-NW
Botswana,BW,South-East,BW-SE,South-East,BW-SE
Botswana,BW,Southern,BW-SO,Southern,BW-SO
Botswana,BW,North-East,BW-NE,North-East,BW-NE
Botswana,BW,Central,BW-CE,Central,BW-CE
Botswana,BW,Ghanzi,BW-GH,Ghanzi,BW-GH
Botswana,BW,Kgatleng,BW-KL,Kgatleng,BW-KL
Antarctica,AQ,Antarctica,AQ,Antarctica,AQ
South Africa,ZA,Mpumalanga,ZA-MP,Nkomazi,ZA-MP-07
South Africa,ZA,Mpumalanga,ZA-MP,Emalahleni,ZA-MP-14
South Africa,ZA,Mpumalanga,ZA-MP,Dipaleseng,ZA-MP-02
South Africa,ZA,Mpumalanga,ZA-MP,Mkhondo,ZA-MP-03
South Africa,ZA,Mpumalanga,ZA-MP,Thembisile,ZA-MP-15
South Africa,ZA,Mpumalanga,ZA-MP,Steve Tshwete,ZA-MP-06
South Africa,ZA,Mpumalanga,ZA-MP,Lekwa,ZA-MP-01
South Africa,ZA,Mpumalanga,ZA-MP,Govan Mbeki,ZA-MP-05
South Africa,ZA,Mpumalanga,ZA-MP,Victor Khanye,ZA-MP-12
South Africa,ZA,Mpumalanga,ZA-MP,Bushbuckridge,ZA-MP-17
South Africa,ZA,Mpumalanga,ZA-MP,City of Mbombela,ZA-MP-10
South Africa,ZA,Mpumalanga,ZA-MP,Thaba Chweu,ZA-MP-16
South Africa,ZA,Mpumalanga,ZA-MP,Msukaligwa,ZA-MP-04
South Africa,ZA,Mpumalanga,ZA-MP,Dr JS Moroka,ZA-MP-08
South Africa,ZA,Mpumalanga,ZA-MP,Emakhazeni,ZA-MP-09
South Africa,ZA,Mpumalanga,ZA-MP,Dr Pixley Ka Isaka Seme,ZA-MP-11
South Africa,ZA,Mpumalanga,ZA-MP,Chief Albert Luthuli,ZA-MP-13
South Africa,ZA,Western Cape,ZA-WC,Stellenbosch,ZA-WC-07
South Africa,ZA,Western Cape,ZA-WC,City of Cape Town,ZA-WC-08
South Africa,ZA,Western Cape,ZA-WC,Theewaterskloof,ZA-WC-03
South Africa,ZA,Western Cape,ZA-WC,George,ZA-WC-13
South Africa,ZA,Western Cape,ZA-WC,Overstrand,ZA-WC-01
South Africa,ZA,Western Cape,ZA-WC,Langeberg,ZA-WC-11
South Africa,ZA,Western Cape,ZA-WC,Breede Valley,ZA-WC-23
South Africa,ZA,Western Cape,ZA-WC,Saldanha Bay,ZA-WC-24
South Africa,ZA,Western Cape,ZA-WC,Cederberg,ZA-WC-20
South Africa,ZA,Western Cape,ZA-WC,Kannaland,ZA-WC-14
South Africa,ZA,Western Cape,ZA-WC,Oudtshoorn,ZA-WC-15
South Africa,ZA,Western Cape,ZA-WC,Beaufort West,ZA-WC-21
South Africa,ZA,Western Cape,ZA-WC,Bitou,ZA-WC-09
South Africa,ZA,Western Cape,ZA-WC,Swartland,ZA-WC-12
South Africa,ZA,Western Cape,ZA-WC,Hessequa,ZA-WC-05
South Africa,ZA,Western Cape,ZA-WC,Prince Albert,ZA-WC-16
South Africa,ZA,Western Cape,ZA-WC,Laingsburg,ZA-WC-17
South Africa,ZA,Western Cape,ZA-WC,Drakenstein,ZA-WC-25
South Africa,ZA,Western Cape,ZA-WC,Cape Agulhas,ZA-WC-02
South Africa,ZA,Western Cape,ZA-WC,Knysna,ZA-WC-06
South Africa,ZA,Western Cape,ZA-WC,Mossel Bay,ZA-WC-04
South Africa,ZA,Western Cape,ZA-WC,Bergrivier,ZA-WC-18
South Africa,ZA,Western Cape,ZA-WC,Matzikama,ZA-WC-22
South Africa,ZA,Western Cape,ZA-WC,Swellendam,ZA-WC-10
South Africa,ZA,Western Cape,ZA-WC,Witzenberg,ZA-WC-19
South Africa,ZA,Kwazulu-Natal,ZA-NL,Nkandla,ZA-NL-25
South Africa,ZA,Kwazulu-Natal,ZA-NL,uMshwathi,ZA-NL-16
South Africa,ZA,Kwazulu-Natal,ZA-NL,Umzumbe,ZA-NL-03
South Africa,ZA,Kwazulu-Natal,ZA-NL,uMhlathuze,ZA-NL-24
South Africa,ZA,Kwazulu-Natal,ZA-NL,Ray Nkonyeni,ZA-NL-01
South Africa,ZA,Kwazulu-Natal,ZA-NL,Emadlangeni,ZA-NL-40
South Africa,ZA,Kwazulu-Natal,ZA-NL,KwaDukuza,ZA-NL-17
South Africa,ZA,Kwazulu-Natal,ZA-NL,Inkosi Langalibalele,ZA-NL-23
South Africa,ZA,Kwazulu-Natal,ZA-NL,Nqutu,ZA-NL-32
South Africa,ZA,Kwazulu-Natal,ZA-NL,Richmond,ZA-NL-08
South Africa,ZA,Kwazulu-Natal,ZA-NL,Mpofana,ZA-NL-19
South Africa,ZA,Kwazulu-Natal,ZA-NL,Ubuhlebezwe,ZA-NL-05
South Africa,ZA,Kwazulu-Natal,ZA-NL,Ndwedwe,ZA-NL-15
South Africa,ZA,Kwazulu-Natal,ZA-NL,Dr Nkosazana Dlamini Zuma,ZA-NL-12
South Africa,ZA,Kwazulu-Natal,ZA-NL,Abaqulusi,ZA-NL-37
South Africa,ZA,Kwazulu-Natal,ZA-NL,Big Five Hlabisa,ZA-NL-44
South Africa,ZA,Kwazulu-Natal,ZA-NL,uMlalazi,ZA-NL-22
South Africa,ZA,Kwazulu-Natal,ZA-NL,Greater Kokstad,ZA-NL-07
South Africa,ZA,Kwazulu-Natal,ZA-NL,The Msunduzi,ZA-NL-10
South Africa,ZA,Kwazulu-Natal,ZA-NL,Umdoni,ZA-NL-04
South Africa,ZA,Kwazulu-Natal,ZA-NL,Dannhauser,ZA-NL-35
South Africa,ZA,Kwazulu-Natal,ZA-NL,uMuziwabantu,ZA-NL-02
South Africa,ZA,Kwazulu-Natal,ZA-NL,uMngeni,ZA-NL-14
South Africa,ZA,Kwazulu-Natal,ZA-NL,Okhahlamba,ZA-NL-26
South Africa,ZA,Kwazulu-Natal,ZA-NL,Umzimkhulu,ZA-NL-06
South Africa,ZA,Kwazulu-Natal,ZA-NL,Newcastle,ZA-NL-38
South Africa,ZA,Kwazulu-Natal,ZA-NL,eDumbe,ZA-NL-39
South Africa,ZA,Kwazulu-Natal,ZA-NL,uPhongolo,ZA-NL-41
South Africa,ZA,Kwazulu-Natal,ZA-NL,Endumeni,ZA-NL-33
South Africa,ZA,Kwazulu-Natal,ZA-NL,Maphumulo,ZA-NL-20
South Africa,ZA,Kwazulu-Natal,ZA-NL,Nongoma,ZA-NL-36
South Africa,ZA,Kwazulu-Natal,ZA-NL,Mkhambathini,ZA-NL-09
South Africa,ZA,Kwazulu-Natal,ZA-NL,Mfolozi,ZA-NL-28
South Africa,ZA,Kwazulu-Natal,ZA-NL,Jozini,ZA-NL-43
South Africa,ZA,Kwazulu-Natal,ZA-NL,Mtubatuba,ZA-NL-31
South Africa,ZA,Kwazulu-Natal,ZA-NL,Ulundi,ZA-NL-34
South Africa,ZA,Kwazulu-Natal,ZA-NL,Mandeni,ZA-NL-18
South Africa,ZA,Kwazulu-Natal,ZA-NL,Alfred Duma,ZA-NL-30
South Africa,ZA,Kwazulu-Natal,ZA-NL,eThekwini,ZA-NL-11
South Africa,ZA,Kwazulu-Natal,ZA-NL,Umhlabuyalingana,ZA-NL-42
South Africa,ZA,Kwazulu-Natal,ZA-NL,Impendle,ZA-NL-13
South Africa,ZA,Kwazulu-Natal,ZA-NL,Mthonjaneni,ZA-NL-27
South Africa,ZA,Kwazulu-Natal,ZA-NL,Umvoti,ZA-NL-21
South Africa,ZA,Kwazulu-Natal,ZA-NL,Msinga,ZA-NL-29
South Africa,ZA,Gauteng,ZA-GT,Ekurhuleni,ZA-GT-06
South Africa,ZA,Gauteng,ZA-GT,Mogale City,ZA-GT-09
South Africa,ZA,Gauteng,ZA-GT,Midvaal,ZA-GT-02
South Africa,ZA,Gauteng,ZA-GT,City of Johannesburg,ZA-GT-07
South Africa,ZA,Gauteng,ZA-GT,Lesedi,ZA-GT-03
South Africa,ZA,Gauteng,ZA-GT,City of Tshwane,ZA-GT-08
South Africa,ZA,Gauteng,ZA-GT,Emfuleni,ZA-GT-01
South Africa,ZA,Gauteng,ZA-GT,Merafong City,ZA-GT-04
South Africa,ZA,Gauteng,ZA-GT,Rand West City,ZA-GT-05
South Africa,ZA,North-West,ZA-NW,Moretele,ZA-NW-05
South Africa,ZA,North-West,ZA-NW,Tswaing,ZA-NW-03
South Africa,ZA,North-West,ZA-NW,Mafikeng,ZA-NW-15
South Africa,ZA,North-West,ZA-NW,Rustenburg,ZA-NW-17
South Africa,ZA,North-West,ZA-NW,Ramotshere Moiloa,ZA-NW-07
South Africa,ZA,North-West,ZA-NW,Naledi,ZA-NW-02
South Africa,ZA,North-West,ZA-NW,Greater Taung,ZA-NW-10
South Africa,ZA,North-West,ZA-NW,Moses Kotane,ZA-NW-06
South Africa,ZA,North-West,ZA-NW,Maquassi Hills,ZA-NW-12
South Africa,ZA,North-West,ZA-NW,Lekwa-Teemane,ZA-NW-09
South Africa,ZA,North-West,ZA-NW,Ratlou,ZA-NW-13
South Africa,ZA,North-West,ZA-NW,JB Marks,ZA-NW-04
South Africa,ZA,North-West,ZA-NW,Kagisano-Molopo,ZA-NW-18
South Africa,ZA,North-West,ZA-NW,Kgetlengrivier,ZA-NW-16
South Africa,ZA,North-West,ZA-NW,City of Matlosana,ZA-NW-01
South Africa,ZA,North-West,ZA-NW,Mamusa,ZA-NW-11
South Africa,ZA,North-West,ZA-NW,Local Municipality of Madibeng,ZA-NW-08
South Africa,ZA,North-West,ZA-NW,Ditsobotla,ZA-NW-14
South Africa,ZA,Free State,ZA-FS,Mantsopa,ZA-FS-04
South Africa,ZA,Free State,ZA-FS,Ngwathe,ZA-FS-18
South Africa,ZA,Free State,ZA-FS,Mafube,ZA-FS-16
South Africa,ZA,Free State,ZA-FS,Moqhaka,ZA-FS-17
South Africa,ZA,Free State,ZA-FS,Maluti-a-Phofung,ZA-FS-09
South Africa,ZA,Free State,ZA-FS,Phumelela,ZA-FS-15
South Africa,ZA,Free State,ZA-FS,Matjhabeng,ZA-FS-12
South Africa,ZA,Free State,ZA-FS,Masilonyana,ZA-FS-06
South Africa,ZA,Free State,ZA-FS,Mohokare,ZA-FS-01
South Africa,ZA,Free State,ZA-FS,Nala,ZA-FS-14
South Africa,ZA,Free State,ZA-FS,Metsimaholo,ZA-FS-19
South Africa,ZA,Free State,ZA-FS,Dihlabeng,ZA-FS-08
South Africa,ZA,Free State,ZA-FS,Setsoto,ZA-FS-07
South Africa,ZA,Free State,ZA-FS,Tokologo,ZA-FS-10
South Africa,ZA,Free State,ZA-FS,Nketoana,ZA-FS-13
South Africa,ZA,Free State,ZA-FS,Tswelopele,ZA-FS-11
South Africa,ZA,Free State,ZA-FS,Kopanong,ZA-FS-02
South Africa,ZA,Free State,ZA-FS,Letsemeng,ZA-FS-03
South Africa,ZA,Free State,ZA-FS,Mangaung,ZA-FS-05
South Africa,ZA,Limpopo,ZA-LP,Lepelle-Nkumpi,ZA-LP-08
South Africa,ZA,Limpopo,ZA-LP,Ephraim Mogale,ZA-LP-02
South Africa,ZA,Limpopo,ZA-LP,Elias Motsoaledi,ZA-LP-01
South Africa,ZA,Limpopo,ZA-LP,Greater Letaba,ZA-LP-13
South Africa,ZA,Limpopo,ZA-LP,Ba-Phalaborwa,ZA-LP-15
South Africa,ZA,Limpopo,ZA-LP,Greater Tzaneen,ZA-LP-11
South Africa,ZA,Limpopo,ZA-LP,Modimolle-Mookgophong,ZA-LP-06
South Africa,ZA,Limpopo,ZA-LP,Blouberg,ZA-LP-21
South Africa,ZA,Limpopo,ZA-LP,Makhado,ZA-LP-18
South Africa,ZA,Limpopo,ZA-LP,Collins Chabane,ZA-LP-19
South Africa,ZA,Limpopo,ZA-LP,Mogalakwena,ZA-LP-12
South Africa,ZA,Limpopo,ZA-LP,Maruleng,ZA-LP-07
South Africa,ZA,Limpopo,ZA-LP,Bela-Bela,ZA-LP-03
South Africa,ZA,Limpopo,ZA-LP,Greater Giyani,ZA-LP-16
South Africa,ZA,Limpopo,ZA-LP,Thulamela,ZA-LP-20
South Africa,ZA,Limpopo,ZA-LP,Lephalale,ZA-LP-17
South Africa,ZA,Limpopo,ZA-LP,Polokwane,ZA-LP-10
South Africa,ZA,Limpopo,ZA-LP,Musina,ZA-LP-22
South Africa,ZA,Limpopo,ZA-LP,Fetakgomo Tubatse,ZA-LP-05
South Africa,ZA,Limpopo,ZA-LP,Molemole,ZA-LP-14
South Africa,ZA,Limpopo,ZA-LP,Makhuduthamaga,ZA-LP-04
South Africa,ZA,Limpopo,ZA-LP,Thabazimbi,ZA-LP-09
South Africa,ZA,Northern Cape,ZA-NC,Richtersveld,ZA-NC-16
South Africa,ZA,Northern Cape,ZA-NC,Tsantsabane,ZA-NC-26
South Africa,ZA,Northern Cape,ZA-NC,Kareeberg,ZA-NC-04
South Africa,ZA,Northern Cape,ZA-NC,Hantam,ZA-NC-08
South Africa,ZA,Northern Cape,ZA-NC,Emthanjeni,ZA-NC-05
South Africa,ZA,Northern Cape,ZA-NC,Thembelihle,ZA-NC-09
South Africa,ZA,Northern Cape,ZA-NC,Dikgatlong,ZA-NC-22
South Africa,ZA,Northern Cape,ZA-NC,Kai !Garib,ZA-NC-21
South Africa,ZA,Northern Cape,ZA-NC,Umsobomvu,ZA-NC-03
South Africa,ZA,Northern Cape,ZA-NC,Siyancuma,ZA-NC-13
South Africa,ZA,Northern Cape,ZA-NC,Siyathemba,ZA-NC-10
South Africa,ZA,Northern Cape,ZA-NC,Renosterberg,ZA-NC-07
South Africa,ZA,Northern Cape,ZA-NC,Joe Morolong,ZA-NC-18
South Africa,ZA,Northern Cape,ZA-NC,Nama Khoi,ZA-NC-11
South Africa,ZA,Northern Cape,ZA-NC,Gamagara,ZA-NC-24
South Africa,ZA,Northern Cape,ZA-NC,Kgatelopele,ZA-NC-20
South Africa,ZA,Northern Cape,ZA-NC,Dawid Kruiper,ZA-NC-19
South Africa,ZA,Northern Cape,ZA-NC,Ubuntu,ZA-NC-01
South Africa,ZA,Northern Cape,ZA-NC,Magareng,ZA-NC-17
South Africa,ZA,Northern Cape,ZA-NC,Sol Plaatje,ZA-NC-14
South Africa,ZA,Northern Cape,ZA-NC,Ga-Segonyana,ZA-NC-25
South Africa,ZA,Northern Cape,ZA-NC,Khâi-Ma,ZA-NC-12
South Africa,ZA,Northern Cape,ZA-NC,!Kheis,ZA-NC-15
South Africa,ZA,Northern Cape,ZA-NC,Phokwane,ZA-NC-23
South Africa,ZA,Northern Cape,ZA-NC,Karoo Hoogland,ZA-NC-02
South Africa,ZA,Northern Cape,ZA-NC,Kamiesberg,ZA-NC-06
South Africa,ZA,Eastern Cape,ZA-EC,Ntabankulu,ZA-EC-25
South Africa,ZA,Eastern Cape,ZA-EC,Blue Crane Route,ZA-EC-09
South Africa,ZA,Eastern Cape,ZA-EC,Nyandeni,ZA-EC-18
South Africa,ZA,Eastern Cape,ZA-EC,Intsika Yethu,ZA-EC-14
South Africa,ZA,Eastern Cape,ZA-EC,Kou-Kamma,ZA-EC-02
South Africa,ZA,Eastern Cape,ZA-EC,Walter Sisulu,ZA-EC-28
South Africa,ZA,Eastern Cape,ZA-EC,Dr AB Xuma,ZA-EC-16
South Africa,ZA,Eastern Cape,ZA-EC,Matatiele,ZA-EC-33
South Africa,ZA,Eastern Cape,ZA-EC,Port St Johns,ZA-EC-17
South Africa,ZA,Eastern Cape,ZA-EC,Emalahleni,ZA-EC-19
South Africa,ZA,Eastern Cape,ZA-EC,Buffalo City,ZA-EC-06
South Africa,ZA,Eastern Cape,ZA-EC,Ndlambe,ZA-EC-04
South Africa,ZA,Eastern Cape,ZA-EC,Ngqushwa,ZA-EC-30
South Africa,ZA,Eastern Cape,ZA-EC,Inxuba Yethemba,ZA-EC-21
South Africa,ZA,Eastern Cape,ZA-EC,Mbhashe,ZA-EC-12
South Africa,ZA,Eastern Cape,ZA-EC,Nelson Mandela Bay,ZA-EC-03
South Africa,ZA,Eastern Cape,ZA-EC,Kouga,ZA-EC-01
South Africa,ZA,Eastern Cape,ZA-EC,Sundays River Valley,ZA-EC-05
South Africa,ZA,Eastern Cape,ZA-EC,Elundini,ZA-EC-31
South Africa,ZA,Eastern Cape,ZA-EC,Sakhisizwe,ZA-EC-20
South Africa,ZA,Eastern Cape,ZA-EC,Ngquza Hill,ZA-EC-23
South Africa,ZA,Eastern Cape,ZA-EC,Winnie Madikizela-Mandela,ZA-EC-26
South Africa,ZA,Eastern Cape,ZA-EC,Mnquma,ZA-EC-11
South Africa,ZA,Eastern Cape,ZA-EC,Great Kei,ZA-EC-07
South Africa,ZA,Eastern Cape,ZA-EC,Enoch Mgijima,ZA-EC-22
South Africa,ZA,Eastern Cape,ZA-EC,Amahlathi,ZA-EC-10
South Africa,ZA,Eastern Cape,ZA-EC,Raymond Mhlaba,ZA-EC-08
South Africa,ZA,Eastern Cape,ZA-EC,King Sabata Dalindyebo,ZA-EC-15
South Africa,ZA,Eastern Cape,ZA-EC,Mhlontlo,ZA-EC-24
South Africa,ZA,Eastern Cape,ZA-EC,Umzimvubu,ZA-EC-27
South Africa,ZA,Eastern Cape,ZA-EC,Senqu,ZA-EC-32
South Africa,ZA,Eastern Cape,ZA-EC,Makana,ZA-EC-29
South Africa,ZA,Eastern Cape,ZA-EC,Dr Beyers Naude,ZA-EC-13
Mauritania,MR,Assaba,MR-03,Assaba,MR-03
Mauritania,MR,Tiris Zemmour,MR-11,Tiris Zemmour,MR-11
Mauritania,MR,Adrar,MR-07,Adrar,MR-07
Mauritania,MR,Guidimaka,MR-10,Guidimaka,MR-10
Mauritania,MR,Gorgol,MR-04,Gorgol,MR-04
Mauritania,MR,Hodh el Gharbi,MR-02,Hodh el Gharbi,MR-02
Mauritania,MR,Trarza,MR-06,Trarza,MR-06
Mauritania,MR,Tagant,MR-09,Tagant,MR-09
Mauritania,MR,Hodh ech Chargui,MR-01,Hodh ech Chargui,MR-01
Mauritania,MR,Dakhlet Nouâdhibou,MR-08,Dakhlet Nouâdhibou,MR-08
Mauritania,MR,Inchiri,MR-12,Inchiri,MR-12
Mauritania,MR,Brakna,MR-05,Brakna,MR-05
Mauritania,MR,Nouakchott,MR-NKC,Nouakchott,MR-NKC
Colombia,CO,Nariño,CO-NAR,Nariño,CO-NAR
Colombia,CO,Cesar,CO-CES,Cesar,CO-CES
Colombia,CO,Arauca,CO-ARA,Arauca,CO-ARA
Colombia,CO,Atlántico,CO-ATL,Atlántico,CO-ATL
Colombia,CO,Magdalena,CO-MAG,Magdalena,CO-MAG
Colombia,CO,Caldas,CO-CAL,Caldas,CO-CAL
Colombia,CO,Caquetá,CO-CAQ,Caquetá,CO-CAQ
Colombia,CO,Distrito Capital de Bogotá,CO-DC,Distrito Capital de Bogotá,CO-DC
Colombia,CO,Risaralda,CO-RIS,Risaralda,CO-RIS
Colombia,CO,Guainía,CO-GUA,Guainía,CO-GUA
Colombia,CO,Vaupés,CO-VAU,Vaupés,CO-VAU
Colombia,CO,Sucre,CO-SUC,Sucre,CO-SUC
Colombia,CO,"San Andrés, Providencia y Santa Catalina",CO-SAP,"San Andrés, Providencia y Santa Catalina",CO-SAP
Colombia,CO,Santander,CO-SAN,Santander,CO-SAN
Colombia,CO,Boyacá,CO-BOY,Boyacá,CO-BOY
Colombia,CO,Putumayo,CO-PUT,Putumayo,CO-PUT
Colombia,CO,Meta,CO-MET,Meta,CO-MET
Colombia,CO,Tolima,CO-TOL,Tolima,CO-TOL
Colombia,CO,Casanare,CO-CAS,Casanare,CO-CAS
Colombia,CO,Amazonas,CO-AMA,Amazonas,CO-AMA
Colombia,CO,Bolívar,CO-BOL,Bolívar,CO-BOL
Colombia,CO,La Guajira,CO-LAG,La Guajira,CO-LAG
Colombia,CO,Antioquia,CO-ANT,Antioquia,CO-ANT
Colombia,CO,Valle del Cauca,CO-VAC,Valle del Cauca,CO-VAC
Colombia,CO,Córdoba,CO-COR,Córdoba,CO-COR
Colombia,CO,Cundinamarca,CO-CUN,Cundinamarca,CO-CUN
Colombia,CO,Huila,CO-HUI,Huila,CO-HUI
Colombia,CO,Guaviare,CO-GUV,Guaviare,CO-GUV
Colombia,CO,Vichada,CO-VID,Vichada,CO-VID
Colombia,CO,Chocó,CO-CHO,Chocó,CO-CHO
Colombia,CO,Quindío,CO-QUI,Quindío,CO-QUI
Colombia,CO,Norte de Santander,CO-NSA,Norte de Santander,CO-NSA
Colombia,CO,Cauca,CO-CAU,Cauca,CO-CAU
Germany,DE,Berlin,DE-BE,Berlin (Kreisfreie Stadt),DE-BE-B1
Germany,DE,Nordrhein-Westfalen,DE-NW,Köln (Kreisfreie Stadt),DE-NW-K1
Germany,DE,Nordrhein-Westfalen,DE-NW,Steinfurt,DE-NW-ST
Germany,DE,Nordrhein-Westfalen,DE-NW,Euskirchen,DE-NW-EU
Germany,DE,Nordrhein-Westfalen,DE-NW,Herford,DE-NW-HF
Germany,DE,Nordrhein-Westfalen,DE-NW,Essen (Kreisfreie Stadt),DE-NW-E1
Germany,DE,Nordrhein-Westfalen,DE-NW,Coesfeld,DE-NW-COE
Germany,DE,Nordrhein-Westfalen,DE-NW,Oberhausen (Kreisfreie Stadt),DE-NW-OB
Germany,DE,Nordrhein-Westfalen,DE-NW,Bochum (Kreisfreie Stadt),DE-NW-BO
Germany,DE,Nordrhein-Westfalen,DE-NW,Mettmann,DE-NW-ME
Germany,DE,Nordrhein-Westfalen,DE-NW,Oberbergischer Kreis,DE-NW-GM
Germany,DE,Nordrhein-Westfalen,DE-NW,Düsseldorf (Kreisfreie Stadt),DE-NW-D1
Germany,DE,Nordrhein-Westfalen,DE-NW,Düren,DE-NW-DN
Germany,DE,Nordrhein-Westfalen,DE-NW,Gelsenkirchen (Kreisfreie Stadt),DE-NW-GE
Germany,DE,Nordrhein-Westfalen,DE-NW,Solingen (Kreisfreie Stadt),DE-NW-SG
Germany,DE,Nordrhein-Westfalen,DE-NW,Remscheid (Kreisfreie Stadt),DE-NW-RS
Germany,DE,Nordrhein-Westfalen,DE-NW,Duisburg (Kreisfreie Stadt),DE-NW-DU
Germany,DE,Nordrhein-Westfalen,DE-NW,Siegen-Wittgenstein,DE-NW-SI
Germany,DE,Nordrhein-Westfalen,DE-NW,Minden-Lübbecke,DE-NW-MI
Germany,DE,Nordrhein-Westfalen,DE-NW,Gütersloh,DE-NW-GT
Germany,DE,Nordrhein-Westfalen,DE-NW,Leverkusen (Kreisfreie Stadt),DE-NW-LEV
Germany,DE,Nordrhein-Westfalen,DE-NW,Ennepe-Ruhr-Kreis,DE-NW-EN
Germany,DE,Nordrhein-Westfalen,DE-NW,Unna,DE-NW-UN
Germany,DE,Nordrhein-Westfalen,DE-NW,Lippe,DE-NW-LIP
Germany,DE,Nordrhein-Westfalen,DE-NW,Paderborn,DE-NW-PB
Germany,DE,Nordrhein-Westfalen,DE-NW,Mülheim an der Ruhr (Kreisfreie Stadt),DE-NW-MH
Germany,DE,Nordrhein-Westfalen,DE-NW,Dortmund (Kreisfreie Stadt),DE-NW-DO
Germany,DE,Nordrhein-Westfalen,DE-NW,Borken,DE-NW-BOR
Germany,DE,Nordrhein-Westfalen,DE-NW,Hagen (Kreisfreie Stadt),DE-NW-HA
Germany,DE,Nordrhein-Westfalen,DE-NW,Olpe,DE-NW-OE
Germany,DE,Nordrhein-Westfalen,DE-NW,Viersen,DE-NW-VIE
Germany,DE,Nordrhein-Westfalen,DE-NW,Mönchengladbach (Kreisfreie Stadt),DE-NW-MG
Germany,DE,Nordrhein-Westfalen,DE-NW,Bonn (Kreisfreie Stadt),DE-NW-BN
Germany,DE,Nordrhein-Westfalen,DE-NW,Märkischer Kreis,DE-NW-MK
Germany,DE,Nordrhein-Westfalen,DE-NW,Höxter,DE-NW-HX
Germany,DE,Nordrhein-Westfalen,DE-NW,Hochsauerlandkreis,DE-NW-HSK
Germany,DE,Nordrhein-Westfalen,DE-NW,Hamm (Kreisfreie Stadt),DE-NW-HAM
Germany,DE,Nordrhein-Westfalen,DE-NW,Heinsberg,DE-NW-HS
Germany,DE,Nordrhein-Westfalen,DE-NW,Herne (Kreisfreie Stadt),DE-NW-HER
Germany,DE,Nordrhein-Westfalen,DE-NW,Recklinghausen,DE-NW-RE
Germany,DE,Nordrhein-Westfalen,DE-NW,Rhein-Erft-Kreis,DE-NW-BM
Germany,DE,Nordrhein-Westfalen,DE-NW,Rhein-Kreis Neuss,DE-NW-NE
Germany,DE,Nordrhein-Westfalen,DE-NW,Städteregion Aachen,DE-NW-AC
Germany,DE,Nordrhein-Westfalen,DE-NW,Wesel,DE-NW-WES
Germany,DE,Nordrhein-Westfalen,DE-NW,Wuppertal (Kreisfreie Stadt),DE-NW-W1
Germany,DE,Nordrhein-Westfalen,DE-NW,Rhein-Sieg-Kreis,DE-NW-SU
Germany,DE,Nordrhein-Westfalen,DE-NW,Krefeld (Kreisfreie Stadt),DE-NW-KR
Germany,DE,Nordrhein-Westfalen,DE-NW,Münster (Kreisfreie Stadt),DE-NW-MS
Germany,DE,Nordrhein-Westfalen,DE-NW,Rheinisch-Bergischer Kreis,DE-NW-GL
Germany,DE,Nordrhein-Westfalen,DE-NW,Warendorf,DE-NW-WAF
Germany,DE,Nordrhein-Westfalen,DE-NW,Bielefeld (Kreisfreie Stadt),DE-NW-BI
Germany,DE,Nordrhein-Westfalen,DE-NW,Bottrop (Kreisfreie Stadt),DE-NW-BOT
Germany,DE,Nordrhein-Westfalen,DE-NW,Soest,DE-NW-SO
Germany,DE,Nordrhein-Westfalen,DE-NW,Kleve,DE-NW-KLE
Germany,DE,Bayern,DE-BY,Bad Kissingen,DE-BY-KG
Germany,DE,Bayern,DE-BY,Neustadt an der Aisch-Bad Windsheim (Kreisfreie Stadt),DE-BY-NEA
Germany,DE,Bayern,DE-BY,Augsburg (Kreisfreie Stadt),DE-BY-A1
Germany,DE,Bayern,DE-BY,Bamberg,DE-BY-BA2
Germany,DE,Bayern,DE-BY,Neuburg-Schrobenhausen,DE-BY-ND
Germany,DE,Bayern,DE-BY,Amberg (Kreisfreie Stadt),DE-BY-AM
Germany,DE,Bayern,DE-BY,Aichach-Friedberg,DE-BY-AIC
Germany,DE,Bayern,DE-BY,Garmisch-Partenkirchen,DE-BY-GAP
Germany,DE,Bayern,DE-BY,Erlangen (Kreisfreie Stadt),DE-BY-ER
Germany,DE,Bayern,DE-BY,Augsburg,DE-BY-A2
Germany,DE,Bayern,DE-BY,Dachau,DE-BY-DAH
Germany,DE,Bayern,DE-BY,Rosenheim,DE-BY-RO2
Germany,DE,Bayern,DE-BY,Berchtesgadener Land,DE-BY-BGL
Germany,DE,Bayern,DE-BY,Weiden in der Oberpfalz (Kreisfreie Stadt),DE-BY-WEN
Germany,DE,Bayern,DE-BY,Kelheim,DE-BY-KEH
Germany,DE,Bayern,DE-BY,Regen,DE-BY-REG
Germany,DE,Bayern,DE-BY,Passau,DE-BY-PA2
Germany,DE,Bayern,DE-BY,Dillingen an der Donau,DE-BY-DLG
Germany,DE,Bayern,DE-BY,Memmingen (Kreisfreie Stadt),DE-BY-MM
Germany,DE,Bayern,DE-BY,Regensburg,DE-BY-R2
Germany,DE,Bayern,DE-BY,Erlangen-Höchstadt,DE-BY-ERH
Germany,DE,Bayern,DE-BY,Erding,DE-BY-ED
Germany,DE,Bayern,DE-BY,Wunsiedel im Fichtelgebirge,DE-BY-WUN
Germany,DE,Bayern,DE-BY,Roth,DE-BY-RH
Germany,DE,Bayern,DE-BY,Lichtenfels,DE-BY-LIF
Germany,DE,Bayern,DE-BY,Regensburg (Kreisfreie Stadt),DE-BY-R1
Germany,DE,Bayern,DE-BY,Cham,DE-BY-CHA
Germany,DE,Bayern,DE-BY,Neu-Ulm,DE-BY-NU
Germany,DE,Bayern,DE-BY,Ansbach,DE-BY-AN2
Germany,DE,Bayern,DE-BY,Aschaffenburg (Kreisfreie Stadt),DE-BY-AB1
Germany,DE,Bayern,DE-BY,Landshut (Kreisfreie Stadt),DE-BY-LA1
Germany,DE,Bayern,DE-BY,Deggendorf,DE-BY-DEG
Germany,DE,Bayern,DE-BY,Schweinfurt,DE-BY-SW2
Germany,DE,Bayern,DE-BY,Oberallgäu,DE-BY-OA
Germany,DE,Bayern,DE-BY,Straubing (Kreisfreie Stadt),DE-BY-SR1
Germany,DE,Bayern,DE-BY,Hof (Kreisfreie Stadt),DE-BY-HO1
Germany,DE,Bayern,DE-BY,Donau-Ries,DE-BY-DON
Germany,DE,Bayern,DE-BY,Schweinfurt (Kreisfreie Stadt),DE-BY-SW1
Germany,DE,Bayern,DE-BY,Neumarkt in der Oberpfalz,DE-BY-NM
Germany,DE,Bayern,DE-BY,Straubing-Bogen,DE-BY-SR2
Germany,DE,Bayern,DE-BY,Schwabach (Kreisfreie Stadt),DE-BY-SC
Germany,DE,Bayern,DE-BY,Kaufbeuren (Kreisfreie Stadt),DE-BY-KF
Germany,DE,Bayern,DE-BY,Kulmbach,DE-BY-KU
Germany,DE,Bayern,DE-BY,Schwandorf,DE-BY-SAD
Germany,DE,Bayern,DE-BY,Weilheim-Schongau,DE-BY-WM
Germany,DE,Bayern,DE-BY,Landsberg am Lech,DE-BY-LL
Germany,DE,Bayern,DE-BY,Coburg,DE-BY-CO2
Germany,DE,Bayern,DE-BY,Ingolstadt (Kreisfreie Stadt),DE-BY-IN
Germany,DE,Bayern,DE-BY,Amberg-Sulzbach,DE-BY-AS
Germany,DE,Bayern,DE-BY,Freising,DE-BY-FS
Germany,DE,Bayern,DE-BY,Miltenberg,DE-BY-MIL
Germany,DE,Bayern,DE-BY,Neustadt an der Waldnaab,DE-BY-NEW
Germany,DE,Bayern,DE-BY,München (Kreisfreie Stadt),DE-BY-M1
Germany,DE,Bayern,DE-BY,Eichstätt,DE-BY-EI
Germany,DE,Bayern,DE-BY,Ebersberg,DE-BY-EBE
Germany,DE,Bayern,DE-BY,Würzburg,DE-BY-WU2
Germany,DE,Bayern,DE-BY,Fürth (Kreisfreie Stadt),DE-BY-FU1
Germany,DE,Bayern,DE-BY,Dingolfing-Landau,DE-BY-DGF
Germany,DE,Bayern,DE-BY,Pfaffenhofen an der Ilm,DE-BY-PAF
Germany,DE,Bayern,DE-BY,Bayreuth (Kreisfreie Stadt),DE-BY-BT1
Germany,DE,Bayern,DE-BY,München,DE-BY-M2
Germany,DE,Bayern,DE-BY,Ostallgäu,DE-BY-OAL
Germany,DE,Bayern,DE-BY,Forchheim,DE-BY-FO
Germany,DE,Bayern,DE-BY,Bad Tölz-Wolfratshausen,DE-BY-TOL
Germany,DE,Bayern,DE-BY,Main-Spessart,DE-BY-MSP
Germany,DE,Bayern,DE-BY,Freyung-Grafenau,DE-BY-FRG
Germany,DE,Bayern,DE-BY,Landshut,DE-BY-LA2
Germany,DE,Bayern,DE-BY,Passau (Kreisfreie Stadt),DE-BY-PA1
Germany,DE,Bayern,DE-BY,Fürth,DE-BY-FU2
Germany,DE,Bayern,DE-BY,Kronach,DE-BY-KC
Germany,DE,Bayern,DE-BY,Ansbach (Kreisfreie Stadt),DE-BY-AN1
Germany,DE,Bayern,DE-BY,Miesbach,DE-BY-MB
Germany,DE,Bayern,DE-BY,Coburg (Kreisfreie Stadt),DE-BY-CO1
Germany,DE,Bayern,DE-BY,Traunstein,DE-BY-TS
Germany,DE,Bayern,DE-BY,Weißenburg-Gunzenhausen,DE-BY-WUG
Germany,DE,Bayern,DE-BY,Nürnberg (Kreisfreie Stadt),DE-BY-N1
Germany,DE,Bayern,DE-BY,Mühldorf am Inn,DE-BY-MU
Germany,DE,Bayern,DE-BY,Günzburg,DE-BY-GZ
Germany,DE,Bayern,DE-BY,Bamberg (Kreisfreie Stadt),DE-BY-BA1
Germany,DE,Bayern,DE-BY,Nürnberger Land,DE-BY-LAU
Germany,DE,Bayern,DE-BY,Haßberge,DE-BY-HAS
Germany,DE,Bayern,DE-BY,Rhön-Grabfeld,DE-BY-NES
Germany,DE,Bayern,DE-BY,Kitzingen,DE-BY-KT
Germany,DE,Bayern,DE-BY,Lindau (Bodensee),DE-BY-LI
Germany,DE,Bayern,DE-BY,Rottal-Inn,DE-BY-PAN
Germany,DE,Bayern,DE-BY,Hof,DE-BY-HO2
Germany,DE,Bayern,DE-BY,Altötting,DE-BY-AO
Germany,DE,Bayern,DE-BY,Tirschenreuth,DE-BY-TIR
Germany,DE,Bayern,DE-BY,Würzburg (Kreisfreie Stadt),DE-BY-WU1
Germany,DE,Bayern,DE-BY,Bayreuth,DE-BY-BT2
Germany,DE,Bayern,DE-BY,Kempten (Allgäu),DE-BY-KE
Germany,DE,Bayern,DE-BY,Starnberg,DE-BY-STA
Germany,DE,Bayern,DE-BY,Unterallgäu,DE-BY-MN
Germany,DE,Bayern,DE-BY,Rosenheim (Kreisfreie Stadt),DE-BY-RO1
Germany,DE,Bayern,DE-BY,Aschaffenburg,DE-BY-AB2
Germany,DE,Bayern,DE-BY,Fürstenfeldbruck,DE-BY-FFB
Germany,DE,Schleswig-Holstein,DE-SH,Flensburg (Kreisfreie Stadt),DE-SH-FL
Germany,DE,Schleswig-Holstein,DE-SH,Nordfriesland,DE-SH-NF
Germany,DE,Schleswig-Holstein,DE-SH,Pinneberg,DE-SH-PI
Germany,DE,Schleswig-Holstein,DE-SH,Kiel (Kreisfreie Stadt),DE-SH-KI
Germany,DE,Schleswig-Holstein,DE-SH,Steinburg,DE-SH-IZ
Germany,DE,Schleswig-Holstein,DE-SH,Helgoland,DE-SH-HEL
Germany,DE,Schleswig-Holstein,DE-SH,Plön,DE-SH-PLO
Germany,DE,Schleswig-Holstein,DE-SH,Neumünster (Kreisfreie Stadt),DE-SH-NMS
Germany,DE,Schleswig-Holstein,DE-SH,Dithmarschen,DE-SH-HEI
Germany,DE,Schleswig-Holstein,DE-SH,Lübeck (Kreisfreie Stadt),DE-SH-HL
Germany,DE,Schleswig-Holstein,DE-SH,Schleswig-Flensburg,DE-SH-SL
Germany,DE,Schleswig-Holstein,DE-SH,Herzogtum Lauenburg,DE-SH-RZ
Germany,DE,Schleswig-Holstein,DE-SH,Segeberg,DE-SH-SE
Germany,DE,Schleswig-Holstein,DE-SH,Rendsburg-Eckernförde,DE-SH-RD
Germany,DE,Schleswig-Holstein,DE-SH,Ostholstein,DE-SH-OH
Germany,DE,Schleswig-Holstein,DE-SH,Stormarn,DE-SH-OD
Germany,DE,Saarland,DE-SL,Saarpfalz-Kreis,DE-SL-HOM
Germany,DE,Saarland,DE-SL,Regionalverband Saarbrücken,DE-SL-SB
Germany,DE,Saarland,DE-SL,Saarlouis,DE-SL-SLS
Germany,DE,Saarland,DE-SL,Neunkirchen,DE-SL-NK
Germany,DE,Saarland,DE-SL,Merzig-Wadern,DE-SL-MZG
Germany,DE,Saarland,DE-SL,St. Wendel,DE-SL-WND
Germany,DE,Sachsen,DE-SN,Chemnitz (Kreisfreie Stadt),DE-SN-C1
Germany,DE,Sachsen,DE-SN,Leipzig,DE-SN-L2
Germany,DE,Sachsen,DE-SN,Görlitz,DE-SN-GR
Germany,DE,Sachsen,DE-SN,Zwickau,DE-SN-Z1
Germany,DE,Sachsen,DE-SN,Bautzen,DE-SN-BZ
Germany,DE,Sachsen,DE-SN,Mittelsachsen,DE-SN-FG
Germany,DE,Sachsen,DE-SN,Dresden (Kreisfreie Stadt),DE-SN-DD
Germany,DE,Sachsen,DE-SN,Erzgebirgskreis,DE-SN-ERZ
Germany,DE,Sachsen,DE-SN,Sächsische Schweiz-Osterzgebirge,DE-SN-PIR
Germany,DE,Sachsen,DE-SN,Nordsachsen,DE-SN-TDO
Germany,DE,Sachsen,DE-SN,Meißen,DE-SN-MEI
Germany,DE,Sachsen,DE-SN,Vogtlandkreis,DE-SN-V1
Germany,DE,Sachsen,DE-SN,Leipzig (Kreisfreie Stadt),DE-SN-L1
Germany,DE,Rheinland-Pfalz,DE-RP,Kaiserslautern,DE-RP-KL2
Germany,DE,Rheinland-Pfalz,DE-RP,Landau in der Pfalz (Kreisfreie Stadt),DE-RP-LD
Germany,DE,Rheinland-Pfalz,DE-RP,Mayen-Koblenz,DE-RP-MYK
Germany,DE,Rheinland-Pfalz,DE-RP,Südliche Weinstraße,DE-RP-SUW
Germany,DE,Rheinland-Pfalz,DE-RP,Mainz (Kreisfreie Stadt),DE-RP-MZ1
Germany,DE,Rheinland-Pfalz,DE-RP,Vulkaneifel,DE-RP-DAU
Germany,DE,Rheinland-Pfalz,DE-RP,Rhein-Lahn-Kreis,DE-RP-EMS
Germany,DE,Rheinland-Pfalz,DE-RP,Cochem-Zell,DE-RP-COC
Germany,DE,Rheinland-Pfalz,DE-RP,Altenkirchen (Westerwald),DE-RP-AK
Germany,DE,Rheinland-Pfalz,DE-RP,Bad Kreuznach,DE-RP-KH
Germany,DE,Rheinland-Pfalz,DE-RP,Neuwied,DE-RP-NR
Germany,DE,Rheinland-Pfalz,DE-RP,Eifelkreis Bitburg-Prüm,DE-RP-BIT
Germany,DE,Rheinland-Pfalz,DE-RP,Rhein-Pfalz-Kreis,DE-RP-RP
Germany,DE,Rheinland-Pfalz,DE-RP,Worms (Kreisfreie Stadt),DE-RP-WO
Germany,DE,Rheinland-Pfalz,DE-RP,Ahrweiler,DE-RP-AW
Germany,DE,Rheinland-Pfalz,DE-RP,Mainz-Bingen,DE-RP-MZ2
Germany,DE,Rheinland-Pfalz,DE-RP,Alzey-Worms,DE-RP-AZ
Germany,DE,Rheinland-Pfalz,DE-RP,Rhein-Hunsrück-Kreis,DE-RP-SIM
Germany,DE,Rheinland-Pfalz,DE-RP,Pirmasens (Kreisfreie Stadt),DE-RP-PS1
Germany,DE,Rheinland-Pfalz,DE-RP,Westerwaldkreis,DE-RP-WW
Germany,DE,Rheinland-Pfalz,DE-RP,Germersheim,DE-RP-GER
Germany,DE,Rheinland-Pfalz,DE-RP,Speyer (Kreisfreie Stadt),DE-RP-SP
Germany,DE,Rheinland-Pfalz,DE-RP,Birkenfeld,DE-RP-BIR
Germany,DE,Rheinland-Pfalz,DE-RP,Koblenz (Kreisfreie Stadt),DE-RP-KO
Germany,DE,Rheinland-Pfalz,DE-RP,Bad Dürkheim,DE-RP-DUW
Germany,DE,Rheinland-Pfalz,DE-RP,Trier-Saarburg,DE-RP-TR2
Germany,DE,Rheinland-Pfalz,DE-RP,Bernkastel-Wittlich,DE-RP-WIL
Germany,DE,Rheinland-Pfalz,DE-RP,Kaiserslautern (Kreisfreie Stadt),DE-RP-KL1
Germany,DE,Rheinland-Pfalz,DE-RP,Trier (Kreisfreie Stadt),DE-RP-TR1
Germany,DE,Rheinland-Pfalz,DE-RP,Neustadt an der Weinstraße (Kreisfreie Stadt),DE-RP-NW
Germany,DE,Rheinland-Pfalz,DE-RP,Südwestpfalz,DE-RP-PS2
Germany,DE,Rheinland-Pfalz,DE-RP,Frankenthal (Pfalz) (Kreisfreie Stadt),DE-RP-FT
Germany,DE,Rheinland-Pfalz,DE-RP,Kusel,DE-RP-KUS
Germany,DE,Rheinland-Pfalz,DE-RP,Zweibrücken (Kreisfreie Stadt),DE-RP-ZW
Germany,DE,Rheinland-Pfalz,DE-RP,Ludwigshafen am Rhein (Kreisfreie Stadt),DE-RP-LU
Germany,DE,Rheinland-Pfalz,DE-RP,Donnersbergkreis,DE-RP-KIB
Germany,DE,Baden-Württemberg,DE-BW,Heidenheim,DE-BW-HDH
Germany,DE,Baden-Württemberg,DE-BW,Heilbronn (Stadtkreis),DE-BW-HN1
Germany,DE,Baden-Württemberg,DE-BW,Sigmaringen,DE-BW-SIG
Germany,DE,Baden-Württemberg,DE-BW,Karlsruhe,DE-BW-KA2
Germany,DE,Baden-Württemberg,DE-BW,Ostalbkreis,DE-BW-AA
Germany,DE,Baden-Württemberg,DE-BW,Mannheim (Stadtkreis),DE-BW-MA
Germany,DE,Baden-Württemberg,DE-BW,Alb-Donau-Kreis,DE-BW-UL2
Germany,DE,Baden-Württemberg,DE-BW,Emmendingen,DE-BW-EM
Germany,DE,Baden-Württemberg,DE-BW,Heilbronn,DE-BW-HN2
Germany,DE,Baden-Württemberg,DE-BW,Enzkreis,DE-BW-PF2
Germany,DE,Baden-Württemberg,DE-BW,Tübingen,DE-BW-TU
Germany,DE,Baden-Württemberg,DE-BW,Schwarzwald-Baar-Kreis,DE-BW-VS
Germany,DE,Baden-Württemberg,DE-BW,Waldshut,DE-BW-WT
Germany,DE,Baden-Württemberg,DE-BW,Rhein-Neckar-Kreis,DE-BW-HD2
Germany,DE,Baden-Württemberg,DE-BW,Ludwigsburg,DE-BW-LB
Germany,DE,Baden-Württemberg,DE-BW,Hohenlohekreis,DE-BW-KUN
Germany,DE,Baden-Württemberg,DE-BW,Rastatt,DE-BW-RA
Germany,DE,Baden-Württemberg,DE-BW,Calw,DE-BW-CW
Germany,DE,Baden-Württemberg,DE-BW,Stuttgart (Stadtkreis),DE-BW-S1
Germany,DE,Baden-Württemberg,DE-BW,Bodenseekreis,DE-BW-FN
Germany,DE,Baden-Württemberg,DE-BW,Heidelberg (Stadtkreis),DE-BW-HD1
Germany,DE,Baden-Württemberg,DE-BW,Konstanz,DE-BW-KN
Germany,DE,Baden-Württemberg,DE-BW,Ulm (Stadtkreis),DE-BW-UL1
Germany,DE,Baden-Württemberg,DE-BW,Reutlingen,DE-BW-RT
Germany,DE,Baden-Württemberg,DE-BW,Breisgau-Hochschwarzwald,DE-BW-FR2
Germany,DE,Baden-Württemberg,DE-BW,Freiburg im Breisgau (Stadtkreis),DE-BW-FR1
Germany,DE,Baden-Württemberg,DE-BW,Neckar-Odenwald-Kreis,DE-BW-MOS
Germany,DE,Baden-Württemberg,DE-BW,Karlsruhe (Stadtkreis),DE-BW-KA1
Germany,DE,Baden-Württemberg,DE-BW,Esslingen,DE-BW-ES
Germany,DE,Baden-Württemberg,DE-BW,Böblingen,DE-BW-BB
Germany,DE,Baden-Württemberg,DE-BW,Rottweil,DE-BW-RW
Germany,DE,Baden-Württemberg,DE-BW,Zollernalbkreis,DE-BW-BL
Germany,DE,Baden-Württemberg,DE-BW,Baden-Baden (Stadtkreis),DE-BW-BAD
Germany,DE,Baden-Württemberg,DE-BW,Ortenaukreis,DE-BW-OG
Germany,DE,Baden-Württemberg,DE-BW,Biberach,DE-BW-BC
Germany,DE,Baden-Württemberg,DE-BW,Freudenstadt,DE-BW-FDS
Germany,DE,Baden-Württemberg,DE-BW,Rems-Murr-Kreis,DE-BW-WN
Germany,DE,Baden-Württemberg,DE-BW,Ravensburg,DE-BW-RV
Germany,DE,Baden-Württemberg,DE-BW,Main-Tauber-Kreis,DE-BW-TBB
Germany,DE,Baden-Württemberg,DE-BW,Tuttlingen,DE-BW-TUT
Germany,DE,Baden-Württemberg,DE-BW,Schwäbisch Hall,DE-BW-SHA
Germany,DE,Baden-Württemberg,DE-BW,Göppingen,DE-BW-GP
Germany,DE,Baden-Württemberg,DE-BW,Lörrach,DE-BW-LO
Germany,DE,Baden-Württemberg,DE-BW,Pforzheim (Stadtkreis),DE-BW-PF1
Germany,DE,Niedersachsen,DE-NI,Aurich,DE-NI-AUR
Germany,DE,Niedersachsen,DE-NI,Diepholz,DE-NI-DH
Germany,DE,Niedersachsen,DE-NI,Wittmund,DE-NI-WTM
Germany,DE,Niedersachsen,DE-NI,Stade,DE-NI-STD
Germany,DE,Niedersachsen,DE-NI,Uelzen,DE-NI-UE
Germany,DE,Niedersachsen,DE-NI,Heidekreis,DE-NI-HK
Germany,DE,Niedersachsen,DE-NI,Verden,DE-NI-VER
Germany,DE,Niedersachsen,DE-NI,Lüchow-Dannenberg,DE-NI-DAN
Germany,DE,Niedersachsen,DE-NI,Celle,DE-NI-CE
Germany,DE,Niedersachsen,DE-NI,Peine,DE-NI-PE
Germany,DE,Niedersachsen,DE-NI,Hildesheim,DE-NI-HI
Germany,DE,Niedersachsen,DE-NI,Emden (Kreisfreie Stadt),DE-NI-EMD
Germany,DE,Niedersachsen,DE-NI,Holzminden,DE-NI-HOL
Germany,DE,Niedersachsen,DE-NI,Ammerland,DE-NI-WST
Germany,DE,Niedersachsen,DE-NI,Wilhelmshaven (Kreisfreie Stadt),DE-NI-WHV
Germany,DE,Niedersachsen,DE-NI,Goslar,DE-NI-GS
Germany,DE,Niedersachsen,DE-NI,Wolfenbüttel,DE-NI-WF
Germany,DE,Niedersachsen,DE-NI,Region Hannover,DE-NI-H1
Germany,DE,Niedersachsen,DE-NI,Gifhorn,DE-NI-GF
Germany,DE,Niedersachsen,DE-NI,Emsland,DE-NI-EL
Germany,DE,Niedersachsen,DE-NI,Vechta,DE-NI-VEC
Germany,DE,Niedersachsen,DE-NI,Braunschweig (Kreisfreie Stadt),DE-NI-BS
Germany,DE,Niedersachsen,DE-NI,Nienburg (Weser),DE-NI-NI
Germany,DE,Niedersachsen,DE-NI,Osterholz,DE-NI-OHZ
Germany,DE,Niedersachsen,DE-NI,Schaumburg,DE-NI-SHG
Germany,DE,Niedersachsen,DE-NI,Friesland,DE-NI-FRI
Germany,DE,Niedersachsen,DE-NI,Oldenburg,DE-NI-OL2
Germany,DE,Niedersachsen,DE-NI,Wolfsburg (Kreisfreie Stadt),DE-NI-WOB
Germany,DE,Niedersachsen,DE-NI,Leer,DE-NI-LER
Germany,DE,Niedersachsen,DE-NI,Cloppenburg,DE-NI-CLP
Germany,DE,Niedersachsen,DE-NI,Osnabrück,DE-NI-OS2
Germany,DE,Niedersachsen,DE-NI,Oldenburg (Kreisfreie Stadt),DE-NI-OL1
Germany,DE,Niedersachsen,DE-NI,Wesermarsch,DE-NI-BRA
Germany,DE,Niedersachsen,DE-NI,Grafschaft Bentheim,DE-NI-NOH
Germany,DE,Niedersachsen,DE-NI,Hameln-Pyrmont,DE-NI-HM
Germany,DE,Niedersachsen,DE-NI,Osnabrück (Kreisfreie Stadt),DE-NI-OS1
Germany,DE,Niedersachsen,DE-NI,Harburg,DE-NI-WL
Germany,DE,Niedersachsen,DE-NI,Salzgitter (Kreisfreie Stadt),DE-NI-SZ
Germany,DE,Niedersachsen,DE-NI,Northeim,DE-NI-NOM
Germany,DE,Niedersachsen,DE-NI,Rotenburg (Wümme),DE-NI-ROW
Germany,DE,Niedersachsen,DE-NI,Göttingen,DE-NI-GO
Germany,DE,Niedersachsen,DE-NI,Cuxhaven,DE-NI-CUX
Germany,DE,Niedersachsen,DE-NI,Helmstedt,DE-NI-HE
Germany,DE,Niedersachsen,DE-NI,Delmenhorst (Kreisfreie Stadt),DE-NI-DEL
Germany,DE,Niedersachsen,DE-NI,Lüneburg,DE-NI-LG
Germany,DE,Sachsen-Anhalt,DE-ST,Salzlandkreis,DE-ST-SLK
Germany,DE,Sachsen-Anhalt,DE-ST,Wittenberg,DE-ST-WB
Germany,DE,Sachsen-Anhalt,DE-ST,Burgenlandkreis,DE-ST-BLK
Germany,DE,Sachsen-Anhalt,DE-ST,Anhalt-Bitterfeld,DE-ST-ABI
Germany,DE,Sachsen-Anhalt,DE-ST,Saalekreis,DE-ST-SK
Germany,DE,Sachsen-Anhalt,DE-ST,Altmarkkreis Salzwedel,DE-ST-SAW
Germany,DE,Sachsen-Anhalt,DE-ST,Stendal,DE-ST-SDL
Germany,DE,Sachsen-Anhalt,DE-ST,Jerichower Land,DE-ST-JL
Germany,DE,Sachsen-Anhalt,DE-ST,Dessau-Roßlau (Kreisfreie Stadt),DE-ST-DE
Germany,DE,Sachsen-Anhalt,DE-ST,Harz,DE-ST-HZ
Germany,DE,Sachsen-Anhalt,DE-ST,Börde,DE-ST-BK
Germany,DE,Sachsen-Anhalt,DE-ST,Magdeburg (Kreisfreie Stadt),DE-ST-MD
Germany,DE,Sachsen-Anhalt,DE-ST,Mansfeld-Südharz,DE-ST-MSH
Germany,DE,Sachsen-Anhalt,DE-ST,Halle (Saale) (Kreisfreie Stadt),DE-ST-HAL
Germany,DE,Hamburg,DE-HH,Hamburg (Kreisfreie Stadt),DE-HH-HH
Germany,DE,Hamburg,DE-HH,Neuwerk,DE-HH-NW
Germany,DE,Hessen,DE-HE,Wiesbaden (Kreisfreie Stadt),DE-HE-WI
Germany,DE,Hessen,DE-HE,Gießen,DE-HE-GI
Germany,DE,Hessen,DE-HE,Offenbach am Main,DE-HE-OF1
Germany,DE,Hessen,DE-HE,Limburg-Weilburg,DE-HE-LM
Germany,DE,Hessen,DE-HE,Frankfurt am Main (Kreisfreie Stadt),DE-HE-F1
Germany,DE,Hessen,DE-HE,Darmstadt-Dieburg,DE-HE-DA2
Germany,DE,Hessen,DE-HE,Kassel,DE-HE-KS2
Germany,DE,Hessen,DE-HE,Main-Kinzig-Kreis,DE-HE-MKK
Germany,DE,Hessen,DE-HE,Werra-Meißner-Kreis,DE-HE-ESW
Germany,DE,Hessen,DE-HE,Schwalm-Eder-Kreis,DE-HE-HR
Germany,DE,Hessen,DE-HE,Rheingau-Taunus-Kreis,DE-HE-RUD
Germany,DE,Hessen,DE-HE,Offenbach,DE-HE-OF2
Germany,DE,Hessen,DE-HE,Waldeck-Frankenberg,DE-HE-KB
Germany,DE,Hessen,DE-HE,Groß-Gerau,DE-HE-GG
Germany,DE,Hessen,DE-HE,Lahn-Dill-Kreis,DE-HE-LDK
Germany,DE,Hessen,DE-HE,Vogelsbergkreis,DE-HE-VB
Germany,DE,Hessen,DE-HE,Bergstraße,DE-HE-HP
Germany,DE,Hessen,DE-HE,Kassel (Kreisfreie Stadt),DE-HE-KS1
Germany,DE,Hessen,DE-HE,Hochtaunuskreis,DE-HE-HG
Germany,DE,Hessen,DE-HE,Darmstadt (Kreisfreie Stadt),DE-HE-DA1
Germany,DE,Hessen,DE-HE,Wetteraukreis,DE-HE-FB
Germany,DE,Hessen,DE-HE,Odenwaldkreis,DE-HE-OK
Germany,DE,Hessen,DE-HE,Marburg-Biedenkopf,DE-HE-MR
Germany,DE,Hessen,DE-HE,Main-Taunus-Kreis,DE-HE-MTK
Germany,DE,Hessen,DE-HE,Fulda,DE-HE-FD
Germany,DE,Hessen,DE-HE,Hersfeld-Rotenburg,DE-HE-HEF
Germany,DE,Brandenburg,DE-BB,Teltow-Fläming,DE-BB-TF
Germany,DE,Brandenburg,DE-BB,Elbe-Elster,DE-BB-EE
Germany,DE,Brandenburg,DE-BB,Cottbus (Kreisfreie Stadt),DE-BB-CB
Germany,DE,Brandenburg,DE-BB,Oberspreewald-Lausitz,DE-BB-OSL
Germany,DE,Brandenburg,DE-BB,Potsdam (Kreisfreie Stadt),DE-BB-P1
Germany,DE,Brandenburg,DE-BB,Brandenburg an der Havel (Kreisfreie Stadt),DE-BB-BRB
Germany,DE,Brandenburg,DE-BB,Spree-Neiße,DE-BB-SPN
Germany,DE,Brandenburg,DE-BB,Oberhavel,DE-BB-OHV
Germany,DE,Brandenburg,DE-BB,Märkisch-Oderland,DE-BB-MOL
Germany,DE,Brandenburg,DE-BB,Prignitz,DE-BB-PR
Germany,DE,Brandenburg,DE-BB,Potsdam-Mittelmark,DE-BB-PM
Germany,DE,Brandenburg,DE-BB,Frankfurt (Oder) (Kreisfreie Stadt),DE-BB-FF
Germany,DE,Brandenburg,DE-BB,Oder-Spree,DE-BB-LOS
Germany,DE,Brandenburg,DE-BB,Ostprignitz-Ruppin,DE-BB-OPR
Germany,DE,Brandenburg,DE-BB,Barnim,DE-BB-BAR
Germany,DE,Brandenburg,DE-BB,Dahme-Spreewald,DE-BB-LDS
Germany,DE,Brandenburg,DE-BB,Havelland,DE-BB-HVL
Germany,DE,Brandenburg,DE-BB,Uckermark,DE-BB-UM
Germany,DE,Mecklenburg-Vorpommern,DE-MV,Vorpommern-Greifswald,DE-MV-VG
Germany,DE,Mecklenburg-Vorpommern,DE-MV,Vorpommern-Rügen,DE-MV-VR
Germany,DE,Mecklenburg-Vorpommern,DE-MV,Ludwigslust-Parchim,DE-MV-LUP
Germany,DE,Mecklenburg-Vorpommern,DE-MV,Rostock,DE-MV-LRO
Germany,DE,Mecklenburg-Vorpommern,DE-MV,Mecklenburgische Seenplatte,DE-MV-MSE
Germany,DE,Mecklenburg-Vorpommern,DE-MV,Rostock (Kreisfreie Stadt),DE-MV-HRO
Germany,DE,Mecklenburg-Vorpommern,DE-MV,Nordwestmecklenburg,DE-MV-NWM
Germany,DE,Mecklenburg-Vorpommern,DE-MV,Schwerin (Kreisfreie Stadt),DE-MV-SN
Germany,DE,Thüringen,DE-TH,Gotha,DE-TH-GTH
Germany,DE,Thüringen,DE-TH,Saale-Orla-Kreis,DE-TH-SOK
Germany,DE,Thüringen,DE-TH,Weimar (Kreisfreie Stadt),DE-TH-WE
Germany,DE,Thüringen,DE-TH,Sonneberg,DE-TH-SON
Germany,DE,Thüringen,DE-TH,Nordhausen,DE-TH-NDH
Germany,DE,Thüringen,DE-TH,Altenburger Land,DE-TH-ABG
Germany,DE,Thüringen,DE-TH,Wartburgkreis,DE-TH-WAK
Germany,DE,Thüringen,DE-TH,Jena,DE-TH-J1
Germany,DE,Thüringen,DE-TH,Kyffhäuserkreis,DE-TH-KYF
Germany,DE,Thüringen,DE-TH,Unstrut-Hainich-Kreis,DE-TH-UH
Germany,DE,Thüringen,DE-TH,Weimarer Land,DE-TH-AP
Germany,DE,Thüringen,DE-TH,Eichsfeld,DE-TH-EIC
Germany,DE,Thüringen,DE-TH,Saalfeld-Rudolstadt,DE-TH-SLF
Germany,DE,Thüringen,DE-TH,Suhl (Kreisfreie Stadt),DE-TH-SHL
Germany,DE,Thüringen,DE-TH,Saale-Holzland-Kreis,DE-TH-SHK
Germany,DE,Thüringen,DE-TH,Gera (Kreisfreie Stadt),DE-TH-G1
Germany,DE,Thüringen,DE-TH,Hildburghausen,DE-TH-HBN
Germany,DE,Thüringen,DE-TH,Sömmerda,DE-TH-SOM
Germany,DE,Thüringen,DE-TH,Erfurt (Kreisfreie Stadt),DE-TH-EF
Germany,DE,Thüringen,DE-TH,Greiz,DE-TH-GRZ
Germany,DE,Thüringen,DE-TH,Ilm-Kreis,DE-TH-IK
Germany,DE,Thüringen,DE-TH,Schmalkalden-Meiningen,DE-TH-SM
Germany,DE,Bremen,DE-HB,Bremen (Freie Hansestadt),DE-HB-HB
Germany,DE,Bremen,DE-HB,Bremerhaven (Kreisfreie Stadt),DE-HB-HBH
Côte d'Ivoire,CI,Haut-Sassandra (Région du),CI-02,Haut-Sassandra (Région du),CI-02
Côte d'Ivoire,CI,Lagunes (Région des),CI-01,Lagunes (Région des),CI-01
Côte d'Ivoire,CI,Bafing (Région du),CI-17,Bafing (Région du),CI-17
Côte d'Ivoire,CI,Denguélé (Région du),CI-10,Denguélé (Région du),CI-10
Côte d'Ivoire,CI,Sud-Bandama (Région du),CI-15,Sud-Bandama (Région du),CI-15
Côte d'Ivoire,CI,Agnébi (Région de l'),CI-16,Agnébi (Région de l'),CI-16
Côte d'Ivoire,CI,Nzi-Comoé (Région),CI-11,Nzi-Comoé (Région),CI-11
Côte d'Ivoire,CI,Sud-Comoé (Région du),CI-13,Sud-Comoé (Région du),CI-13
Côte d'Ivoire,CI,Lacs (Région des),CI-07,Lacs (Région des),CI-07
Côte d'Ivoire,CI,Worodougou (Région du),CI-14,Worodougou (Région du),CI-14
Côte d'Ivoire,CI,Bas-Sassandra (Région du),CI-09,Bas-Sassandra (Région du),CI-09
Côte d'Ivoire,CI,Savanes (Région des),CI-03,Savanes (Région des),CI-03
Côte d'Ivoire,CI,18 Montagnes (Région des),CI-06,18 Montagnes (Région des),CI-06
Côte d'Ivoire,CI,Fromager (Région du),CI-18,Fromager (Région du),CI-18
Côte d'Ivoire,CI,Zanzan (Région du),CI-08,Zanzan (Région du),CI-08
Côte d'Ivoire,CI,Moyen-Cavally (Région du),CI-19,Moyen-Cavally (Région du),CI-19
Côte d'Ivoire,CI,Vallée du Bandama (Région de la),CI-04,Vallée du Bandama (Région de la),CI-04
Côte d'Ivoire,CI,Moyen-Comoé (Région du),CI-05,Moyen-Comoé (Région du),CI-05
Côte d'Ivoire,CI,Marahoué (Région de la),CI-12,Marahoué (Région de la),CI-12
Ireland,IE,Ulster,IE-U,Cavan,IE-U-CN
Ireland,IE,Ulster,IE-U,Monaghan,IE-U-MN
Ireland,IE,Ulster,IE-U,Donegal,IE-U-DL
Ireland,IE,Leinster,IE-L,Laois,IE-L-LS
Ireland,IE,Leinster,IE-L,Carlow,IE-L-CW
Ireland,IE,Leinster,IE-L,Offaly,IE-L-OY
Ireland,IE,Leinster,IE-L,Westmeath,IE-L-WH
Ireland,IE,Leinster,IE-L,Kilkenny,IE-L-KK
Ireland,IE,Leinster,IE-L,Longford,IE-L-LD
Ireland,IE,Leinster,IE-L,Kildare,IE-L-KE
Ireland,IE,Leinster,IE-L,Meath,IE-L-MH
Ireland,IE,Leinster,IE-L,Wicklow,IE-L-WW
Ireland,IE,Leinster,IE-L,Louth,IE-L-LH
Ireland,IE,Leinster,IE-L,Wexford,IE-L-WX
Ireland,IE,Leinster,IE-L,Dublin,IE-L-DN
Ireland,IE,Munster,IE-M,Clare,IE-M-CE
Ireland,IE,Munster,IE-M,Tipperary,IE-M-TY
Ireland,IE,Munster,IE-M,Kerry,IE-M-KY
Ireland,IE,Munster,IE-M,Cork,IE-M-CK
Ireland,IE,Munster,IE-M,Waterford,IE-M-WD
Ireland,IE,Munster,IE-M,Limerick,IE-M-LK
Ireland,IE,Connaught,IE-C,Roscommon,IE-C-RN
Ireland,IE,Connaught,IE-C,Mayo,IE-C-MO
Ireland,IE,Connaught,IE-C,Galway,IE-C-GY
Ireland,IE,Connaught,IE-C,Sligo,IE-C-SO
Ireland,IE,Connaught,IE-C,Leitrim,IE-C-LM
American Samoa,AS,American Samoa,AS,American Samoa,AS
Uruguay,UY,Rivera,UY-RV,Rivera,UY-RV
Uruguay,UY,Florida,UY-FD,Florida,UY-FD
Uruguay,UY,San José,UY-SJ,San José,UY-SJ
Uruguay,UY,Colonia,UY-CO,Colonia,UY-CO
Uruguay,UY,Treinta y Tres,UY-TT,Treinta y Tres,UY-TT
Uruguay,UY,Salto,UY-SA,Salto,UY-SA
Uruguay,UY,Artigas,UY-AR,Artigas,UY-AR
Uruguay,UY,Rocha,UY-RO,Rocha,UY-RO
Uruguay,UY,Durazno,UY-DU,Durazno,UY-DU
Uruguay,UY,Montevideo,UY-MO,Montevideo,UY-MO
Uruguay,UY,Lavalleja,UY-LA,Lavalleja,UY-LA
Uruguay,UY,Cerro Largo,UY-CL,Cerro Largo,UY-CL
Uruguay,UY,Maldonado,UY-MA,Maldonado,UY-MA
Uruguay,UY,Río Negro,UY-RN,Río Negro,UY-RN
Uruguay,UY,Canelones,UY-CA,Canelones,UY-CA
Uruguay,UY,Tacuarembó,UY-TA,Tacuarembó,UY-TA
Uruguay,UY,Paysandú,UY-PA,Paysandú,UY-PA
Uruguay,UY,Soriano,UY-SO,Soriano,UY-SO
Uruguay,UY,Flores,UY-FS,Flores,UY-FS
Argentina,AR,San Juan,AR-J,San Martín,AR-J-SM
Argentina,AR,San Juan,AR-J,Rawson,AR-J-RA
Argentina,AR,San Juan,AR-J,Calingasta,AR-J-CL
Argentina,AR,San Juan,AR-J,Jáchal,AR-J-JA
Argentina,AR,San Juan,AR-J,Iglesia,AR-J-IG
Argentina,AR,San Juan,AR-J,Capital,AR-J-SJ
Argentina,AR,San Juan,AR-J,Valle Fértil,AR-J-VF
Argentina,AR,San Juan,AR-J,Veinticinco de Mayo,AR-J-VM
Argentina,AR,San Juan,AR-J,Angaco,AR-J-AN
Argentina,AR,San Juan,AR-J,Santa Lucía,AR-J-SL
Argentina,AR,San Juan,AR-J,Chimbas,AR-J-CH
Argentina,AR,San Juan,AR-J,Pocito,AR-J-PO
Argentina,AR,San Juan,AR-J,Albardón,AR-J-AL
Argentina,AR,San Juan,AR-J,Rivadavia,AR-J-RI
Argentina,AR,San Juan,AR-J,Caucete,AR-J-CC
Argentina,AR,San Juan,AR-J,Sarmiento,AR-J-SA
Argentina,AR,San Juan,AR-J,Ullum,AR-J-UL
Argentina,AR,San Juan,AR-J,Zonda,AR-J-ZO
Argentina,AR,Neuquén,AR-Q,Chos Malal,AR-Q-CM
Argentina,AR,Neuquén,AR-Q,Catán Lil,AR-Q-CL
Argentina,AR,Neuquén,AR-Q,Añelo,AR-Q-AN
Argentina,AR,Neuquén,AR-Q,Collón Curá,AR-Q-CC
Argentina,AR,Neuquén,AR-Q,Confluencia,AR-Q-CO
Argentina,AR,Neuquén,AR-Q,Ñorquín,AR-Q-NO
Argentina,AR,Neuquén,AR-Q,Aluminé,AR-Q-AL
Argentina,AR,Neuquén,AR-Q,Lacar,AR-Q-LA
Argentina,AR,Neuquén,AR-Q,Picún Leufú,AR-Q-PL
Argentina,AR,Neuquén,AR-Q,Loncopué,AR-Q-LO
Argentina,AR,Neuquén,AR-Q,Minas,AR-Q-MI
Argentina,AR,Neuquén,AR-Q,Zapala,AR-Q-ZA
Argentina,AR,Neuquén,AR-Q,Pehuenches,AR-Q-PE
Argentina,AR,Neuquén,AR-Q,Los Lagos,AR-Q-LL
Argentina,AR,Neuquén,AR-Q,Huiliches,AR-Q-HU
Argentina,AR,Neuquén,AR-Q,Picunches,AR-Q-PI
Argentina,AR,Mendoza,AR-M,San Carlos,AR-M-SC
Argentina,AR,Mendoza,AR-M,Lavalle,AR-M-LA
Argentina,AR,Mendoza,AR-M,Santa Rosa,AR-M-ST
Argentina,AR,Mendoza,AR-M,Junín,AR-M-JU
Argentina,AR,Mendoza,AR-M,Tupungato,AR-M-TP
Argentina,AR,Mendoza,AR-M,General Alvear,AR-M-GA
Argentina,AR,Mendoza,AR-M,San Martín,AR-M-SM
Argentina,AR,Mendoza,AR-M,Rivadavia,AR-M-RI
Argentina,AR,Mendoza,AR-M,Luján de Cuyo,AR-M-LC
Argentina,AR,Mendoza,AR-M,Capital,AR-M-MZ
Argentina,AR,Mendoza,AR-M,Godoy Cruz,AR-M-GC
Argentina,AR,Mendoza,AR-M,La Paz,AR-M-LP
Argentina,AR,Mendoza,AR-M,Las Heras,AR-M-LH
Argentina,AR,Mendoza,AR-M,Malargüe,AR-M-ML
Argentina,AR,Mendoza,AR-M,Maipú,AR-M-MP
Argentina,AR,Mendoza,AR-M,San Rafael,AR-M-SR
Argentina,AR,Mendoza,AR-M,Tunuyán,AR-M-TN
Argentina,AR,Mendoza,AR-M,Guaymallén,AR-M-GU
Argentina,AR,Jujuy,AR-Y,San Pedro,AR-Y-SP
Argentina,AR,Jujuy,AR-Y,San Antonio,AR-Y-SA
Argentina,AR,Jujuy,AR-Y,Santa Catalina,AR-Y-SC
Argentina,AR,Jujuy,AR-Y,El Carmen,AR-Y-EC
Argentina,AR,Jujuy,AR-Y,Valle Grande,AR-Y-VG
Argentina,AR,Jujuy,AR-Y,Tilcara,AR-Y-TI
Argentina,AR,Jujuy,AR-Y,Tumbaya,AR-Y-TU
Argentina,AR,Jujuy,AR-Y,Susques,AR-Y-SU
Argentina,AR,Jujuy,AR-Y,Palpalá,AR-Y-PA
Argentina,AR,Jujuy,AR-Y,Capital,AR-Y-CA
Argentina,AR,Jujuy,AR-Y,Ledesma,AR-Y-LE
Argentina,AR,Jujuy,AR-Y,Rinconada,AR-Y-RI
Argentina,AR,Jujuy,AR-Y,Yavi,AR-Y-YA
Argentina,AR,Jujuy,AR-Y,Humahuaca,AR-Y-HU
Argentina,AR,Jujuy,AR-Y,Cochinoca,AR-Y-CO
Argentina,AR,Jujuy,AR-Y,Santa Bárbara,AR-Y-SB
Argentina,AR,Salta,AR-A,Santa Victoria,AR-A-SV
Argentina,AR,Salta,AR-A,San Carlos,AR-A-SC
Argentina,AR,Salta,AR-A,Chicoana,AR-A-CH
Argentina,AR,Salta,AR-A,Los Andes,AR-A-LA
Argentina,AR,Salta,AR-A,Molinos,AR-A-MO
Argentina,AR,Salta,AR-A,La Candelaria,AR-A-LD
Argentina,AR,Salta,AR-A,La Caldera,AR-A-LC
Argentina,AR,Salta,AR-A,Orán,AR-A-OR
Argentina,AR,Salta,AR-A,Capital,AR-A-SA
Argentina,AR,Salta,AR-A,Cafayate,AR-A-CF
Argentina,AR,Salta,AR-A,Anta,AR-A-AN
Argentina,AR,Salta,AR-A,Cachi,AR-A-CA
Argentina,AR,Salta,AR-A,Guachipas,AR-A-GU
Argentina,AR,Salta,AR-A,Rosario de la Frontera,AR-A-RF
Argentina,AR,Salta,AR-A,Cerrillos,AR-A-CE
Argentina,AR,Salta,AR-A,Rosario de Lerma,AR-A-RL
Argentina,AR,Salta,AR-A,La Viña,AR-A-LV
Argentina,AR,Salta,AR-A,General José de San Martín,AR-A-GM
Argentina,AR,Salta,AR-A,Iruya,AR-A-IR
Argentina,AR,Salta,AR-A,Rivadavia,AR-A-RI
Argentina,AR,Salta,AR-A,La Poma,AR-A-LP
Argentina,AR,Salta,AR-A,Metán,AR-A-ME
Argentina,AR,Salta,AR-A,General Güemes,AR-A-GG
Argentina,AR,Formosa,AR-P,Pilcomayo,AR-P-PM
Argentina,AR,Formosa,AR-P,Patiño,AR-P-PA
Argentina,AR,Formosa,AR-P,Formosa,AR-P-FO
Argentina,AR,Formosa,AR-P,Ramón Lista,AR-P-RL
Argentina,AR,Formosa,AR-P,Laishi,AR-P-LA
Argentina,AR,Formosa,AR-P,Pilagás,AR-P-PG
Argentina,AR,Formosa,AR-P,Pirané,AR-P-PR
Argentina,AR,Formosa,AR-P,Matacos,AR-P-MA
Argentina,AR,Formosa,AR-P,Bermejo,AR-P-BE
Argentina,AR,La Rioja,AR-F,Coronel Felipe Varela,AR-F-CF
Argentina,AR,La Rioja,AR-F,Famatina,AR-F-FA
Argentina,AR,La Rioja,AR-F,General San Martín,AR-F-GM
Argentina,AR,La Rioja,AR-F,Chilecito,AR-F-CL
Argentina,AR,La Rioja,AR-F,Vinchina,AR-F-VI
Argentina,AR,La Rioja,AR-F,Sanagasta,AR-F-SA
Argentina,AR,La Rioja,AR-F,Arauco,AR-F-AR
Argentina,AR,La Rioja,AR-F,General Lamadrid,AR-F-GL
Argentina,AR,La Rioja,AR-F,General Ortiz de Ocampo,AR-F-GO
Argentina,AR,La Rioja,AR-F,Rosario Vera Peñaloza,AR-F-RP
Argentina,AR,La Rioja,AR-F,Castro Barros,AR-F-CB
Argentina,AR,La Rioja,AR-F,San Blas de los Sauces,AR-F-SS
Argentina,AR,La Rioja,AR-F,Independencia,AR-F-IN
Argentina,AR,La Rioja,AR-F,Capital,AR-F-LR
Argentina,AR,La Rioja,AR-F,Chamical,AR-F-CM
Argentina,AR,La Rioja,AR-F,General Angel Vicente Peñaloza,AR-F-GP
Argentina,AR,La Rioja,AR-F,General Juan Facundo Quiroga,AR-F-GQ
Argentina,AR,La Rioja,AR-F,General Belgrano,AR-F-GB
Argentina,AR,Santiago del Estero,AR-G,Mitre,AR-G-MI
Argentina,AR,Santiago del Estero,AR-G,Rivadavia,AR-G-RI
Argentina,AR,Santiago del Estero,AR-G,Pellegrini,AR-G-PE
Argentina,AR,Santiago del Estero,AR-G,Rió Hondo,AR-G-RH
Argentina,AR,Santiago del Estero,AR-G,Capital,AR-G-SE
Argentina,AR,Santiago del Estero,AR-G,Guasayán,AR-G-GU
Argentina,AR,Santiago del Estero,AR-G,Figueroa,AR-G-FI
Argentina,AR,Santiago del Estero,AR-G,Robles,AR-G-RO
Argentina,AR,Santiago del Estero,AR-G,General Taboada,AR-G-GT
Argentina,AR,Santiago del Estero,AR-G,Belgrano,AR-G-BE
Argentina,AR,Santiago del Estero,AR-G,Sarmiento,AR-G-SR
Argentina,AR,Santiago del Estero,AR-G,Aguirre,AR-G-AG
Argentina,AR,Santiago del Estero,AR-G,Silípica,AR-G-SI
Argentina,AR,Santiago del Estero,AR-G,Avellaneda,AR-G-AV
Argentina,AR,Santiago del Estero,AR-G,Alberdi,AR-G-AL
Argentina,AR,Santiago del Estero,AR-G,San Martín,AR-G-SM
Argentina,AR,Santiago del Estero,AR-G,Copo,AR-G-CO
Argentina,AR,Santiago del Estero,AR-G,Atamisqui,AR-G-AT
Argentina,AR,Santiago del Estero,AR-G,Moreno,AR-G-MO
Argentina,AR,Santiago del Estero,AR-G,Quebrachos,AR-G-QU
Argentina,AR,Santiago del Estero,AR-G,Choya,AR-G-CH
Argentina,AR,Santiago del Estero,AR-G,Ojo de Agua,AR-G-OJ
Argentina,AR,Santiago del Estero,AR-G,Jiménez,AR-G-JM
Argentina,AR,Santiago del Estero,AR-G,Salavina,AR-G-SV
Argentina,AR,Santiago del Estero,AR-G,Juan Felipe Ibarra,AR-G-JI
Argentina,AR,Santiago del Estero,AR-G,Banda,AR-G-BA
Argentina,AR,Santiago del Estero,AR-G,Loreto,AR-G-LO
Argentina,AR,Santa Cruz,AR-Z,Lago Buenos Aires,AR-Z-LB
Argentina,AR,Santa Cruz,AR-Z,Güer Aike,AR-Z-GA
Argentina,AR,Santa Cruz,AR-Z,Lago Argentino,AR-Z-LA
Argentina,AR,Santa Cruz,AR-Z,Deseado,AR-Z-DE
Argentina,AR,Santa Cruz,AR-Z,Magallanes,AR-Z-MA
Argentina,AR,Santa Cruz,AR-Z,Corpen Aike,AR-Z-CA
Argentina,AR,Santa Cruz,AR-Z,Rió Chico,AR-Z-RC
Argentina,AR,Catamarca,AR-K,Valle Viejo,AR-K-VV
Argentina,AR,Catamarca,AR-K,Ancasti,AR-K-AC
Argentina,AR,Catamarca,AR-K,Tinogasta,AR-K-TI
Argentina,AR,Catamarca,AR-K,Santa Rosa,AR-K-SR
Argentina,AR,Catamarca,AR-K,La Paz,AR-K-LP
Argentina,AR,Catamarca,AR-K,Fray Mamerto Esquiú,AR-K-FE
Argentina,AR,Catamarca,AR-K,Andalgalá,AR-K-AG
Argentina,AR,Catamarca,AR-K,Santa María,AR-K-SM
Argentina,AR,Catamarca,AR-K,Ambato,AR-K-AM
Argentina,AR,Catamarca,AR-K,Belén,AR-K-BE
Argentina,AR,Catamarca,AR-K,El Alto,AR-K-EA
Argentina,AR,Catamarca,AR-K,Antofagasta de la Sierra,AR-K-AS
Argentina,AR,Catamarca,AR-K,Capayán,AR-K-CA
Argentina,AR,Catamarca,AR-K,Pomán,AR-K-PO
Argentina,AR,Catamarca,AR-K,Paclín,AR-K-PA
Argentina,AR,Catamarca,AR-K,Capital,AR-K-CT
Argentina,AR,Corrientes,AR-W,Itatí,AR-W-IT
Argentina,AR,Corrientes,AR-W,Lavalle,AR-W-LA
Argentina,AR,Corrientes,AR-W,General Paz,AR-W-GP
Argentina,AR,Corrientes,AR-W,Ituzaingó,AR-W-IZ
Argentina,AR,Corrientes,AR-W,Bella Vista,AR-W-BV
Argentina,AR,Corrientes,AR-W,Monte Caseros,AR-W-MC
Argentina,AR,Corrientes,AR-W,Saladas,AR-W-SL
Argentina,AR,Corrientes,AR-W,Mercedes,AR-W-ME
Argentina,AR,Corrientes,AR-W,Empedrado,AR-W-EM
Argentina,AR,Corrientes,AR-W,General Alvear,AR-W-GA
Argentina,AR,Corrientes,AR-W,Capital,AR-W-CN
Argentina,AR,Corrientes,AR-W,Curuzú Cuatiá,AR-W-CC
Argentina,AR,Corrientes,AR-W,Sauce,AR-W-SA
Argentina,AR,Corrientes,AR-W,Esquina,AR-W-ES
Argentina,AR,Corrientes,AR-W,Berón de Astrada,AR-W-BA
Argentina,AR,Corrientes,AR-W,San Luis del Palmar,AR-W-SP
Argentina,AR,Corrientes,AR-W,Santo Tomé,AR-W-ST
Argentina,AR,Corrientes,AR-W,Concepción,AR-W-CO
Argentina,AR,Corrientes,AR-W,Goya,AR-W-GO
Argentina,AR,Corrientes,AR-W,San Martín,AR-W-SM
Argentina,AR,Corrientes,AR-W,San Miguel,AR-W-SG
Argentina,AR,Corrientes,AR-W,San Cosme,AR-W-SC
Argentina,AR,Corrientes,AR-W,Paso de los Libres,AR-W-PL
Argentina,AR,Corrientes,AR-W,San Roque,AR-W-SR
Argentina,AR,Corrientes,AR-W,Mburucuyá,AR-W-MB
Argentina,AR,Misiones,AR-N,Montecarlo,AR-N-MO
Argentina,AR,Misiones,AR-N,General Manuel Belgrano,AR-N-GB
Argentina,AR,Misiones,AR-N,Leandro N. Alem,AR-N-LA
Argentina,AR,Misiones,AR-N,Guaraní,AR-N-GU
Argentina,AR,Misiones,AR-N,Libertador General San Martín,AR-N-LM
Argentina,AR,Misiones,AR-N,Cainguás,AR-N-CG
Argentina,AR,Misiones,AR-N,Concepción,AR-N-CO
Argentina,AR,Misiones,AR-N,San Javier,AR-N-SJ
Argentina,AR,Misiones,AR-N,Eldorado,AR-N-ED
Argentina,AR,Misiones,AR-N,Capital,AR-N-PS
Argentina,AR,Misiones,AR-N,Apóstoles,AR-N-AP
Argentina,AR,Misiones,AR-N,Candelaria,AR-N-CD
Argentina,AR,Misiones,AR-N,Oberá,AR-N-OB
Argentina,AR,Misiones,AR-N,Iguazú,AR-N-IG
Argentina,AR,Misiones,AR-N,San Pedro,AR-N-SP
Argentina,AR,Misiones,AR-N,Veinticinco de Mayo,AR-N-VM
Argentina,AR,Misiones,AR-N,San Ignacio,AR-N-SI
Argentina,AR,Río Negro,AR-R,Avellaneda,AR-R-AV
Argentina,AR,Río Negro,AR-R,El Cuy,AR-R-EC
Argentina,AR,Río Negro,AR-R,Adolfo Alsina,AR-R-AA
Argentina,AR,Río Negro,AR-R,Ñorquinco,AR-R-NO
Argentina,AR,Río Negro,AR-R,San Antonio,AR-R-SA
Argentina,AR,Río Negro,AR-R,Valcheta,AR-R-VA
Argentina,AR,Río Negro,AR-R,Nueve de Julio,AR-R-NJ
Argentina,AR,Río Negro,AR-R,General Roca,AR-R-GR
Argentina,AR,Río Negro,AR-R,Veinticinco de Mayo,AR-R-VM
Argentina,AR,Río Negro,AR-R,Conesa,AR-R-CO
Argentina,AR,Río Negro,AR-R,Pilcaniyeu,AR-R-PI
Argentina,AR,Río Negro,AR-R,Bariloche,AR-R-BA
Argentina,AR,Río Negro,AR-R,Pichi Mahuida,AR-R-PM
Argentina,AR,Tierra del Fuego,AR-V,Rió Grande,AR-V-RG
Argentina,AR,Tierra del Fuego,AR-V,Ushuaia,AR-V-US
Argentina,AR,Entre Ríos,AR-E,Colón,AR-E-CO
Argentina,AR,Entre Ríos,AR-E,Tala,AR-E-TA
Argentina,AR,Entre Ríos,AR-E,Gualeguaychú,AR-E-GC
Argentina,AR,Entre Ríos,AR-E,Paraná,AR-E-PA
Argentina,AR,Entre Ríos,AR-E,La Paz,AR-E-LP
Argentina,AR,Entre Ríos,AR-E,Gualeguay,AR-E-GG
Argentina,AR,Entre Ríos,AR-E,Federal,AR-E-FE
Argentina,AR,Entre Ríos,AR-E,Diamante,AR-E-DI
Argentina,AR,Entre Ríos,AR-E,Feliciano,AR-E-FL
Argentina,AR,Entre Ríos,AR-E,Islas del Ibicuy,AR-E-II
Argentina,AR,Entre Ríos,AR-E,Nogoyá,AR-E-NO
Argentina,AR,Entre Ríos,AR-E,Victoria,AR-E-VC
Argentina,AR,Entre Ríos,AR-E,Federación,AR-E-FC
Argentina,AR,Entre Ríos,AR-E,Isla,AR-E-IS
Argentina,AR,Entre Ríos,AR-E,Villaguay,AR-E-VG
Argentina,AR,Entre Ríos,AR-E,Concordia,AR-E-CC
Argentina,AR,Entre Ríos,AR-E,Uruguay,AR-E-UR
Argentina,AR,Chubut,AR-U,Futaleufú,AR-U-FU
Argentina,AR,Chubut,AR-U,Telsen,AR-U-TN
Argentina,AR,Chubut,AR-U,Biedma,AR-U-BI
Argentina,AR,Chubut,AR-U,Languiñeo,AR-U-LA
Argentina,AR,Chubut,AR-U,Paso de Indios,AR-U-PI
Argentina,AR,Chubut,AR-U,Tehuelches,AR-U-TH
Argentina,AR,Chubut,AR-U,Gaiman,AR-U-GM
Argentina,AR,Chubut,AR-U,Rió Senguer,AR-U-RS
Argentina,AR,Chubut,AR-U,Mártires,AR-U-MA
Argentina,AR,Chubut,AR-U,Rawson,AR-U-RA
Argentina,AR,Chubut,AR-U,Sarmiento,AR-U-SA
Argentina,AR,Chubut,AR-U,Escalante,AR-U-ES
Argentina,AR,Chubut,AR-U,Cushamen,AR-U-CU
Argentina,AR,Chubut,AR-U,Florentino Ameghino,AR-U-FA
Argentina,AR,Chubut,AR-U,Gastre,AR-U-GS
Argentina,AR,Ciudad Autónoma de Buenos Aires,AR-C,Distrito Federal,AR-C-DF
Argentina,AR,Santa Fe,AR-S,Las Colonias,AR-S-LC
Argentina,AR,Santa Fe,AR-S,Rosario,AR-S-RO
Argentina,AR,Santa Fe,AR-S,San Cristóbal,AR-S-SC
Argentina,AR,Santa Fe,AR-S,Garay,AR-S-GA
Argentina,AR,Santa Fe,AR-S,San Lorenzo,AR-S-SL
Argentina,AR,Santa Fe,AR-S,Vera,AR-S-VE
Argentina,AR,Santa Fe,AR-S,General López,AR-S-GL
Argentina,AR,Santa Fe,AR-S,Constitución,AR-S-CO
Argentina,AR,Santa Fe,AR-S,San Justo,AR-S-SJ
Argentina,AR,Santa Fe,AR-S,Caseros,AR-S-CR
Argentina,AR,Santa Fe,AR-S,San Jerónimo,AR-S-SR
Argentina,AR,Santa Fe,AR-S,Nueve de Julio,AR-S-NJ
Argentina,AR,Santa Fe,AR-S,San Martín,AR-S-SM
Argentina,AR,Santa Fe,AR-S,Belgrano,AR-S-BE
Argentina,AR,Santa Fe,AR-S,La Capital,AR-S-LP
Argentina,AR,Santa Fe,AR-S,Iriondo,AR-S-IR
Argentina,AR,Santa Fe,AR-S,General Obligado,AR-S-GO
Argentina,AR,Santa Fe,AR-S,San Javier,AR-S-SV
Argentina,AR,Santa Fe,AR-S,Castellanos,AR-S-CL
Argentina,AR,Córdoba,AR-X,Rió Segundo,AR-X-RG
Argentina,AR,Córdoba,AR-X,Rió Seco,AR-X-RS
Argentina,AR,Córdoba,AR-X,Ischilín,AR-X-IS
Argentina,AR,Córdoba,AR-X,Rió Cuarto,AR-X-RC
Argentina,AR,Córdoba,AR-X,Rió Primero,AR-X-RP
Argentina,AR,Córdoba,AR-X,Pocho,AR-X-PO
Argentina,AR,Córdoba,AR-X,Totoral,AR-X-TO
Argentina,AR,Córdoba,AR-X,Marcos Juárez,AR-X-MJ
Argentina,AR,Córdoba,AR-X,Juárez Celman,AR-X-JC
Argentina,AR,Córdoba,AR-X,Punilla,AR-X-PU
Argentina,AR,Córdoba,AR-X,Tulumba,AR-X-TU
Argentina,AR,Córdoba,AR-X,General Roca,AR-X-GR
Argentina,AR,Córdoba,AR-X,Santa María,AR-X-SM
Argentina,AR,Córdoba,AR-X,San Justo,AR-X-SJ
Argentina,AR,Córdoba,AR-X,San Alberto,AR-X-SA
Argentina,AR,Córdoba,AR-X,Capital,AR-X-CB
Argentina,AR,Córdoba,AR-X,Colón,AR-X-CO
Argentina,AR,Córdoba,AR-X,Presidente Roque Sáenz Peña,AR-X-PP
Argentina,AR,Córdoba,AR-X,San Javier,AR-X-SV
Argentina,AR,Córdoba,AR-X,Tercero Arriba,AR-X-TA
Argentina,AR,Córdoba,AR-X,Cruz del Eje,AR-X-CE
Argentina,AR,Córdoba,AR-X,Minas,AR-X-MI
Argentina,AR,Córdoba,AR-X,Calamuchita,AR-X-CA
Argentina,AR,Córdoba,AR-X,General San Martín,AR-X-GM
Argentina,AR,Córdoba,AR-X,Unión,AR-X-UN
Argentina,AR,Córdoba,AR-X,Sobremonte,AR-X-SO
Argentina,AR,Tucumán,AR-T,Chicligasta,AR-T-CH
Argentina,AR,Tucumán,AR-T,Juan B. Alberdi,AR-T-JA
Argentina,AR,Tucumán,AR-T,Burruyacú,AR-T-BU
Argentina,AR,Tucumán,AR-T,Capital,AR-T-TM
Argentina,AR,Tucumán,AR-T,Cruz Alta,AR-T-CA
Argentina,AR,Tucumán,AR-T,Monteros,AR-T-MO
Argentina,AR,Tucumán,AR-T,Lules,AR-T-LU
Argentina,AR,Tucumán,AR-T,La Cocha,AR-T-LC
Argentina,AR,Tucumán,AR-T,Leales,AR-T-LE
Argentina,AR,Tucumán,AR-T,Tafí Viejo,AR-T-TV
Argentina,AR,Tucumán,AR-T,Graneros,AR-T-GR
Argentina,AR,Tucumán,AR-T,Famaillá,AR-T-FA
Argentina,AR,Tucumán,AR-T,Tafí del Valle,AR-T-TD
Argentina,AR,Tucumán,AR-T,Yerba Buena,AR-T-YB
Argentina,AR,Tucumán,AR-T,Trancas,AR-T-TR
Argentina,AR,Tucumán,AR-T,Rió Chico,AR-T-RC
Argentina,AR,Tucumán,AR-T,Simoca,AR-T-SI
Argentina,AR,San Luis,AR-D,Libertador General San Martín,AR-D-LM
Argentina,AR,San Luis,AR-D,Coronel Pringles,AR-D-CP
Argentina,AR,San Luis,AR-D,Junín,AR-D-JU
Argentina,AR,San Luis,AR-D,Chacabuco,AR-D-CH
Argentina,AR,San Luis,AR-D,La Capital,AR-D-LC
Argentina,AR,San Luis,AR-D,Belgrano,AR-D-BE
Argentina,AR,San Luis,AR-D,Gobernador Dupuy,AR-D-GD
Argentina,AR,San Luis,AR-D,Ayacucho,AR-D-AY
Argentina,AR,San Luis,AR-D,General Pedernera,AR-D-GP
Argentina,AR,La Pampa,AR-L,Limay Mahuida,AR-L-LM
Argentina,AR,La Pampa,AR-L,Chalileo,AR-L-CH
Argentina,AR,La Pampa,AR-L,Catriló,AR-L-CA
Argentina,AR,La Pampa,AR-L,Hucal,AR-L-HU
Argentina,AR,La Pampa,AR-L,Toay,AR-L-TO
Argentina,AR,La Pampa,AR-L,Loventué,AR-L-LO
Argentina,AR,La Pampa,AR-L,Atreucó,AR-L-AT
Argentina,AR,La Pampa,AR-L,Lihuel Calel,AR-L-UC
Argentina,AR,La Pampa,AR-L,Puelén,AR-L-PU
Argentina,AR,La Pampa,AR-L,Realicó,AR-L-RE
Argentina,AR,La Pampa,AR-L,Chical Có,AR-L-CC
Argentina,AR,La Pampa,AR-L,Utracán,AR-L-UT
Argentina,AR,La Pampa,AR-L,Trenel,AR-L-TR
Argentina,AR,La Pampa,AR-L,Quemú Quemú,AR-L-QQ
Argentina,AR,La Pampa,AR-L,Curacó,AR-L-CU
Argentina,AR,La Pampa,AR-L,Maracó,AR-L-MA
Argentina,AR,La Pampa,AR-L,Caleu Caleu,AR-L-CL
Argentina,AR,La Pampa,AR-L,Capital,AR-L-SR
Argentina,AR,La Pampa,AR-L,Conhelo,AR-L-CO
Argentina,AR,La Pampa,AR-L,Chapaleufú,AR-L-CP
Argentina,AR,La Pampa,AR-L,Guatraché,AR-L-GU
Argentina,AR,La Pampa,AR-L,Rancul,AR-L-RA
Argentina,AR,Buenos Aires Province,AR-B,General Juan Madariaga,AR-B-GJ
Argentina,AR,Buenos Aires Province,AR-B,General Alvarado,AR-B-GD
Argentina,AR,Buenos Aires Province,AR-B,Olavarría,AR-B-OL
Argentina,AR,Buenos Aires Province,AR-B,Bragado,AR-B-BG
Argentina,AR,Buenos Aires Province,AR-B,Villa Gesell,AR-B-VG
Argentina,AR,Buenos Aires Province,AR-B,Florencio Varela,AR-B-FC
Argentina,AR,Buenos Aires Province,AR-B,Campana,AR-B-CM
Argentina,AR,Buenos Aires Province,AR-B,Patagones,AR-B-PA
Argentina,AR,Buenos Aires Province,AR-B,Veinticinco de Mayo,AR-B-VM
Argentina,AR,Buenos Aires Province,AR-B,Las Flores,AR-B-LF
Argentina,AR,Buenos Aires Province,AR-B,Carmen de Areco,AR-B-CA
Argentina,AR,Buenos Aires Province,AR-B,Chacabuco,AR-B-CB
Argentina,AR,Buenos Aires Province,AR-B,Nueve de Julio,AR-B-NJ
Argentina,AR,Buenos Aires Province,AR-B,Puán,AR-B-PU
Argentina,AR,Buenos Aires Province,AR-B,Lobos,AR-B-LB
Argentina,AR,Buenos Aires Province,AR-B,Trenque Lauquen,AR-B-TR
Argentina,AR,Buenos Aires Province,AR-B,Navarro,AR-B-NA
Argentina,AR,Buenos Aires Province,AR-B,Pila,AR-B-PL
Argentina,AR,Buenos Aires Province,AR-B,Lomas de Zamora,AR-B-LZ
Argentina,AR,Buenos Aires Province,AR-B,Adolfo Gonzales Chaves,AR-B-AC
Argentina,AR,Buenos Aires Province,AR-B,Ayacucho,AR-B-AY
Argentina,AR,Buenos Aires Province,AR-B,Leandro N. Alem,AR-B-LA
Argentina,AR,Buenos Aires Province,AR-B,Saladillo,AR-B-SL
Argentina,AR,Buenos Aires Province,AR-B,Ensenada,AR-B-EN
Argentina,AR,Buenos Aires Province,AR-B,San Fernando Partido,AR-B-SF
Argentina,AR,Buenos Aires Province,AR-B,Saavedra,AR-B-SD
Argentina,AR,Buenos Aires Province,AR-B,General Guido,AR-B-GG
Argentina,AR,Buenos Aires Province,AR-B,Escobar,AR-B-ES
Argentina,AR,Buenos Aires Province,AR-B,San Cayetano,AR-B-SC
Argentina,AR,Buenos Aires Province,AR-B,Rauch,AR-B-RU
Argentina,AR,Buenos Aires Province,AR-B,Tigre,AR-B-TI
Argentina,AR,Buenos Aires Province,AR-B,Monte Hermoso,AR-B-MH
Argentina,AR,Buenos Aires Province,AR-B,Magdalena,AR-B-ML
Argentina,AR,Buenos Aires Province,AR-B,Pilar,AR-B-PX
Argentina,AR,Buenos Aires Province,AR-B,Monte,AR-B-MT
Argentina,AR,Buenos Aires Province,AR-B,General Pueyrredón,AR-B-GP
Argentina,AR,Buenos Aires Province,AR-B,Tres de Febrero,AR-B-TF
Argentina,AR,Buenos Aires Province,AR-B,La Plata,AR-B-LT
Argentina,AR,Buenos Aires Province,AR-B,Pinamar,AR-B-PI
Argentina,AR,Buenos Aires Province,AR-B,Tandil,AR-B-TD
Argentina,AR,Buenos Aires Province,AR-B,Maipú,AR-B-MA
Argentina,AR,Buenos Aires Province,AR-B,Baradero,AR-B-BD
Argentina,AR,Buenos Aires Province,AR-B,Chivilcoy,AR-B-CV
Argentina,AR,Buenos Aires Province,AR-B,Brandsen,AR-B-BR
Argentina,AR,Buenos Aires Province,AR-B,General Alvear,AR-B-GA
Argentina,AR,Buenos Aires Province,AR-B,San Nicolás,AR-B-SN
Argentina,AR,Buenos Aires Province,AR-B,Lobería,AR-B-LO
Argentina,AR,Buenos Aires Province,AR-B,Cañuelas,AR-B-CL
Argentina,AR,Buenos Aires Province,AR-B,Pehuajó,AR-B-PJ
Argentina,AR,Buenos Aires Province,AR-B,Luján,AR-B-LU
Argentina,AR,Buenos Aires Province,AR-B,Ameghino,AR-B-AM
Argentina,AR,Buenos Aires Province,AR-B,Suipacha,AR-B-SU
Argentina,AR,Buenos Aires Province,AR-B,Pergamino,AR-B-PG
Argentina,AR,Buenos Aires Province,AR-B,General Arenales,AR-B-GE
Argentina,AR,Buenos Aires Province,AR-B,General Paz,AR-B-GZ
Argentina,AR,Buenos Aires Province,AR-B,General Las Heras,AR-B-GH
Argentina,AR,Buenos Aires Province,AR-B,San Andrés de Giles,AR-B-SG
Argentina,AR,Buenos Aires Province,AR-B,Merlo,AR-B-ME
Argentina,AR,Buenos Aires Province,AR-B,Coronel Pringles,AR-B-CP
Argentina,AR,Buenos Aires Province,AR-B,La Costa,AR-B-LC
Argentina,AR,Buenos Aires Province,AR-B,Benito Juárez,AR-B-BJ
Argentina,AR,Buenos Aires Province,AR-B,Vicente López,AR-B-VL
Argentina,AR,Buenos Aires Province,AR-B,General Belgrano,AR-B-GB
Argentina,AR,Buenos Aires Province,AR-B,Pellegrini,AR-B-PE
Argentina,AR,Buenos Aires Province,AR-B,San Pedro,AR-B-SP
Argentina,AR,Buenos Aires Province,AR-B,Tornquist,AR-B-TQ
Argentina,AR,Buenos Aires Province,AR-B,Capitán Sarmiento,AR-B-CS
Argentina,AR,Buenos Aires Province,AR-B,Laprida,AR-B-LR
Argentina,AR,Buenos Aires Province,AR-B,General Villegas,AR-B-GV
Argentina,AR,Buenos Aires Province,AR-B,Morón,AR-B-MN
Argentina,AR,Buenos Aires Province,AR-B,Balcarce,AR-B-BC
Argentina,AR,Buenos Aires Province,AR-B,Rivadavia,AR-B-RI
Argentina,AR,Buenos Aires Province,AR-B,General Lavalle,AR-B-GL
Argentina,AR,Buenos Aires Province,AR-B,General Viamonte,AR-B-GT
Argentina,AR,Buenos Aires Province,AR-B,General Pinto,AR-B-GI
Argentina,AR,Buenos Aires Province,AR-B,Villarino,AR-B-VI
Argentina,AR,Buenos Aires Province,AR-B,Zárate,AR-B-ZA
Argentina,AR,Buenos Aires Province,AR-B,Adolfo Alsina,AR-B-AA
Argentina,AR,Buenos Aires Province,AR-B,Salto,AR-B-ST
Argentina,AR,Buenos Aires Province,AR-B,Daireaux,AR-B-DA
Argentina,AR,Buenos Aires Province,AR-B,Quilmes,AR-B-QU
Argentina,AR,Buenos Aires Province,AR-B,Chascomús,AR-B-CH
Argentina,AR,Buenos Aires Province,AR-B,Tres Arroyos,AR-B-TA
Argentina,AR,Buenos Aires Province,AR-B,Lanús,AR-B-LS
Argentina,AR,Buenos Aires Province,AR-B,La Matanza,AR-B-LM
Argentina,AR,Buenos Aires Province,AR-B,Mercedes,AR-B-MD
Argentina,AR,Buenos Aires Province,AR-B,Tres Lomas,AR-B-TL
Argentina,AR,Buenos Aires Province,AR-B,Coronel de Marina Leonardo Rosales,AR-B-CR
Argentina,AR,Buenos Aires Province,AR-B,Dolores,AR-B-DO
Argentina,AR,Buenos Aires Province,AR-B,San Isidro,AR-B-SI
Argentina,AR,Buenos Aires Province,AR-B,General Sarmiento,AR-B-GS
Argentina,AR,Buenos Aires Province,AR-B,Bahía Blanca,AR-B-BB
Argentina,AR,Buenos Aires Province,AR-B,Roque Pérez,AR-B-RP
Argentina,AR,Buenos Aires Province,AR-B,Carlos Tejedor,AR-B-CT
Argentina,AR,Buenos Aires Province,AR-B,Rojas,AR-B-RO
Argentina,AR,Buenos Aires Province,AR-B,General San Martín,AR-B-GN
Argentina,AR,Buenos Aires Province,AR-B,Exaltación de la Cruz,AR-B-EC
Argentina,AR,Buenos Aires Province,AR-B,Junín,AR-B-JU
Argentina,AR,Buenos Aires Province,AR-B,Avellaneda,AR-B-AV
Argentina,AR,Buenos Aires Province,AR-B,Esteban Echeverría,AR-B-EB
Argentina,AR,Buenos Aires Province,AR-B,Necochea,AR-B-NE
Argentina,AR,Buenos Aires Province,AR-B,Guaminí,AR-B-GU
Argentina,AR,Buenos Aires Province,AR-B,San Vicente,AR-B-SE
Argentina,AR,Buenos Aires Province,AR-B,Bolívar,AR-B-BO
Argentina,AR,Buenos Aires Province,AR-B,Arrecifes,AR-B-BM
Argentina,AR,Buenos Aires Province,AR-B,Salliqueló,AR-B-SQ
Argentina,AR,Buenos Aires Province,AR-B,Almirante Brown,AR-B-AB
Argentina,AR,Buenos Aires Province,AR-B,Azul,AR-B-AZ
Argentina,AR,Buenos Aires Province,AR-B,Ramallo,AR-B-RM
Argentina,AR,Buenos Aires Province,AR-B,Berazategui,AR-B-BZ
Argentina,AR,Buenos Aires Province,AR-B,Colón,AR-B-CO
Argentina,AR,Buenos Aires Province,AR-B,Tapalqué,AR-B-TP
Argentina,AR,Buenos Aires Province,AR-B,Lincoln,AR-B-LI
Argentina,AR,Buenos Aires Province,AR-B,General La Madrid,AR-B-GM
Argentina,AR,Buenos Aires Province,AR-B,Castelli,AR-B-CI
Argentina,AR,Buenos Aires Province,AR-B,San Antonio de Areco,AR-B-SA
Argentina,AR,Buenos Aires Province,AR-B,Hipólito Yrigoyen,AR-B-HY
Argentina,AR,Buenos Aires Province,AR-B,Alberti,AR-B-AL
Argentina,AR,Buenos Aires Province,AR-B,Coronel Suárez,AR-B-CE
Argentina,AR,Buenos Aires Province,AR-B,Carlos Casares,AR-B-CC
Argentina,AR,Buenos Aires Province,AR-B,General Rodríguez,AR-B-GR
Argentina,AR,Buenos Aires Province,AR-B,Berisso,AR-B-BS
Argentina,AR,Buenos Aires Province,AR-B,Marcos Paz,AR-B-MP
Argentina,AR,Buenos Aires Province,AR-B,Mar Chiquita,AR-B-MC
Argentina,AR,Buenos Aires Province,AR-B,Moreno,AR-B-MR
Argentina,AR,Buenos Aires Province,AR-B,Coronel Dorrego,AR-B-CD
Argentina,AR,Buenos Aires Province,AR-B,Tordillo,AR-B-TO
Argentina,AR,Chaco,AR-H,Primero de Mayo,AR-H-PM
Argentina,AR,Chaco,AR-H,Presidencia de la Plaza,AR-H-PP
Argentina,AR,Chaco,AR-H,General Güemes,AR-H-GG
Argentina,AR,Chaco,AR-H,Libertad,AR-H-LI
Argentina,AR,Chaco,AR-H,O'Higgins,AR-H-OH
Argentina,AR,Chaco,AR-H,Almirante Brown,AR-H-AB
Argentina,AR,Chaco,AR-H,Chacabuco,AR-H-CH
Argentina,AR,Chaco,AR-H,Doce de Octubre,AR-H-DC
Argentina,AR,Chaco,AR-H,Independencia,AR-H-IN
Argentina,AR,Chaco,AR-H,Comandante Fernández,AR-H-CF
Argentina,AR,Chaco,AR-H,General Belgrano,AR-H-GB
Argentina,AR,Chaco,AR-H,Nueve de Julio,AR-H-NJ
Argentina,AR,Chaco,AR-H,San Fernando,AR-H-SF
Argentina,AR,Chaco,AR-H,Fray Justo Santa María de Oro,AR-H-FJ
Argentina,AR,Chaco,AR-H,Quitilipi,AR-H-QU
Argentina,AR,Chaco,AR-H,Tapenagá,AR-H-TA
Argentina,AR,Chaco,AR-H,Maipú,AR-H-MA
Argentina,AR,Chaco,AR-H,Bermejo,AR-H-BE
Argentina,AR,Chaco,AR-H,Libertador General San Martín,AR-H-LM
Argentina,AR,Chaco,AR-H,Mayor Luis J. Fontana,AR-H-MF
Argentina,AR,Chaco,AR-H,General Donovan,AR-H-GD
Argentina,AR,Chaco,AR-H,Veinticinco de Mayo,AR-H-VM
Argentina,AR,Chaco,AR-H,Sargento Cabral,AR-H-SC
Argentina,AR,Chaco,AR-H,San Lorenzo,AR-H-SL
Sweden,SE,Dalarnas län [SE-20],SE-W,Dalarnas län [SE-20],SE-W
Sweden,SE,Kalmar län [SE-08],SE-H,Kalmar län [SE-08],SE-H
Sweden,SE,Västra Götalands län [SE-14],SE-O,Västra Götalands län [SE-14],SE-O
Sweden,SE,Södermanlands län [SE-04],SE-D,Södermanlands län [SE-04],SE-D
Sweden,SE,Östergötlands län [SE-05],SE-E,Östergötlands län [SE-05],SE-E
Sweden,SE,Hallands län [SE-13],SE-N,Hallands län [SE-13],SE-N
Sweden,SE,Skåne län [SE-12],SE-M,Skåne län [SE-12],SE-M
Sweden,SE,Kronobergs län [SE-07],SE-G,Kronobergs län [SE-07],SE-G
Sweden,SE,Örebro län [SE-18],SE-T,Örebro län [SE-18],SE-T
Sweden,SE,Gävleborgs län [SE-21],SE-X,Gävleborgs län [SE-21],SE-X
Sweden,SE,Västernorrlands län [SE-22],SE-Y,Västernorrlands län [SE-22],SE-Y
Sweden,SE,Stockholms län [SE-01],SE-AB,Stockholms län [SE-01],SE-AB
Sweden,SE,Jämtlands län [SE-23],SE-Z,Jämtlands län [SE-23],SE-Z
Sweden,SE,Norrbottens län [SE-25],SE-BD,Norrbottens län [SE-25],SE-BD
Sweden,SE,Västmanlands län [SE-19],SE-U,Västmanlands län [SE-19],SE-U
Sweden,SE,Värmlands län [SE-17],SE-S,Värmlands län [SE-17],SE-S
Sweden,SE,Gotlands län [SE-09],SE-I,Gotlands län [SE-09],SE-I
Sweden,SE,Blekinge län [SE-10],SE-K,Blekinge län [SE-10],SE-K
Sweden,SE,Västerbottens län [SE-24],SE-AC,Västerbottens län [SE-24],SE-AC
Sweden,SE,Jönköpings län [SE-06],SE-F,Jönköpings län [SE-06],SE-F
Sweden,SE,Uppsala län [SE-03],SE-C,Uppsala län [SE-03],SE-C
Malawi,MW,Southern,MW-S,Southern,MW-S
Malawi,MW,Northern,MW-N,Northern,MW-N
Malawi,MW,Central,MW-C,Central,MW-C
Libya,LY,Al Wahah,LY-WA,Al Wahah,LY-WA
Libya,LY,Al hizam al Akhdar,LY-HZ,Al hizam al Akhdar,LY-HZ
Libya,LY,Al Marqab,LY-MB,Al Marqab,LY-MB
Libya,LY,Murzuq,LY-MQ,Murzuq,LY-MQ
Libya,LY,Wadi al Hayat,LY-WD,Wadi al Hayat,LY-WD
Libya,LY,Banghazi,LY-BA,Banghazi,LY-BA
Libya,LY,Yafran-Jadu,LY-YJ,Yafran-Jadu,LY-YJ
Libya,LY,Al Marj,LY-MJ,Al Marj,LY-MJ
Libya,LY,Sabha,LY-SB,Sabha,LY-SB
Libya,LY,Tajura wa al Nawahi AlArba',LY-TN,Tajura wa al Nawahi AlArba',LY-TN
Libya,LY,Al Qubbah,LY-QB,Al Qubbah,LY-QB
Libya,LY,Surt,LY-SR,Surt,LY-SR
Libya,LY,Az Zawiyah,LY-ZA,Az Zawiyah,LY-ZA
Libya,LY,Bani Walid,LY-BW,Bani Walid,LY-BW
Libya,LY,Ghat,LY-GT,Ghat,LY-GT
Libya,LY,Ghadamis,LY-GD,Ghadamis,LY-GD
Libya,LY,An Nuqat al Khams,LY-NQ,An Nuqat al Khams,LY-NQ
Libya,LY,Mizdah,LY-MZ,Mizdah,LY-MZ
Libya,LY,Al Kufrah,LY-KF,Al Kufrah,LY-KF
Libya,LY,Al Qatrun,LY-QT,Al Qatrun,LY-QT
Libya,LY,Nalut,LY-NL,Nalut,LY-NL
Libya,LY,Misratah,LY-MI,Misratah,LY-MI
Libya,LY,Sabratah Surman,LY-SS,Sabratah Surman,LY-SS
Libya,LY,Tarhunah-Masallatah,LY-TM,Tarhunah-Masallatah,LY-TM
Libya,LY,Al Butnan,LY-BU,Al Butnan,LY-BU
Libya,LY,Al Jabal al Akhdar,LY-JA,Al Jabal al Akhdar,LY-JA
Libya,LY,Tarabulus,LY-TB,Tarabulus,LY-TB
Libya,LY,Ash Shati',LY-SH,Ash Shati',LY-SH
Libya,LY,Darnah,LY-DR,Darnah,LY-DR
Libya,LY,Al Jufrah,LY-JU,Al Jufrah,LY-JU
Libya,LY,Jaghbub,LY-JB,Jaghbub,LY-JB
Libya,LY,Ajdabiya,LY-AJ,Ajdabiya,LY-AJ
Libya,LY,Gharyan,LY-GR,Gharyan,LY-GR
Libya,LY,Al Jifarah,LY-JI,Al Jifarah,LY-JI
Mauritius,MU,Savanne,MU-SA,Savanne,MU-SA
Mauritius,MU,Agalega Islands,MU-AG,Agalega Islands,MU-AG
Mauritius,MU,Moka,MU-MO,Moka,MU-MO
Mauritius,MU,Rodrigues Island,MU-RO,Rodrigues Island,MU-RO
Mauritius,MU,Black River,MU-BL,Black River,MU-BL
Mauritius,MU,Grand Port,MU-GP,Grand Port,MU-GP
Mauritius,MU,Pamplemousses,MU-PA,Pamplemousses,MU-PA
Mauritius,MU,Flacq,MU-FL,Flacq,MU-FL
Mauritius,MU,Rivière du Rempart,MU-RR,Rivière du Rempart,MU-RR
Mauritius,MU,Plaines Wilhems,MU-PW,Plaines Wilhems,MU-PW
Mauritius,MU,Cargados Carajos Shoals,MU-CC,Cargados Carajos Shoals,MU-CC
Mauritius,MU,Port Louis City,MU-PU,Port Louis City,MU-PU
Mauritius,MU,Curepipe,MU-CU,Curepipe,MU-CU
Mauritius,MU,Vacoas-Phoenix,MU-VP,Vacoas-Phoenix,MU-VP
Mauritius,MU,Beau Bassin-Rose Hill,MU-BR,Beau Bassin-Rose Hill,MU-BR
Mauritius,MU,Port Louis,MU-PL,Port Louis,MU-PL
Mauritius,MU,Quatre Bornes,MU-QB,Quatre Bornes,MU-QB
Andorra,AD,Andorra la Vella,AD-07,Andorra la Vella,AD-07
Andorra,AD,Sant Julià de Lòria,AD-06,Sant Julià de Lòria,AD-06
Andorra,AD,Ordino,AD-05,Ordino,AD-05
Andorra,AD,La Massana,AD-04,La Massana,AD-04
Andorra,AD,Encamp,AD-03,Encamp,AD-03
Andorra,AD,Escaldes-Engordany,AD-08,Escaldes-Engordany,AD-08
Andorra,AD,Canillo,AD-02,Canillo,AD-02
Russia,RU,Ulyanovsk Oblast,RU-ULY,Ulyanovsk Oblast,RU-ULY
Russia,RU,Pskov Oblast,RU-PSK,Pskov Oblast,RU-PSK
Russia,RU,Krasnodar Krai,RU-KDA,Krasnodar Krai,RU-KDA
Russia,RU,Orenburg Oblast,RU-ORE,Orenburg Oblast,RU-ORE
Russia,RU,Magadan Oblast,RU-MAG,Magadan Oblast,RU-MAG
Russia,RU,Buryatia,RU-BU,Buryatia,RU-BU
Russia,RU,Saint Petersburg,RU-SPE,Saint Petersburg,RU-SPE
Russia,RU,Perm Krai,RU-PER,Perm Krai,RU-PER
Russia,RU,Kurgan Oblast,RU-KGN,Kurgan Oblast,RU-KGN
Russia,RU,Udmurtia,RU-UD,Udmurtia,RU-UD
Russia,RU,Moscow,RU-MOW,Moscow,RU-MOW
Russia,RU,Chelyabinsk Oblast,RU-CHE,Chelyabinsk Oblast,RU-CHE
Russia,RU,Tambov Oblast,RU-TAM,Tambov Oblast,RU-TAM
Russia,RU,Tuva,RU-TY,Tuva,RU-TY
Russia,RU,Chechnya,RU-CE,Chechnya,RU-CE
Russia,RU,Volgograd Oblast,RU-VGG,Volgograd Oblast,RU-VGG
Russia,RU,Jewish Autonomous Oblast,RU-YEV,Jewish Autonomous Oblast,RU-YEV
Russia,RU,Omsk Oblast,RU-OMS,Omsk Oblast,RU-OMS
Russia,RU,Chukotka Autonomous Okrug,RU-CHU,Chukotka Autonomous Okrug,RU-CHU
Russia,RU,Kaluga Oblast,RU-KLU,Kaluga Oblast,RU-KLU
Russia,RU,Kabardino-Balkaria,RU-KB,Kabardino-Balkaria,RU-KB
Russia,RU,Sakhalin Oblast,RU-SAK,Sakhalin Oblast,RU-SAK
Russia,RU,Rostov Oblast,RU-ROS,Rostov Oblast,RU-ROS
Russia,RU,Dagestan,RU-DA,Dagestan,RU-DA
Russia,RU,Tatarstan,RU-TA,Tatarstan,RU-TA
Russia,RU,Krasnoyarsk Krai,RU-KYA,Krasnoyarsk Krai,RU-KYA
Russia,RU,Stavropol Krai,RU-STA,Stavropol Krai,RU-STA
Russia,RU,Bashkortostan,RU-BA,Bashkortostan,RU-BA
Russia,RU,Republic of Karelia,RU-KR,Republic of Karelia,RU-KR
Russia,RU,Samara Oblast,RU-SAM,Samara Oblast,RU-SAM
Russia,RU,Khabarovsk Krai,RU-KHA,Khabarovsk Krai,RU-KHA
Russia,RU,Tomsk Oblast,RU-TOM,Tomsk Oblast,RU-TOM
Russia,RU,Mari El,RU-ME,Mari El,RU-ME
Russia,RU,Leningrad Oblast,RU-LEN,Leningrad Oblast,RU-LEN
Russia,RU,Irkutsk Oblast,RU-IRK,Irkutsk Oblast,RU-IRK
Russia,RU,Arkhangelsk Oblast,RU-ARK,Arkhangelsk Oblast,RU-ARK
Russia,RU,Bryansk Oblast,RU-BRY,Bryansk Oblast,RU-BRY
Russia,RU,Ivanovo Oblast,RU-IVA,Ivanovo Oblast,RU-IVA
Russia,RU,Ryazan Oblast,RU-RYA,Ryazan Oblast,RU-RYA
Russia,RU,Yaroslavl Oblast,RU-YAR,Yaroslavl Oblast,RU-YAR
Russia,RU,Kirov Oblast,RU-KIR,Kirov Oblast,RU-KIR
Russia,RU,Yamalo-Nenets Autonomous Okrug,RU-YAN,Yamalo-Nenets Autonomous Okrug,RU-YAN
Russia,RU,Khakassia,RU-KK,Khakassia,RU-KK
Russia,RU,Mordovia,RU-MO,Mordovia,RU-MO
Russia,RU,Amur Oblast,RU-AMU,Amur Oblast,RU-AMU
Russia,RU,Novgorod Oblast,RU-NGR,Novgorod Oblast,RU-NGR
Russia,RU,Ingushetia,RU-IN,Ingushetia,RU-IN
Russia,RU,Tyumen Oblast,RU-TYU,Tyumen Oblast,RU-TYU
Russia,RU,Murmansk Oblast,RU-MUR,Murmansk Oblast,RU-MUR
Russia,RU,Nizhny Novgorod Oblast,RU-NIZ,Nizhny Novgorod Oblast,RU-NIZ
Russia,RU,Karachay-Cherkessia,RU-KC,Karachay-Cherkessia,RU-KC
Russia,RU,Kamchatka Krai,RU-KAM,Kamchatka Krai,RU-KAM
Russia,RU,Kaliningrad Oblast,RU-KGD,Kaliningrad Oblast,RU-KGD
Russia,RU,Sakha,RU-SA,Sakha,RU-SA
Russia,RU,Vladimir Oblast,RU-VLA,Vladimir Oblast,RU-VLA
Russia,RU,Kemerovo Oblast,RU-KEM,Kemerovo Oblast,RU-KEM
Russia,RU,Belgorod Oblast,RU-BEL,Belgorod Oblast,RU-BEL
Russia,RU,Nenets Autonomous Okrug,RU-NEN,Nenets Autonomous Okrug,RU-NEN
Russia,RU,Astrakhan Oblast,RU-AST,Astrakhan Oblast,RU-AST
Russia,RU,Smolensk Oblast,RU-SMO,Smolensk Oblast,RU-SMO
Russia,RU,Altai Krai,RU-ALT,Altai Krai,RU-ALT
Russia,RU,Novosibirsk Oblast,RU-NVS,Novosibirsk Oblast,RU-NVS
Russia,RU,Tula Oblast,RU-TUL,Tula Oblast,RU-TUL
Russia,RU,Vologda Oblast,RU-VLG,Vologda Oblast,RU-VLG
Russia,RU,Oryol Oblast,RU-ORL,Oryol Oblast,RU-ORL
Russia,RU,Moscow Oblast,RU-MOS,Moscow Oblast,RU-MOS
Russia,RU,Chuvashia,RU-CU,Chuvashia,RU-CU
Russia,RU,Zabaykalsky Krai,RU-CHI,Zabaykalsky Krai,RU-CHI
Russia,RU,Tver Oblast,RU-TVE,Tver Oblast,RU-TVE
Russia,RU,Kalmykia,RU-KL,Kalmykia,RU-KL
Russia,RU,Kostroma Oblast,RU-KOS,Kostroma Oblast,RU-KOS
Russia,RU,Voronezh Oblast,RU-VOR,Voronezh Oblast,RU-VOR
Russia,RU,Lipetsk Oblast,RU-LIP,Lipetsk Oblast,RU-LIP
Russia,RU,Saratov Oblast,RU-SAR,Saratov Oblast,RU-SAR
Russia,RU,Kursk Oblast,RU-KRS,Kursk Oblast,RU-KRS
Russia,RU,Primorsky Krai,RU-PRI,Primorsky Krai,RU-PRI
Russia,RU,Adygea,RU-AD,Adygea,RU-AD
Russia,RU,Komi,RU-KO,Komi,RU-KO
Russia,RU,Sverdlovsk Oblast,RU-SVE,Sverdlovsk Oblast,RU-SVE
Russia,RU,Altai Republic,RU-AL,Altai Republic,RU-AL
Russia,RU,North Ossetia-Alania,RU-SE,North Ossetia-Alania,RU-SE
Russia,RU,Khanty-Mansi Autonomous Okrug,RU-KHM,Khanty-Mansi Autonomous Okrug,RU-KHM
Russia,RU,Penza Oblast,RU-PNZ,Penza Oblast,RU-PNZ
Comoros,KM,Anjouan,KM-A,Anjouan,KM-A
Comoros,KM,Mohéli,KM-M,Mohéli,KM-M
Comoros,KM,Grande Comore,KM-G,Grande Comore,KM-G
France,FR,Bretagne,FR-BRE,Ille-et-Vilaine,FR-BRE-35
France,FR,Bretagne,FR-BRE,Morbihan,FR-BRE-56
France,FR,Bretagne,FR-BRE,Finistère,FR-BRE-29
France,FR,Bretagne,FR-BRE,Côtes-d'Armor,FR-BRE-22
France,FR,Provence-Alpes-Côte d'Azur,FR-PAC,Bouches-du-Rhône,FR-PAC-13
France,FR,Provence-Alpes-Côte d'Azur,FR-PAC,Alpes-de-Haute-Provence,FR-PAC-04
France,FR,Provence-Alpes-Côte d'Azur,FR-PAC,Hautes-Alpes,FR-PAC-05
France,FR,Provence-Alpes-Côte d'Azur,FR-PAC,Var,FR-PAC-83
France,FR,Provence-Alpes-Côte d'Azur,FR-PAC,Vaucluse,FR-PAC-84
France,FR,Provence-Alpes-Côte d'Azur,FR-PAC,Alpes-Maritimes,FR-PAC-06
France,FR,Pays de la Loire,FR-PDL,Sarthe,FR-PDL-72
France,FR,Pays de la Loire,FR-PDL,Mayenne,FR-PDL-53
France,FR,Pays de la Loire,FR-PDL,Loire-Atlantique,FR-PDL-44
France,FR,Pays de la Loire,FR-PDL,Vendée,FR-PDL-85
France,FR,Pays de la Loire,FR-PDL,Maine-et-Loire,FR-PDL-49
France,FR,Corse,FR-COR,Haute-Corse,FR-COR-2B
France,FR,Corse,FR-COR,Corse-du-Sud,FR-COR-2A
France,FR,Bourgogne-Franche-Comté,FR-BFC,Nièvre,FR-BFC-58
France,FR,Bourgogne-Franche-Comté,FR-BFC,Doubs,FR-BFC-25
France,FR,Bourgogne-Franche-Comté,FR-BFC,Saône-et-Loire,FR-BFC-71
France,FR,Bourgogne-Franche-Comté,FR-BFC,Territoire de Belfort,FR-BFC-90
France,FR,Bourgogne-Franche-Comté,FR-BFC,Yonne,FR-BFC-89
France,FR,Bourgogne-Franche-Comté,FR-BFC,Haute-Saône,FR-BFC-70
France,FR,Bourgogne-Franche-Comté,FR-BFC,Côte-d'Or,FR-BFC-21
France,FR,Bourgogne-Franche-Comté,FR-BFC,Jura,FR-BFC-39
France,FR,Nouvelle-Aquitaine,FR-NAQ,Corrèze,FR-NAQ-19
France,FR,Nouvelle-Aquitaine,FR-NAQ,Vienne,FR-NAQ-86
France,FR,Nouvelle-Aquitaine,FR-NAQ,Creuse,FR-NAQ-23
France,FR,Nouvelle-Aquitaine,FR-NAQ,Dordogne,FR-NAQ-24
France,FR,Nouvelle-Aquitaine,FR-NAQ,Haute-Vienne,FR-NAQ-87
France,FR,Nouvelle-Aquitaine,FR-NAQ,Lot-et-Garonne,FR-NAQ-47
France,FR,Nouvelle-Aquitaine,FR-NAQ,Charente,FR-NAQ-16
France,FR,Nouvelle-Aquitaine,FR-NAQ,Gironde,FR-NAQ-33
France,FR,Nouvelle-Aquitaine,FR-NAQ,Landes,FR-NAQ-40
France,FR,Nouvelle-Aquitaine,FR-NAQ,Charente-Maritime,FR-NAQ-17
France,FR,Nouvelle-Aquitaine,FR-NAQ,Pyrénées-Atlantiques,FR-NAQ-64
France,FR,Nouvelle-Aquitaine,FR-NAQ,Deux-Sèvres,FR-NAQ-79
France,FR,Grand Est,FR-GES,Marne,FR-GES-51
France,FR,Grand Est,FR-GES,Haute-Marne,FR-GES-52
France,FR,Grand Est,FR-GES,Haut-Rhin,FR-GES-68
France,FR,Grand Est,FR-GES,Meurthe-et-Moselle,FR-GES-54
France,FR,Grand Est,FR-GES,Meuse,FR-GES-55
France,FR,Grand Est,FR-GES,Vosges,FR-GES-88
France,FR,Grand Est,FR-GES,Bas-Rhin,FR-GES-67
France,FR,Grand Est,FR-GES,Moselle,FR-GES-57
France,FR,Grand Est,FR-GES,Ardennes,FR-GES-08
France,FR,Grand Est,FR-GES,Aube,FR-GES-10
France,FR,Occitanie,FR-OCC,Tarn,FR-OCC-81
France,FR,Occitanie,FR-OCC,Hautes-Pyrénées,FR-OCC-65
France,FR,Occitanie,FR-OCC,Lot,FR-OCC-46
France,FR,Occitanie,FR-OCC,Aveyron,FR-OCC-12
France,FR,Occitanie,FR-OCC,Tarn-et-Garonne,FR-OCC-82
France,FR,Occitanie,FR-OCC,Lozère,FR-OCC-48
France,FR,Occitanie,FR-OCC,Haute-Garonne,FR-OCC-31
France,FR,Occitanie,FR-OCC,Hérault,FR-OCC-34
France,FR,Occitanie,FR-OCC,Gers,FR-OCC-32
France,FR,Occitanie,FR-OCC,Pyrénées-Orientales,FR-OCC-66
France,FR,Occitanie,FR-OCC,Ariège,FR-OCC-09
France,FR,Occitanie,FR-OCC,Gard,FR-OCC-30
France,FR,Occitanie,FR-OCC,Aude,FR-OCC-11
France,FR,Hauts-de-France,FR-HDF,Somme,FR-HDF-80
France,FR,Hauts-de-France,FR-HDF,Pas-de-Calais,FR-HDF-62
France,FR,Hauts-de-France,FR-HDF,Nord,FR-HDF-59
France,FR,Hauts-de-France,FR-HDF,Oise,FR-HDF-60
France,FR,Hauts-de-France,FR-HDF,Aisne,FR-HDF-02
France,FR,Île-de-France,FR-IDF,Val-d'Oise,FR-IDF-95
France,FR,Île-de-France,FR-IDF,Val-de-Marne,FR-IDF-94
France,FR,Île-de-France,FR-IDF,Hauts-de-Seine,FR-IDF-92
France,FR,Île-de-France,FR-IDF,Essonne,FR-IDF-91
France,FR,Île-de-France,FR-IDF,Seine-et-Marne,FR-IDF-77
France,FR,Île-de-France,FR-IDF,Yvelines,FR-IDF-78
France,FR,Île-de-France,FR-IDF,Seine-Saint-Denis,FR-IDF-93
France,FR,Île-de-France,FR-IDF,Paris,FR-IDF-75C
France,FR,Normandie,FR-NOR,Orne,FR-NOR-61
France,FR,Normandie,FR-NOR,Manche,FR-NOR-50
France,FR,Normandie,FR-NOR,Seine-Maritime,FR-NOR-76
France,FR,Normandie,FR-NOR,Eure,FR-NOR-27
France,FR,Normandie,FR-NOR,Calvados,FR-NOR-14
France,FR,Centre-Val de Loire,FR-CVL,Loir-et-Cher,FR-CVL-41
France,FR,Centre-Val de Loire,FR-CVL,Indre,FR-CVL-36
France,FR,Centre-Val de Loire,FR-CVL,Cher,FR-CVL-18
France,FR,Centre-Val de Loire,FR-CVL,Eure-et-Loir,FR-CVL-28
France,FR,Centre-Val de Loire,FR-CVL,Loiret,FR-CVL-45
France,FR,Centre-Val de Loire,FR-CVL,Indre-et-Loire,FR-CVL-37
France,FR,Auvergne-Rhône-Alpes,FR-ARA,Haute-Savoie,FR-ARA-74
France,FR,Auvergne-Rhône-Alpes,FR-ARA,Rhône,FR-ARA-69
France,FR,Auvergne-Rhône-Alpes,FR-ARA,Isère,FR-ARA-38
France,FR,Auvergne-Rhône-Alpes,FR-ARA,Drôme,FR-ARA-26
France,FR,Auvergne-Rhône-Alpes,FR-ARA,Puy-de-Dôme,FR-ARA-63
France,FR,Auvergne-Rhône-Alpes,FR-ARA,Haute-Loire,FR-ARA-43
France,FR,Auvergne-Rhône-Alpes,FR-ARA,Ain,FR-ARA-01
France,FR,Auvergne-Rhône-Alpes,FR-ARA,Ardèche,FR-ARA-07
France,FR,Auvergne-Rhône-Alpes,FR-ARA,Savoie,FR-ARA-73
France,FR,Auvergne-Rhône-Alpes,FR-ARA,Loire,FR-ARA-42
France,FR,Auvergne-Rhône-Alpes,FR-ARA,Allier,FR-ARA-03
France,FR,Auvergne-Rhône-Alpes,FR-ARA,Cantal,FR-ARA-15
Tokelau,TK,Tokelau,TK,Tokelau,TK
United States Minor Outlying Islands,UM,Midway Islands,UM-71,Midway Islands,UM-71
United States Minor Outlying Islands,UM,Palmyra Atoll,UM-95,Palmyra Atoll,UM-95
United States Minor Outlying Islands,UM,Howland Island,UM-84,Howland Island,UM-84
United States Minor Outlying Islands,UM,Jarvis Island,UM-86,Jarvis Island,UM-86
United States Minor Outlying Islands,UM,Baker Island,UM-81,Baker Island,UM-81
United States Minor Outlying Islands,UM,Kingman Reef,UM-89,Kingman Reef,UM-89
United States Minor Outlying Islands,UM,Johnston Atoll,UM-67,Johnston Atoll,UM-67
United States Minor Outlying Islands,UM,Wake Island,UM-79,Wake Island,UM-79
United States Minor Outlying Islands,UM,Navassa Island,UM-76,Navassa Island,UM-76
Tanzania,TZ,Mbeya,TZ-14,Rungwe,TZ-14-RU
Tanzania,TZ,Mbeya,TZ-14,Mbeya Rural,TZ-14-MR
Tanzania,TZ,Mbeya,TZ-14,Mbeya Urban,TZ-14-MB
Tanzania,TZ,Mbeya,TZ-14,Chunya,TZ-14-CH
Tanzania,TZ,Mbeya,TZ-14,Kyela,TZ-14-KY
Tanzania,TZ,Mbeya,TZ-14,Mbarali,TZ-14-MI
Tanzania,TZ,Lindi,TZ-12,Lindi Urban,TZ-12-LU
Tanzania,TZ,Lindi,TZ-12,Lindi Rural,TZ-12-LI
Tanzania,TZ,Lindi,TZ-12,Kilwa,TZ-12-KI
Tanzania,TZ,Lindi,TZ-12,Liwale,TZ-12-LW
Tanzania,TZ,Lindi,TZ-12,Nachingwea,TZ-12-NA
Tanzania,TZ,Lindi,TZ-12,Ruangwa,TZ-12-RU
Tanzania,TZ,Mwanza,TZ-18,Kwimba,TZ-18-KW
Tanzania,TZ,Mwanza,TZ-18,Ukerewe,TZ-18-UK
Tanzania,TZ,Mwanza,TZ-18,Ilemela,TZ-18-IL
Tanzania,TZ,Mwanza,TZ-18,Magu,TZ-18-MA
Tanzania,TZ,Mwanza,TZ-18,Misungwi,TZ-18-MI
Tanzania,TZ,Mwanza,TZ-18,Nyamagana,TZ-18-NY
Tanzania,TZ,Mwanza,TZ-18,Sengerema,TZ-18-SE
Tanzania,TZ,Zanzibar South,TZ-11,Kusini,TZ-11-KU
Tanzania,TZ,Zanzibar South,TZ-11,Kati,TZ-11-KA
Tanzania,TZ,Dodoma,TZ-03,Chamwino,TZ-03-CH
Tanzania,TZ,Dodoma,TZ-03,Chemba,TZ-03-CM
Tanzania,TZ,Dodoma,TZ-03,Bahi,TZ-03-BA
Tanzania,TZ,Dodoma,TZ-03,Mpwapwa,TZ-03-MP
Tanzania,TZ,Dodoma,TZ-03,Kondoa,TZ-03-KO
Tanzania,TZ,Dodoma,TZ-03,Dodoma Urban,TZ-03-DO
Tanzania,TZ,Dodoma,TZ-03,Kongwa,TZ-03-KW
Tanzania,TZ,Njombe,TZ-31,Makete,TZ-31-MA
Tanzania,TZ,Njombe,TZ-31,Ludewa,TZ-31-LU
Tanzania,TZ,Njombe,TZ-31,Wanging'ombe,TZ-31-WA
Tanzania,TZ,Njombe,TZ-31,Njombe Urban,TZ-31-NU
Tanzania,TZ,Njombe,TZ-31,Makambako Town,TZ-31-MT
Tanzania,TZ,Njombe,TZ-31,Njombe Rural,TZ-31-NJ
Tanzania,TZ,Songwe,TZ-30,Songwe,TZ-30-SO
Tanzania,TZ,Songwe,TZ-30,Tunduma,TZ-30-TU
Tanzania,TZ,Songwe,TZ-30,Momba,TZ-30-MO
Tanzania,TZ,Songwe,TZ-30,Mbozi,TZ-30-MB
Tanzania,TZ,Songwe,TZ-30,Ileje,TZ-30-IL
Tanzania,TZ,Simiyu,TZ-28,Meatu,TZ-28-ME
Tanzania,TZ,Simiyu,TZ-28,Busega,TZ-28-BU
Tanzania,TZ,Simiyu,TZ-28,Bariadi,TZ-28-BA
Tanzania,TZ,Simiyu,TZ-28,Maswa,TZ-28-MA
Tanzania,TZ,Simiyu,TZ-28,Itilima,TZ-28-IT
Tanzania,TZ,Tanga,TZ-25,Tanga,TZ-25-TA
Tanzania,TZ,Tanga,TZ-25,Handeni,TZ-25-HA
Tanzania,TZ,Tanga,TZ-25,Handeni Town,TZ-25-HT
Tanzania,TZ,Tanga,TZ-25,Kilindi,TZ-25-KI
Tanzania,TZ,Tanga,TZ-25,Pangani,TZ-25-PA
Tanzania,TZ,Tanga,TZ-25,Lushoto,TZ-25-LU
Tanzania,TZ,Tanga,TZ-25,Korogwe Town,TZ-25-KT
Tanzania,TZ,Tanga,TZ-25,Korogwe,TZ-25-KO
Tanzania,TZ,Tanga,TZ-25,Mkinga,TZ-25-MK
Tanzania,TZ,Tanga,TZ-25,Muheza,TZ-25-MU
Tanzania,TZ,Geita,TZ-27,Bukombe,TZ-27-BU
Tanzania,TZ,Geita,TZ-27,Geita,TZ-27-GE
Tanzania,TZ,Geita,TZ-27,Mbogwe,TZ-27-MB
Tanzania,TZ,Geita,TZ-27,Chato,TZ-27-CH
Tanzania,TZ,Geita,TZ-27,Nyang'hwale,TZ-27-NY
Tanzania,TZ,Mtwara,TZ-17,Masasi,TZ-17-MI
Tanzania,TZ,Mtwara,TZ-17,Masasi Town,TZ-17-MA
Tanzania,TZ,Mtwara,TZ-17,Nanyumbu,TZ-17-NA
Tanzania,TZ,Mtwara,TZ-17,Newala,TZ-17-NE
Tanzania,TZ,Mtwara,TZ-17,Mtwara Urban,TZ-17-MR
Tanzania,TZ,Mtwara,TZ-17,Mtwara Rural,TZ-17-MT
Tanzania,TZ,Mtwara,TZ-17,Tandahimba,TZ-17-TA
Tanzania,TZ,Coast,TZ-19,Mkuranga,TZ-19-MK
Tanzania,TZ,Coast,TZ-19,Bagamoyo,TZ-19-BA
Tanzania,TZ,Coast,TZ-19,Kisarawe,TZ-19-KS
Tanzania,TZ,Coast,TZ-19,Mafia,TZ-19-MA
Tanzania,TZ,Coast,TZ-19,Kibaha,TZ-19-KI
Tanzania,TZ,Coast,TZ-19,Rufiji,TZ-19-RU
Tanzania,TZ,Coast,TZ-19,Kibaha Urban,TZ-19-KU
Tanzania,TZ,Pemba North,TZ-06,Micheweni,TZ-06-MI
Tanzania,TZ,Pemba North,TZ-06,Wete,TZ-06-WE
Tanzania,TZ,Rukwa,TZ-20,Kalambo,TZ-20-KA
Tanzania,TZ,Rukwa,TZ-20,Nkasi,TZ-20-NK
Tanzania,TZ,Rukwa,TZ-20,Sumbawanga Rural,TZ-20-SR
Tanzania,TZ,Rukwa,TZ-20,Sumbawanga Urban,TZ-20-SU
Tanzania,TZ,Zanzibar North,TZ-07,Kaskazini 'A',TZ-07-KA
Tanzania,TZ,Zanzibar North,TZ-07,Kaskazini 'B',TZ-07-KB
Tanzania,TZ,Katavi,TZ-29,Mlele,TZ-29-ML
Tanzania,TZ,Katavi,TZ-29,Mpanda Urban,TZ-29-MU
Tanzania,TZ,Katavi,TZ-29,Mpanda Rural,TZ-29-MP
Tanzania,TZ,Iringa,TZ-04,Mufindi,TZ-04-MU
Tanzania,TZ,Iringa,TZ-04,Iringa Rural,TZ-04-IR
Tanzania,TZ,Iringa,TZ-04,Mafinga Town,TZ-04-MA
Tanzania,TZ,Iringa,TZ-04,Iringa Urban,TZ-04-IU
Tanzania,TZ,Iringa,TZ-04,Kilolo,TZ-04-KI
Tanzania,TZ,Kigoma,TZ-08,Kasulu,TZ-08-KA
Tanzania,TZ,Kigoma,TZ-08,Kigoma Rural,TZ-08-KR
Tanzania,TZ,Kigoma,TZ-08,Kakonko,TZ-08-KO
Tanzania,TZ,Kigoma,TZ-08,Uvinza,TZ-08-UV
Tanzania,TZ,Kigoma,TZ-08,Kigoma Urban,TZ-08-KU
Tanzania,TZ,Kigoma,TZ-08,Kibondo,TZ-08-KI
Tanzania,TZ,Kigoma,TZ-08,Kasulu Town,TZ-08-KT
Tanzania,TZ,Kigoma,TZ-08,Buhigwe,TZ-08-BU
Tanzania,TZ,Tabora,TZ-24,Nzega,TZ-24-NZ
Tanzania,TZ,Tabora,TZ-24,Igunga,TZ-24-IG
Tanzania,TZ,Tabora,TZ-24,Sikonge,TZ-24-SI
Tanzania,TZ,Tabora,TZ-24,Uyui,TZ-24-UY
Tanzania,TZ,Tabora,TZ-24,Urambo,TZ-24-UR
Tanzania,TZ,Tabora,TZ-24,Tabora,TZ-24-TA
Tanzania,TZ,Tabora,TZ-24,Kaliua,TZ-24-KA
Tanzania,TZ,Morogoro,TZ-16,Morogoro Rural,TZ-16-MO
Tanzania,TZ,Morogoro,TZ-16,Kilombero,TZ-16-KO
Tanzania,TZ,Morogoro,TZ-16,Kilosa,TZ-16-KI
Tanzania,TZ,Morogoro,TZ-16,Mvomero,TZ-16-MV
Tanzania,TZ,Morogoro,TZ-16,Morogoro Urban,TZ-16-MU
Tanzania,TZ,Morogoro,TZ-16,Gairo,TZ-16-GA
Tanzania,TZ,Morogoro,TZ-16,Ulanga,TZ-16-UL
Tanzania,TZ,Dar es Salaam,TZ-02,Kinondoni,TZ-02-KI
Tanzania,TZ,Dar es Salaam,TZ-02,Temeke,TZ-02-TE
Tanzania,TZ,Dar es Salaam,TZ-02,Ilala,TZ-02-IL
Tanzania,TZ,Singida,TZ-23,Singida Rural,TZ-23-SI
Tanzania,TZ,Singida,TZ-23,Manyoni,TZ-23-MA
Tanzania,TZ,Singida,TZ-23,Singida Urban,TZ-23-SU
Tanzania,TZ,Singida,TZ-23,Iramba,TZ-23-IR
Tanzania,TZ,Singida,TZ-23,Ikungi,TZ-23-IK
Tanzania,TZ,Singida,TZ-23,Mkalama,TZ-23-MK
Tanzania,TZ,Pemba South,TZ-10,Chake,TZ-10-CH
Tanzania,TZ,Pemba South,TZ-10,Mkoani,TZ-10-MK
Tanzania,TZ,Shinyanga,TZ-22,Shinyanga Rural,TZ-22-SR
Tanzania,TZ,Shinyanga,TZ-22,Kishapu,TZ-22-KI
Tanzania,TZ,Shinyanga,TZ-22,Shinyanga Urban,TZ-22-SH
Tanzania,TZ,Shinyanga,TZ-22,Kahama Town,TZ-22-KT
Tanzania,TZ,Shinyanga,TZ-22,Kahama,TZ-22-KA
Tanzania,TZ,Mara,TZ-13,Musoma Urban,TZ-13-MU
Tanzania,TZ,Mara,TZ-13,Serengeti,TZ-13-SE
Tanzania,TZ,Mara,TZ-13,Bunda,TZ-13-BU
Tanzania,TZ,Mara,TZ-13,Rorya,TZ-13-RO
Tanzania,TZ,Mara,TZ-13,Tarime,TZ-13-TA
Tanzania,TZ,Mara,TZ-13,Musoma Rural,TZ-13-MR
Tanzania,TZ,Mara,TZ-13,Butiama,TZ-13-BM
Tanzania,TZ,Kagera,TZ-05,Kyerwa,TZ-05-KY
Tanzania,TZ,Kagera,TZ-05,Karagwe,TZ-05-KA
Tanzania,TZ,Kagera,TZ-05,Ngara,TZ-05-NG
Tanzania,TZ,Kagera,TZ-05,Bukoba Rural,TZ-05-BR
Tanzania,TZ,Kagera,TZ-05,Bukoba Urban,TZ-05-BU
Tanzania,TZ,Kagera,TZ-05,Muleba,TZ-05-MU
Tanzania,TZ,Kagera,TZ-05,Biharamulo,TZ-05-BI
Tanzania,TZ,Kagera,TZ-05,Missenyi,TZ-05-MI
Tanzania,TZ,Arusha,TZ-01,Longido,TZ-01-LO
Tanzania,TZ,Arusha,TZ-01,Ngorongoro,TZ-01-NG
Tanzania,TZ,Arusha,TZ-01,Meru,TZ-01-ME
Tanzania,TZ,Arusha,TZ-01,Arusha,TZ-01-AR
Tanzania,TZ,Arusha,TZ-01,Arusha Urban,TZ-01-AU
Tanzania,TZ,Arusha,TZ-01,Karatu,TZ-01-KA
Tanzania,TZ,Arusha,TZ-01,Monduli,TZ-01-MO
Tanzania,TZ,Kilimanjaro,TZ-09,Mwanga,TZ-09-MW
Tanzania,TZ,Kilimanjaro,TZ-09,Hai,TZ-09-HA
Tanzania,TZ,Kilimanjaro,TZ-09,Moshi Rural,TZ-09-MR
Tanzania,TZ,Kilimanjaro,TZ-09,Rombo,TZ-09-RO
Tanzania,TZ,Kilimanjaro,TZ-09,Moshi Urban,TZ-09-MO
Tanzania,TZ,Kilimanjaro,TZ-09,Siha,TZ-09-SI
Tanzania,TZ,Kilimanjaro,TZ-09,Same,TZ-09-SA
Tanzania,TZ,Zanzibar West,TZ-15,Mjini,TZ-15-MJ
Tanzania,TZ,Zanzibar West,TZ-15,Magharibi,TZ-15-MA
Tanzania,TZ,Ruvuma,TZ-21,Songea Rural,TZ-21-SO
Tanzania,TZ,Ruvuma,TZ-21,Namtumbo,TZ-21-NA
Tanzania,TZ,Ruvuma,TZ-21,Tunduru,TZ-21-TU
Tanzania,TZ,Ruvuma,TZ-21,Songea Urban,TZ-21-SU
Tanzania,TZ,Ruvuma,TZ-21,Nyasa,TZ-21-NY
Tanzania,TZ,Ruvuma,TZ-21,Mbinga,TZ-21-MB
Tanzania,TZ,Manyara,TZ-26,Kiteto,TZ-26-KI
Tanzania,TZ,Manyara,TZ-26,Babati Urban,TZ-26-BU
Tanzania,TZ,Manyara,TZ-26,Babati,TZ-26-BA
Tanzania,TZ,Manyara,TZ-26,Hanang,TZ-26-HA
Tanzania,TZ,Manyara,TZ-26,Mbulu,TZ-26-MB
Tanzania,TZ,Manyara,TZ-26,Simanjiro,TZ-26-SI
Senegal,SN,Louga,SN-LG,Louga,SN-LG
Senegal,SN,Ziguinchor,SN-ZG,Ziguinchor,SN-ZG
Senegal,SN,Thiès,SN-TH,Thiès,SN-TH
Senegal,SN,Kolda,SN-KD,Kolda,SN-KD
Senegal,SN,Kaolack,SN-KL,Kaolack,SN-KL
Senegal,SN,Saint-Louis,SN-SL,Saint-Louis,SN-SL
Senegal,SN,Dakar,SN-DK,Dakar,SN-DK
Senegal,SN,Fatick,SN-FK,Fatick,SN-FK
Senegal,SN,Diourbel,SN-DB,Diourbel,SN-DB
Senegal,SN,Tambacounda,SN-TC,Tambacounda,SN-TC
Senegal,SN,Matam,SN-MT,Matam,SN-MT
Cape Verde,CV,Ilhas de Sotavento,CV-S,Ilhas de Sotavento,CV-S
Cape Verde,CV,Ilhas de Barlavento,CV-B,Ilhas de Barlavento,CV-B
Dominican Republic,DO,Azua,DO-02,Azua,DO-02
Dominican Republic,DO,Monseñor Nouel,DO-28,Monseñor Nouel,DO-28
Dominican Republic,DO,Monte Cristi,DO-15,Monte Cristi,DO-15
Dominican Republic,DO,Salcedo,DO-19,Salcedo,DO-19
Dominican Republic,DO,Independencia,DO-10,Independencia,DO-10
Dominican Republic,DO,Duarte,DO-06,Duarte,DO-06
Dominican Republic,DO,San Pedro de Macorís,DO-23,San Pedro de Macorís,DO-23
Dominican Republic,DO,Peravia,DO-17,Peravia,DO-17
Dominican Republic,DO,Samaná,DO-20,Samaná,DO-20
Dominican Republic,DO,Santiago Rodríguez,DO-26,Santiago Rodríguez,DO-26
Dominican Republic,DO,La Romana,DO-12,La Romana,DO-12
Dominican Republic,DO,Espaillat,DO-09,Espaillat,DO-09
Dominican Republic,DO,San José de Ocoa,DO-31,San José de Ocoa,DO-31
Dominican Republic,DO,Dajabón,DO-05,Dajabón,DO-05
Dominican Republic,DO,La Estrelleta,DO-07,La Estrelleta,DO-07
Dominican Republic,DO,Barahona,DO-04,Barahona,DO-04
Dominican Republic,DO,Pedernales,DO-16,Pedernales,DO-16
Dominican Republic,DO,La Vega,DO-13,La Vega,DO-13
Dominican Republic,DO,María Trinidad Sánchez,DO-14,María Trinidad Sánchez,DO-14
Dominican Republic,DO,Monte Plata,DO-29,Monte Plata,DO-29
Dominican Republic,DO,Bahoruco,DO-03,Bahoruco,DO-03
Dominican Republic,DO,Valverde,DO-27,Valverde,DO-27
Dominican Republic,DO,El Seybo,DO-08,El Seybo,DO-08
Dominican Republic,DO,Santiago,DO-25,Santiago,DO-25
Dominican Republic,DO,Puerto Plata,DO-18,Puerto Plata,DO-18
Dominican Republic,DO,Hato Mayor,DO-30,Hato Mayor,DO-30
Dominican Republic,DO,San Juan,DO-22,San Juan,DO-22
Dominican Republic,DO,Distrito Nacional (Santo Domingo),DO-01,Distrito Nacional (Santo Domingo),DO-01
Dominican Republic,DO,Sánchez Ramírez,DO-24,Sánchez Ramírez,DO-24
Dominican Republic,DO,San Cristóbal,DO-21,San Cristóbal,DO-21
Dominican Republic,DO,La Altagracia,DO-11,La Altagracia,DO-11
Dominican Republic,DO,Santo Domingo,DO-32,Santo Domingo,DO-32
Maldives,MV,Baa,MV-20,Baa,MV-20
Maldives,MV,Haa Alif,MV-07,Haa Alif,MV-07
Maldives,MV,Dhaalu,MV-17,Dhaalu,MV-17
Maldives,MV,Meemu,MV-12,Meemu,MV-12
Maldives,MV,Gaafu Dhaalu,MV-28,Gaafu Dhaalu,MV-28
Maldives,MV,Laamu,MV-05,Laamu,MV-05
Maldives,MV,Shaviyani,MV-24,Shaviyani,MV-24
Maldives,MV,Thaa,MV-08,Thaa,MV-08
Maldives,MV,Noonu,MV-25,Noonu,MV-25
Maldives,MV,Faafu,MV-14,Faafu,MV-14
Maldives,MV,Gaaf Alif,MV-27,Gaaf Alif,MV-27
Maldives,MV,Seenu,MV-01,Seenu,MV-01
Maldives,MV,Alif,MV-02,Alif,MV-02
Maldives,MV,Kaafu,MV-26,Kaafu,MV-26
Maldives,MV,Alifu Dhaalu,MV-00,Alifu Dhaalu,MV-00
Maldives,MV,Vaavu,MV-04,Vaavu,MV-04
Maldives,MV,Gnaviyani,MV-29,Gnaviyani,MV-29
Maldives,MV,Raa,MV-13,Raa,MV-13
Maldives,MV,Male,MV-MLE,Male,MV-MLE
Maldives,MV,Lhaviyani,MV-03,Lhaviyani,MV-03
Maldives,MV,Haa Dhaalu,MV-23,Haa Dhaalu,MV-23
Belarus,BY,Minskaja voblasc',BY-MI,Minskaja voblasc',BY-MI
Belarus,BY,Mahilioúskaja voblasc',BY-MA,Mahilioúskaja voblasc',BY-MA
Belarus,BY,Vicebskaja voblasc',BY-VI,Vicebskaja voblasc',BY-VI
Belarus,BY,Homel'skaja voblasc',BY-HO,Homel'skaja voblasc',BY-HO
Belarus,BY,Brèsckaja voblasc',BY-BR,Brèsckaja voblasc',BY-BR
Belarus,BY,Hrodzenskaja voblasc',BY-HR,Hrodzenskaja voblasc',BY-HR
China,CN,Chongqing,CN-50,Chongqing,CN-50
China,CN,Qinghai,CN-63,Qinghai,CN-63
China,CN,Xinjiang,CN-65,Xinjiang,CN-65
China,CN,Hainan,CN-46,Hainan,CN-46
China,CN,Gansu,CN-62,Gansu,CN-62
China,CN,Guangxi,CN-45,Guangxi,CN-45
China,CN,Anhui,CN-34,Anhui,CN-34
China,CN,Guizhou,CN-52,Guizhou,CN-52
China,CN,Zhejiang,CN-33,Zhejiang,CN-33
China,CN,Shandong,CN-37,Shandong,CN-37
China,CN,Shaanxi,CN-61,Shaanxi,CN-61
China,CN,Heilongjiang,CN-23,Heilongjiang,CN-23
China,CN,Yunnan,CN-53,Yunnan,CN-53
China,CN,Sichuan,CN-51,Sichuan,CN-51
China,CN,Jiangsu,CN-32,Jiangsu,CN-32
China,CN,Liaoning,CN-21,Liaoning,CN-21
China,CN,Jilin,CN-22,Jilin,CN-22
China,CN,Fujian,CN-35,Fujian,CN-35
China,CN,Shanghai,CN-31,Shanghai,CN-31
China,CN,Xizang,CN-54,Xizang,CN-54
China,CN,Hubei,CN-42,Hubei,CN-42
China,CN,Jiangxi,CN-36,Jiangxi,CN-36
China,CN,Henan,CN-41,Henan,CN-41
China,CN,Guangdong,CN-44,Guangdong,CN-44
China,CN,Nei Mongol,CN-15,Nei Mongol,CN-15
China,CN,Shanxi,CN-14,Shanxi,CN-14
China,CN,Ningxia,CN-64,Ningxia,CN-64
China,CN,Beijing,CN-11,Beijing,CN-11
China,CN,Hebei,CN-13,Hebei,CN-13
China,CN,Tianjin,CN-12,Tianjin,CN-12
China,CN,Hunan,CN-43,Hunan,CN-43
Brunei,BN,Brunei-Muara,BN-BM,Brunei-Muara,BN-BM
Brunei,BN,Tutong,BN-TU,Tutong,BN-TU
Brunei,BN,Temburong,BN-TE,Temburong,BN-TE
Brunei,BN,Belait,BN-BE,Belait,BN-BE
United Kingdom,GB,Scotland,GB-SCT,Clackmannanshire,GB-SCT-CLK
United Kingdom,GB,Scotland,GB-SCT,Glasgow,GB-SCT-GLG
United Kingdom,GB,Scotland,GB-SCT,North Lanarkshire,GB-SCT-NLK
United Kingdom,GB,Scotland,GB-SCT,Renfrewshire,GB-SCT-RFW
United Kingdom,GB,Scotland,GB-SCT,Moray,GB-SCT-MRY
United Kingdom,GB,Scotland,GB-SCT,South Ayrshire,GB-SCT-SAY
United Kingdom,GB,Scotland,GB-SCT,Aberdeenshire,GB-SCT-ABD
United Kingdom,GB,Scotland,GB-SCT,East Dunbartonshire,GB-SCT-EDU
United Kingdom,GB,Scotland,GB-SCT,Orkney Islands,GB-SCT-ORK
United Kingdom,GB,Scotland,GB-SCT,Aberdeen,GB-SCT-ABE
United Kingdom,GB,Scotland,GB-SCT,Eilean Siar,GB-SCT-ELS
United Kingdom,GB,Scotland,GB-SCT,Stirling,GB-SCT-STG
United Kingdom,GB,Scotland,GB-SCT,South Lanarkshire,GB-SCT-SLK
United Kingdom,GB,Scotland,GB-SCT,East Lothian,GB-SCT-ELN
United Kingdom,GB,Scotland,GB-SCT,East Ayrshire,GB-SCT-EAY
United Kingdom,GB,Scotland,GB-SCT,West Lothian,GB-SCT-WLN
United Kingdom,GB,Scotland,GB-SCT,Dumfries and Galloway,GB-SCT-DGY
United Kingdom,GB,Scotland,GB-SCT,Fife,GB-SCT-FIF
United Kingdom,GB,Scotland,GB-SCT,Shetland Islands,GB-SCT-ZET
United Kingdom,GB,Scotland,GB-SCT,Falkirk,GB-SCT-FAL
United Kingdom,GB,Scotland,GB-SCT,Angus,GB-SCT-ANS
United Kingdom,GB,Scotland,GB-SCT,West Dunbartonshire,GB-SCT-WDU
United Kingdom,GB,Scotland,GB-SCT,Scottish Borders,GB-SCT-SCB
United Kingdom,GB,Scotland,GB-SCT,North Ayrshire,GB-SCT-NAY
United Kingdom,GB,Scotland,GB-SCT,Edinburgh,GB-SCT-EDH
United Kingdom,GB,Scotland,GB-SCT,Midlothian,GB-SCT-MLN
United Kingdom,GB,Scotland,GB-SCT,Argyll and Bute,GB-SCT-AGB
United Kingdom,GB,Scotland,GB-SCT,Dundee,GB-SCT-DND
United Kingdom,GB,Scotland,GB-SCT,Highland,GB-SCT-HLD
United Kingdom,GB,Scotland,GB-SCT,Perthshire and Kinross,GB-SCT-PKN
United Kingdom,GB,England,GB-ENG,Cambridgeshire,GB-ENG-CAM
United Kingdom,GB,England,GB-ENG,North Yorkshire,GB-ENG-NYK
United Kingdom,GB,England,GB-ENG,Suffolk,GB-ENG-SFK
United Kingdom,GB,England,GB-ENG,Kent,GB-ENG-KEN
United Kingdom,GB,England,GB-ENG,London,GB-ENG-LND
United Kingdom,GB,England,GB-ENG,Wiltshire,GB-ENG-WIL
United Kingdom,GB,England,GB-ENG,Buckinghamshire,GB-ENG-BKM
United Kingdom,GB,England,GB-ENG,Manchester,GB-ENG-MAN
United Kingdom,GB,England,GB-ENG,Rutland,GB-ENG-RUT
United Kingdom,GB,England,GB-ENG,Shropshire,GB-ENG-SHR
United Kingdom,GB,England,GB-ENG,Nottinghamshire,GB-ENG-NTT
United Kingdom,GB,England,GB-ENG,Warwickshire,GB-ENG-WAR
United Kingdom,GB,England,GB-ENG,Surrey,GB-ENG-SRY
United Kingdom,GB,England,GB-ENG,Somerset,GB-ENG-SOM
United Kingdom,GB,England,GB-ENG,East Sussex,GB-ENG-ESX
United Kingdom,GB,England,GB-ENG,West Sussex,GB-ENG-WSX
United Kingdom,GB,England,GB-ENG,Hertfordshire,GB-ENG-HRT
United Kingdom,GB,England,GB-ENG,Hampshire,GB-ENG-HAM
United Kingdom,GB,England,GB-ENG,Durham,GB-ENG-DUR
United Kingdom,GB,England,GB-ENG,West Midlands,GB-ENG-SAW
United Kingdom,GB,England,GB-ENG,South Yorkshire,GB-ENG-BNS
United Kingdom,GB,England,GB-ENG,Stockton-on-Tees,GB-ENG-STT
United Kingdom,GB,England,GB-ENG,Oxfordshire,GB-ENG-OXF
United Kingdom,GB,England,GB-ENG,Gloucestershire,GB-ENG-GLS
United Kingdom,GB,England,GB-ENG,West Yorkshire,GB-ENG-WKF
United Kingdom,GB,England,GB-ENG,Cumbria,GB-ENG-CMA
United Kingdom,GB,England,GB-ENG,Isle of Wight,GB-ENG-IOW
United Kingdom,GB,England,GB-ENG,Northamptonshire,GB-ENG-NTH
United Kingdom,GB,England,GB-ENG,Herefordshire,GB-ENG-HEF
United Kingdom,GB,England,GB-ENG,Cornwall,GB-ENG-CON
United Kingdom,GB,England,GB-ENG,Berkshire,GB-ENG-BRC
United Kingdom,GB,England,GB-ENG,Cheshire,GB-ENG-CHS
United Kingdom,GB,England,GB-ENG,East Riding of Yorkshire,GB-ENG-ERY
United Kingdom,GB,England,GB-ENG,Leicestershire,GB-ENG-LEC
United Kingdom,GB,England,GB-ENG,Worcestershire,GB-ENG-WOR
United Kingdom,GB,England,GB-ENG,Essex,GB-ENG-ESS
United Kingdom,GB,England,GB-ENG,Norfolk,GB-ENG-NFK
United Kingdom,GB,England,GB-ENG,Staffordshire,GB-ENG-STS
United Kingdom,GB,England,GB-ENG,Northumberland,GB-ENG-NBL
United Kingdom,GB,England,GB-ENG,Tyne and Wear,GB-ENG-GAT
United Kingdom,GB,England,GB-ENG,Bedfordshire,GB-ENG-BDF
United Kingdom,GB,England,GB-ENG,Merseyside,GB-ENG-KWL
United Kingdom,GB,England,GB-ENG,Dorset,GB-ENG-DOR
United Kingdom,GB,England,GB-ENG,Devon,GB-ENG-DEV
United Kingdom,GB,England,GB-ENG,Lincolnshire,GB-ENG-LIN
United Kingdom,GB,England,GB-ENG,Lancashire,GB-ENG-LAN
United Kingdom,GB,England,GB-ENG,Bristol,GB-ENG-BST
United Kingdom,GB,England,GB-ENG,Halton,GB-ENG-HAL
United Kingdom,GB,England,GB-ENG,Derbyshire,GB-ENG-DBY
United Kingdom,GB,Wales,GB-WLS,Anglesey,GB-WLS-AGY
United Kingdom,GB,Wales,GB-WLS,Denbighshire,GB-WLS-DEN
United Kingdom,GB,Wales,GB-WLS,Gwynedd,GB-WLS-GWN
United Kingdom,GB,Wales,GB-WLS,Ceredigion,GB-WLS-CGN
United Kingdom,GB,Wales,GB-WLS,Carmarthenshire,GB-WLS-CMN
United Kingdom,GB,Wales,GB-WLS,Bridgend,GB-WLS-BGE
United Kingdom,GB,Wales,GB-WLS,Merthyr Tydfil,GB-WLS-MTY
United Kingdom,GB,Wales,GB-WLS,Powys,GB-WLS-POW
United Kingdom,GB,Wales,GB-WLS,Cardiff,GB-WLS-CRF
United Kingdom,GB,Wales,GB-WLS,Flintshire,GB-WLS-FLN
United Kingdom,GB,Wales,GB-WLS,Pembrokeshire,GB-WLS-PEM
United Kingdom,GB,Wales,GB-WLS,Swansea,GB-WLS-SWA
United Kingdom,GB,Wales,GB-WLS,Neath Port Talbot,GB-WLS-NTL
United Kingdom,GB,Wales,GB-WLS,"Rhondda, Cynon, Taff",GB-WLS-RCT
United Kingdom,GB,Wales,GB-WLS,Blaenau Gwent,GB-WLS-BGW
United Kingdom,GB,Wales,GB-WLS,Torfaen,GB-WLS-TOF
United Kingdom,GB,Wales,GB-WLS,Newport,GB-WLS-NWP
United Kingdom,GB,Wales,GB-WLS,Wrexham,GB-WLS-WRX
United Kingdom,GB,Wales,GB-WLS,Monmouthshire,GB-WLS-MON
United Kingdom,GB,Wales,GB-WLS,Caerphilly,GB-WLS-CAY
United Kingdom,GB,Wales,GB-WLS,Conwy,GB-WLS-CWY
United Kingdom,GB,Wales,GB-WLS,Vale of Glamorgan,GB-WLS-VGL
United Kingdom,GB,Northern Ireland,GB-NIR,Antrim,GB-NIR-ANT
United Kingdom,GB,Northern Ireland,GB-NIR,Derry,GB-NIR-DRY
United Kingdom,GB,Northern Ireland,GB-NIR,Newry and Mourne,GB-NIR-NYM
United Kingdom,GB,Northern Ireland,GB-NIR,Down,GB-NIR-DOW
United Kingdom,GB,Northern Ireland,GB-NIR,Armagh,GB-NIR-ARM
United Kingdom,GB,Northern Ireland,GB-NIR,Omagh,GB-NIR-OMH
United Kingdom,GB,Northern Ireland,GB-NIR,Belfast,GB-NIR-BFS
United Kingdom,GB,Northern Ireland,GB-NIR,Fermanagh,GB-NIR-FER
Papua New Guinea,PG,Madang,PG-MPM,Madang,PG-MPM
Papua New Guinea,PG,Morobe,PG-MPL,Morobe,PG-MPL
Papua New Guinea,PG,Manus,PG-MRL,Manus,PG-MRL
Papua New Guinea,PG,Enga,PG-EPW,Enga,PG-EPW
Papua New Guinea,PG,West New Britain,PG-WBK,West New Britain,PG-WBK
Papua New Guinea,PG,Western Highlands,PG-WHM,Western Highlands,PG-WHM
Papua New Guinea,PG,New Ireland,PG-NIK,New Ireland,PG-NIK
Papua New Guinea,PG,Southern Highlands,PG-SHM,Southern Highlands,PG-SHM
Papua New Guinea,PG,East New Britain,PG-EBR,East New Britain,PG-EBR
Papua New Guinea,PG,Sandaun (West Sepik),PG-SAN,Sandaun (West Sepik),PG-SAN
Papua New Guinea,PG,Chimbu,PG-CPK,Chimbu,PG-CPK
Papua New Guinea,PG,Eastern Highlands,PG-EHG,Eastern Highlands,PG-EHG
Papua New Guinea,PG,Gulf,PG-GPK,Gulf,PG-GPK
Papua New Guinea,PG,Western,PG-WPD,Western,PG-WPD
Papua New Guinea,PG,Northern,PG-NPP,Northern,PG-NPP
Papua New Guinea,PG,Central,PG-CPM,Central,PG-CPM
Papua New Guinea,PG,East Sepik,PG-ESW,East Sepik,PG-ESW
Papua New Guinea,PG,National Capital District (Port Moresby),PG-NCD,National Capital District (Port Moresby),PG-NCD
Papua New Guinea,PG,Milne Bay,PG-MBA,Milne Bay,PG-MBA
Papua New Guinea,PG,North Solomons (Bougainville),PG-NSA,North Solomons (Bougainville),PG-NSA
Faroe Islands,FO,Faroe Islands,FO,Faroe Islands,FO
Saint Vincent and the Grenadines,VC,Saint Andrew,VC-02,Saint Andrew,VC-02
Saint Vincent and the Grenadines,VC,Charlotte,VC-01,Charlotte,VC-01
Saint Vincent and the Grenadines,VC,Saint Patrick,VC-05,Saint Patrick,VC-05
Saint Vincent and the Grenadines,VC,Saint David,VC-03,Saint David,VC-03
Saint Vincent and the Grenadines,VC,Grenadines,VC-06,Grenadines,VC-06
Saint Vincent and the Grenadines,VC,Saint George,VC-04,Saint George,VC-04
Sint Maarten,SX,Sint Maarten,SX,Sint Maarten,SX
Costa Rica,CR,Cartago,CR-C,Cartago,CR-C
Costa Rica,CR,Guanacaste,CR-G,Guanacaste,CR-G
Costa Rica,CR,Puntarenas,CR-P,Puntarenas,CR-P
Costa Rica,CR,Alajuela,CR-A,Alajuela,CR-A
Costa Rica,CR,San José,CR-SJ,San José,CR-SJ
Costa Rica,CR,Limón,CR-L,Limón,CR-L
Costa Rica,CR,Heredia,CR-H,Heredia,CR-H
Trinidad and Tobago,TT,Couva-Tabaquite-Talparo,TT-CTT,Couva-Tabaquite-Talparo,TT-CTT
Trinidad and Tobago,TT,Tunapuna-Piarco,TT-TUP,Tunapuna-Piarco,TT-TUP
Trinidad and Tobago,TT,Tobago,TT-TOB,Tobago,TT-TOB
Trinidad and Tobago,TT,Port of Spain,TT-POS,Port of Spain,TT-POS
Trinidad and Tobago,TT,Chaguanas,TT-CHA,Chaguanas,TT-CHA
Trinidad and Tobago,TT,San Fernando,TT-SFO,San Fernando,TT-SFO
Trinidad and Tobago,TT,Sangre Grande,TT-SGE,Sangre Grande,TT-SGE
Trinidad and Tobago,TT,Rio Claro-Mayaro,TT-RCM,Rio Claro-Mayaro,TT-RCM
Trinidad and Tobago,TT,Penal-Debe,TT-PED,Penal-Debe,TT-PED
Trinidad and Tobago,TT,Siparia,TT-SIP,Siparia,TT-SIP
Trinidad and Tobago,TT,Diego Martin,TT-DMN,Diego Martin,TT-DMN
Trinidad and Tobago,TT,Arima,TT-ARI,Arima,TT-ARI
Trinidad and Tobago,TT,Point Fortin,TT-PTF,Point Fortin,TT-PTF
Trinidad and Tobago,TT,San Juan-Laventille,TT-SJL,San Juan-Laventille,TT-SJL
Trinidad and Tobago,TT,Princes Town,TT-PRT,Princes Town,TT-PRT
Haiti,HT,Grande-Anse,HT-GA,Grande-Anse,HT-GA
Haiti,HT,Sud,HT-SD,Sud,HT-SD
Haiti,HT,Ouest,HT-OU,Ouest,HT-OU
Haiti,HT,Nord-Est,HT-NE,Nord-Est,HT-NE
Haiti,HT,Nord-Ouest,HT-NO,Nord-Ouest,HT-NO
Haiti,HT,Nippes,HT-NI,Nippes,HT-NI
Haiti,HT,Artibonite,HT-AR,Artibonite,HT-AR
Haiti,HT,Nord,HT-ND,Nord,HT-ND
Haiti,HT,Centre,HT-CE,Centre,HT-CE
Haiti,HT,Sud-Est,HT-SE,Sud-Est,HT-SE
Turkmenistan,TM,Balkan,TM-B,Balkan,TM-B
Turkmenistan,TM,Ahal,TM-A,Ahal,TM-A
Turkmenistan,TM,Lebap,TM-L,Lebap,TM-L
Turkmenistan,TM,Dasoguz,TM-D,Dasoguz,TM-D
Turkmenistan,TM,Mary,TM-M,Mary,TM-M
Equatorial Guinea,GQ,Región Continental,GQ-C,Wele-Nzas,GQ-C-WN
Equatorial Guinea,GQ,Región Continental,GQ-C,Litoral,GQ-C-LI
Equatorial Guinea,GQ,Región Continental,GQ-C,Centro Sur,GQ-C-CS
Equatorial Guinea,GQ,Región Continental,GQ-C,Kié-Ntem,GQ-C-KN
Equatorial Guinea,GQ,Región Insular,GQ-I,Annobón,GQ-I-AN
Equatorial Guinea,GQ,Región Insular,GQ-I,Bioko Norte,GQ-I-BN
Equatorial Guinea,GQ,Región Insular,GQ-I,Bioko Sur,GQ-I-BS
Guam,GU,Guam,GU,Guam,GU
Syria,SY,Tartus,SY-TA,Tartus,SY-TA
Syria,SY,Al Qunaytirah,SY-QU,Al Qunaytirah,SY-QU
Syria,SY,Al Ladhiqiyah,SY-LA,Al Ladhiqiyah,SY-LA
Syria,SY,Idlib,SY-ID,Idlib,SY-ID
Syria,SY,Al Hasakah,SY-HA,Al Hasakah,SY-HA
Syria,SY,Rif Dimashq,SY-RD,Rif Dimashq,SY-RD
Syria,SY,Dayr az Zawr,SY-DY,Dayr az Zawr,SY-DY
Syria,SY,Dimashq,SY-DI,Dimashq,SY-DI
Syria,SY,Dar‘a,SY-DR,Dar‘a,SY-DR
Syria,SY,Hamah,SY-HM,Hamah,SY-HM
Syria,SY,Ar Raqqah,SY-RA,Ar Raqqah,SY-RA
Syria,SY,Halab,SY-HL,Halab,SY-HL
Syria,SY,Hims,SY-HI,Hims,SY-HI
Syria,SY,As Suwayda',SY-SU,As Suwayda',SY-SU
Angola,AO,Cuanza Sul,AO-CUS,Cuanza Sul,AO-CUS
Angola,AO,Lunda Norte,AO-LNO,Lunda Norte,AO-LNO
Angola,AO,Huíla,AO-HUI,Huíla,AO-HUI
Angola,AO,Cuando-Cubango,AO-CCU,Cuando-Cubango,AO-CCU
Angola,AO,Huambo,AO-HUA,Huambo,AO-HUA
Angola,AO,Bié,AO-BIE,Bié,AO-BIE
Angola,AO,Malange,AO-MAL,Malange,AO-MAL
Angola,AO,Moxico,AO-MOX,Moxico,AO-MOX
Angola,AO,Benguela,AO-BGU,Benguela,AO-BGU
Angola,AO,Uíge,AO-UIG,Uíge,AO-UIG
Angola,AO,Lunda Sul,AO-LSU,Lunda Sul,AO-LSU
Angola,AO,Namibe,AO-NAM,Namibe,AO-NAM
Angola,AO,Luanda,AO-LUA,Luanda,AO-LUA
Angola,AO,Bengo,AO-BGO,Bengo,AO-BGO
Angola,AO,Zaire,AO-ZAI,Zaire,AO-ZAI
Angola,AO,Cabinda,AO-CAB,Cabinda,AO-CAB
Angola,AO,Cunene,AO-CNN,Cunene,AO-CNN
Angola,AO,Cuanza Norte,AO-CNO,Cuanza Norte,AO-CNO
Samoa,WS,Gagaifomauga,WS-GI,Gagaifomauga,WS-GI
Samoa,WS,Vaisigano,WS-VS,Vaisigano,WS-VS
Samoa,WS,Palauli,WS-PA,Palauli,WS-PA
Samoa,WS,A'ana,WS-AA,A'ana,WS-AA
Samoa,WS,Fa'asaleleaga,WS-FA,Fa'asaleleaga,WS-FA
Samoa,WS,Va'a-o-Fonoti,WS-VF,Va'a-o-Fonoti,WS-VF
Samoa,WS,Gaga'emauga,WS-GE,Gaga'emauga,WS-GE
Samoa,WS,Tuamasaga,WS-TU,Tuamasaga,WS-TU
Samoa,WS,Aiga-i-le-Tai,WS-AL,Aiga-i-le-Tai,WS-AL
Samoa,WS,Satupa'itea,WS-SA,Satupa'itea,WS-SA
Samoa,WS,Atua,WS-AT,Atua,WS-AT
French Polynesia,PF,Marquesas Islands,PF-MI,Marquesas Islands,PF-MI
French Polynesia,PF,Austral Islands,PF-TI,Austral Islands,PF-TI
French Polynesia,PF,Tuamotu-Gambier,PF-TG,Tuamotu-Gambier,PF-TG
French Polynesia,PF,Leeward Islands,PF-LI,Leeward Islands,PF-LI
French Polynesia,PF,Windward Islands,PF-WI,Windward Islands,PF-WI
San Marino,SM,Domagnano,SM-03,Domagnano,SM-03
San Marino,SM,Fiorentino,SM-05,Fiorentino,SM-05
San Marino,SM,Faetano,SM-04,Faetano,SM-04
San Marino,SM,Montegiardino,SM-08,Montegiardino,SM-08
San Marino,SM,San Marino,SM-07,San Marino,SM-07
San Marino,SM,Chiesanuova,SM-02,Chiesanuova,SM-02
San Marino,SM,Serravalle,SM-09,Serravalle,SM-09
San Marino,SM,Borgo Maggiore,SM-06,Borgo Maggiore,SM-06
San Marino,SM,Acquaviva,SM-01,Acquaviva,SM-01
Lesotho,LS,Maseru,LS-A,Maseru,LS-A
Lesotho,LS,Quthing,LS-G,Quthing,LS-G
Lesotho,LS,Butha-Buthe,LS-B,Butha-Buthe,LS-B
Lesotho,LS,Mohale's Hoek,LS-F,Mohale's Hoek,LS-F
Lesotho,LS,Mafeteng,LS-E,Mafeteng,LS-E
Lesotho,LS,Mokhotlong,LS-J,Mokhotlong,LS-J
Lesotho,LS,Thaba-Tseka,LS-K,Thaba-Tseka,LS-K
Lesotho,LS,Berea,LS-D,Berea,LS-D
Lesotho,LS,Leribe,LS-C,Leribe,LS-C
Lesotho,LS,Qacha's Nek,LS-H,Qacha's Nek,LS-H
Iraq,IQ,Diyalá,IQ-DI,Diyalá,IQ-DI
Iraq,IQ,As Sulaymaniyah,IQ-SU,As Sulaymaniyah,IQ-SU
Iraq,IQ,Al Anbar,IQ-AN,Al Anbar,IQ-AN
Iraq,IQ,Salah ad Din,IQ-SD,Salah ad Din,IQ-SD
Iraq,IQ,Arbil,IQ-AR,Arbil,IQ-AR
Iraq,IQ,Dhi Qar,IQ-DQ,Dhi Qar,IQ-DQ
Iraq,IQ,Al Qadisiyah,IQ-QA,Al Qadisiyah,IQ-QA
Iraq,IQ,Wasit,IQ-WA,Wasit,IQ-WA
Iraq,IQ,At Ta'mim,IQ-TS,At Ta'mim,IQ-TS
Iraq,IQ,Al Muthanná,IQ-MU,Al Muthanná,IQ-MU
Iraq,IQ,Baghdad,IQ-BG,Baghdad,IQ-BG
Iraq,IQ,Al Basrah,IQ-BA,Al Basrah,IQ-BA
Iraq,IQ,Ninawá,IQ-NI,Ninawá,IQ-NI
Iraq,IQ,Dahuk,IQ-DA,Dahuk,IQ-DA
Iraq,IQ,Babil,IQ-BB,Babil,IQ-BB
Iraq,IQ,An Najaf,IQ-NA,An Najaf,IQ-NA
Iraq,IQ,Karbala',IQ-KA,Karbala',IQ-KA
Iraq,IQ,Maysan,IQ-MA,Maysan,IQ-MA
Nicaragua,NI,Matagalpa,NI-MT,Matagalpa,NI-MT
Nicaragua,NI,Masaya,NI-MS,Masaya,NI-MS
Nicaragua,NI,Managua,NI-MN,Managua,NI-MN
Nicaragua,NI,Jinotega,NI-JI,Jinotega,NI-JI
Nicaragua,NI,Atlántico Norte,NI-AN,Atlántico Norte,NI-AN
Nicaragua,NI,Granada,NI-GR,Granada,NI-GR
Nicaragua,NI,Río San Juan,NI-SJ,Río San Juan,NI-SJ
Nicaragua,NI,Madriz,NI-MD,Madriz,NI-MD
Nicaragua,NI,Boaco,NI-BO,Boaco,NI-BO
Nicaragua,NI,Chinandega,NI-CI,Chinandega,NI-CI
Nicaragua,NI,Nueva Segovia,NI-NS,Nueva Segovia,NI-NS
Nicaragua,NI,Atlántico Sur,NI-AS,Atlántico Sur,NI-AS
Nicaragua,NI,Rivas,NI-RI,Rivas,NI-RI
Nicaragua,NI,Carazo,NI-CA,Carazo,NI-CA
Nicaragua,NI,León,NI-LE,León,NI-LE
Nicaragua,NI,Chontales,NI-CO,Chontales,NI-CO
Nicaragua,NI,Estelí,NI-ES,Estelí,NI-ES
India,IN,Karnataka,IN-KA,Kodagu,IN-KA-KD
India,IN,Karnataka,IN-KA,Dharwad,IN-KA-DH
India,IN,Karnataka,IN-KA,Chikkaballapura,IN-KA-CH
India,IN,Karnataka,IN-KA,Udupi,IN-KA-UD
India,IN,Karnataka,IN-KA,Chamarajanagara,IN-KA-CJ
India,IN,Karnataka,IN-KA,Mandya,IN-KA-MA
India,IN,Karnataka,IN-KA,Bagalkote,IN-KA-BK
India,IN,Karnataka,IN-KA,Bidar,IN-KA-BD
India,IN,Karnataka,IN-KA,Bengaluru Rural,IN-KA-BR
India,IN,Karnataka,IN-KA,Shivamogga,IN-KA-SH
India,IN,Karnataka,IN-KA,Dakshina Kannada,IN-KA-DK
India,IN,Karnataka,IN-KA,Davanagere,IN-KA-DA
India,IN,Karnataka,IN-KA,Yadgiri,IN-KA-YD
India,IN,Karnataka,IN-KA,Bengaluru Urban,IN-KA-BN
India,IN,Karnataka,IN-KA,Gadag,IN-KA-GA
India,IN,Karnataka,IN-KA,Uttara Kannada,IN-KA-UK
India,IN,Karnataka,IN-KA,Vijayapura,IN-KA-BJ
India,IN,Karnataka,IN-KA,Chikkamagaluru,IN-KA-CK
India,IN,Karnataka,IN-KA,Chitradurga,IN-KA-CT
India,IN,Karnataka,IN-KA,Ballari,IN-KA-BL
India,IN,Karnataka,IN-KA,Kolar,IN-KA-KL
India,IN,Karnataka,IN-KA,Raichur,IN-KA-RA
India,IN,Karnataka,IN-KA,Haveri,IN-KA-HV
India,IN,Karnataka,IN-KA,Mysuru,IN-KA-MY
India,IN,Karnataka,IN-KA,Kalaburagi,IN-KA-GU
India,IN,Karnataka,IN-KA,Hassan,IN-KA-HS
India,IN,Karnataka,IN-KA,Ramanagara,IN-KA-RM
India,IN,Karnataka,IN-KA,Tumakuru,IN-KA-TU
India,IN,Karnataka,IN-KA,Belagavi,IN-KA-BG
India,IN,Karnataka,IN-KA,Koppal,IN-KA-KP
India,IN,Andhra Pradesh,IN-AP,Guntur,IN-AP-GU
India,IN,Andhra Pradesh,IN-AP,Anantapuramu,IN-AP-AN
India,IN,Andhra Pradesh,IN-AP,YSR District (Kadapa),IN-AP-CU
India,IN,Andhra Pradesh,IN-AP,Srikakulam,IN-AP-SR
India,IN,Andhra Pradesh,IN-AP,Chittoor,IN-AP-CH
India,IN,Andhra Pradesh,IN-AP,East Godavari,IN-AP-EG
India,IN,Andhra Pradesh,IN-AP,Visakhapatnam,IN-AP-VS
India,IN,Andhra Pradesh,IN-AP,West Godavari,IN-AP-WG
India,IN,Andhra Pradesh,IN-AP,Sri Potti Sriramulu Nellore,IN-AP-NE
India,IN,Andhra Pradesh,IN-AP,Krishna,IN-AP-KR
India,IN,Andhra Pradesh,IN-AP,Prakasam,IN-AP-PR
India,IN,Andhra Pradesh,IN-AP,Vizianagaram,IN-AP-VZ
India,IN,Andhra Pradesh,IN-AP,Kurnool,IN-AP-KU
India,IN,Jharkhand,IN-JH,Simdega,IN-JH-SI
India,IN,Jharkhand,IN-JH,Pakur,IN-JH-PK
India,IN,Jharkhand,IN-JH,Lohardaga,IN-JH-LO
India,IN,Jharkhand,IN-JH,Bokaro,IN-JH-BO
India,IN,Jharkhand,IN-JH,West Singhbhum,IN-JH-WS
India,IN,Jharkhand,IN-JH,Dhanbad,IN-JH-DH
India,IN,Jharkhand,IN-JH,Dumka,IN-JH-DU
India,IN,Jharkhand,IN-JH,Gumla,IN-JH-GU
India,IN,Jharkhand,IN-JH,Hazaribagh,IN-JH-HA
India,IN,Jharkhand,IN-JH,Latehar,IN-JH-LA
India,IN,Jharkhand,IN-JH,Godda,IN-JH-GO
India,IN,Jharkhand,IN-JH,Giridih,IN-JH-GI
India,IN,Jharkhand,IN-JH,East Singhbhum,IN-JH-ES
India,IN,Jharkhand,IN-JH,Garhwa,IN-JH-GA
India,IN,Jharkhand,IN-JH,Ranchi,IN-JH-RA
India,IN,Jharkhand,IN-JH,Ramgarh,IN-JH-RM
India,IN,Jharkhand,IN-JH,Sahibganj,IN-JH-SA
India,IN,Jharkhand,IN-JH,Koderma,IN-JH-KO
India,IN,Jharkhand,IN-JH,Palamu,IN-JH-PL
India,IN,Jharkhand,IN-JH,Deoghar,IN-JH-DE
India,IN,Jharkhand,IN-JH,Saraikela-Kharsawan,IN-JH-SR
India,IN,Jharkhand,IN-JH,Jamtara,IN-JH-JA
India,IN,Jharkhand,IN-JH,Khunti,IN-JH-KH
India,IN,Jharkhand,IN-JH,Chatra,IN-JH-CH
India,IN,Assam,IN-AS,Hailakandi,IN-AS-HA
India,IN,Assam,IN-AS,Jorhat,IN-AS-JO
India,IN,Assam,IN-AS,Barpeta,IN-AS-BA
India,IN,Assam,IN-AS,Cachar,IN-AS-CA
India,IN,Assam,IN-AS,Dhemaji,IN-AS-DM
India,IN,Assam,IN-AS,Kokrajhar,IN-AS-KK
India,IN,Assam,IN-AS,Dima Hasao,IN-AS-NC
India,IN,Assam,IN-AS,South Salmara-Mankachar,IN-AS-SS
India,IN,Assam,IN-AS,Goalpara,IN-AS-GP
India,IN,Assam,IN-AS,Udalguri,IN-AS-UD
India,IN,Assam,IN-AS,Biswanath,IN-AS-BI
India,IN,Assam,IN-AS,Golaghat,IN-AS-GG
India,IN,Assam,IN-AS,Kamrup,IN-AS-KP
India,IN,Assam,IN-AS,Baksa,IN-AS-BK
India,IN,Assam,IN-AS,Lakhimpur,IN-AS-LA
India,IN,Assam,IN-AS,Bongaigaon,IN-AS-BO
India,IN,Assam,IN-AS,Sivasagar,IN-AS-SI
India,IN,Assam,IN-AS,Karimganj,IN-AS-KR
India,IN,Assam,IN-AS,Darrang,IN-AS-DA
India,IN,Assam,IN-AS,Hojai,IN-AS-HO
India,IN,Assam,IN-AS,Dibrugarh,IN-AS-DI
India,IN,Assam,IN-AS,Majuli,IN-AS-MJ
India,IN,Assam,IN-AS,West Karbi Anglong,IN-AS-WK
India,IN,Assam,IN-AS,Tinsukia,IN-AS-TI
India,IN,Assam,IN-AS,Charaideo,IN-AS-CH
India,IN,Assam,IN-AS,Dhubri,IN-AS-DB
India,IN,Assam,IN-AS,Nalbari,IN-AS-NL
India,IN,Assam,IN-AS,Nagaon,IN-AS-NG
India,IN,Assam,IN-AS,Morigaon,IN-AS-MA
India,IN,Assam,IN-AS,Sonitpur,IN-AS-SO
India,IN,Assam,IN-AS,Chirang,IN-AS-CR
India,IN,Assam,IN-AS,Karbi Anglong,IN-AS-KA
India,IN,Assam,IN-AS,Kamrup Metropolitan,IN-AS-KM
India,IN,Meghalaya,IN-ML,West Jaintia Hills,IN-ML-WJ
India,IN,Meghalaya,IN-ML,South West Khasi Hills,IN-ML-SK
India,IN,Meghalaya,IN-ML,East Garo Hills,IN-ML-EG
India,IN,Meghalaya,IN-ML,North Garo Hills,IN-ML-NG
India,IN,Meghalaya,IN-ML,West Khasi Hills,IN-ML-WK
India,IN,Meghalaya,IN-ML,South Garo Hills,IN-ML-SG
India,IN,Meghalaya,IN-ML,East Khasi Hills,IN-ML-EK
India,IN,Meghalaya,IN-ML,Ri-Bhoi,IN-ML-RB
India,IN,Meghalaya,IN-ML,East Jaintia Hills,IN-ML-EJ
India,IN,Meghalaya,IN-ML,South West Garo Hills,IN-ML-SW
India,IN,Meghalaya,IN-ML,West Garo Hills,IN-ML-WG
India,IN,Punjab,IN-PB,Ferozepur,IN-PB-FI
India,IN,Punjab,IN-PB,Rupnagar,IN-PB-RU
India,IN,Punjab,IN-PB,Patiala,IN-PB-PA
India,IN,Punjab,IN-PB,Ludhiana,IN-PB-LU
India,IN,Punjab,IN-PB,Hoshiarpur,IN-PB-HO
India,IN,Punjab,IN-PB,Bathinda,IN-PB-BA
India,IN,Punjab,IN-PB,Tarn Taran,IN-PB-TA
India,IN,Punjab,IN-PB,Shaheed Bhagat Singh Nagar,IN-PB-NS
India,IN,Punjab,IN-PB,Gurdaspur,IN-PB-GU
India,IN,Punjab,IN-PB,Sangrur,IN-PB-SA
India,IN,Punjab,IN-PB,Jalandhar,IN-PB-JA
India,IN,Punjab,IN-PB,Moga,IN-PB-MO
India,IN,Punjab,IN-PB,Sri Muktsar Sahib,IN-PB-MU
India,IN,Punjab,IN-PB,Fazilka,IN-PB-FA
India,IN,Punjab,IN-PB,Barnala,IN-PB-BR
India,IN,Punjab,IN-PB,Amritsar,IN-PB-AM
India,IN,Punjab,IN-PB,Sahibzada Ajit Singh Nagar,IN-PB-SH
India,IN,Punjab,IN-PB,Kapurthala,IN-PB-KA
India,IN,Punjab,IN-PB,Mansa,IN-PB-MA
India,IN,Punjab,IN-PB,Faridkot,IN-PB-FR
India,IN,Punjab,IN-PB,Pathankot,IN-PB-PK
India,IN,Punjab,IN-PB,Fatehgarh Sahib,IN-PB-FT
India,IN,Maharashtra,IN-MH,Wardha,IN-MH-WR
India,IN,Maharashtra,IN-MH,Jalna,IN-MH-JN
India,IN,Maharashtra,IN-MH,Osmanabad,IN-MH-OS
India,IN,Maharashtra,IN-MH,Gadchiroli,IN-MH-GA
India,IN,Maharashtra,IN-MH,Latur,IN-MH-LA
India,IN,Maharashtra,IN-MH,Sindhudurg,IN-MH-SI
India,IN,Maharashtra,IN-MH,Dhule,IN-MH-DH
India,IN,Maharashtra,IN-MH,Solapur,IN-MH-SO
India,IN,Maharashtra,IN-MH,Buldhana,IN-MH-BU
India,IN,Maharashtra,IN-MH,Satara,IN-MH-ST
India,IN,Maharashtra,IN-MH,Bhandara,IN-MH-BH
India,IN,Maharashtra,IN-MH,Amravati,IN-MH-AM
India,IN,Maharashtra,IN-MH,Thane,IN-MH-TH
India,IN,Maharashtra,IN-MH,Raigad,IN-MH-RG
India,IN,Maharashtra,IN-MH,Nagpur,IN-MH-NG
India,IN,Maharashtra,IN-MH,Kolhapur,IN-MH-KO
India,IN,Maharashtra,IN-MH,Pune,IN-MH-PU
India,IN,Maharashtra,IN-MH,Aurangabad,IN-MH-AU
India,IN,Maharashtra,IN-MH,Parbhani,IN-MH-PA
India,IN,Maharashtra,IN-MH,Ratnagiri,IN-MH-RT
India,IN,Maharashtra,IN-MH,Ahmednagar,IN-MH-AH
India,IN,Maharashtra,IN-MH,Mumbai Suburban,IN-MH-MS
India,IN,Maharashtra,IN-MH,Chandrapur,IN-MH-CH
India,IN,Maharashtra,IN-MH,Akola,IN-MH-AK
India,IN,Maharashtra,IN-MH,Gondia,IN-MH-GO
India,IN,Maharashtra,IN-MH,Jalgaon,IN-MH-JG
India,IN,Maharashtra,IN-MH,Hingoli,IN-MH-HI
India,IN,Maharashtra,IN-MH,Sangli,IN-MH-SN
India,IN,Maharashtra,IN-MH,Palghar,IN-MH-PG
India,IN,Maharashtra,IN-MH,Nanded,IN-MH-ND
India,IN,Maharashtra,IN-MH,Nashik,IN-MH-NS
India,IN,Maharashtra,IN-MH,Washim,IN-MH-WS
India,IN,Maharashtra,IN-MH,Mumbai,IN-MH-MC
India,IN,Maharashtra,IN-MH,Nandurbar,IN-MH-NB
India,IN,Maharashtra,IN-MH,Yavatmal,IN-MH-YA
India,IN,Maharashtra,IN-MH,Beed,IN-MH-BI
India,IN,Chhattisgarh,IN-CT,Bilaspur,IN-CT-BI
India,IN,Chhattisgarh,IN-CT,Bemetara,IN-CT-BM
India,IN,Chhattisgarh,IN-CT,Baloda Bazar,IN-CT-BB
India,IN,Chhattisgarh,IN-CT,Korba,IN-CT-KB
India,IN,Chhattisgarh,IN-CT,Balod,IN-CT-BD
India,IN,Chhattisgarh,IN-CT,Mungeli,IN-CT-MU
India,IN,Chhattisgarh,IN-CT,Jashpur,IN-CT-JA
India,IN,Chhattisgarh,IN-CT,Surguja,IN-CT-SU
India,IN,Chhattisgarh,IN-CT,Kanker,IN-CT-KK
India,IN,Chhattisgarh,IN-CT,Bijapur,IN-CT-BJ
India,IN,Chhattisgarh,IN-CT,Sukma,IN-CT-SK
India,IN,Chhattisgarh,IN-CT,Surajpur,IN-CT-SR
India,IN,Chhattisgarh,IN-CT,Durg,IN-CT-DU
India,IN,Chhattisgarh,IN-CT,Dantewada,IN-CT-DA
India,IN,Chhattisgarh,IN-CT,Korea,IN-CT-KJ
India,IN,Chhattisgarh,IN-CT,Dhamtari,IN-CT-DH
India,IN,Chhattisgarh,IN-CT,Raigarh,IN-CT-RG
India,IN,Chhattisgarh,IN-CT,Raipur,IN-CT-RP
India,IN,Chhattisgarh,IN-CT,Janjgir-Champa,IN-CT-JC
India,IN,Chhattisgarh,IN-CT,Rajnandgaon,IN-CT-RN
India,IN,Chhattisgarh,IN-CT,Balrampur,IN-CT-BP
India,IN,Chhattisgarh,IN-CT,Kondagaon,IN-CT-KO
India,IN,Chhattisgarh,IN-CT,Narayanpur,IN-CT-NA
India,IN,Chhattisgarh,IN-CT,Mahasamund,IN-CT-MA
India,IN,Chhattisgarh,IN-CT,Gariaband,IN-CT-GA
India,IN,Chhattisgarh,IN-CT,Bastar,IN-CT-BA
India,IN,Chhattisgarh,IN-CT,Kabirdham,IN-CT-KW
India,IN,Manipur,IN-MN,Pherzawl,IN-MN-PE
India,IN,Manipur,IN-MN,Kangpokpi,IN-MN-KN
India,IN,Manipur,IN-MN,Senapati,IN-MN-SE
India,IN,Manipur,IN-MN,Thoubal,IN-MN-TH
India,IN,Manipur,IN-MN,Tamenglong,IN-MN-TA
India,IN,Manipur,IN-MN,Kamjong,IN-MN-KM
India,IN,Manipur,IN-MN,Tengnoupal,IN-MN-TE
India,IN,Manipur,IN-MN,Imphal East,IN-MN-EI
India,IN,Manipur,IN-MN,Ukhrul,IN-MN-UK
India,IN,Manipur,IN-MN,Imphal West,IN-MN-WI
India,IN,Manipur,IN-MN,Bishnupur,IN-MN-BI
India,IN,Manipur,IN-MN,Jiribam,IN-MN-JI
India,IN,Manipur,IN-MN,Churachandpur,IN-MN-CC
India,IN,Manipur,IN-MN,Noney,IN-MN-NO
India,IN,Manipur,IN-MN,Kakching,IN-MN-KK
India,IN,Manipur,IN-MN,Chandel,IN-MN-CD
India,IN,Delhi,IN-DL,East Delhi,IN-DL-EA
India,IN,Delhi,IN-DL,North Delhi,IN-DL-NO
India,IN,Delhi,IN-DL,North West Delhi,IN-DL-NW
India,IN,Delhi,IN-DL,South West Delhi,IN-DL-SW
India,IN,Delhi,IN-DL,New Delhi,IN-DL-ND
India,IN,Delhi,IN-DL,West Delhi,IN-DL-WE
India,IN,Delhi,IN-DL,South Delhi,IN-DL-SO
India,IN,Delhi,IN-DL,Central Delhi,IN-DL-CE
India,IN,Delhi,IN-DL,Shahdara,IN-DL-SH
India,IN,Delhi,IN-DL,North East Delhi,IN-DL-NE
India,IN,Delhi,IN-DL,South East Delhi,IN-DL-SE
India,IN,Tripura,IN-TR,Unakoti,IN-TR-UN
India,IN,Tripura,IN-TR,Gomati,IN-TR-GO
India,IN,Tripura,IN-TR,West Tripura,IN-TR-WT
India,IN,Tripura,IN-TR,North Tripura,IN-TR-NT
India,IN,Tripura,IN-TR,Sepahijala,IN-TR-SO
India,IN,Tripura,IN-TR,Dhalai,IN-TR-DH
India,IN,Tripura,IN-TR,Khowai,IN-TR-KH
India,IN,Tripura,IN-TR,South Tripura,IN-TR-ST
India,IN,Mizoram,IN-MZ,Lawngtlai,IN-MZ-LA
India,IN,Mizoram,IN-MZ,Champhai,IN-MZ-CH
India,IN,Mizoram,IN-MZ,Saitual,IN-MZ-ST
India,IN,Mizoram,IN-MZ,Lunglei,IN-MZ-LU
India,IN,Mizoram,IN-MZ,Kolasib,IN-MZ-KO
India,IN,Mizoram,IN-MZ,Aizawl,IN-MZ-AI
India,IN,Mizoram,IN-MZ,Serchhip,IN-MZ-SE
India,IN,Mizoram,IN-MZ,Hnahthial,IN-MZ-HN
India,IN,Mizoram,IN-MZ,Khawzawl,IN-MZ-KZ
India,IN,Mizoram,IN-MZ,Mamit,IN-MZ-MA
India,IN,Mizoram,IN-MZ,Siaha,IN-MZ-SA
India,IN,Kerala,IN-KL,Kozhikode,IN-KL-KZ
India,IN,Kerala,IN-KL,Kasaragod,IN-KL-KS
India,IN,Kerala,IN-KL,Wayanad,IN-KL-WA
India,IN,Kerala,IN-KL,Thrissur,IN-KL-TS
India,IN,Kerala,IN-KL,Alappuzha,IN-KL-AL
India,IN,Kerala,IN-KL,Malappuram,IN-KL-MA
India,IN,Kerala,IN-KL,Ernakulam,IN-KL-ER
India,IN,Kerala,IN-KL,Pathanamthitta,IN-KL-PT
India,IN,Kerala,IN-KL,Kannur,IN-KL-KN
India,IN,Kerala,IN-KL,Palakkad,IN-KL-PL
India,IN,Kerala,IN-KL,Kottayam,IN-KL-KT
India,IN,Kerala,IN-KL,Kollam,IN-KL-KL
India,IN,Kerala,IN-KL,Idukki,IN-KL-ID
India,IN,Kerala,IN-KL,Thiruvananthapuram,IN-KL-TV
India,IN,Himachal Pradesh,IN-HP,Kinnaur,IN-HP-KI
India,IN,Himachal Pradesh,IN-HP,Chamba,IN-HP-CH
India,IN,Himachal Pradesh,IN-HP,Hamirpur,IN-HP-HA
India,IN,Himachal Pradesh,IN-HP,Mandi,IN-HP-MA
India,IN,Himachal Pradesh,IN-HP,Bilaspur,IN-HP-BI
India,IN,Himachal Pradesh,IN-HP,Una,IN-HP-UN
India,IN,Himachal Pradesh,IN-HP,Kullu,IN-HP-KU
India,IN,Himachal Pradesh,IN-HP,Solan,IN-HP-SO
India,IN,Himachal Pradesh,IN-HP,Lahaul and Spiti,IN-HP-LS
India,IN,Himachal Pradesh,IN-HP,Shimla,IN-HP-SH
India,IN,Himachal Pradesh,IN-HP,Kangra,IN-HP-KA
India,IN,Himachal Pradesh,IN-HP,Sirmaur,IN-HP-SI
India,IN,Sikkim,IN-SK,East Sikkim,IN-SK-ES
India,IN,Sikkim,IN-SK,South Sikkim,IN-SK-SS
India,IN,Sikkim,IN-SK,West Sikkim,IN-SK-WS
India,IN,Sikkim,IN-SK,North Sikkim,IN-SK-NS
India,IN,Daman and Diu,IN-DD,Diu,IN-DD-DI
India,IN,Daman and Diu,IN-DD,Daman,IN-DD-DA
India,IN,Odisha,IN-OR,Ganjam,IN-OR-GN
India,IN,Odisha,IN-OR,Kalahandi,IN-OR-KL
India,IN,Odisha,IN-OR,Subarnapur,IN-OR-SO
India,IN,Odisha,IN-OR,Sambalpur,IN-OR-SA
India,IN,Odisha,IN-OR,Nabarangapur,IN-OR-NB
India,IN,Odisha,IN-OR,Kendrapara,IN-OR-KP
India,IN,Odisha,IN-OR,Balangir,IN-OR-BL
India,IN,Odisha,IN-OR,Angul,IN-OR-AN
India,IN,Odisha,IN-OR,Rayagada,IN-OR-RA
India,IN,Odisha,IN-OR,Dhenkanal,IN-OR-DH
India,IN,Odisha,IN-OR,Boudh,IN-OR-BD
India,IN,Odisha,IN-OR,Jharsuguda,IN-OR-JH
India,IN,Odisha,IN-OR,Mayurbhanj,IN-OR-MY
India,IN,Odisha,IN-OR,Deogarh,IN-OR-DE
India,IN,Odisha,IN-OR,Nayagarh,IN-OR-NY
India,IN,Odisha,IN-OR,Puri,IN-OR-PU
India,IN,Odisha,IN-OR,Cuttack,IN-OR-CU
India,IN,Odisha,IN-OR,Bhadrak,IN-OR-BH
India,IN,Odisha,IN-OR,Nuapada,IN-OR-NU
India,IN,Odisha,IN-OR,Kandhamal,IN-OR-KN
India,IN,Odisha,IN-OR,Khordha,IN-OR-KH
India,IN,Odisha,IN-OR,Baleswar,IN-OR-BW
India,IN,Odisha,IN-OR,Jagatsinghpur,IN-OR-JS
India,IN,Odisha,IN-OR,Jajpur,IN-OR-JP
India,IN,Odisha,IN-OR,Kendujhar,IN-OR-KJ
India,IN,Odisha,IN-OR,Sundargarh,IN-OR-SU
India,IN,Odisha,IN-OR,Malkangiri,IN-OR-ML
India,IN,Odisha,IN-OR,Gajapati,IN-OR-GP
India,IN,Odisha,IN-OR,Bargarh,IN-OR-BR
India,IN,Odisha,IN-OR,Koraput,IN-OR-KO
India,IN,Tamil Nadu,IN-TN,Chennai,IN-TN-CH
India,IN,Tamil Nadu,IN-TN,Virudhunagar,IN-TN-VR
India,IN,Tamil Nadu,IN-TN,Tiruppur,IN-TN-TP
India,IN,Tamil Nadu,IN-TN,Cuddalore,IN-TN-CU
India,IN,Tamil Nadu,IN-TN,Coimbatore,IN-TN-CO
India,IN,Tamil Nadu,IN-TN,Tiruvannamalai,IN-TN-TV
India,IN,Tamil Nadu,IN-TN,Dindigul,IN-TN-DI
India,IN,Tamil Nadu,IN-TN,Dharmapuri,IN-TN-DH
India,IN,Tamil Nadu,IN-TN,Salem,IN-TN-SA
India,IN,Tamil Nadu,IN-TN,Madurai,IN-TN-MA
India,IN,Tamil Nadu,IN-TN,Nagapattinam,IN-TN-NG
India,IN,Tamil Nadu,IN-TN,Viluppuram,IN-TN-VL
India,IN,Tamil Nadu,IN-TN,Ramanathapuram,IN-TN-RA
India,IN,Tamil Nadu,IN-TN,Karur,IN-TN-KR
India,IN,Tamil Nadu,IN-TN,Ariyalur,IN-TN-AR
India,IN,Tamil Nadu,IN-TN,Tenkasi,IN-TN-TE
India,IN,Tamil Nadu,IN-TN,Ranipet,IN-TN-RN
India,IN,Tamil Nadu,IN-TN,Pudukkottai,IN-TN-PU
India,IN,Tamil Nadu,IN-TN,Sivagangai,IN-TN-SI
India,IN,Tamil Nadu,IN-TN,Kallakurichi,IN-TN-KA
India,IN,Tamil Nadu,IN-TN,Vellore,IN-TN-VE
India,IN,Tamil Nadu,IN-TN,Kanniyakumari,IN-TN-KK
India,IN,Tamil Nadu,IN-TN,Thanjavur,IN-TN-TJ
India,IN,Tamil Nadu,IN-TN,Namakkal,IN-TN-NM
India,IN,Tamil Nadu,IN-TN,The Nilgiris,IN-TN-NI
India,IN,Tamil Nadu,IN-TN,Thiruvarur,IN-TN-TR
India,IN,Tamil Nadu,IN-TN,Thiruvallur,IN-TN-TL
India,IN,Tamil Nadu,IN-TN,Tirupathur,IN-TN-TU
India,IN,Tamil Nadu,IN-TN,Perambalur,IN-TN-PE
India,IN,Tamil Nadu,IN-TN,Erode,IN-TN-ER
India,IN,Tamil Nadu,IN-TN,Tirunelveli,IN-TN-TI
India,IN,Tamil Nadu,IN-TN,Thoothukudi,IN-TN-TK
India,IN,Tamil Nadu,IN-TN,Kancheepuram,IN-TN-KC
India,IN,Tamil Nadu,IN-TN,Chengalpattu,IN-TN-CP
India,IN,Tamil Nadu,IN-TN,Tiruchirappalli,IN-TN-TC
India,IN,Tamil Nadu,IN-TN,Krishnagiri,IN-TN-KS
India,IN,Tamil Nadu,IN-TN,Theni,IN-TN-TH
India,IN,Arunachal Pradesh,IN-AR,Anjaw,IN-AR-AN
India,IN,Arunachal Pradesh,IN-AR,Tawang,IN-AR-TA
India,IN,Arunachal Pradesh,IN-AR,East Siang,IN-AR-ES
India,IN,Arunachal Pradesh,IN-AR,Lower Siang,IN-AR-LS
India,IN,Arunachal Pradesh,IN-AR,Namsai,IN-AR-NA
India,IN,Arunachal Pradesh,IN-AR,Pakke Kessang,IN-AR-PK
India,IN,Arunachal Pradesh,IN-AR,Upper Dibang Valley,IN-AR-UD
India,IN,Arunachal Pradesh,IN-AR,Upper Siang,IN-AR-US
India,IN,Arunachal Pradesh,IN-AR,Tirap,IN-AR-TI
India,IN,Arunachal Pradesh,IN-AR,Siang,IN-AR-SI
India,IN,Arunachal Pradesh,IN-AR,West Siang,IN-AR-WS
India,IN,Arunachal Pradesh,IN-AR,Upper Subansiri,IN-AR-UB
India,IN,Arunachal Pradesh,IN-AR,Lepa Rada,IN-AR-LR
India,IN,Arunachal Pradesh,IN-AR,West Kameng,IN-AR-WK
India,IN,Arunachal Pradesh,IN-AR,Papum Pare,IN-AR-PA
India,IN,Arunachal Pradesh,IN-AR,East Kameng,IN-AR-EK
India,IN,Arunachal Pradesh,IN-AR,Shi Yomi,IN-AR-SY
India,IN,Arunachal Pradesh,IN-AR,Kurung Kumey,IN-AR-KK
India,IN,Arunachal Pradesh,IN-AR,Lower Dibang Valley,IN-AR-LD
India,IN,Arunachal Pradesh,IN-AR,Changlang,IN-AR-CH
India,IN,Arunachal Pradesh,IN-AR,Kra Daadi,IN-AR-KD
India,IN,Arunachal Pradesh,IN-AR,Kamle,IN-AR-KA
India,IN,Arunachal Pradesh,IN-AR,Lower Subansiri,IN-AR-LB
India,IN,Arunachal Pradesh,IN-AR,Lohit,IN-AR-LO
India,IN,Arunachal Pradesh,IN-AR,Longding,IN-AR-LN
India,IN,Telangana,IN-TS,Jayashankar,IN-TS-JY
India,IN,Telangana,IN-TS,Mancherial,IN-TS-MN
India,IN,Telangana,IN-TS,Rajanna Sircilla,IN-TS-RS
India,IN,Telangana,IN-TS,Vikarabad,IN-TS-VI
India,IN,Telangana,IN-TS,Mahabubnagar,IN-TS-MA
India,IN,Telangana,IN-TS,Karimnagar,IN-TS-KA
India,IN,Telangana,IN-TS,Nalgonda,IN-TS-NA
India,IN,Telangana,IN-TS,Suryapet,IN-TS-SU
India,IN,Telangana,IN-TS,Siddipet,IN-TS-SI
India,IN,Telangana,IN-TS,Peddapalli,IN-TS-PE
India,IN,Telangana,IN-TS,Ranga Reddy,IN-TS-RA
India,IN,Telangana,IN-TS,Jagitial,IN-TS-JA
India,IN,Telangana,IN-TS,Medchal Malkajgiri,IN-TS-MM
India,IN,Telangana,IN-TS,Nirmal,IN-TS-NM
India,IN,Telangana,IN-TS,Wanaparthy,IN-TS-WN
India,IN,Telangana,IN-TS,Nagarkurnool,IN-TS-NG
India,IN,Telangana,IN-TS,Medak,IN-TS-ME
India,IN,Telangana,IN-TS,Mulugu,IN-TS-MU
India,IN,Telangana,IN-TS,Yadadri Bhuvanagiri,IN-TS-YB
India,IN,Telangana,IN-TS,Hyderabad,IN-TS-HY
India,IN,Telangana,IN-TS,Mahabubabad,IN-TS-MH
India,IN,Telangana,IN-TS,Adilabad,IN-TS-AD
India,IN,Telangana,IN-TS,Kumuram Bheem Asifabad,IN-TS-KB
India,IN,Telangana,IN-TS,Warangal Urban,IN-TS-WU
India,IN,Telangana,IN-TS,Khammam,IN-TS-KH
India,IN,Telangana,IN-TS,Bhadradri Kothagudem,IN-TS-BK
India,IN,Telangana,IN-TS,Jangaon,IN-TS-JN
India,IN,Telangana,IN-TS,Sangareddy,IN-TS-SR
India,IN,Telangana,IN-TS,Kamareddy,IN-TS-KM
India,IN,Telangana,IN-TS,Nizamabad,IN-TS-NI
India,IN,Telangana,IN-TS,Jogulamba Gadwal,IN-TS-JG
India,IN,Telangana,IN-TS,Narayanpet,IN-TS-NR
India,IN,Telangana,IN-TS,Warangal Rural,IN-TS-WR
India,IN,Jammu and Kashmir,IN-JK,Kishtwar,IN-JK-KS
India,IN,Jammu and Kashmir,IN-JK,Ganderbal,IN-JK-GN
India,IN,Jammu and Kashmir,IN-JK,Reasi,IN-JK-RE
India,IN,Jammu and Kashmir,IN-JK,Budgam,IN-JK-BD
India,IN,Jammu and Kashmir,IN-JK,Jammu,IN-JK-JA
India,IN,Jammu and Kashmir,IN-JK,Shopian,IN-JK-SH
India,IN,Jammu and Kashmir,IN-JK,Kupwara,IN-JK-KU
India,IN,Jammu and Kashmir,IN-JK,Bandipora,IN-JK-BN
India,IN,Jammu and Kashmir,IN-JK,Kathua,IN-JK-KT
India,IN,Jammu and Kashmir,IN-JK,Poonch,IN-JK-PO
India,IN,Jammu and Kashmir,IN-JK,Baramulla,IN-JK-BR
India,IN,Jammu and Kashmir,IN-JK,Srinagar,IN-JK-SR
India,IN,Jammu and Kashmir,IN-JK,Doda,IN-JK-DO
India,IN,Jammu and Kashmir,IN-JK,Rajouri,IN-JK-RA
India,IN,Jammu and Kashmir,IN-JK,Samba,IN-JK-SA
India,IN,Jammu and Kashmir,IN-JK,Anantnag,IN-JK-AN
India,IN,Jammu and Kashmir,IN-JK,Ramban,IN-JK-RM
India,IN,Jammu and Kashmir,IN-JK,Kulgam,IN-JK-KL
India,IN,Jammu and Kashmir,IN-JK,Muzaffarabad,IN-JK-MU
India,IN,Jammu and Kashmir,IN-JK,Pulwama,IN-JK-PU
India,IN,Jammu and Kashmir,IN-JK,Udhampur,IN-JK-UD
India,IN,Jammu and Kashmir,IN-JK,Mirpur,IN-JK-MI
India,IN,Ladakh,IN-LA,Leh,IN-LA-LE
India,IN,Ladakh,IN-LA,Kargil,IN-LA-KA
India,IN,Chandigarh,IN-CH,Chandigarh,IN-CH-CH
India,IN,Andaman and Nicobar Islands,IN-AN,North and Middle Andaman,IN-AN-AN
India,IN,Andaman and Nicobar Islands,IN-AN,Nicobar,IN-AN-NI
India,IN,Andaman and Nicobar Islands,IN-AN,South Andaman,IN-AN-AS
India,IN,Gujarat,IN-GJ,Botad,IN-GJ-BO
India,IN,Gujarat,IN-GJ,Patan,IN-GJ-PA
India,IN,Gujarat,IN-GJ,Ahmedabad,IN-GJ-AH
India,IN,Gujarat,IN-GJ,Dang,IN-GJ-DG
India,IN,Gujarat,IN-GJ,Amreli,IN-GJ-AM
India,IN,Gujarat,IN-GJ,Tapi,IN-GJ-TA
India,IN,Gujarat,IN-GJ,Mahisagar,IN-GJ-MG
India,IN,Gujarat,IN-GJ,Valsad,IN-GJ-VL
India,IN,Gujarat,IN-GJ,Gir Somnath,IN-GJ-GS
India,IN,Gujarat,IN-GJ,Morbi,IN-GJ-MO
India,IN,Gujarat,IN-GJ,Aravalli,IN-GJ-AR
India,IN,Gujarat,IN-GJ,Porbandar,IN-GJ-PO
India,IN,Gujarat,IN-GJ,Navsari,IN-GJ-NV
India,IN,Gujarat,IN-GJ,Surendranagar,IN-GJ-SN
India,IN,Gujarat,IN-GJ,Narmada,IN-GJ-NR
India,IN,Gujarat,IN-GJ,Bhavnagar,IN-GJ-BV
India,IN,Gujarat,IN-GJ,Anand,IN-GJ-AN
India,IN,Gujarat,IN-GJ,Mehsana,IN-GJ-MA
India,IN,Gujarat,IN-GJ,Kheda,IN-GJ-KH
India,IN,Gujarat,IN-GJ,Jamnagar,IN-GJ-JA
India,IN,Gujarat,IN-GJ,Gandhinagar,IN-GJ-GA
India,IN,Gujarat,IN-GJ,Rajkot,IN-GJ-RA
India,IN,Gujarat,IN-GJ,Junagadh,IN-GJ-JU
India,IN,Gujarat,IN-GJ,Devbhumi Dwarka,IN-GJ-DD
India,IN,Gujarat,IN-GJ,Banaskantha,IN-GJ-BK
India,IN,Gujarat,IN-GJ,Sabarkantha,IN-GJ-SK
India,IN,Gujarat,IN-GJ,Kachchh,IN-GJ-KA
India,IN,Gujarat,IN-GJ,Surat,IN-GJ-ST
India,IN,Gujarat,IN-GJ,Bharuch,IN-GJ-BR
India,IN,Gujarat,IN-GJ,Panchmahal,IN-GJ-PM
India,IN,Gujarat,IN-GJ,Vadodara,IN-GJ-VD
India,IN,Gujarat,IN-GJ,Dahod,IN-GJ-DA
India,IN,Gujarat,IN-GJ,Chhota Udaipur,IN-GJ-CU
India,IN,West Bengal,IN-WB,Paschim Medinipur,IN-WB-MW
India,IN,West Bengal,IN-WB,Howrah,IN-WB-HR
India,IN,West Bengal,IN-WB,Dakshin Dinajpur,IN-WB-DD
India,IN,West Bengal,IN-WB,Paschim Bardhaman,IN-WB-PA
India,IN,West Bengal,IN-WB,Kalimpong,IN-WB-KA
India,IN,West Bengal,IN-WB,Bankura,IN-WB-BN
India,IN,West Bengal,IN-WB,South 24 Parganas,IN-WB-PS
India,IN,West Bengal,IN-WB,Purulia,IN-WB-PU
India,IN,West Bengal,IN-WB,Uttar Dinajpur,IN-WB-UD
India,IN,West Bengal,IN-WB,Darjeeling,IN-WB-DA
India,IN,West Bengal,IN-WB,Alipurduar,IN-WB-AL
India,IN,West Bengal,IN-WB,Jalpaiguri,IN-WB-JA
India,IN,West Bengal,IN-WB,Birbhum,IN-WB-BI
India,IN,West Bengal,IN-WB,Purba Bardhaman,IN-WB-PB
India,IN,West Bengal,IN-WB,Hooghly,IN-WB-HG
India,IN,West Bengal,IN-WB,Jhargram,IN-WB-JH
India,IN,West Bengal,IN-WB,Purba Medinipur,IN-WB-ME
India,IN,West Bengal,IN-WB,Cooch Behar,IN-WB-KB
India,IN,West Bengal,IN-WB,North 24 Parganas,IN-WB-PN
India,IN,West Bengal,IN-WB,Nadia,IN-WB-NA
India,IN,West Bengal,IN-WB,Murshidabad,IN-WB-MU
India,IN,West Bengal,IN-WB,Malda,IN-WB-MA
India,IN,West Bengal,IN-WB,Kolkata,IN-WB-KO
India,IN,Madhya Pradesh,IN-MP,Shajapur,IN-MP-SJ
India,IN,Madhya Pradesh,IN-MP,Khandwa,IN-MP-EN
India,IN,Madhya Pradesh,IN-MP,Narsinghpur,IN-MP-NA
India,IN,Madhya Pradesh,IN-MP,Harda,IN-MP-HA
India,IN,Madhya Pradesh,IN-MP,Chhatarpur,IN-MP-CT
India,IN,Madhya Pradesh,IN-MP,Jabalpur,IN-MP-JA
India,IN,Madhya Pradesh,IN-MP,Neemuch,IN-MP-NE
India,IN,Madhya Pradesh,IN-MP,Raisen,IN-MP-RS
India,IN,Madhya Pradesh,IN-MP,Khargone,IN-MP-WN
India,IN,Madhya Pradesh,IN-MP,Singrauli,IN-MP-SN
India,IN,Madhya Pradesh,IN-MP,Alirajpur,IN-MP-AL
India,IN,Madhya Pradesh,IN-MP,Chhindwara,IN-MP-CN
India,IN,Madhya Pradesh,IN-MP,Narmadapuram,IN-MP-HO
India,IN,Madhya Pradesh,IN-MP,Katni,IN-MP-KA
India,IN,Madhya Pradesh,IN-MP,Niwari,IN-MP-NI
India,IN,Madhya Pradesh,IN-MP,Dindori,IN-MP-DI
India,IN,Madhya Pradesh,IN-MP,Indore,IN-MP-IN
India,IN,Madhya Pradesh,IN-MP,Rewa,IN-MP-RE
India,IN,Madhya Pradesh,IN-MP,Mandla,IN-MP-ML
India,IN,Madhya Pradesh,IN-MP,Dhar,IN-MP-DH
India,IN,Madhya Pradesh,IN-MP,Burhanpur,IN-MP-BU
India,IN,Madhya Pradesh,IN-MP,Jhabua,IN-MP-JH
India,IN,Madhya Pradesh,IN-MP,Ashoknagar,IN-MP-AS
India,IN,Madhya Pradesh,IN-MP,Satna,IN-MP-ST
India,IN,Madhya Pradesh,IN-MP,Anuppur,IN-MP-AN
India,IN,Madhya Pradesh,IN-MP,Shahdol,IN-MP-SH
India,IN,Madhya Pradesh,IN-MP,Ratlam,IN-MP-RL
India,IN,Madhya Pradesh,IN-MP,Sidhi,IN-MP-SI
India,IN,Madhya Pradesh,IN-MP,Gwalior,IN-MP-GW
India,IN,Madhya Pradesh,IN-MP,Sagar,IN-MP-SG
India,IN,Madhya Pradesh,IN-MP,Sehore,IN-MP-SR
India,IN,Madhya Pradesh,IN-MP,Ujjain,IN-MP-UJ
India,IN,Madhya Pradesh,IN-MP,Bhopal,IN-MP-BP
India,IN,Madhya Pradesh,IN-MP,Betul,IN-MP-BE
India,IN,Madhya Pradesh,IN-MP,Dewas,IN-MP-DE
India,IN,Madhya Pradesh,IN-MP,Damoh,IN-MP-DM
India,IN,Madhya Pradesh,IN-MP,Shivpuri,IN-MP-SV
India,IN,Madhya Pradesh,IN-MP,Umaria,IN-MP-UM
India,IN,Madhya Pradesh,IN-MP,Seoni,IN-MP-SO
India,IN,Madhya Pradesh,IN-MP,Datia,IN-MP-DT
India,IN,Madhya Pradesh,IN-MP,Mandsaur,IN-MP-MS
India,IN,Madhya Pradesh,IN-MP,Panna,IN-MP-PA
India,IN,Madhya Pradesh,IN-MP,Sheopur,IN-MP-SP
India,IN,Madhya Pradesh,IN-MP,Vidisha,IN-MP-VI
India,IN,Madhya Pradesh,IN-MP,Barwani,IN-MP-BR
India,IN,Madhya Pradesh,IN-MP,Guna,IN-MP-GU
India,IN,Madhya Pradesh,IN-MP,Tikamgarh,IN-MP-TI
India,IN,Madhya Pradesh,IN-MP,Balaghat,IN-MP-BL
India,IN,Madhya Pradesh,IN-MP,Agar Malwa,IN-MP-AM
India,IN,Madhya Pradesh,IN-MP,Morena,IN-MP-MO
India,IN,Madhya Pradesh,IN-MP,Bhind,IN-MP-BD
India,IN,Madhya Pradesh,IN-MP,Rajgarh,IN-MP-RG
India,IN,Uttar Pradesh,IN-UP,Muzaffarnagar,IN-UP-MU
India,IN,Uttar Pradesh,IN-UP,Azamgarh,IN-UP-AZ
India,IN,Uttar Pradesh,IN-UP,Kanpur Nagar,IN-UP-KN
India,IN,Uttar Pradesh,IN-UP,Chitrakoot,IN-UP-CT
India,IN,Uttar Pradesh,IN-UP,Varanasi,IN-UP-VA
India,IN,Uttar Pradesh,IN-UP,Mathura,IN-UP-MT
India,IN,Uttar Pradesh,IN-UP,Baghpat,IN-UP-BG
India,IN,Uttar Pradesh,IN-UP,Lucknow,IN-UP-LU
India,IN,Uttar Pradesh,IN-UP,Gautam Buddha Nagar,IN-UP-GB
India,IN,Uttar Pradesh,IN-UP,Sitapur,IN-UP-SI
India,IN,Uttar Pradesh,IN-UP,Gonda,IN-UP-GN
India,IN,Uttar Pradesh,IN-UP,Ghazipur,IN-UP-GP
India,IN,Uttar Pradesh,IN-UP,Firozabad,IN-UP-FI
India,IN,Uttar Pradesh,IN-UP,Mahoba,IN-UP-MH
India,IN,Uttar Pradesh,IN-UP,Etah,IN-UP-ET
India,IN,Uttar Pradesh,IN-UP,Sonbhadra,IN-UP-SO
India,IN,Uttar Pradesh,IN-UP,Amethi,IN-UP-AE
India,IN,Uttar Pradesh,IN-UP,Unnao,IN-UP-UN
India,IN,Uttar Pradesh,IN-UP,Hapur,IN-UP-HP
India,IN,Uttar Pradesh,IN-UP,Shahjahanpur,IN-UP-SJ
India,IN,Uttar Pradesh,IN-UP,Siddharthnagar,IN-UP-SN
India,IN,Uttar Pradesh,IN-UP,Hamirpur,IN-UP-HM
India,IN,Uttar Pradesh,IN-UP,Ambedkar Nagar,IN-UP-AN
India,IN,Uttar Pradesh,IN-UP,Shamli,IN-UP-SH
India,IN,Uttar Pradesh,IN-UP,Agra,IN-UP-AG
India,IN,Uttar Pradesh,IN-UP,Aligarh,IN-UP-AL
India,IN,Uttar Pradesh,IN-UP,Sambhal,IN-UP-SM
India,IN,Uttar Pradesh,IN-UP,Barabanki,IN-UP-BB
India,IN,Uttar Pradesh,IN-UP,Bulandshahr,IN-UP-BU
India,IN,Uttar Pradesh,IN-UP,Banda,IN-UP-BN
India,IN,Uttar Pradesh,IN-UP,Moradabad,IN-UP-MO
India,IN,Uttar Pradesh,IN-UP,Jaunpur,IN-UP-JU
India,IN,Uttar Pradesh,IN-UP,Amroha,IN-UP-JP
India,IN,Uttar Pradesh,IN-UP,Auraiya,IN-UP-AU
India,IN,Uttar Pradesh,IN-UP,Sultanpur,IN-UP-SU
India,IN,Uttar Pradesh,IN-UP,Ballia,IN-UP-BL
India,IN,Uttar Pradesh,IN-UP,Kaushambi,IN-UP-KS
India,IN,Uttar Pradesh,IN-UP,Hardoi,IN-UP-HR
India,IN,Uttar Pradesh,IN-UP,Kushinagar,IN-UP-KU
India,IN,Uttar Pradesh,IN-UP,Ayodhya,IN-UP-FZ
India,IN,Uttar Pradesh,IN-UP,Fatehpur,IN-UP-FT
India,IN,Uttar Pradesh,IN-UP,Bijnor,IN-UP-BI
India,IN,Uttar Pradesh,IN-UP,Etawah,IN-UP-EW
India,IN,Uttar Pradesh,IN-UP,Basti,IN-UP-BS
India,IN,Uttar Pradesh,IN-UP,Lalitpur,IN-UP-LA
India,IN,Uttar Pradesh,IN-UP,Saharanpur,IN-UP-SA
India,IN,Uttar Pradesh,IN-UP,Kanpur Dehat,IN-UP-KD
India,IN,Uttar Pradesh,IN-UP,Farrukhabad,IN-UP-FR
India,IN,Uttar Pradesh,IN-UP,Kannauj,IN-UP-KJ
India,IN,Uttar Pradesh,IN-UP,Pratapgarh,IN-UP-PR
India,IN,Uttar Pradesh,IN-UP,Gorakhpur,IN-UP-GR
India,IN,Uttar Pradesh,IN-UP,Maharajganj,IN-UP-MG
India,IN,Uttar Pradesh,IN-UP,Mau,IN-UP-MA
India,IN,Uttar Pradesh,IN-UP,Raebareli,IN-UP-RB
India,IN,Uttar Pradesh,IN-UP,Deoria,IN-UP-DE
India,IN,Uttar Pradesh,IN-UP,Mainpuri,IN-UP-MP
India,IN,Uttar Pradesh,IN-UP,Pilibhit,IN-UP-PI
India,IN,Uttar Pradesh,IN-UP,Mirzapur,IN-UP-MI
India,IN,Uttar Pradesh,IN-UP,Prayagraj,IN-UP-AH
India,IN,Uttar Pradesh,IN-UP,Jhansi,IN-UP-JH
India,IN,Uttar Pradesh,IN-UP,Bhadohi,IN-UP-SR
India,IN,Uttar Pradesh,IN-UP,Rampur,IN-UP-RA
India,IN,Uttar Pradesh,IN-UP,Chandauli,IN-UP-CD
India,IN,Uttar Pradesh,IN-UP,Sant Kabir Nagar,IN-UP-SK
India,IN,Uttar Pradesh,IN-UP,Bahraich,IN-UP-BH
India,IN,Uttar Pradesh,IN-UP,Bareilly,IN-UP-BR
India,IN,Uttar Pradesh,IN-UP,Jalaun,IN-UP-JL
India,IN,Uttar Pradesh,IN-UP,Shrawasti,IN-UP-SV
India,IN,Uttar Pradesh,IN-UP,Lakhimpur Kheri,IN-UP-LK
India,IN,Uttar Pradesh,IN-UP,Hathras,IN-UP-HT
India,IN,Uttar Pradesh,IN-UP,Meerut,IN-UP-ME
India,IN,Uttar Pradesh,IN-UP,Budaun,IN-UP-BD
India,IN,Uttar Pradesh,IN-UP,Kasganj,IN-UP-KM
India,IN,Uttar Pradesh,IN-UP,Balrampur,IN-UP-BP
India,IN,Uttar Pradesh,IN-UP,Ghaziabad,IN-UP-GZ
India,IN,Nagaland,IN-NL,Kohima,IN-NL-KO
India,IN,Nagaland,IN-NL,Dimapur,IN-NL-DI
India,IN,Nagaland,IN-NL,Wokha,IN-NL-WO
India,IN,Nagaland,IN-NL,Peren,IN-NL-PE
India,IN,Nagaland,IN-NL,Mokokchung,IN-NL-MK
India,IN,Nagaland,IN-NL,Phek,IN-NL-PH
India,IN,Nagaland,IN-NL,Tuensang,IN-NL-TU
India,IN,Nagaland,IN-NL,Zunheboto,IN-NL-ZU
India,IN,Nagaland,IN-NL,Mon,IN-NL-MN
India,IN,Nagaland,IN-NL,Longleng,IN-NL-LO
India,IN,Nagaland,IN-NL,Kiphire,IN-NL-KI
India,IN,Dadra and Nagar Haveli,IN-DN,Dadra & Nagar Haveli,IN-DN-DN
India,IN,Rajasthan,IN-RJ,Jhunjhunu,IN-RJ-JJ
India,IN,Rajasthan,IN-RJ,Hanumangarh,IN-RJ-HA
India,IN,Rajasthan,IN-RJ,Dausa,IN-RJ-DA
India,IN,Rajasthan,IN-RJ,Sri Ganganagar,IN-RJ-GA
India,IN,Rajasthan,IN-RJ,Sirohi,IN-RJ-SR
India,IN,Rajasthan,IN-RJ,Sawai Madhopur,IN-RJ-SM
India,IN,Rajasthan,IN-RJ,Alwar,IN-RJ-AL
India,IN,Rajasthan,IN-RJ,Jodhpur,IN-RJ-JO
India,IN,Rajasthan,IN-RJ,Barmer,IN-RJ-BM
India,IN,Rajasthan,IN-RJ,Bharatpur,IN-RJ-BP
India,IN,Rajasthan,IN-RJ,Kota,IN-RJ-KO
India,IN,Rajasthan,IN-RJ,Dungarpur,IN-RJ-DU
India,IN,Rajasthan,IN-RJ,Ajmer,IN-RJ-AJ
India,IN,Rajasthan,IN-RJ,Jalore,IN-RJ-JL
India,IN,Rajasthan,IN-RJ,Tonk,IN-RJ-TO
India,IN,Rajasthan,IN-RJ,Pratapgarh,IN-RJ-PR
India,IN,Rajasthan,IN-RJ,Banswara,IN-RJ-BN
India,IN,Rajasthan,IN-RJ,Bhilwara,IN-RJ-BW
India,IN,Rajasthan,IN-RJ,Churu,IN-RJ-CR
India,IN,Rajasthan,IN-RJ,Rajsamand,IN-RJ-RA
India,IN,Rajasthan,IN-RJ,Jaipur,IN-RJ-JP
India,IN,Rajasthan,IN-RJ,Bundi,IN-RJ-BU
India,IN,Rajasthan,IN-RJ,Karauli,IN-RJ-KA
India,IN,Rajasthan,IN-RJ,Pali,IN-RJ-PA
India,IN,Rajasthan,IN-RJ,Udaipur,IN-RJ-UD
India,IN,Rajasthan,IN-RJ,Sikar,IN-RJ-SK
India,IN,Rajasthan,IN-RJ,Jhalawar,IN-RJ-JW
India,IN,Rajasthan,IN-RJ,Baran,IN-RJ-BR
India,IN,Rajasthan,IN-RJ,Jaisalmer,IN-RJ-JS
India,IN,Rajasthan,IN-RJ,Chittorgarh,IN-RJ-CT
India,IN,Rajasthan,IN-RJ,Dholpur,IN-RJ-DH
India,IN,Rajasthan,IN-RJ,Nagaur,IN-RJ-NA
India,IN,Rajasthan,IN-RJ,Bikaner,IN-RJ-BI
India,IN,Puducherry,IN-PY,Puducherry,IN-PY-PO
India,IN,Puducherry,IN-PY,Mahe,IN-PY-MA
India,IN,Puducherry,IN-PY,Karaikal,IN-PY-KA
India,IN,Puducherry,IN-PY,Yanam,IN-PY-YA
India,IN,Lakshadweep,IN-LD,Lakshadweep,IN-LD-LD
India,IN,Haryana,IN-HR,Rewari,IN-HR-RE
India,IN,Haryana,IN-HR,Gurugram,IN-HR-GU
India,IN,Haryana,IN-HR,Ambala,IN-HR-AM
India,IN,Haryana,IN-HR,Sonipat,IN-HR-SO
India,IN,Haryana,IN-HR,Hisar,IN-HR-HI
India,IN,Haryana,IN-HR,Bhiwani,IN-HR-BH
India,IN,Haryana,IN-HR,Jind,IN-HR-JI
India,IN,Haryana,IN-HR,Nuh,IN-HR-ME
India,IN,Haryana,IN-HR,Mahendragarh,IN-HR-MA
India,IN,Haryana,IN-HR,Rohtak,IN-HR-RO
India,IN,Haryana,IN-HR,Karnal,IN-HR-KR
India,IN,Haryana,IN-HR,Panchkula,IN-HR-PK
India,IN,Haryana,IN-HR,Kurukshetra,IN-HR-KU
India,IN,Haryana,IN-HR,Palwal,IN-HR-PL
India,IN,Haryana,IN-HR,Fatehabad,IN-HR-FT
India,IN,Haryana,IN-HR,Kaithal,IN-HR-KT
India,IN,Haryana,IN-HR,Faridabad,IN-HR-FR
India,IN,Haryana,IN-HR,Sirsa,IN-HR-SI
India,IN,Haryana,IN-HR,Panipat,IN-HR-PP
India,IN,Haryana,IN-HR,Jhajjar,IN-HR-JH
India,IN,Haryana,IN-HR,Yamunanagar,IN-HR-YN
India,IN,Haryana,IN-HR,Charki Dadri,IN-HR-CD
India,IN,Goa,IN-GA,North Goa,IN-GA-NG
India,IN,Goa,IN-GA,South Goa,IN-GA-SG
India,IN,Uttarakhand,IN-UL,Pithoragarh,IN-UL-PI
India,IN,Uttarakhand,IN-UL,Pauri Garhwal,IN-UL-PG
India,IN,Uttarakhand,IN-UL,Almora,IN-UL-AL
India,IN,Uttarakhand,IN-UL,Udham Singh Nagar,IN-UL-US
India,IN,Uttarakhand,IN-UL,Nainital,IN-UL-NA
India,IN,Uttarakhand,IN-UL,Chamoli,IN-UL-CL
India,IN,Uttarakhand,IN-UL,Uttarkashi,IN-UL-UT
India,IN,Uttarakhand,IN-UL,Tehri Garhwal,IN-UL-TG
India,IN,Uttarakhand,IN-UL,Champawat,IN-UL-CP
India,IN,Uttarakhand,IN-UL,Dehradun,IN-UL-DD
India,IN,Uttarakhand,IN-UL,Bageshwar,IN-UL-BA
India,IN,Uttarakhand,IN-UL,Haridwar,IN-UL-HA
India,IN,Uttarakhand,IN-UL,Rudraprayag,IN-UL-RP
India,IN,Bihar,IN-BR,Siwan,IN-BR-SW
India,IN,Bihar,IN-BR,Khagaria,IN-BR-KH
India,IN,Bihar,IN-BR,Bhojpur,IN-BR-BJ
India,IN,Bihar,IN-BR,Munger,IN-BR-MG
India,IN,Bihar,IN-BR,Madhubani,IN-BR-MB
India,IN,Bihar,IN-BR,Nalanda,IN-BR-NL
India,IN,Bihar,IN-BR,Rohtas,IN-BR-RO
India,IN,Bihar,IN-BR,Aurangabad,IN-BR-AU
India,IN,Bihar,IN-BR,Gaya,IN-BR-GA
India,IN,Bihar,IN-BR,Saran,IN-BR-SR
India,IN,Bihar,IN-BR,Madhepura,IN-BR-MP
India,IN,Bihar,IN-BR,Kaimur,IN-BR-KM
India,IN,Bihar,IN-BR,Purnia,IN-BR-PU
India,IN,Bihar,IN-BR,Muzaffarpur,IN-BR-MZ
India,IN,Bihar,IN-BR,Buxar,IN-BR-BU
India,IN,Bihar,IN-BR,Pashchim Champaran,IN-BR-WC
India,IN,Bihar,IN-BR,Sheikhpura,IN-BR-SP
India,IN,Bihar,IN-BR,Begusarai,IN-BR-BE
India,IN,Bihar,IN-BR,Banka,IN-BR-BA
India,IN,Bihar,IN-BR,Patna,IN-BR-PA
India,IN,Bihar,IN-BR,Kishanganj,IN-BR-KI
India,IN,Bihar,IN-BR,Nawada,IN-BR-NW
India,IN,Bihar,IN-BR,Sitamarhi,IN-BR-ST
India,IN,Bihar,IN-BR,Lakhisarai,IN-BR-LA
India,IN,Bihar,IN-BR,Jehanabad,IN-BR-JE
India,IN,Bihar,IN-BR,Arwal,IN-BR-AW
India,IN,Bihar,IN-BR,Bhagalpur,IN-BR-BG
India,IN,Bihar,IN-BR,Sheohar,IN-BR-SO
India,IN,Bihar,IN-BR,Purba Champaran,IN-BR-EC
India,IN,Bihar,IN-BR,Vaishali,IN-BR-VA
India,IN,Bihar,IN-BR,Darbhanga,IN-BR-DA
India,IN,Bihar,IN-BR,Katihar,IN-BR-KT
India,IN,Bihar,IN-BR,Supaul,IN-BR-SU
India,IN,Bihar,IN-BR,Samastipur,IN-BR-SM
India,IN,Bihar,IN-BR,Gopalganj,IN-BR-GO
India,IN,Bihar,IN-BR,Jamui,IN-BR-JA
India,IN,Bihar,IN-BR,Saharsa,IN-BR-SH
India,IN,Bihar,IN-BR,Araria,IN-BR-AR
Somalia,SO,Sool,SO-SO,Sool,SO-SO
Somalia,SO,Bay,SO-BY,Bay,SO-BY
Somalia,SO,Gedo,SO-GE,Gedo,SO-GE
Somalia,SO,Jubbada Hoose,SO-JH,Jubbada Hoose,SO-JH
Somalia,SO,Shabeellaha Hoose,SO-SH,Shabeellaha Hoose,SO-SH
Somalia,SO,Togdheer,SO-TO,Togdheer,SO-TO
Somalia,SO,Jubbada Dhexe,SO-JD,Jubbada Dhexe,SO-JD
Somalia,SO,Galguduud,SO-GA,Galguduud,SO-GA
Somalia,SO,Mudug,SO-MU,Mudug,SO-MU
Somalia,SO,Shabeellaha Dhexe,SO-SD,Shabeellaha Dhexe,SO-SD
Somalia,SO,Hiiraan,SO-HI,Hiiraan,SO-HI
Somalia,SO,Sanaag,SO-SA,Sanaag,SO-SA
Somalia,SO,Awdal,SO-AW,Awdal,SO-AW
Somalia,SO,Bari,SO-BR,Bari,SO-BR
Somalia,SO,Nugaal,SO-NU,Nugaal,SO-NU
Somalia,SO,Bakool,SO-BK,Bakool,SO-BK
Somalia,SO,Banaadir,SO-BN,Banaadir,SO-BN
Somalia,SO,Woqooyi Galbeed,SO-WO,Woqooyi Galbeed,SO-WO
Clipperton Island,CP,Clipperton Island,CP,Clipperton Island,CP
Falkland Islands (Malvinas),FK,Falkland Islands (Malvinas),FK,Falkland Islands (Malvinas),FK
Guinea-Bissau,GW,Norte,GW-N,Norte,GW-N
Guinea-Bissau,GW,Sul,GW-S,Sul,GW-S
Guinea-Bissau,GW,Bissau,GW-BS,Bissau,GW-BS
Guinea-Bissau,GW,Leste,GW-L,Leste,GW-L
Ashmore and Cartier Islands,AC,Ashmore and Cartier Islands,AC,Ashmore and Cartier Islands,AC
Namibia,NA,Khomas,NA-KH,Khomas,NA-KH
Namibia,NA,Erongo,NA-ER,Erongo,NA-ER
Namibia,NA,Okavango,NA-OK,Okavango,NA-OK
Namibia,NA,Oshikoto,NA-OT,Oshikoto,NA-OT
Namibia,NA,Hardap,NA-HA,Hardap,NA-HA
Namibia,NA,Karas,NA-KA,Karas,NA-KA
Namibia,NA,Caprivi,NA-CA,Caprivi,NA-CA
Namibia,NA,Omaheke,NA-OH,Omaheke,NA-OH
Namibia,NA,Otjozondjupa,NA-OD,Otjozondjupa,NA-OD
Namibia,NA,Oshana,NA-ON,Oshana,NA-ON
Namibia,NA,Omusati,NA-OS,Omusati,NA-OS
Namibia,NA,Ohangwena,NA-OW,Ohangwena,NA-OW
Namibia,NA,Kunene,NA-KU,Kunene,NA-KU
Bermuda,BM,Bermuda,BM,Bermuda,BM
New Caledonia,NC,New Caledonia,NC,New Caledonia,NC
Liberia,LR,Grand Bassa,LR-GB,Grand Bassa,LR-GB
Liberia,LR,Lofa,LR-LO,Lofa,LR-LO
Liberia,LR,Grand Cape Mount,LR-CM,Grand Cape Mount,LR-CM
Liberia,LR,Gbarpolu,LR-GP,Gbarpolu,LR-GP
Liberia,LR,Nimba,LR-NI,Nimba,LR-NI
Liberia,LR,Sinoe,LR-SI,Sinoe,LR-SI
Liberia,LR,Rivercess,LR-RI,Rivercess,LR-RI
Liberia,LR,River Gee,LR-RG,River Gee,LR-RG
Liberia,LR,Bong,LR-BG,Bong,LR-BG
Liberia,LR,Bomi,LR-BM,Bomi,LR-BM
Liberia,LR,Grand Kru,LR-GK,Grand Kru,LR-GK
Liberia,LR,Margibi,LR-MG,Margibi,LR-MG
Liberia,LR,Grand Gedeh,LR-GG,Grand Gedeh,LR-GG
Liberia,LR,Maryland,LR-MY,Maryland,LR-MY
Liberia,LR,Montserrado,LR-MO,Montserrado,LR-MO
Aruba,AW,Aruba,AW,Aruba,AW
Liechtenstein,LI,Eschen,LI-02,Eschen,LI-02
Liechtenstein,LI,Gamprin,LI-03,Gamprin,LI-03
Liechtenstein,LI,Planken,LI-05,Planken,LI-05
Liechtenstein,LI,Balzers,LI-01,Balzers,LI-01
Liechtenstein,LI,Schellenberg,LI-08,Schellenberg,LI-08
Liechtenstein,LI,Ruggell,LI-06,Ruggell,LI-06
Liechtenstein,LI,Vaduz,LI-11,Vaduz,LI-11
Liechtenstein,LI,Mauren,LI-04,Mauren,LI-04
Liechtenstein,LI,Triesenberg,LI-10,Triesenberg,LI-10
Liechtenstein,LI,Schaan,LI-07,Schaan,LI-07
Liechtenstein,LI,Triesen,LI-09,Triesen,LI-09
Burkina Faso,BF,Oudalan,BF-OUD,Oudalan,BF-OUD
Burkina Faso,BF,Gnagna,BF-GNA,Gnagna,BF-GNA
Burkina Faso,BF,Noumbiel,BF-NOU,Noumbiel,BF-NOU
Burkina Faso,BF,Nahouri,BF-NAO,Nahouri,BF-NAO
Burkina Faso,BF,Séno,BF-SEN,Séno,BF-SEN
Burkina Faso,BF,Houet,BF-HOU,Houet,BF-HOU
Burkina Faso,BF,Tapoa,BF-TAP,Tapoa,BF-TAP
Burkina Faso,BF,Loroum,BF-LOR,Loroum,BF-LOR
Burkina Faso,BF,Boulgou,BF-BLG,Boulgou,BF-BLG
Burkina Faso,BF,Mouhoun,BF-MOU,Mouhoun,BF-MOU
Burkina Faso,BF,Ziro,BF-ZIR,Ziro,BF-ZIR
Burkina Faso,BF,Tui,BF-TUI,Tui,BF-TUI
Burkina Faso,BF,Gourma,BF-GOU,Gourma,BF-GOU
Burkina Faso,BF,Oubritenga,BF-OUB,Oubritenga,BF-OUB
Burkina Faso,BF,Ganzourgou,BF-GAN,Ganzourgou,BF-GAN
Burkina Faso,BF,Nayala,BF-NAY,Nayala,BF-NAY
Burkina Faso,BF,Kadiogo,BF-KAD,Kadiogo,BF-KAD
Burkina Faso,BF,Kourwéogo,BF-KOW,Kourwéogo,BF-KOW
Burkina Faso,BF,Sissili,BF-SIS,Sissili,BF-SIS
Burkina Faso,BF,Yagha,BF-YAG,Yagha,BF-YAG
Burkina Faso,BF,Bam,BF-BAM,Bam,BF-BAM
Burkina Faso,BF,Banwa,BF-BAN,Banwa,BF-BAN
Burkina Faso,BF,Sanguié,BF-SNG,Sanguié,BF-SNG
Burkina Faso,BF,Bazèga,BF-BAZ,Bazèga,BF-BAZ
Burkina Faso,BF,Koulpélogo,BF-KOP,Koulpélogo,BF-KOP
Burkina Faso,BF,Léraba,BF-LER,Léraba,BF-LER
Burkina Faso,BF,Comoé,BF-COM,Comoé,BF-COM
Burkina Faso,BF,Kouritenga,BF-KOT,Kouritenga,BF-KOT
Burkina Faso,BF,Ioba,BF-IOB,Ioba,BF-IOB
Burkina Faso,BF,Namentenga,BF-NAM,Namentenga,BF-NAM
Burkina Faso,BF,Komondjari,BF-KMD,Komondjari,BF-KMD
Burkina Faso,BF,Kénédougou,BF-KEN,Kénédougou,BF-KEN
Burkina Faso,BF,Poni,BF-PON,Poni,BF-PON
Burkina Faso,BF,Bougouriba,BF-BGR,Bougouriba,BF-BGR
Burkina Faso,BF,Boulkiemdé,BF-BLK,Boulkiemdé,BF-BLK
Burkina Faso,BF,Passoré,BF-PAS,Passoré,BF-PAS
Burkina Faso,BF,Sourou,BF-SOR,Sourou,BF-SOR
Burkina Faso,BF,Zondoma,BF-ZON,Zondoma,BF-ZON
Burkina Faso,BF,Soum,BF-SOM,Soum,BF-SOM
Burkina Faso,BF,Zoundwéogo,BF-ZOU,Zoundwéogo,BF-ZOU
Burkina Faso,BF,Balé,BF-BAL,Balé,BF-BAL
Burkina Faso,BF,Kompienga,BF-KMP,Kompienga,BF-KMP
Burkina Faso,BF,Kossi,BF-KOS,Kossi,BF-KOS
Burkina Faso,BF,Yatenga,BF-YAT,Yatenga,BF-YAT
Burkina Faso,BF,Sanmatenga,BF-SMT,Sanmatenga,BF-SMT
Benin,BJ,Atlantique,BJ-AQ,Atlantique,BJ-AQ
Benin,BJ,Zou,BJ-ZO,Zou,BJ-ZO
Benin,BJ,Atakora,BJ-AK,Atakora,BJ-AK
Benin,BJ,Alibori,BJ-AL,Alibori,BJ-AL
Benin,BJ,Plateau,BJ-PL,Plateau,BJ-PL
Benin,BJ,Collines,BJ-CO,Collines,BJ-CO
Benin,BJ,Kouffo,BJ-KO,Kouffo,BJ-KO
Benin,BJ,Ouémé,BJ-OU,Ouémé,BJ-OU
Benin,BJ,Donga,BJ-DO,Donga,BJ-DO
Benin,BJ,Borgou,BJ-BO,Borgou,BJ-BO
Benin,BJ,Mono,BJ-MO,Mono,BJ-MO
Benin,BJ,Littoral,BJ-LI,Littoral,BJ-LI
Malta,MT,Birkirkara,MT-04,Birkirkara,MT-04
Malta,MT,Gharb,MT-14,Gharb,MT-14
Malta,MT,Mdina,MT-29,Mdina,MT-29
Malta,MT,San Gwann,MT-49,San Gwann,MT-49
Malta,MT,Zebbug Gozo,MT-65,Zebbug Gozo,MT-65
Malta,MT,Zejtun,MT-67,Zejtun,MT-67
Malta,MT,Gharghur,MT-15,Gharghur,MT-15
Malta,MT,Paola,MT-39,Paola,MT-39
Malta,MT,Swieqi,MT-57,Swieqi,MT-57
Malta,MT,Sliema,MT-56,Sliema,MT-56
Malta,MT,Munxar,MT-36,Munxar,MT-36
Malta,MT,Kercem,MT-22,Kercem,MT-22
Malta,MT,Birzebbuga,MT-05,Birzebbuga,MT-05
Malta,MT,Saint Paul’s Bay,MT-51,Saint Paul’s Bay,MT-51
Malta,MT,Mqabba,MT-33,Mqabba,MT-33
Malta,MT,Siggiewi,MT-55,Siggiewi,MT-55
Malta,MT,Zabbar,MT-64,Zabbar,MT-64
Malta,MT,Lija,MT-24,Lija,MT-24
Malta,MT,Mosta,MT-32,Mosta,MT-32
Malta,MT,Xghajra,MT-63,Xghajra,MT-63
Malta,MT,Pembroke,MT-40,Pembroke,MT-40
Malta,MT,Fgura,MT-08,Fgura,MT-08
Malta,MT,Santa Lucija,MT-53,Santa Lucija,MT-53
Malta,MT,Gudja,MT-11,Gudja,MT-11
Malta,MT,Kalkara,MT-21,Kalkara,MT-21
Malta,MT,Valletta,MT-60,Valletta,MT-60
Malta,MT,Balzan,MT-02,Balzan,MT-02
Malta,MT,Rabat Gozo,MT-45,Rabat Gozo,MT-45
Malta,MT,Marsaxlokk,MT-28,Marsaxlokk,MT-28
Malta,MT,Safi,MT-47,Safi,MT-47
Malta,MT,Msida,MT-34,Msida,MT-34
Malta,MT,Floriana,MT-09,Floriana,MT-09
Malta,MT,Pietà,MT-41,Pietà,MT-41
Malta,MT,San Lawrenz,MT-50,San Lawrenz,MT-50
Malta,MT,Birgu,MT-03,Birgu,MT-03
Malta,MT,Ghajnsielem,MT-13,Ghajnsielem,MT-13
Malta,MT,Attard,MT-01,Attard,MT-01
Malta,MT,Marsa,MT-26,Marsa,MT-26
Malta,MT,Bormla,MT-06,Bormla,MT-06
Malta,MT,Luqa,MT-25,Luqa,MT-25
Malta,MT,Nadur,MT-37,Nadur,MT-37
Malta,MT,Santa Venera,MT-54,Santa Venera,MT-54
Malta,MT,Mtarfa,MT-35,Mtarfa,MT-35
Malta,MT,Qala,MT-42,Qala,MT-42
Malta,MT,Zurrieq,MT-68,Zurrieq,MT-68
Malta,MT,Ta’ Xbiex,MT-58,Ta’ Xbiex,MT-58
Malta,MT,Fontana,MT-10,Fontana,MT-10
Malta,MT,Isla,MT-20,Isla,MT-20
Malta,MT,Qormi,MT-43,Qormi,MT-43
Malta,MT,Naxxar,MT-38,Naxxar,MT-38
Malta,MT,Zebbug Malta,MT-66,Zebbug Malta,MT-66
Malta,MT,Mellieha,MT-30,Mellieha,MT-30
Malta,MT,Iklin,MT-19,Iklin,MT-19
Malta,MT,Tarxien,MT-59,Tarxien,MT-59
Malta,MT,Sannat,MT-52,Sannat,MT-52
Malta,MT,Marsaskala,MT-27,Marsaskala,MT-27
Malta,MT,Xewkija,MT-62,Xewkija,MT-62
Malta,MT,Hamrun,MT-18,Hamrun,MT-18
Malta,MT,Ghasri,MT-16,Ghasri,MT-16
Malta,MT,Qrendi,MT-44,Qrendi,MT-44
Malta,MT,Mgarr,MT-31,Mgarr,MT-31
Malta,MT,San Giljan,MT-48,San Giljan,MT-48
Malta,MT,Dingli,MT-07,Dingli,MT-07
Malta,MT,Ghaxaq,MT-17,Ghaxaq,MT-17
Malta,MT,Gzira,MT-12,Gzira,MT-12
Malta,MT,Kirkop,MT-23,Kirkop,MT-23
Malta,MT,Xaghra,MT-61,Xaghra,MT-61
Malta,MT,Rabat Malta,MT-46,Rabat Malta,MT-46
Canada,CA,Quebec,CA-QC,Abitibi,CA-QC-AB
Canada,CA,Quebec,CA-QC,Montcalm,CA-QC-MO
Canada,CA,Quebec,CA-QC,Nicolet-Yamaska,CA-QC-NY
Canada,CA,Quebec,CA-QC,Les Maskoutains,CA-QC-MK
Canada,CA,Quebec,CA-QC,Pontiac,CA-QC-PN
Canada,CA,Quebec,CA-QC,Argenteuil,CA-QC-AG
Canada,CA,Quebec,CA-QC,La Nouvelle-Beauce,CA-QC-NB
Canada,CA,Quebec,CA-QC,La Vallée-de-la-Gatineau,CA-QC-VG
Canada,CA,Quebec,CA-QC,Les Jardins-de-Napierville,CA-QC-JN
Canada,CA,Quebec,CA-QC,L'Érable,CA-QC-ER
Canada,CA,Quebec,CA-QC,Maskinongé,CA-QC-MS
Canada,CA,Quebec,CA-QC,Maria-Chapdelaine,CA-QC-MC
Canada,CA,Quebec,CA-QC,Les Chenaux,CA-QC-LCH
Canada,CA,Quebec,CA-QC,La Mitis,CA-QC-MI
Canada,CA,Quebec,CA-QC,Brome-Missisquoi,CA-QC-BM
Canada,CA,Quebec,CA-QC,Le Fjord-du-Saguenay,CA-QC-FS
Canada,CA,Quebec,CA-QC,Lac-Saint-Jean-Est,CA-QC-LS
Canada,CA,Quebec,CA-QC,La Matapédia,CA-QC-MP
Canada,CA,Quebec,CA-QC,Mékinac,CA-QC-ME
Canada,CA,Quebec,CA-QC,Les Laurentides,CA-QC-LL
Canada,CA,Quebec,CA-QC,Kativik,CA-QC-NQ
Canada,CA,Quebec,CA-QC,Caniapiscau,CA-QC-CAN
Canada,CA,Quebec,CA-QC,Rivière-du-Loup,CA-QC-RL
Canada,CA,Quebec,CA-QC,Thérèse-De Blainville,CA-QC-TB
Canada,CA,Quebec,CA-QC,La Rivière-du-Nord,CA-QC-RD
Canada,CA,Quebec,CA-QC,La Côte-de-Gaspé,CA-QC-CG
Canada,CA,Quebec,CA-QC,Le Rocher-Percé,CA-QC-PB
Canada,CA,Quebec,CA-QC,La Côte-de-Beaupré,CA-QC-CB
Canada,CA,Quebec,CA-QC,Roussillon,CA-QC-RS
Canada,CA,Quebec,CA-QC,D'Autray,CA-QC-DA
Canada,CA,Quebec,CA-QC,Papineau,CA-QC-PP
Canada,CA,Quebec,CA-QC,L'Île-d'Orléans,CA-QC-IO
Canada,CA,Quebec,CA-QC,Le Domaine-du-Roy,CA-QC-DD
Canada,CA,Quebec,CA-QC,Portneuf,CA-QC-PR
Canada,CA,Quebec,CA-QC,Beauce-Centre,CA-QC-RC
Canada,CA,Quebec,CA-QC,Manicouagan,CA-QC-MN
Canada,CA,Quebec,CA-QC,Témiscouata,CA-QC-TT
Canada,CA,Quebec,CA-QC,Le Haut-Saint-François,CA-QC-HF
Canada,CA,Quebec,CA-QC,Marguerite-D'Youville,CA-QC-LJ
Canada,CA,Quebec,CA-QC,Les Appalaches,CA-QC-APP
Canada,CA,Quebec,CA-QC,Vaudreuil-Soulanges,CA-QC-VS
Canada,CA,Quebec,CA-QC,Le Val-Saint-François,CA-QC-VF
Canada,CA,Quebec,CA-QC,Pierre-De Saurel,CA-QC-BR
Canada,CA,Quebec,CA-QC,La Jacques-Cartier,CA-QC-JC
Canada,CA,Quebec,CA-QC,Rouville,CA-QC-RV
Canada,CA,Quebec,CA-QC,Rouyn-Noranda,CA-QC-RN
Canada,CA,Quebec,CA-QC,Le Granit,CA-QC-GR
Canada,CA,Quebec,CA-QC,La Haute-Côte-Nord,CA-QC-HC
Canada,CA,Quebec,CA-QC,Les Moulins,CA-QC-MU
Canada,CA,Quebec,CA-QC,Drummond,CA-QC-DU
Canada,CA,Quebec,CA-QC,Trois-Rivières,CA-QC-FR
Canada,CA,Quebec,CA-QC,Longueuil,CA-QC-CP
Canada,CA,Quebec,CA-QC,Jamésie,CA-QC-JAM
Canada,CA,Quebec,CA-QC,Lotbinière,CA-QC-LO
Canada,CA,Quebec,CA-QC,Sept-Rivières,CA-QC-SR
Canada,CA,Quebec,CA-QC,L'Assomption,CA-QC-AN
Canada,CA,Quebec,CA-QC,Les Basques,CA-QC-BA
Canada,CA,Quebec,CA-QC,L'Islet,CA-QC-IS
Canada,CA,Quebec,CA-QC,Kamouraska,CA-QC-KA
Canada,CA,Quebec,CA-QC,Les Îles-de-la-Madeleine,CA-QC-IM
Canada,CA,Quebec,CA-QC,Le Golfe-du-Saint-Laurent,CA-QC-GSL
Canada,CA,Quebec,CA-QC,Montréal,CA-QC-MR
Canada,CA,Quebec,CA-QC,Gatineau,CA-QC-OU
Canada,CA,Quebec,CA-QC,Charlevoix,CA-QC-CV
Canada,CA,Quebec,CA-QC,Laval,CA-QC-LV
Canada,CA,Quebec,CA-QC,La Haute-Yamaska,CA-QC-HY
Canada,CA,Quebec,CA-QC,Rimouski-Neigette,CA-QC-RM
Canada,CA,Quebec,CA-QC,Abitibi-Ouest,CA-QC-AO
Canada,CA,Quebec,CA-QC,Antoine-Labelle,CA-QC-AL
Canada,CA,Quebec,CA-QC,Sherbrooke,CA-QC-SH
Canada,CA,Quebec,CA-QC,Bellechasse,CA-QC-BL
Canada,CA,Quebec,CA-QC,Bonaventure,CA-QC-BO
Canada,CA,Quebec,CA-QC,Acton,CA-QC-AC
Canada,CA,Quebec,CA-QC,Saguenay,CA-QC-SAG
Canada,CA,Quebec,CA-QC,Beauharnois-Salaberry,CA-QC-BH
Canada,CA,Quebec,CA-QC,Québec,CA-QC-QU
Canada,CA,Quebec,CA-QC,Minganie,CA-QC-MB
Canada,CA,Quebec,CA-QC,Lévis,CA-QC-DE
Canada,CA,Quebec,CA-QC,Arthabaska,CA-QC-AT
Canada,CA,Quebec,CA-QC,Matawinie,CA-QC-MW
Canada,CA,Quebec,CA-QC,Shawinigan,CA-QC-CM
Canada,CA,Quebec,CA-QC,La Tuque,CA-QC-HM
Canada,CA,Quebec,CA-QC,Joliette,CA-QC-JO
Canada,CA,Quebec,CA-QC,Les Etchemins,CA-QC-ET
Canada,CA,Quebec,CA-QC,Memphrémagog,CA-QC-MG
Canada,CA,Quebec,CA-QC,Les Sources,CA-QC-AS
Canada,CA,Quebec,CA-QC,Les Pays-d'en-Haut,CA-QC-PH
Canada,CA,Quebec,CA-QC,Le Haut-Richelieu,CA-QC-HR
Canada,CA,Quebec,CA-QC,Charlevoix-Est,CA-QC-CE
Canada,CA,Quebec,CA-QC,Deux-Montagnes,CA-QC-DM
Canada,CA,Quebec,CA-QC,La Vallée-de-l'Or,CA-QC-VO
Canada,CA,Quebec,CA-QC,Mirabel,CA-QC-ML
Canada,CA,Quebec,CA-QC,Montmagny,CA-QC-MM
Canada,CA,Quebec,CA-QC,La Vallée-du-Richelieu,CA-QC-VR
Canada,CA,Quebec,CA-QC,La Matanie,CA-QC-MT
Canada,CA,Quebec,CA-QC,Coaticook,CA-QC-CT
Canada,CA,Quebec,CA-QC,Avignon,CA-QC-AV
Canada,CA,Quebec,CA-QC,Bécancour,CA-QC-BC
Canada,CA,Quebec,CA-QC,Les Collines-de-l'Outaouais,CA-QC-CO
Canada,CA,Quebec,CA-QC,Le Haut-Saint-Laurent,CA-QC-HL
Canada,CA,Quebec,CA-QC,Témiscamingue,CA-QC-TM
Canada,CA,Quebec,CA-QC,Beauce-Sartigan,CA-QC-BS
Canada,CA,Quebec,CA-QC,La Haute-Gaspésie,CA-QC-DR
Canada,CA,Nunavut,CA-NU,Keewatin,CA-NU-KV
Canada,CA,Nunavut,CA-NU,Baffin,CA-NU-QK
Canada,CA,Nunavut,CA-NU,Kitikmeot,CA-NU-KT
Canada,CA,British Columbia,CA-BC,Central Kootenay,CA-BC-CK
Canada,CA,British Columbia,CA-BC,Mount Waddington,CA-BC-MW
Canada,CA,British Columbia,CA-BC,Stikine,CA-BC-ST
Canada,CA,British Columbia,CA-BC,Peace River,CA-BC-PC
Canada,CA,British Columbia,CA-BC,Nanaimo,CA-BC-NA
Canada,CA,British Columbia,CA-BC,East Kootenay,CA-BC-EK
Canada,CA,British Columbia,CA-BC,Sunshine Coast,CA-BC-SC
Canada,CA,British Columbia,CA-BC,Fraser-Fort George,CA-BC-FF
Canada,CA,British Columbia,CA-BC,North Okanagan,CA-BC-NO
Canada,CA,British Columbia,CA-BC,Comox-Strathcona,CA-BC-CX
Canada,CA,British Columbia,CA-BC,Alberni-Clayoquot,CA-BC-AC
Canada,CA,British Columbia,CA-BC,Metro Vancouver,CA-BC-GV
Canada,CA,British Columbia,CA-BC,Central Coast,CA-BC-CC
Canada,CA,British Columbia,CA-BC,Powell River,CA-BC-PW
Canada,CA,British Columbia,CA-BC,Okanagan-Similkameen,CA-BC-OS
Canada,CA,British Columbia,CA-BC,Kitimat-Stikine,CA-BC-KS
Canada,CA,British Columbia,CA-BC,Thompson-Nicola,CA-BC-TN
Canada,CA,British Columbia,CA-BC,Fraser Valley,CA-BC-FV
Canada,CA,British Columbia,CA-BC,Columbia-Shuswap,CA-BC-CS
Canada,CA,British Columbia,CA-BC,Skeena-Queen Charlotte,CA-BC-SQ
Canada,CA,British Columbia,CA-BC,Cowichan Valley,CA-BC-CV
Canada,CA,British Columbia,CA-BC,Kootenay Boundary,CA-BC-KB
Canada,CA,British Columbia,CA-BC,Central Okanagan,CA-BC-CO
Canada,CA,British Columbia,CA-BC,Northern Rockies,CA-BC-NR
Canada,CA,British Columbia,CA-BC,Cariboo,CA-BC-CR
Canada,CA,British Columbia,CA-BC,Bulkley-Nechako,CA-BC-BN
Canada,CA,British Columbia,CA-BC,Capital,CA-BC-CP
Canada,CA,British Columbia,CA-BC,Squamish-Lillooet,CA-BC-SL
Canada,CA,Manitoba,CA-MB,North East Northern Region,CA-MB-NT
Canada,CA,Manitoba,CA-MB,Steinbach Area,CA-MB-TW
Canada,CA,Manitoba,CA-MB,South West Westman,CA-MB-FI
Canada,CA,Manitoba,CA-MB,Beausejour Area,CA-MB-TV
Canada,CA,Manitoba,CA-MB,South Interlake,CA-MB-FT
Canada,CA,Manitoba,CA-MB,Whitehorse Plains,CA-MB-TE
Canada,CA,Manitoba,CA-MB,Virden Area,CA-MB-SI
Canada,CA,Manitoba,CA-MB,Swan River,CA-MB-TT
Canada,CA,Manitoba,CA-MB,Western Manitoba Westman,CA-MB-FN
Canada,CA,Manitoba,CA-MB,Central Manitoba - Central Plains,CA-MB-EI
Canada,CA,Manitoba,CA-MB,Selkirk Area,CA-MB-TN
Canada,CA,Manitoba,CA-MB,Portage la Prairie Area,CA-MB-NI
Canada,CA,Manitoba,CA-MB,North Interlake Area,CA-MB-ET
Canada,CA,Manitoba,CA-MB,Eastern Manitoba - Eastman,CA-MB-ON
Canada,CA,Manitoba,CA-MB,Dauphin,CA-MB-SN
Canada,CA,Manitoba,CA-MB,Pilot Mound Area,CA-MB-FO
Canada,CA,Manitoba,CA-MB,Winnipeg,CA-MB-EL
Canada,CA,Manitoba,CA-MB,Flin Flon and North West,CA-MB-TO
Canada,CA,Manitoba,CA-MB,Pembina Valley,CA-MB-TR
Canada,CA,Manitoba,CA-MB,Thompson and North Central,CA-MB-TY
Canada,CA,Manitoba,CA-MB,Brandon Area,CA-MB-SE
Canada,CA,Manitoba,CA-MB,Roblin - Russell - Rossburn Area,CA-MB-ST
Canada,CA,Manitoba,CA-MB,Churchill and Northern Manitoba,CA-MB-EE
Canada,CA,Nova Scotia,CA-NS,Colchester,CA-NS-CO
Canada,CA,Nova Scotia,CA-NS,Kings,CA-NS-KI
Canada,CA,Nova Scotia,CA-NS,Cumberland,CA-NS-CU
Canada,CA,Nova Scotia,CA-NS,Pictou,CA-NS-PI
Canada,CA,Nova Scotia,CA-NS,Victoria,CA-NS-VI
Canada,CA,Nova Scotia,CA-NS,Halifax,CA-NS-HL
Canada,CA,Nova Scotia,CA-NS,Guysborough,CA-NS-GU
Canada,CA,Nova Scotia,CA-NS,Cape Breton,CA-NS-CB
Canada,CA,Nova Scotia,CA-NS,Antigonish,CA-NS-AG
Canada,CA,Nova Scotia,CA-NS,Richmond,CA-NS-RI
Canada,CA,Nova Scotia,CA-NS,Yarmouth,CA-NS-YA
Canada,CA,Nova Scotia,CA-NS,Annapolis,CA-NS-AP
Canada,CA,Nova Scotia,CA-NS,Digby,CA-NS-DI
Canada,CA,Nova Scotia,CA-NS,Shelburne,CA-NS-SH
Canada,CA,Nova Scotia,CA-NS,Inverness,CA-NS-IN
Canada,CA,Nova Scotia,CA-NS,Lunenburg,CA-NS-LU
Canada,CA,Nova Scotia,CA-NS,Hants,CA-NS-HN
Canada,CA,Nova Scotia,CA-NS,Queens,CA-NS-QU
Canada,CA,Saskatchewan,CA-SK,Regina,CA-SK-SI
Canada,CA,Saskatchewan,CA-SK,Saskatoon,CA-SK-EL
Canada,CA,Saskatchewan,CA-SK,Maple Creek,CA-SK-FO
Canada,CA,Saskatchewan,CA-SK,Estevan,CA-SK-ON
Canada,CA,Saskatchewan,CA-SK,Weyburn,CA-SK-TW
Canada,CA,Saskatchewan,CA-SK,Yorkton,CA-SK-NI
Canada,CA,Saskatchewan,CA-SK,North Battleford,CA-SK-ST
Canada,CA,Saskatchewan,CA-SK,La Ronge,CA-SK-ET
Canada,CA,Saskatchewan,CA-SK,Melfort,CA-SK-FT
Canada,CA,Saskatchewan,CA-SK,Kindersley,CA-SK-TN
Canada,CA,Saskatchewan,CA-SK,Prince Albert,CA-SK-FN
Canada,CA,Saskatchewan,CA-SK,Wynyard,CA-SK-TE
Canada,CA,Saskatchewan,CA-SK,Moose Jaw,CA-SK-SE
Canada,CA,Saskatchewan,CA-SK,Melville,CA-SK-FI
Canada,CA,Saskatchewan,CA-SK,Lloydminster,CA-SK-SN
Canada,CA,Saskatchewan,CA-SK,Swift Current,CA-SK-EI
Canada,CA,Saskatchewan,CA-SK,Assiniboia,CA-SK-TR
Canada,CA,Saskatchewan,CA-SK,Battleford,CA-SK-TV
Canada,CA,Ontario,CA-ON,Huron,CA-ON-HU
Canada,CA,Ontario,CA-ON,Sudbury,CA-ON-SB
Canada,CA,Ontario,CA-ON,Durham,CA-ON-DR
Canada,CA,Ontario,CA-ON,Frontenac,CA-ON-FR
Canada,CA,Ontario,CA-ON,Essex,CA-ON-ES
Canada,CA,Ontario,CA-ON,Waterloo,CA-ON-WT
Canada,CA,Ontario,CA-ON,Kenora,CA-ON-KR
Canada,CA,Ontario,CA-ON,Manitoulin,CA-ON-MA
Canada,CA,Ontario,CA-ON,Prescott and Russell,CA-ON-PR
Canada,CA,Ontario,CA-ON,Prince Edward,CA-ON-PE
Canada,CA,Ontario,CA-ON,Timiskaming,CA-ON-TI
Canada,CA,Ontario,CA-ON,Ottawa,CA-ON-OT
Canada,CA,Ontario,CA-ON,Lanark,CA-ON-LN
Canada,CA,Ontario,CA-ON,Cochrane,CA-ON-CO
Canada,CA,Ontario,CA-ON,Muskoka,CA-ON-MU
Canada,CA,Ontario,CA-ON,Parry Sound,CA-ON-PS
Canada,CA,Ontario,CA-ON,Peterborough,CA-ON-PB
Canada,CA,Ontario,CA-ON,Niagara,CA-ON-NG
Canada,CA,Ontario,CA-ON,Bruce,CA-ON-BC
Canada,CA,Ontario,CA-ON,Dufferin,CA-ON-DF
Canada,CA,Ontario,CA-ON,Algoma,CA-ON-AL
Canada,CA,Ontario,CA-ON,Norfolk,CA-ON-NF
Canada,CA,Ontario,CA-ON,Rainy River,CA-ON-RR
Canada,CA,Ontario,CA-ON,Chatham-Kent,CA-ON-KT
Canada,CA,Ontario,CA-ON,"Stormont, Dundas and Glengarry",CA-ON-SD
Canada,CA,Ontario,CA-ON,Grey,CA-ON-GR
Canada,CA,Ontario,CA-ON,Kawartha Lakes,CA-ON-VI
Canada,CA,Ontario,CA-ON,Peel,CA-ON-PL
Canada,CA,Ontario,CA-ON,Nipissing,CA-ON-NP
Canada,CA,Ontario,CA-ON,Middlesex,CA-ON-MI
Canada,CA,Ontario,CA-ON,Hastings,CA-ON-HS
Canada,CA,Ontario,CA-ON,Lambton,CA-ON-LM
Canada,CA,Ontario,CA-ON,Wellington,CA-ON-WL
Canada,CA,Ontario,CA-ON,Oxford,CA-ON-OX
Canada,CA,Ontario,CA-ON,Greater Sudbury,CA-ON-SU
Canada,CA,Ontario,CA-ON,Hamilton,CA-ON-HA
Canada,CA,Ontario,CA-ON,Toronto,CA-ON-TO
Canada,CA,Ontario,CA-ON,Halton,CA-ON-HT
Canada,CA,Ontario,CA-ON,Simcoe,CA-ON-SC
Canada,CA,Ontario,CA-ON,York,CA-ON-YO
Canada,CA,Ontario,CA-ON,Thunder Bay,CA-ON-TB
Canada,CA,Ontario,CA-ON,Lennox and Addington,CA-ON-LA
Canada,CA,Ontario,CA-ON,Elgin,CA-ON-EL
Canada,CA,Ontario,CA-ON,Haliburton,CA-ON-HB
Canada,CA,Ontario,CA-ON,Renfrew,CA-ON-RE
Canada,CA,Ontario,CA-ON,Northumberland,CA-ON-NU
Canada,CA,Ontario,CA-ON,Haldimand,CA-ON-HD
Canada,CA,Ontario,CA-ON,Leeds and Grenville,CA-ON-LG
Canada,CA,Ontario,CA-ON,Perth,CA-ON-PT
Canada,CA,Ontario,CA-ON,Brant,CA-ON-BN
Canada,CA,Newfoundland and Labrador,CA-NL,Northern Peninsula-St. Anthony,CA-NL-NI
Canada,CA,Newfoundland and Labrador,CA-NL,Avalon Peninsula-St. John's,CA-NL-ON
Canada,CA,Newfoundland and Labrador,CA-NL,Notre Dame Bay-Lewisporte,CA-NL-EI
Canada,CA,Newfoundland and Labrador,CA-NL,Central Newfoundland-Grand Falls-Windsor,CA-NL-SI
Canada,CA,Newfoundland and Labrador,CA-NL,Nunatsiavut-Nain,CA-NL-EL
Canada,CA,Newfoundland and Labrador,CA-NL,South Coast-Channel-Port aux Basques,CA-NL-TR
Canada,CA,Newfoundland and Labrador,CA-NL,Burin Peninsula-Marystown,CA-NL-TW
Canada,CA,Newfoundland and Labrador,CA-NL,Labrador-Happy Valley-Goose Bay,CA-NL-TE
Canada,CA,Newfoundland and Labrador,CA-NL,Humber District-Corner Brook,CA-NL-FI
Canada,CA,Newfoundland and Labrador,CA-NL,Bonavista/Trinity-Clarenville,CA-NL-SE
Canada,CA,Newfoundland and Labrador,CA-NL,St. George's-Stephenville,CA-NL-FO
Canada,CA,Yukon Territory,CA-YT,Yukon,CA-YT-YT
Canada,CA,Prince Edward Island,CA-PE,Kings,CA-PE-KI
Canada,CA,Prince Edward Island,CA-PE,Prince,CA-PE-PR
Canada,CA,Prince Edward Island,CA-PE,Queens,CA-PE-QU
Canada,CA,New Brunswick,CA-NB,Sunbury,CA-NB-SU
Canada,CA,New Brunswick,CA-NB,Kings,CA-NB-KI
Canada,CA,New Brunswick,CA-NB,Northumberland,CA-NB-NO
Canada,CA,New Brunswick,CA-NB,Albert,CA-NB-AL
Canada,CA,New Brunswick,CA-NB,Carleton,CA-NB-CA
Canada,CA,New Brunswick,CA-NB,Charlotte,CA-NB-CH
Canada,CA,New Brunswick,CA-NB,Saint John,CA-NB-SJ
Canada,CA,New Brunswick,CA-NB,York,CA-NB-YO
Canada,CA,New Brunswick,CA-NB,Kent,CA-NB-KE
Canada,CA,New Brunswick,CA-NB,Madawaska,CA-NB-MA
Canada,CA,New Brunswick,CA-NB,Restigouche,CA-NB-RE
Canada,CA,New Brunswick,CA-NB,Victoria,CA-NB-VI
Canada,CA,New Brunswick,CA-NB,Gloucester,CA-NB-GL
Canada,CA,New Brunswick,CA-NB,Westmorland,CA-NB-WE
Canada,CA,New Brunswick,CA-NB,Queens,CA-NB-QU
Canada,CA,Alberta,CA-AB,Lethbridge,CA-AB-TW
Canada,CA,Alberta,CA-AB,Hanna,CA-AB-FO
Canada,CA,Alberta,CA-AB,Banff,CA-AB-FN
Canada,CA,Alberta,CA-AB,Camrose-Lloydminister,CA-AB-TE
Canada,CA,Alberta,CA-AB,Slave Lake,CA-AB-SN
Canada,CA,Alberta,CA-AB,Edmonton,CA-AB-EL
Canada,CA,Alberta,CA-AB,Drumheller,CA-AB-FI
Canada,CA,Alberta,CA-AB,Stettler,CA-AB-SE
Canada,CA,Alberta,CA-AB,Fort MacLeod,CA-AB-TR
Canada,CA,Alberta,CA-AB,Edson,CA-AB-FT
Canada,CA,Alberta,CA-AB,Athabasca,CA-AB-TN
Canada,CA,Alberta,CA-AB,Medicine Hat,CA-AB-ON
Canada,CA,Alberta,CA-AB,Grande Cache,CA-AB-ET
Canada,CA,Alberta,CA-AB,Red Deer,CA-AB-EI
Canada,CA,Alberta,CA-AB,Grande Prairie,CA-AB-NT
Canada,CA,Alberta,CA-AB,St. Paul,CA-AB-TV
Canada,CA,Alberta,CA-AB,Calgary,CA-AB-SI
Canada,CA,Alberta,CA-AB,Fort McMurray,CA-AB-ST
Canada,CA,Alberta,CA-AB,Rocky Mountain House,CA-AB-NI
Canada,CA,Northwest Territories,CA-NT,Fort Smith,CA-NT-FS
Canada,CA,Northwest Territories,CA-NT,Inuvik,CA-NT-IN
Norfolk Island,NF,Norfolk Island,NF,Norfolk Island,NF
Bolivia,BO,Cochabamba,BO-C,Cochabamba,BO-C
Bolivia,BO,Potosí,BO-P,Potosí,BO-P
Bolivia,BO,Chuquisaca,BO-H,Chuquisaca,BO-H
Bolivia,BO,El Beni,BO-B,El Beni,BO-B
Bolivia,BO,Santa Cruz,BO-S,Santa Cruz,BO-S
Bolivia,BO,Oruro,BO-O,Oruro,BO-O
Bolivia,BO,Tarija,BO-T,Tarija,BO-T
Bolivia,BO,La Paz,BO-L,La Paz,BO-L
Bolivia,BO,Pando,BO-N,Pando,BO-N
Martinique,MQ,Martinique,MQ,Martinique,MQ
North Macedonia,MK,Centar,MK-814,Centar,MK-814
North Macedonia,MK,Veles,MK-101,Veles,MK-101
North Macedonia,MK,Čučer-Sandevo,MK-816,Čučer-Sandevo,MK-816
North Macedonia,MK,Aračinovo,MK-802,Aračinovo,MK-802
North Macedonia,MK,Demir Kapija,MK-103,Demir Kapija,MK-103
North Macedonia,MK,Staro Nagoričane,MK-706,Staro Nagoričane,MK-706
North Macedonia,MK,Vasilevo,MK-404,Vasilevo,MK-404
North Macedonia,MK,Berovo,MK-201,Berovo,MK-201
North Macedonia,MK,Brvenica,MK-602,Brvenica,MK-602
North Macedonia,MK,Lipkovo,MK-704,Lipkovo,MK-704
North Macedonia,MK,Želino,MK-605,Želino,MK-605
North Macedonia,MK,Rankovce,MK-705,Rankovce,MK-705
North Macedonia,MK,Sveti Nikole,MK-108,Sveti Nikole,MK-108
North Macedonia,MK,Karpoš,MK-808,Karpoš,MK-808
North Macedonia,MK,Vevčani,MK-301,Vevčani,MK-301
North Macedonia,MK,Kriva Palanka,MK-702,Kriva Palanka,MK-702
North Macedonia,MK,Zrnovci,MK-204,Zrnovci,MK-204
North Macedonia,MK,Gjorče Petrov,MK-805,Gjorče Petrov,MK-805
North Macedonia,MK,Mogila,MK-506,Mogila,MK-506
North Macedonia,MK,Butel,MK-803,Butel,MK-803
North Macedonia,MK,Struga,MK-312,Struga,MK-312
North Macedonia,MK,Gradsko,MK-102,Gradsko,MK-102
North Macedonia,MK,Aerodrom,MK-801,Aerodrom,MK-801
North Macedonia,MK,Konče,MK-407,Konče,MK-407
North Macedonia,MK,Kumanovo,MK-703,Kumanovo,MK-703
North Macedonia,MK,Jegunovce,MK-606,Jegunovce,MK-606
North Macedonia,MK,Bitola,MK-501,Bitola,MK-501
North Macedonia,MK,Gostivar,MK-604,Gostivar,MK-604
North Macedonia,MK,Bogovinje,MK-601,Bogovinje,MK-601
North Macedonia,MK,Krivogaštani,MK-504,Krivogaštani,MK-504
North Macedonia,MK,Kratovo,MK-701,Kratovo,MK-701
North Macedonia,MK,Ilinden,MK-807,Ilinden,MK-807
North Macedonia,MK,Kisela Voda,MK-809,Kisela Voda,MK-809
North Macedonia,MK,Karbinci,MK-205,Karbinci,MK-205
North Macedonia,MK,Gevgelija,MK-405,Gevgelija,MK-405
North Macedonia,MK,Ohrid,MK-310,Ohrid,MK-310
North Macedonia,MK,Prilep,MK-508,Prilep,MK-508
North Macedonia,MK,Kavadarci,MK-104,Kavadarci,MK-104
North Macedonia,MK,Demir Hisar,MK-502,Demir Hisar,MK-502
North Macedonia,MK,Zelenikovo,MK-806,Zelenikovo,MK-806
North Macedonia,MK,Mavrovo i Rostuše,MK-607,Mavrovo i Rostuše,MK-607
North Macedonia,MK,Vrapčište,MK-603,Vrapčište,MK-603
North Macedonia,MK,Gazi Baba,MK-804,Gazi Baba,MK-804
North Macedonia,MK,Čair,MK-815,Čair,MK-815
North Macedonia,MK,Tetovo,MK-609,Tetovo,MK-609
North Macedonia,MK,Kruševo,MK-505,Kruševo,MK-505
North Macedonia,MK,Delčevo,MK-203,Delčevo,MK-203
North Macedonia,MK,Probištip,MK-209,Probištip,MK-209
North Macedonia,MK,Petrovec,MK-810,Petrovec,MK-810
North Macedonia,MK,Studeničani,MK-813,Studeničani,MK-813
North Macedonia,MK,Pehčevo,MK-208,Pehčevo,MK-208
North Macedonia,MK,Dojran,MK-406,Dojran,MK-406
North Macedonia,MK,Sopište,MK-812,Sopište,MK-812
North Macedonia,MK,Šuto Orizari,MK-817,Šuto Orizari,MK-817
North Macedonia,MK,Negotino,MK-106,Negotino,MK-106
North Macedonia,MK,Saraj,MK-811,Saraj,MK-811
North Macedonia,MK,Kičevo,MK-307,Kičevo,MK-307
North Macedonia,MK,Rosoman,MK-107,Rosoman,MK-107
North Macedonia,MK,Bogdanci,MK-401,Bogdanci,MK-401
North Macedonia,MK,Dolneni,MK-503,Dolneni,MK-503
North Macedonia,MK,Češinovo-Obleševo,MK-210,Češinovo-Obleševo,MK-210
North Macedonia,MK,Štip,MK-211,Štip,MK-211
North Macedonia,MK,Centar Župa,MK-313,Centar Župa,MK-313
North Macedonia,MK,Debarca,MK-304,Debarca,MK-304
North Macedonia,MK,Čaška,MK-109,Čaška,MK-109
North Macedonia,MK,Plasnica,MK-311,Plasnica,MK-311
North Macedonia,MK,Vinica,MK-202,Vinica,MK-202
North Macedonia,MK,Radoviš,MK-409,Radoviš,MK-409
North Macedonia,MK,Tearce,MK-608,Tearce,MK-608
North Macedonia,MK,Strumica,MK-410,Strumica,MK-410
North Macedonia,MK,Resen,MK-509,Resen,MK-509
North Macedonia,MK,Kočani,MK-206,Kočani,MK-206
North Macedonia,MK,Lozovo,MK-105,Lozovo,MK-105
North Macedonia,MK,Debar,MK-303,Debar,MK-303
North Macedonia,MK,Makedonski Brod,MK-308,Makedonski Brod,MK-308
North Macedonia,MK,Novaci,MK-507,Novaci,MK-507
North Macedonia,MK,Bosilovo,MK-402,Bosilovo,MK-402
North Macedonia,MK,Valandovo,MK-403,Valandovo,MK-403
North Macedonia,MK,Novo Selo,MK-408,Novo Selo,MK-408
North Macedonia,MK,Makedonska Kamenica,MK-207,Makedonska Kamenica,MK-207
Armenia,AM,Širak,AM-SH,Širak,AM-SH
Armenia,AM,Erevan,AM-ER,Erevan,AM-ER
Armenia,AM,Vayoc Jor,AM-VD,Vayoc Jor,AM-VD
Armenia,AM,Ararat,AM-AR,Ararat,AM-AR
Armenia,AM,Gegark'unik',AM-GR,Gegark'unik',AM-GR
Armenia,AM,Aragatsotn,AM-AG,Aragatsotn,AM-AG
Armenia,AM,Armavir,AM-AV,Armavir,AM-AV
Armenia,AM,Tavuš,AM-TV,Tavuš,AM-TV
Armenia,AM,Lorri,AM-LO,Lorri,AM-LO
Armenia,AM,Kotayk',AM-KT,Kotayk',AM-KT
Armenia,AM,Syunik',AM-SU,Syunik',AM-SU
Mayotte,YT,Mayotte,YT,Mayotte,YT
Solomon Islands,SB,Western,SB-WE,Western,SB-WE
Solomon Islands,SB,Isabel,SB-IS,Isabel,SB-IS
Solomon Islands,SB,Malaita,SB-ML,Malaita,SB-ML
Solomon Islands,SB,Rennell and Bellona,SB-RB,Rennell and Bellona,SB-RB
Solomon Islands,SB,Makira-Ulawa,SB-MK,Makira-Ulawa,SB-MK
Solomon Islands,SB,Temotu,SB-TE,Temotu,SB-TE
Solomon Islands,SB,Guadalcanal,SB-GU,Guadalcanal,SB-GU
Solomon Islands,SB,Choiseul,SB-CH,Choiseul,SB-CH
Solomon Islands,SB,Capital Territory (Honiara),SB-CT,Capital Territory (Honiara),SB-CT
Solomon Islands,SB,Central,SB-CE,Central,SB-CE
Belize,BZ,Belize,BZ-BZ,Belize,BZ-BZ
Belize,BZ,Stann Creek,BZ-SC,Stann Creek,BZ-SC
Belize,BZ,Cayo,BZ-CY,Cayo,BZ-CY
Belize,BZ,Orange Walk,BZ-OW,Orange Walk,BZ-OW
Belize,BZ,Toledo,BZ-TOL,Toledo,BZ-TOL
Belize,BZ,Corozal,BZ-CZL,Corozal,BZ-CZL
Bhutan,BT,Punakha,BT-23,Punakha,BT-23
Bhutan,BT,Chhukha,BT-12,Chhukha,BT-12
Bhutan,BT,Trashigang,BT-41,Trashigang,BT-41
Bhutan,BT,Wangdue Phodrang,BT-24,Wangdue Phodrang,BT-24
Bhutan,BT,Gasa,BT-GA,Gasa,BT-GA
Bhutan,BT,Dagana,BT-22,Dagana,BT-22
Bhutan,BT,Monggar,BT-42,Monggar,BT-42
Bhutan,BT,Trashi Yangtse,BT-TY,Trashi Yangtse,BT-TY
Bhutan,BT,Paro,BT-11,Paro,BT-11
Bhutan,BT,Bumthang,BT-33,Bumthang,BT-33
Bhutan,BT,Zhemgang,BT-34,Zhemgang,BT-34
Bhutan,BT,Thimphu,BT-15,Thimphu,BT-15
Bhutan,BT,Lhuentse,BT-44,Lhuentse,BT-44
Bhutan,BT,Sarpang,BT-31,Sarpang,BT-31
Bhutan,BT,Tsirang,BT-21,Tsirang,BT-21
Bhutan,BT,Samdrup Jongkha,BT-45,Samdrup Jongkha,BT-45
Bhutan,BT,Pemagatshel,BT-43,Pemagatshel,BT-43
Bhutan,BT,Trongsa,BT-32,Trongsa,BT-32
Bhutan,BT,Ha,BT-13,Ha,BT-13
Bhutan,BT,Samtse,BT-14,Samtse,BT-14
Dominica,DM,Saint John,DM-05,Saint John,DM-05
Dominica,DM,Saint George,DM-04,Saint George,DM-04
Dominica,DM,Saint David,DM-03,Saint David,DM-03
Dominica,DM,Saint Patrick,DM-09,Saint Patrick,DM-09
Dominica,DM,Saint Luke,DM-07,Saint Luke,DM-07
Dominica,DM,Saint Andrew,DM-02,Saint Andrew,DM-02
Dominica,DM,Saint Mark,DM-08,Saint Mark,DM-08
Dominica,DM,Saint Paul,DM-10,Saint Paul,DM-10
Dominica,DM,Saint Peter,DM-11,Saint Peter,DM-11
Dominica,DM,Saint Joseph,DM-06,Saint Joseph,DM-06
Sri Lanka,LK,Anuradhapura,LK-71,Medawachchiya,LK-71-009
Sri Lanka,LK,Anuradhapura,LK-71,Thalawa,LK-71-020
Sri Lanka,LK,Anuradhapura,LK-71,Palugaswewa,LK-71-017
Sri Lanka,LK,Anuradhapura,LK-71,Padaviya,LK-71-015
Sri Lanka,LK,Anuradhapura,LK-71,Galenbindunuwewa,LK-71-001
Sri Lanka,LK,Anuradhapura,LK-71,Maha Vilachchiya,LK-71-008
Sri Lanka,LK,Anuradhapura,LK-71,Mihinthale,LK-71-010
Sri Lanka,LK,Anuradhapura,LK-71,Horowpothana,LK-71-003
Sri Lanka,LK,Anuradhapura,LK-71,Kekirawa,LK-71-007
Sri Lanka,LK,Anuradhapura,LK-71,Thirappane,LK-71-022
Sri Lanka,LK,Anuradhapura,LK-71,N. Palatha East,LK-71-012
Sri Lanka,LK,Anuradhapura,LK-71,Nachchaduwa,LK-71-013
Sri Lanka,LK,Anuradhapura,LK-71,N. Palatha Central,LK-71-011
Sri Lanka,LK,Anuradhapura,LK-71,Kebithigollewa,LK-71-006
Sri Lanka,LK,Anuradhapura,LK-71,Ipalogama,LK-71-004
Sri Lanka,LK,Anuradhapura,LK-71,Palagala,LK-71-016
Sri Lanka,LK,Anuradhapura,LK-71,Galnewa,LK-71-002
Sri Lanka,LK,Anuradhapura,LK-71,Thambuttegama,LK-71-021
Sri Lanka,LK,Anuradhapura,LK-71,Rajanganaya,LK-71-018
Sri Lanka,LK,Anuradhapura,LK-71,Kahatagasdigiliya,LK-71-005
Sri Lanka,LK,Anuradhapura,LK-71,Nochchiyagama,LK-71-014
Sri Lanka,LK,Anuradhapura,LK-71,Rambewa,LK-71-019
Sri Lanka,LK,Kurunegala,LK-61,Ganewatta,LK-61-007
Sri Lanka,LK,Kurunegala,LK-61,Nikaweratiya,LK-61-021
Sri Lanka,LK,Kurunegala,LK-61,Kuliyapitiya East,LK-61-013
Sri Lanka,LK,Kurunegala,LK-61,Katupotha,LK-61-010
Sri Lanka,LK,Kurunegala,LK-61,Kotavehera,LK-61-012
Sri Lanka,LK,Kurunegala,LK-61,Maspotha,LK-61-018
Sri Lanka,LK,Kurunegala,LK-61,Kurunegala,LK-61-015
Sri Lanka,LK,Kurunegala,LK-61,Weerambugedara,LK-61-030
Sri Lanka,LK,Kurunegala,LK-61,Ehetuwewa,LK-61-005
Sri Lanka,LK,Kurunegala,LK-61,Narammala,LK-61-020
Sri Lanka,LK,Kurunegala,LK-61,Panduwasnuwara,LK-61-022
Sri Lanka,LK,Kurunegala,LK-61,Polgahawela,LK-61-024
Sri Lanka,LK,Kurunegala,LK-61,Alawwa,LK-61-001
Sri Lanka,LK,Kurunegala,LK-61,Ridigama,LK-61-027
Sri Lanka,LK,Kurunegala,LK-61,Ibbagamuwa,LK-61-009
Sri Lanka,LK,Kurunegala,LK-61,Mallawapitiya,LK-61-017
Sri Lanka,LK,Kurunegala,LK-61,Giribawa,LK-61-008
Sri Lanka,LK,Kurunegala,LK-61,Bamunakotuwa,LK-61-003
Sri Lanka,LK,Kurunegala,LK-61,Udubaddawa,LK-61-028
Sri Lanka,LK,Kurunegala,LK-61,Pannala,LK-61-023
Sri Lanka,LK,Kurunegala,LK-61,Mawathagama,LK-61-019
Sri Lanka,LK,Kurunegala,LK-61,Wariyapola,LK-61-029
Sri Lanka,LK,Kurunegala,LK-61,Bingiriya,LK-61-004
Sri Lanka,LK,Kurunegala,LK-61,Kobeigane,LK-61-011
Sri Lanka,LK,Kurunegala,LK-61,Ambanpola,LK-61-002
Sri Lanka,LK,Kurunegala,LK-61,Mahawa,LK-61-016
Sri Lanka,LK,Kurunegala,LK-61,Polpithigama,LK-61-025
Sri Lanka,LK,Kurunegala,LK-61,Rasnayakapura,LK-61-026
Sri Lanka,LK,Kurunegala,LK-61,Galgamuwa,LK-61-006
Sri Lanka,LK,Kurunegala,LK-61,Kuliyapitiya West,LK-61-014
Sri Lanka,LK,Ampara,LK-52,Ampara,LK-52-004
Sri Lanka,LK,Ampara,LK-52,Ninthavur,LK-52-013
Sri Lanka,LK,Ampara,LK-52,Uhana,LK-52-019
Sri Lanka,LK,Ampara,LK-52,Padiyathalawa,LK-52-014
Sri Lanka,LK,Ampara,LK-52,Pothuvil,LK-52-015
Sri Lanka,LK,Ampara,LK-52,Thirukkovil,LK-52-018
Sri Lanka,LK,Ampara,LK-52,Addalachchenai,LK-52-001
Sri Lanka,LK,Ampara,LK-52,Damana,LK-52-005
Sri Lanka,LK,Ampara,LK-52,Mahaoya,LK-52-011
Sri Lanka,LK,Ampara,LK-52,Alayadiwembu,LK-52-003
Sri Lanka,LK,Ampara,LK-52,Navithanveli,LK-52-012
Sri Lanka,LK,Ampara,LK-52,Eragama,LK-52-007
Sri Lanka,LK,Ampara,LK-52,Sainthamarathu,LK-52-016
Sri Lanka,LK,Ampara,LK-52,Dehiattakandiya,LK-52-006
Sri Lanka,LK,Ampara,LK-52,Karativu,LK-52-009
Sri Lanka,LK,Ampara,LK-52,Sammanthurai,LK-52-017
Sri Lanka,LK,Ampara,LK-52,Kalmunai,LK-52-008
Sri Lanka,LK,Ampara,LK-52,Akkaraipattu,LK-52-002
Sri Lanka,LK,Ampara,LK-52,Lahugala,LK-52-010
Sri Lanka,LK,Vavuniya,LK-44,Vavuniya,LK-44-001
Sri Lanka,LK,Vavuniya,LK-44,Vengalacheddiculam,LK-44-004
Sri Lanka,LK,Vavuniya,LK-44,Vavuniya North,LK-44-002
Sri Lanka,LK,Vavuniya,LK-44,Vavuniya South,LK-44-003
Sri Lanka,LK,Matara,LK-32,Akuressa,LK-32-001
Sri Lanka,LK,Matara,LK-32,Weligama,LK-32-015
Sri Lanka,LK,Matara,LK-32,Malimbada,LK-32-009
Sri Lanka,LK,Matara,LK-32,Matara Four Gravets,LK-32-010
Sri Lanka,LK,Matara,LK-32,Athuraliya,LK-32-002
Sri Lanka,LK,Matara,LK-32,Pitabeddara,LK-32-013
Sri Lanka,LK,Matara,LK-32,Kamburupitiya,LK-32-006
Sri Lanka,LK,Matara,LK-32,Mulatiyana,LK-32-011
Sri Lanka,LK,Matara,LK-32,Kotapola,LK-32-008
Sri Lanka,LK,Matara,LK-32,Welipitiya,LK-32-016
Sri Lanka,LK,Matara,LK-32,Devinuwara,LK-32-003
Sri Lanka,LK,Matara,LK-32,Pasgoda,LK-32-012
Sri Lanka,LK,Matara,LK-32,Hakmana,LK-32-005
Sri Lanka,LK,Matara,LK-32,Thihagoda,LK-32-014
Sri Lanka,LK,Matara,LK-32,Kirinda-Puhulwella,LK-32-007
Sri Lanka,LK,Matara,LK-32,Dickwella,LK-32-004
Sri Lanka,LK,Gampaha,LK-12,Ja-Ela,LK-12-006
Sri Lanka,LK,Gampaha,LK-12,Mahara,LK-12-009
Sri Lanka,LK,Gampaha,LK-12,Mirigama,LK-12-011
Sri Lanka,LK,Gampaha,LK-12,Minuwangoda,LK-12-010
Sri Lanka,LK,Gampaha,LK-12,Gampaha,LK-12-005
Sri Lanka,LK,Gampaha,LK-12,Attanagalla,LK-12-001
Sri Lanka,LK,Gampaha,LK-12,Kelaniya,LK-12-008
Sri Lanka,LK,Gampaha,LK-12,Dompe,LK-12-004
Sri Lanka,LK,Gampaha,LK-12,Negombo,LK-12-012
Sri Lanka,LK,Gampaha,LK-12,Katana,LK-12-007
Sri Lanka,LK,Gampaha,LK-12,Wattala,LK-12-013
Sri Lanka,LK,Gampaha,LK-12,Divulapitiya,LK-12-003
Sri Lanka,LK,Gampaha,LK-12,Biyagama,LK-12-002
Sri Lanka,LK,Matale,LK-22,Yatawatta,LK-22-011
Sri Lanka,LK,Matale,LK-22,Ukuwela,LK-22-009
Sri Lanka,LK,Matale,LK-22,Galewela,LK-22-003
Sri Lanka,LK,Matale,LK-22,Rattota,LK-22-008
Sri Lanka,LK,Matale,LK-22,Laggala-Pallegama,LK-22-004
Sri Lanka,LK,Matale,LK-22,Matale,LK-22-005
Sri Lanka,LK,Matale,LK-22,Pallepola,LK-22-007
Sri Lanka,LK,Matale,LK-22,Dambulla,LK-22-002
Sri Lanka,LK,Matale,LK-22,Wilgamuwa,LK-22-010
Sri Lanka,LK,Matale,LK-22,Naula,LK-22-006
Sri Lanka,LK,Matale,LK-22,Ambanganga Korale,LK-22-001
Sri Lanka,LK,Mullaittivu,LK-45,Thunukkai,LK-45-005
Sri Lanka,LK,Mullaittivu,LK-45,Puthukudiyiruppu,LK-45-004
Sri Lanka,LK,Mullaittivu,LK-45,Maritimepattu,LK-45-002
Sri Lanka,LK,Mullaittivu,LK-45,Oddusuddan,LK-45-003
Sri Lanka,LK,Mullaittivu,LK-45,Manthai East,LK-45-001
Sri Lanka,LK,Hambantota,LK-33,Thissamaharama,LK-33-010
Sri Lanka,LK,Hambantota,LK-33,Lunugamvehera,LK-33-006
Sri Lanka,LK,Hambantota,LK-33,Okewela,LK-33-007
Sri Lanka,LK,Hambantota,LK-33,Weeraketiya,LK-33-011
Sri Lanka,LK,Hambantota,LK-33,Beliatta,LK-33-003
Sri Lanka,LK,Hambantota,LK-33,Hambantota,LK-33-004
Sri Lanka,LK,Hambantota,LK-33,Ambalantota,LK-33-001
Sri Lanka,LK,Hambantota,LK-33,Katuwana,LK-33-005
Sri Lanka,LK,Hambantota,LK-33,Tangalle,LK-33-009
Sri Lanka,LK,Hambantota,LK-33,Sooriyawewa,LK-33-008
Sri Lanka,LK,Hambantota,LK-33,Angunakolapelessa,LK-33-002
Sri Lanka,LK,Polonnaruwa,LK-72,Hingurakgoda,LK-72-003
Sri Lanka,LK,Polonnaruwa,LK-72,Lankapura,LK-72-004
Sri Lanka,LK,Polonnaruwa,LK-72,Thamankaduwa,LK-72-006
Sri Lanka,LK,Polonnaruwa,LK-72,Welikanda,LK-72-007
Sri Lanka,LK,Polonnaruwa,LK-72,Dimbulagala,LK-72-001
Sri Lanka,LK,Polonnaruwa,LK-72,Elahera,LK-72-002
Sri Lanka,LK,Polonnaruwa,LK-72,Medirigiriya,LK-72-005
Sri Lanka,LK,Batticaloa,LK-51,Manmunai Pattu (Araipattai),LK-51-008
Sri Lanka,LK,Batticaloa,LK-51,Manmunai West,LK-51-011
Sri Lanka,LK,Batticaloa,LK-51,Eravur Town,LK-51-002
Sri Lanka,LK,Batticaloa,LK-51,Koralai Pattu West (Oddamavadi),LK-51-006
Sri Lanka,LK,Batticaloa,LK-51,Koralai Pattu (Valachchenai),LK-51-004
Sri Lanka,LK,Batticaloa,LK-51,Manmunai North,LK-51-007
Sri Lanka,LK,Batticaloa,LK-51,Eravur Pattu,LK-51-001
Sri Lanka,LK,Batticaloa,LK-51,Manmunai South-West,LK-51-010
Sri Lanka,LK,Batticaloa,LK-51,Porativu Pattu,LK-51-012
Sri Lanka,LK,Batticaloa,LK-51,Kattankudy,LK-51-003
Sri Lanka,LK,Batticaloa,LK-51,Manmunai South and Eruvilpattu,LK-51-009
Sri Lanka,LK,Batticaloa,LK-51,Koralai Pattu North,LK-51-005
Sri Lanka,LK,Kilinochchi,LK-42,Poonakary,LK-42-004
Sri Lanka,LK,Kilinochchi,LK-42,Pachchilaipalli,LK-42-003
Sri Lanka,LK,Kilinochchi,LK-42,Karachchi,LK-42-002
Sri Lanka,LK,Kilinochchi,LK-42,Kandavalai,LK-42-001
Sri Lanka,LK,Kalutara,LK-13,Panadura,LK-13-013
Sri Lanka,LK,Kalutara,LK-13,Horana,LK-13-006
Sri Lanka,LK,Kalutara,LK-13,Dodangoda,LK-13-005
Sri Lanka,LK,Kalutara,LK-13,Millaniya,LK-13-011
Sri Lanka,LK,Kalutara,LK-13,Mathugama,LK-13-010
Sri Lanka,LK,Kalutara,LK-13,Ingiriya,LK-13-007
Sri Lanka,LK,Kalutara,LK-13,Bulathsinhala,LK-13-004
Sri Lanka,LK,Kalutara,LK-13,Kalutara,LK-13-008
Sri Lanka,LK,Kalutara,LK-13,Agalawatta,LK-13-001
Sri Lanka,LK,Kalutara,LK-13,Bandaragama,LK-13-002
Sri Lanka,LK,Kalutara,LK-13,Palindanuwara,LK-13-012
Sri Lanka,LK,Kalutara,LK-13,Beruwala,LK-13-003
Sri Lanka,LK,Kalutara,LK-13,Madurawala,LK-13-009
Sri Lanka,LK,Kalutara,LK-13,Walallawita,LK-13-014
Sri Lanka,LK,Colombo,LK-11,Thimbirigasyaya,LK-11-012
Sri Lanka,LK,Colombo,LK-11,Hanwella,LK-11-003
Sri Lanka,LK,Colombo,LK-11,Moratuwa,LK-11-009
Sri Lanka,LK,Colombo,LK-11,Colombo,LK-11-001
Sri Lanka,LK,Colombo,LK-11,Maharagama,LK-11-008
Sri Lanka,LK,Colombo,LK-11,Kaduwela,LK-11-005
Sri Lanka,LK,Colombo,LK-11,Kesbewa,LK-11-006
Sri Lanka,LK,Colombo,LK-11,Sri Jayawardanapura Kotte,LK-11-011
Sri Lanka,LK,Colombo,LK-11,Homagama,LK-11-004
Sri Lanka,LK,Colombo,LK-11,Kolonnawa,LK-11-007
Sri Lanka,LK,Colombo,LK-11,Dehiwala-Mount Lavinia,LK-11-002
Sri Lanka,LK,Colombo,LK-11,Padukka,LK-11-010
Sri Lanka,LK,Kandy,LK-21,Kundasale,LK-21-008
Sri Lanka,LK,Kandy,LK-21,Pathadumbara,LK-21-013
Sri Lanka,LK,Kandy,LK-21,Poojapitiya,LK-21-015
Sri Lanka,LK,Kandy,LK-21,Pathahewaheta,LK-21-014
Sri Lanka,LK,Kandy,LK-21,Pasbage Korale,LK-21-012
Sri Lanka,LK,Kandy,LK-21,Hatharaliyadda,LK-21-006
Sri Lanka,LK,Kandy,LK-21,Thumpane,LK-21-016
Sri Lanka,LK,Kandy,LK-21,Udapalatha,LK-21-018
Sri Lanka,LK,Kandy,LK-21,Udadumbara,LK-21-017
Sri Lanka,LK,Kandy,LK-21,Udunuwara,LK-21-019
Sri Lanka,LK,Kandy,LK-21,K.F.G. & G. Korale,LK-21-007
Sri Lanka,LK,Kandy,LK-21,Yatinuwara,LK-21-020
Sri Lanka,LK,Kandy,LK-21,Ganga Ihala Korale,LK-21-004
Sri Lanka,LK,Kandy,LK-21,Panvila,LK-21-011
Sri Lanka,LK,Kandy,LK-21,Harispattuwa,LK-21-005
Sri Lanka,LK,Kandy,LK-21,Akurana,LK-21-001
Sri Lanka,LK,Kandy,LK-21,Medadumbara,LK-21-009
Sri Lanka,LK,Kandy,LK-21,Doluwa,LK-21-003
Sri Lanka,LK,Kandy,LK-21,Delthota,LK-21-002
Sri Lanka,LK,Kandy,LK-21,Minipe,LK-21-010
Sri Lanka,LK,Monaragala,LK-82,Buttala,LK-82-003
Sri Lanka,LK,Monaragala,LK-82,Thanamalvila,LK-82-010
Sri Lanka,LK,Monaragala,LK-82,Medagama,LK-82-006
Sri Lanka,LK,Monaragala,LK-82,Wellawaya,LK-82-011
Sri Lanka,LK,Monaragala,LK-82,Bibile,LK-82-002
Sri Lanka,LK,Monaragala,LK-82,Siyambalanduwa,LK-82-009
Sri Lanka,LK,Monaragala,LK-82,Sevanagala,LK-82-008
Sri Lanka,LK,Monaragala,LK-82,Badalkumbura,LK-82-001
Sri Lanka,LK,Monaragala,LK-82,Katharagama,LK-82-004
Sri Lanka,LK,Monaragala,LK-82,Moneragala,LK-82-007
Sri Lanka,LK,Monaragala,LK-82,Madulla,LK-82-005
Sri Lanka,LK,Badulla,LK-81,Bandarawela,LK-81-002
Sri Lanka,LK,Badulla,LK-81,Hildummulla,LK-81-006
Sri Lanka,LK,Badulla,LK-81,Badulla,LK-81-001
Sri Lanka,LK,Badulla,LK-81,Passara,LK-81-011
Sri Lanka,LK,Badulla,LK-81,Uva Paranagama,LK-81-014
Sri Lanka,LK,Badulla,LK-81,Lunugala,LK-81-008
Sri Lanka,LK,Badulla,LK-81,Ella,LK-81-003
Sri Lanka,LK,Badulla,LK-81,Welimada,LK-81-015
Sri Lanka,LK,Badulla,LK-81,Haputale,LK-81-005
Sri Lanka,LK,Badulla,LK-81,Meegahakivula,LK-81-010
Sri Lanka,LK,Badulla,LK-81,Rideemaliyadda,LK-81-012
Sri Lanka,LK,Badulla,LK-81,Mahiyanganaya,LK-81-009
Sri Lanka,LK,Badulla,LK-81,Soranathota,LK-81-013
Sri Lanka,LK,Badulla,LK-81,Kandaketiya,LK-81-007
Sri Lanka,LK,Badulla,LK-81,Hali-Ela,LK-81-004
Sri Lanka,LK,Jaffna,LK-41,Delft,LK-41-001
Sri Lanka,LK,Jaffna,LK-41,Valikamam West,LK-41-014
Sri Lanka,LK,Jaffna,LK-41,Valikamam South-West,LK-41-013
Sri Lanka,LK,Jaffna,LK-41,Valikamam South,LK-41-012
Sri Lanka,LK,Jaffna,LK-41,Vadamaradchy East,LK-41-008
Sri Lanka,LK,Jaffna,LK-41,Valikamam North,LK-41-011
Sri Lanka,LK,Jaffna,LK-41,Vadamaradchy North,LK-41-009
Sri Lanka,LK,Jaffna,LK-41,Island South (Velanai),LK-41-002
Sri Lanka,LK,Jaffna,LK-41,Thenmaradchy (Chavakachcheri),LK-41-006
Sri Lanka,LK,Jaffna,LK-41,Valikamam East,LK-41-010
Sri Lanka,LK,Jaffna,LK-41,Islands North (Kayts),LK-41-003
Sri Lanka,LK,Jaffna,LK-41,Nallur,LK-41-005
Sri Lanka,LK,Jaffna,LK-41,Jaffna,LK-41-004
Sri Lanka,LK,Jaffna,LK-41,Vadamaradchi South-West,LK-41-007
Sri Lanka,LK,Trincomalee,LK-53,Thampalakamam,LK-53-009
Sri Lanka,LK,Trincomalee,LK-53,Verugal,LK-53-011
Sri Lanka,LK,Trincomalee,LK-53,Trincomalee Town and Gravets,LK-53-010
Sri Lanka,LK,Trincomalee,LK-53,Padavi Sri Pura,LK-53-007
Sri Lanka,LK,Trincomalee,LK-53,Gomarankadawala,LK-53-001
Sri Lanka,LK,Trincomalee,LK-53,Kuchchaveli,LK-53-004
Sri Lanka,LK,Trincomalee,LK-53,Seruvila,LK-53-008
Sri Lanka,LK,Trincomalee,LK-53,Muttur,LK-53-006
Sri Lanka,LK,Trincomalee,LK-53,Morawewa,LK-53-005
Sri Lanka,LK,Trincomalee,LK-53,Kanthalai,LK-53-002
Sri Lanka,LK,Trincomalee,LK-53,Kinniya,LK-53-003
Sri Lanka,LK,Galle,LK-31,Nagoda,LK-31-013
Sri Lanka,LK,Galle,LK-31,Neluwa,LK-31-014
Sri Lanka,LK,Galle,LK-31,Bope-Poddala,LK-31-006
Sri Lanka,LK,Galle,LK-31,Thawalama,LK-31-016
Sri Lanka,LK,Galle,LK-31,Galle Four Gravets,LK-31-008
Sri Lanka,LK,Galle,LK-31,Imaduwa,LK-31-011
Sri Lanka,LK,Galle,LK-31,Hikkaduwa,LK-31-010
Sri Lanka,LK,Galle,LK-31,Baddegama,LK-31-003
Sri Lanka,LK,Galle,LK-31,Yakkalamulla,LK-31-018
Sri Lanka,LK,Galle,LK-31,Karandeniya,LK-31-012
Sri Lanka,LK,Galle,LK-31,Bentota,LK-31-005
Sri Lanka,LK,Galle,LK-31,Niyagama,LK-31-015
Sri Lanka,LK,Galle,LK-31,Welivitiya-Divithura,LK-31-017
Sri Lanka,LK,Galle,LK-31,Elpitiya,LK-31-007
Sri Lanka,LK,Galle,LK-31,Ambalangoda,LK-31-002
Sri Lanka,LK,Galle,LK-31,Akmeemana,LK-31-001
Sri Lanka,LK,Galle,LK-31,Balapitiya,LK-31-004
Sri Lanka,LK,Galle,LK-31,Habaraduwa,LK-31-009
Sri Lanka,LK,Mannar,LK-43,Musali,LK-43-004
Sri Lanka,LK,Mannar,LK-43,Manthai West,LK-43-003
Sri Lanka,LK,Mannar,LK-43,Nanaddan,LK-43-005
Sri Lanka,LK,Mannar,LK-43,Madhu,LK-43-001
Sri Lanka,LK,Mannar,LK-43,Mannar Town,LK-43-002
Sri Lanka,LK,Nuwara,LK-23,Hanguranketha,LK-23-002
Sri Lanka,LK,Nuwara,LK-23,Walapane,LK-23-005
Sri Lanka,LK,Nuwara,LK-23,Nuwara Eliya,LK-23-004
Sri Lanka,LK,Nuwara,LK-23,Ambagamuwa,LK-23-001
Sri Lanka,LK,Nuwara,LK-23,Kothmale,LK-23-003
Sri Lanka,LK,Puttalam,LK-62,Puttalam,LK-62-014
Sri Lanka,LK,Puttalam,LK-62,Wennappuwa,LK-62-016
Sri Lanka,LK,Puttalam,LK-62,Mahakumbukkadawala,LK-62-008
Sri Lanka,LK,Puttalam,LK-62,Karuwalagaswewa,LK-62-006
Sri Lanka,LK,Puttalam,LK-62,Kalpitiya,LK-62-005
Sri Lanka,LK,Puttalam,LK-62,Wanathavilluwa,LK-62-015
Sri Lanka,LK,Puttalam,LK-62,Nattandiya,LK-62-011
Sri Lanka,LK,Puttalam,LK-62,Chilaw,LK-62-003
Sri Lanka,LK,Puttalam,LK-62,Arachchikattuwa,LK-62-002
Sri Lanka,LK,Puttalam,LK-62,Mundalama,LK-62-010
Sri Lanka,LK,Puttalam,LK-62,Anamaduwa,LK-62-001
Sri Lanka,LK,Puttalam,LK-62,Nawagattegama,LK-62-012
Sri Lanka,LK,Puttalam,LK-62,Madampe,LK-62-007
Sri Lanka,LK,Puttalam,LK-62,Mahawewa,LK-62-009
Sri Lanka,LK,Puttalam,LK-62,Pallama,LK-62-013
Sri Lanka,LK,Puttalam,LK-62,Dankotuwa,LK-62-004
Sri Lanka,LK,Kegalla,LK-92,Warakapola,LK-92-010
Sri Lanka,LK,Kegalla,LK-92,Mawanella,LK-92-007
Sri Lanka,LK,Kegalla,LK-92,Bulathkohupitiya,LK-92-002
Sri Lanka,LK,Kegalla,LK-92,Dehiovita,LK-92-003
Sri Lanka,LK,Kegalla,LK-92,Aranayaka,LK-92-001
Sri Lanka,LK,Kegalla,LK-92,Kegalle,LK-92-006
Sri Lanka,LK,Kegalla,LK-92,Yatiyanthota,LK-92-011
Sri Lanka,LK,Kegalla,LK-92,Deraniyagala,LK-92-004
Sri Lanka,LK,Kegalla,LK-92,Ruwanwella,LK-92-009
Sri Lanka,LK,Kegalla,LK-92,Galigamuwa,LK-92-005
Sri Lanka,LK,Kegalla,LK-92,Rambukkana,LK-92-008
Sri Lanka,LK,Ratnapura,LK-91,Kalawana,LK-91-009
Sri Lanka,LK,Ratnapura,LK-91,Eheliyagoda,LK-91-003
Sri Lanka,LK,Ratnapura,LK-91,Kolonna,LK-91-011
Sri Lanka,LK,Ratnapura,LK-91,Imbulpe,LK-91-007
Sri Lanka,LK,Ratnapura,LK-91,Ayagama,LK-91-001
Sri Lanka,LK,Ratnapura,LK-91,Weligepola,LK-91-017
Sri Lanka,LK,Ratnapura,LK-91,Elapatha,LK-91-004
Sri Lanka,LK,Ratnapura,LK-91,Kuruvita,LK-91-012
Sri Lanka,LK,Ratnapura,LK-91,Opanayaka,LK-91-014
Sri Lanka,LK,Ratnapura,LK-91,Godakawela,LK-91-006
Sri Lanka,LK,Ratnapura,LK-91,Ratnapura,LK-91-016
Sri Lanka,LK,Ratnapura,LK-91,Pelmadulla,LK-91-015
Sri Lanka,LK,Ratnapura,LK-91,Kiriella,LK-91-010
Sri Lanka,LK,Ratnapura,LK-91,Embilipitiya,LK-91-005
Sri Lanka,LK,Ratnapura,LK-91,Nivithigala,LK-91-013
Sri Lanka,LK,Ratnapura,LK-91,Balangoda,LK-91-002
Sri Lanka,LK,Ratnapura,LK-91,Kahawatta,LK-91-008
Italy,IT,Calabria,IT-78,Calabria,IT-78
Italy,IT,Liguria,IT-42,Liguria,IT-42
Italy,IT,Puglia,IT-75,Puglia,IT-75
Italy,IT,Veneto,IT-34,Veneto,IT-34
Italy,IT,Valle d'Aosta,IT-23,Valle d'Aosta,IT-23
Italy,IT,Trentino-Alto Adige,IT-32,Trentino-Alto Adige,IT-32
Italy,IT,Basilicata,IT-77,Basilicata,IT-77
Italy,IT,Piemonte,IT-21,Piemonte,IT-21
Italy,IT,Molise,IT-67,Molise,IT-67
Italy,IT,Umbria,IT-55,Umbria,IT-55
Italy,IT,Friuli-Venezia Giulia,IT-36,Friuli-Venezia Giulia,IT-36
Italy,IT,Abruzzo,IT-65,Abruzzo,IT-65
Italy,IT,Campania,IT-72,Campania,IT-72
Italy,IT,Sardegna,IT-88,Sardegna,IT-88
Italy,IT,Sicilia,IT-82,Sicilia,IT-82
Italy,IT,Emilia-Romagna,IT-45,Emilia-Romagna,IT-45
Italy,IT,Toscana,IT-52,Toscana,IT-52
Italy,IT,Marche,IT-57,Marche,IT-57
Italy,IT,Lazio,IT-62,Lazio,IT-62
Italy,IT,Lombardia,IT-25,Lombardia,IT-25
Bangladesh,BD,Dhaka bibhag,BD-3,Dhaka bibhag,BD-3
Bangladesh,BD,Chittagong bibhag,BD-2,Chittagong bibhag,BD-2
Bangladesh,BD,Khulna bibhag,BD-4,Khulna bibhag,BD-4
Bangladesh,BD,Rajshahi bibhag,BD-5,Rajshahi bibhag,BD-5
Bangladesh,BD,Sylhet bibhag,BD-6,Sylhet bibhag,BD-6
Bangladesh,BD,Barisal bibhag,BD-1,Barisal bibhag,BD-1
Tuvalu,TV,Funafuti,TV-FUN,Funafuti,TV-FUN
Tuvalu,TV,Nanumanga,TV-NMG,Nanumanga,TV-NMG
Tuvalu,TV,Nukulaelae,TV-NKL,Nukulaelae,TV-NKL
Tuvalu,TV,Nanumea,TV-NMA,Nanumea,TV-NMA
Tuvalu,TV,Niutao,TV-NIT,Niutao,TV-NIT
Tuvalu,TV,Nukufetau,TV-NKF,Nukufetau,TV-NKF
Tuvalu,TV,Vaitupu,TV-VAI,Vaitupu,TV-VAI
Tuvalu,TV,Nui,TV-NIU,Nui,TV-NIU
Bahamas,BS,Freeport and West Grand Bahama,BS-FP,Freeport and West Grand Bahama,BS-FP
Bahamas,BS,Ragged Island,BS-RI,Ragged Island,BS-RI
Bahamas,BS,South Eleuthera,BS-RS,South Eleuthera,BS-RS
Bahamas,BS,North Andros,BS-NS,North Andros,BS-NS
Bahamas,BS,Cat Island,BS-CI,Cat Island,BS-CI
Bahamas,BS,Central Andros,BS-FC,Central Andros,BS-FC
Bahamas,BS,Inagua,BS-IN,Inagua,BS-IN
Bahamas,BS,Bimini,BS-BI,Bimini,BS-BI
Bahamas,BS,Central Eleuthera,BS-GH,Central Eleuthera,BS-GH
Bahamas,BS,South Andros and Mangrove Cay,BS-KB,South Andros and Mangrove Cay,BS-KB
Bahamas,BS,East Grand Bahama,BS-HR,East Grand Bahama,BS-HR
Bahamas,BS,Acklins and Crooked Islands,BS-AC,Acklins and Crooked Islands,BS-AC
Bahamas,BS,South Abaco and Moore's Island,BS-SP,South Abaco and Moore's Island,BS-SP
Bahamas,BS,Mayaguana,BS-MG,Mayaguana,BS-MG
Bahamas,BS,New Providence,BS-NP,New Providence,BS-NP
Bahamas,BS,"Central Abaco, Hope Town and Green Turtle Cay",BS-MH,"Central Abaco, Hope Town and Green Turtle Cay",BS-MH
Bahamas,BS,Long Island,BS-LI,Long Island,BS-LI
Bahamas,BS,"North Eleuthera, Harbour Island and Spanish Wells",BS-HI,"North Eleuthera, Harbour Island and Spanish Wells",BS-HI
Bahamas,BS,Exuma and Black Point,BS-EX,Exuma and Black Point,BS-EX
Bahamas,BS,Berry Islands,BS-BY,Berry Islands,BS-BY
Bahamas,BS,North Abaco and Grand Cay,BS-GT,North Abaco and Grand Cay,BS-GT
Bahamas,BS,San Salvador and Rum Cay,BS-SR,San Salvador and Rum Cay,BS-SR
Antigua and Barbuda,AG,Saint Paul,AG-06,Saint Paul,AG-06
Antigua and Barbuda,AG,Saint Mary,AG-05,Saint Mary,AG-05
Antigua and Barbuda,AG,Saint Philip,AG-08,Saint Philip,AG-08
Antigua and Barbuda,AG,Saint George,AG-03,Saint George,AG-03
Antigua and Barbuda,AG,Redonda,AG-11,Redonda,AG-11
Antigua and Barbuda,AG,Saint John’s,AG-04,Saint John’s,AG-04
Antigua and Barbuda,AG,Barbuda,AG-10,Barbuda,AG-10
Antigua and Barbuda,AG,Saint Peter,AG-07,Saint Peter,AG-07
Anguilla,AI,Anguilla,AI,Anguilla,AI
Niger,NE,Tahoua,NE-5,Tahoua,NE-5
Niger,NE,Tillabéri,NE-6,Tillabéri,NE-6
Niger,NE,Agadez,NE-1,Agadez,NE-1
Niger,NE,Maradi,NE-4,Maradi,NE-4
Niger,NE,Dosso,NE-3,Dosso,NE-3
Niger,NE,Zinder,NE-7,Zinder,NE-7
Niger,NE,Niamey,NE-8,Niamey,NE-8
Niger,NE,Diffa,NE-2,Diffa,NE-2
Burundi,BI,Cankuzo,BI-CA,Cankuzo,BI-CA
Burundi,BI,Makamba,BI-MA,Makamba,BI-MA
Burundi,BI,Bururi,BI-BR,Bururi,BI-BR
Burundi,BI,Muyinga,BI-MY,Muyinga,BI-MY
Burundi,BI,Muramvya,BI-MU,Muramvya,BI-MU
Burundi,BI,Kirundo,BI-KI,Kirundo,BI-KI
Burundi,BI,Gitega,BI-GI,Gitega,BI-GI
Burundi,BI,Bubanza,BI-BB,Bubanza,BI-BB
Burundi,BI,Kayanza,BI-KY,Kayanza,BI-KY
Burundi,BI,Cibitoke,BI-CI,Cibitoke,BI-CI
Burundi,BI,Rutana,BI-RT,Rutana,BI-RT
Burundi,BI,Karuzi,BI-KR,Karuzi,BI-KR
Burundi,BI,Ngozi,BI-NG,Ngozi,BI-NG
Burundi,BI,Mwaro,BI-MW,Mwaro,BI-MW
Burundi,BI,Ruyigi,BI-RY,Ruyigi,BI-RY
Burundi,BI,Bujumbura,BI-BJ,Bujumbura,BI-BJ
Peru,PE,Ancash,PE-ANC,Ancash,PE-ANC
Peru,PE,Ica,PE-ICA,Ica,PE-ICA
Peru,PE,Puno,PE-PUN,Puno,PE-PUN
Peru,PE,Ucayali,PE-UCA,Ucayali,PE-UCA
Peru,PE,Lima,PE-LIM,Lima,PE-LIM
Peru,PE,Loreto,PE-LOR,Loreto,PE-LOR
Peru,PE,San Martín,PE-SAM,San Martín,PE-SAM
Peru,PE,Tumbes,PE-TUM,Tumbes,PE-TUM
Peru,PE,El Callao,PE-CAL,El Callao,PE-CAL
Peru,PE,Junín,PE-JUN,Junín,PE-JUN
Peru,PE,Tacna,PE-TAC,Tacna,PE-TAC
Peru,PE,Cuzco [Cusco],PE-CUS,Cuzco [Cusco],PE-CUS
Peru,PE,La Libertad,PE-LAL,La Libertad,PE-LAL
Peru,PE,Moquegua,PE-MOQ,Moquegua,PE-MOQ
Peru,PE,Piura,PE-PIU,Piura,PE-PIU
Peru,PE,Huánuco,PE-HUC,Huánuco,PE-HUC
Peru,PE,Amazonas,PE-AMA,Amazonas,PE-AMA
Peru,PE,Pasco,PE-PAS,Pasco,PE-PAS
Peru,PE,Ayacucho,PE-AYA,Ayacucho,PE-AYA
Peru,PE,Apurímac,PE-APU,Apurímac,PE-APU
Peru,PE,Huancavelica,PE-HUV,Huancavelica,PE-HUV
Peru,PE,Madre de Dios,PE-MDD,Madre de Dios,PE-MDD
Peru,PE,Cajamarca,PE-CAJ,Cajamarca,PE-CAJ
Peru,PE,Lambayeque,PE-LAM,Lambayeque,PE-LAM
Peru,PE,Arequipa,PE-ARE,Arequipa,PE-ARE
Virgin Islands (U.S.),VI,Saint John,VI-SJ,Saint John,VI-SJ
Virgin Islands (U.S.),VI,Saint Thomas,VI-ST,Saint Thomas,VI-ST
Virgin Islands (U.S.),VI,Saint Croix,VI-SC,Saint Croix,VI-SC
Cocos (Keeling) Islands,CC,Cocos (Keeling) Islands,CC,Cocos (Keeling) Islands,CC
Seychelles,SC,Cascade,SC-11,Cascade,SC-11
Seychelles,SC,Glacis,SC-12,Glacis,SC-12
Seychelles,SC,Plaisance,SC-19,Plaisance,SC-19
Seychelles,SC,La Riviere Anglaise,SC-16,La Riviere Anglaise,SC-16
Seychelles,SC,Grand'Anse Mahé,SC-13,Grand'Anse Mahé,SC-13
Seychelles,SC,Outer Islands,SC-99,Outer Islands,SC-99
Seychelles,SC,Les Mamelles,SC-24,Les Mamelles,SC-24
Seychelles,SC,Roche Caiman,SC-25,Roche Caiman,SC-25
Seychelles,SC,Port Glaud,SC-21,Port Glaud,SC-21
Seychelles,SC,Beau Vallon,SC-08,Beau Vallon,SC-08
Seychelles,SC,Bel Air,SC-09,Bel Air,SC-09
Seychelles,SC,Anse Royale,SC-05,Anse Royale,SC-05
Seychelles,SC,Anse Étoile,SC-03,Anse Étoile,SC-03
Seychelles,SC,Mont Buxton,SC-17,Mont Buxton,SC-17
Seychelles,SC,Mont Fleuri,SC-18,Mont Fleuri,SC-18
Seychelles,SC,Perseverance,SC-26,Perseverance,SC-26
Seychelles,SC,Saint Louis,SC-22,Saint Louis,SC-22
Seychelles,SC,Baie Sainte Anne,SC-07,Baie Sainte Anne,SC-07
Seychelles,SC,Pointe La Rue,SC-20,Pointe La Rue,SC-20
Seychelles,SC,Grand'Anse Praslin,SC-14,Grand'Anse Praslin,SC-14
Seychelles,SC,Baie Lazare,SC-06,Baie Lazare,SC-06
Seychelles,SC,Au Cap,SC-04,Au Cap,SC-04
Seychelles,SC,Bel Ombre,SC-10,Bel Ombre,SC-10
Seychelles,SC,Anse aux Pins,SC-01,Anse aux Pins,SC-01
Seychelles,SC,Takamaka,SC-23,Takamaka,SC-23
Seychelles,SC,La Digue,SC-15,La Digue,SC-15
Seychelles,SC,Aldabra,SC-98,Aldabra,SC-98
Seychelles,SC,Anse Boileau,SC-02,Anse Boileau,SC-02
Lebanon,LB,Béqaa,LB-BI,Béqaa,LB-BI
Lebanon,LB,Mont-Liban,LB-JL,Mont-Liban,LB-JL
Lebanon,LB,Aakkâr,LB-AK,Aakkâr,LB-AK
Lebanon,LB,Ash Shimal,LB-AS,Ash Shimal,LB-AS
Lebanon,LB,Bayrut,LB-BA,Bayrut,LB-BA
Lebanon,LB,Nabatîyé,LB-NA,Nabatîyé,LB-NA
Lebanon,LB,Al Janub,LB-JA,Al Janub,LB-JA
Lebanon,LB,Baalbek-Hermel,LB-BH,Baalbek-Hermel,LB-BH
Guadeloupe,GP,Guadeloupe,GP,Guadeloupe,GP
Iran,IR,Sistan va Baluchestan,IR-13,Sistan va Baluchestan,IR-13
Iran,IR,Hormozgan,IR-23,Hormozgan,IR-23
Iran,IR,Yazd,IR-25,Yazd,IR-25
Iran,IR,Az¯arbayjan-e Gharbi,IR-02,Az¯arbayjan-e Gharbi,IR-02
Iran,IR,Zanjan,IR-11,Zanjan,IR-11
Iran,IR,Golestan,IR-27,Golestan,IR-27
Iran,IR,Chahar Mah¸all va Bakhtiari,IR-08,Chahar Mah¸all va Bakhtiari,IR-08
Iran,IR,Khuzestan,IR-10,Khuzestan,IR-10
Iran,IR,Esfahan,IR-04,Esfahan,IR-04
Iran,IR,Kordestan,IR-16,Kordestan,IR-16
Iran,IR,Fars,IR-14,Fars,IR-14
Iran,IR,Khorasan-e Janubi,IR-29,Khorasan-e Janubi,IR-29
Iran,IR,Kohkiluyeh va Buyer Ahmad,IR-18,Kohkiluyeh va Buyer Ahmad,IR-18
Iran,IR,Markazi,IR-22,Markazi,IR-22
Iran,IR,Kerman,IR-15,Kerman,IR-15
Iran,IR,Khorasan-e Razavi,IR-30,Khorasan-e Razavi,IR-30
Iran,IR,Kermanshah,IR-17,Kermanshah,IR-17
Iran,IR,Lorestan,IR-20,Lorestan,IR-20
Iran,IR,Mazandaran,IR-21,Mazandaran,IR-21
Iran,IR,Khorasan-e Shemali,IR-31,Khorasan-e Shemali,IR-31
Iran,IR,Qom,IR-26,Qom,IR-26
Iran,IR,Semnan,IR-12,Semnan,IR-12
Iran,IR,Gilan,IR-19,Gilan,IR-19
Iran,IR,Ilam,IR-05,Ilam,IR-05
Iran,IR,Qazvin,IR-28,Qazvin,IR-28
Iran,IR,Tehran,IR-07,Tehran,IR-07
Iran,IR,Ardabil,IR-03,Ardabil,IR-03
Iran,IR,Az¯arbayjan-e Sharqi,IR-01,Az¯arbayjan-e Sharqi,IR-01
Iran,IR,Bushehr,IR-06,Bushehr,IR-06
Iran,IR,Hamadan,IR-24,Hamadan,IR-24
Mozambique,MZ,Cabo Delgado,MZ-P,Cabo Delgado,MZ-P
Mozambique,MZ,Nampula,MZ-N,Nampula,MZ-N
Mozambique,MZ,Niassa,MZ-A,Niassa,MZ-A
Mozambique,MZ,Gaza,MZ-G,Gaza,MZ-G
Mozambique,MZ,Maputo,MZ-L,Maputo,MZ-L
Mozambique,MZ,Inhambane,MZ-I,Inhambane,MZ-I
Mozambique,MZ,Manica,MZ-B,Manica,MZ-B
Mozambique,MZ,Zambézia,MZ-Q,Zambézia,MZ-Q
Mozambique,MZ,Tete,MZ-T,Tete,MZ-T
Mozambique,MZ,Sofala,MZ-S,Sofala,MZ-S
Northern Mariana Islands,MP,Saipan,MP-SA,Saipan,MP-SA
Northern Mariana Islands,MP,Rota,MP-RO,Rota,MP-RO
Northern Mariana Islands,MP,Tinian,MP-TI,Tinian,MP-TI
Northern Mariana Islands,MP,Northern Islands,MP-NI,Northern Islands,MP-NI
Iceland,IS,Austurland,IS-7,Austurland,IS-7
Iceland,IS,Norðurland eystra,IS-6,Norðurland eystra,IS-6
Iceland,IS,Suðurland,IS-8,Suðurland,IS-8
Iceland,IS,Vesturland,IS-3,Vesturland,IS-3
Iceland,IS,Norðurland vestra,IS-5,Norðurland vestra,IS-5
Iceland,IS,Höfuðborgarsvæði,IS-1,Höfuðborgarsvæði,IS-1
Iceland,IS,Suðurnes,IS-2,Suðurnes,IS-2
Iceland,IS,Vestfirðir,IS-4,Vestfirðir,IS-4
Virgin Islands (British),VG,Virgin Islands (British),VG,Virgin Islands (British),VG
South Georgia and South Sandwich Islands,GS,South Georgia and South Sandwich Islands,GS,South Georgia and South Sandwich Islands,GS
Vanuatu,VU,Shéfa,VU-SEE,Shéfa,VU-SEE
Vanuatu,VU,Sanma,VU-SAM,Sanma,VU-SAM
Vanuatu,VU,Torba,VU-TOB,Torba,VU-TOB
Vanuatu,VU,Taféa,VU-TAE,Taféa,VU-TAE
Vanuatu,VU,Malampa,VU-MAP,Malampa,VU-MAP
Vanuatu,VU,Pénama,VU-PAM,Pénama,VU-PAM
Nauru,NR,Uaboe,NR-13,Uaboe,NR-13
Nauru,NR,Yaren,NR-14,Yaren,NR-14
Nauru,NR,Baiti,NR-05,Baiti,NR-05
Nauru,NR,Meneng,NR-11,Meneng,NR-11
Nauru,NR,Anabar,NR-02,Anabar,NR-02
Nauru,NR,Buada,NR-07,Buada,NR-07
Nauru,NR,Ewa,NR-09,Ewa,NR-09
Nauru,NR,Anetan,NR-03,Anetan,NR-03
Nauru,NR,Denigomodu,NR-08,Denigomodu,NR-08
Nauru,NR,Aiwo,NR-01,Aiwo,NR-01
Nauru,NR,Boe,NR-06,Boe,NR-06
Nauru,NR,Anibare,NR-04,Anibare,NR-04
Nauru,NR,Ijuw,NR-10,Ijuw,NR-10
Nauru,NR,Nibok,NR-12,Nibok,NR-12
Brazil,BR,Maranhão,BR-MA,São Mateus do Maranhão,BR-MA-188
Brazil,BR,Maranhão,BR-MA,Nina Rodrigues,BR-MA-124
Brazil,BR,Maranhão,BR-MA,Feira Nova do Maranhão,BR-MA-070
Brazil,BR,Maranhão,BR-MA,Junco do Maranhão,BR-MA-098
Brazil,BR,Maranhão,BR-MA,São Bento,BR-MA-172
Brazil,BR,Maranhão,BR-MA,Penalva,BR-MA-140
Brazil,BR,Maranhão,BR-MA,Presidente Sarney,BR-MA-153
Brazil,BR,Maranhão,BR-MA,Vila Nova dos Martírios,BR-MA-214
Brazil,BR,Maranhão,BR-MA,Cidelândia,BR-MA-058
Brazil,BR,Maranhão,BR-MA,Barão de Grajaú,BR-MA-025
Brazil,BR,Maranhão,BR-MA,Centro Novo do Maranhão,BR-MA-056
Brazil,BR,Maranhão,BR-MA,Maracaçumé,BR-MA-110
Brazil,BR,Maranhão,BR-MA,Igarapé Grande,BR-MA-089
Brazil,BR,Maranhão,BR-MA,Tuntum,BR-MA-207
Brazil,BR,Maranhão,BR-MA,Carutapera,BR-MA-051
Brazil,BR,Maranhão,BR-MA,Governador Archer,BR-MA-077
Brazil,BR,Maranhão,BR-MA,Mirador,BR-MA-118
Brazil,BR,Maranhão,BR-MA,Palmeirândia,BR-MA-131
Brazil,BR,Maranhão,BR-MA,Itinga do Maranhão,BR-MA-093
Brazil,BR,Maranhão,BR-MA,Pirapemas,BR-MA-146
Brazil,BR,Maranhão,BR-MA,Central do Maranhão,BR-MA-054
Brazil,BR,Maranhão,BR-MA,Zé Doca,BR-MA-217
Brazil,BR,Maranhão,BR-MA,Turilândia,BR-MA-209
Brazil,BR,Maranhão,BR-MA,Bernardo do Mearim,BR-MA-032
Brazil,BR,Maranhão,BR-MA,Cajari,BR-MA-045
Brazil,BR,Maranhão,BR-MA,Lima Campos,BR-MA-106
Brazil,BR,Maranhão,BR-MA,Paraibano,BR-MA-132
Brazil,BR,Maranhão,BR-MA,São Pedro da Água Branca,BR-MA-189
Brazil,BR,Maranhão,BR-MA,Mirinzal,BR-MA-120
Brazil,BR,Maranhão,BR-MA,Apicum-Açu,BR-MA-014
Brazil,BR,Maranhão,BR-MA,Santo Antônio dos Lopes,BR-MA-170
Brazil,BR,Maranhão,BR-MA,Bequimão,BR-MA-031
Brazil,BR,Maranhão,BR-MA,Poção de Pedras,BR-MA-147
Brazil,BR,Maranhão,BR-MA,Fortuna,BR-MA-074
Brazil,BR,Maranhão,BR-MA,São José dos Basílios,BR-MA-185
Brazil,BR,Maranhão,BR-MA,São João do Soter,BR-MA-182
Brazil,BR,Maranhão,BR-MA,Arame,BR-MA-017
Brazil,BR,Maranhão,BR-MA,Barra do Corda,BR-MA-026
Brazil,BR,Maranhão,BR-MA,Cândido Mendes,BR-MA-047
Brazil,BR,Maranhão,BR-MA,São Raimundo do Doca Bezerra,BR-MA-192
Brazil,BR,Maranhão,BR-MA,Cachoeira Grande,BR-MA-043
Brazil,BR,Maranhão,BR-MA,São Bernardo,BR-MA-173
Brazil,BR,Maranhão,BR-MA,São Francisco do Maranhão,BR-MA-178
Brazil,BR,Maranhão,BR-MA,Santa Helena,BR-MA-162
Brazil,BR,Maranhão,BR-MA,Maranhãozinho,BR-MA-112
Brazil,BR,Maranhão,BR-MA,Dom Pedro,BR-MA-066
Brazil,BR,Maranhão,BR-MA,Presidente Vargas,BR-MA-154
Brazil,BR,Maranhão,BR-MA,Vitorino Freire,BR-MA-216
Brazil,BR,Maranhão,BR-MA,Lago do Junco,BR-MA-100
Brazil,BR,Maranhão,BR-MA,Caxias,BR-MA-052
Brazil,BR,Maranhão,BR-MA,Lagoa Grande do Maranhão,BR-MA-104
Brazil,BR,Maranhão,BR-MA,Timon,BR-MA-204
Brazil,BR,Maranhão,BR-MA,Presidente Médici,BR-MA-152
Brazil,BR,Maranhão,BR-MA,Bacuri,BR-MA-022
Brazil,BR,Maranhão,BR-MA,Santo Amaro do Maranhão,BR-MA-169
Brazil,BR,Maranhão,BR-MA,Cajapió,BR-MA-044
Brazil,BR,Maranhão,BR-MA,Tutóia,BR-MA-210
Brazil,BR,Maranhão,BR-MA,Parnarama,BR-MA-133
Brazil,BR,Maranhão,BR-MA,Esperantinópolis,BR-MA-068
Brazil,BR,Maranhão,BR-MA,Araioses,BR-MA-016
Brazil,BR,Maranhão,BR-MA,Afonso Cunha,BR-MA-002
Brazil,BR,Maranhão,BR-MA,Itaipava do Grajaú,BR-MA-091
Brazil,BR,Maranhão,BR-MA,Carolina,BR-MA-050
Brazil,BR,Maranhão,BR-MA,Anajatuba,BR-MA-012
Brazil,BR,Maranhão,BR-MA,Alto Parnaíba,BR-MA-009
Brazil,BR,Maranhão,BR-MA,Davinópolis,BR-MA-065
Brazil,BR,Maranhão,BR-MA,Bom Jesus das Selvas,BR-MA-035
Brazil,BR,Maranhão,BR-MA,São Vicente Ferrer,BR-MA-194
Brazil,BR,Maranhão,BR-MA,Buriti Bravo,BR-MA-040
Brazil,BR,Maranhão,BR-MA,Colinas,BR-MA-061
Brazil,BR,Maranhão,BR-MA,Sucupira do Riachão,BR-MA-201
Brazil,BR,Maranhão,BR-MA,Sambaíba,BR-MA-160
Brazil,BR,Maranhão,BR-MA,Jenipapo dos Vieiras,BR-MA-095
Brazil,BR,Maranhão,BR-MA,Aldeias Altas,BR-MA-005
Brazil,BR,Maranhão,BR-MA,Cedral,BR-MA-053
Brazil,BR,Maranhão,BR-MA,Peri Mirim,BR-MA-141
Brazil,BR,Maranhão,BR-MA,Buriticupu,BR-MA-041
Brazil,BR,Maranhão,BR-MA,Codó,BR-MA-059
Brazil,BR,Maranhão,BR-MA,Tufilândia,BR-MA-206
Brazil,BR,Maranhão,BR-MA,Nova Olinda do Maranhão,BR-MA-127
Brazil,BR,Maranhão,BR-MA,Amapá do Maranhão,BR-MA-010
Brazil,BR,Maranhão,BR-MA,Graça Aranha,BR-MA-083
Brazil,BR,Maranhão,BR-MA,Nova Colinas,BR-MA-125
Brazil,BR,Maranhão,BR-MA,Pedro do Rosário,BR-MA-139
Brazil,BR,Maranhão,BR-MA,Riachão,BR-MA-157
Brazil,BR,Maranhão,BR-MA,Santana do Maranhão,BR-MA-168
Brazil,BR,Maranhão,BR-MA,Água Doce do Maranhão,BR-MA-003
Brazil,BR,Maranhão,BR-MA,São Félix de Balsas,BR-MA-176
Brazil,BR,Maranhão,BR-MA,Vitória do Mearim,BR-MA-215
Brazil,BR,Maranhão,BR-MA,Loreto,BR-MA-107
Brazil,BR,Maranhão,BR-MA,Monção,BR-MA-121
Brazil,BR,Maranhão,BR-MA,Turiaçu,BR-MA-208
Brazil,BR,Maranhão,BR-MA,Presidente Dutra,BR-MA-150
Brazil,BR,Maranhão,BR-MA,Satubinha,BR-MA-195
Brazil,BR,Maranhão,BR-MA,Paulino Neves,BR-MA-136
Brazil,BR,Maranhão,BR-MA,Trizidela do Vale,BR-MA-205
Brazil,BR,Maranhão,BR-MA,Igarapé do Meio,BR-MA-088
Brazil,BR,Maranhão,BR-MA,Matões,BR-MA-115
Brazil,BR,Maranhão,BR-MA,São José de Ribamar,BR-MA-184
Brazil,BR,Maranhão,BR-MA,Itapecuru Mirim,BR-MA-092
Brazil,BR,Maranhão,BR-MA,Rosário,BR-MA-159
Brazil,BR,Maranhão,BR-MA,Fortaleza dos Nogueiras,BR-MA-073
Brazil,BR,Maranhão,BR-MA,Bela Vista do Maranhão,BR-MA-028
Brazil,BR,Maranhão,BR-MA,Alto Alegre do Pindaré,BR-MA-008
Brazil,BR,Maranhão,BR-MA,Buriti,BR-MA-039
Brazil,BR,Maranhão,BR-MA,São Pedro dos Crentes,BR-MA-190
Brazil,BR,Maranhão,BR-MA,Pinheiro,BR-MA-144
Brazil,BR,Maranhão,BR-MA,Coroatá,BR-MA-063
Brazil,BR,Maranhão,BR-MA,Açailândia,BR-MA-001
Brazil,BR,Maranhão,BR-MA,Bacurituba,BR-MA-023
Brazil,BR,Maranhão,BR-MA,Sucupira do Norte,BR-MA-200
Brazil,BR,Maranhão,BR-MA,São João do Paraíso,BR-MA-181
Brazil,BR,Maranhão,BR-MA,Guimarães,BR-MA-085
Brazil,BR,Maranhão,BR-MA,Lajeado Novo,BR-MA-105
Brazil,BR,Maranhão,BR-MA,São João dos Patos,BR-MA-183
Brazil,BR,Maranhão,BR-MA,Bom Jardim,BR-MA-034
Brazil,BR,Maranhão,BR-MA,São Luís,BR-MA-186
Brazil,BR,Maranhão,BR-MA,Icatu,BR-MA-087
Brazil,BR,Maranhão,BR-MA,Barreirinhas,BR-MA-027
Brazil,BR,Maranhão,BR-MA,Campestre do Maranhão,BR-MA-046
Brazil,BR,Maranhão,BR-MA,Joselândia,BR-MA-097
Brazil,BR,Maranhão,BR-MA,Amarante do Maranhão,BR-MA-011
Brazil,BR,Maranhão,BR-MA,Santa Quitéria do Maranhão,BR-MA-166
Brazil,BR,Maranhão,BR-MA,Porto Franco,BR-MA-148
Brazil,BR,Maranhão,BR-MA,João Lisboa,BR-MA-096
Brazil,BR,Maranhão,BR-MA,São Benedito do Rio Preto,BR-MA-171
Brazil,BR,Maranhão,BR-MA,São Domingos do Maranhão,BR-MA-175
Brazil,BR,Maranhão,BR-MA,São Domingos do Azeitão,BR-MA-174
Brazil,BR,Maranhão,BR-MA,Jatobá,BR-MA-094
Brazil,BR,Maranhão,BR-MA,Sítio Novo,BR-MA-199
Brazil,BR,Maranhão,BR-MA,Estreito,BR-MA-069
Brazil,BR,Maranhão,BR-MA,Cantanhede,BR-MA-048
Brazil,BR,Maranhão,BR-MA,Santa Rita,BR-MA-167
Brazil,BR,Maranhão,BR-MA,Alto Alegre do Maranhão,BR-MA-007
Brazil,BR,Maranhão,BR-MA,Altamira do Maranhão,BR-MA-006
Brazil,BR,Maranhão,BR-MA,Brejo de Areia,BR-MA-038
Brazil,BR,Maranhão,BR-MA,Duque Bacelar,BR-MA-067
Brazil,BR,Maranhão,BR-MA,Governador Luiz Rocha,BR-MA-080
Brazil,BR,Maranhão,BR-MA,Paulo Ramos,BR-MA-137
Brazil,BR,Maranhão,BR-MA,Governador Nunes Freire,BR-MA-082
Brazil,BR,Maranhão,BR-MA,São Luís Gonzaga do Maranhão,BR-MA-187
Brazil,BR,Maranhão,BR-MA,São João Batista,BR-MA-179
Brazil,BR,Maranhão,BR-MA,Vargem Grande,BR-MA-212
Brazil,BR,Maranhão,BR-MA,Montes Altos,BR-MA-122
Brazil,BR,Maranhão,BR-MA,Conceição do Lago-Açu,BR-MA-062
Brazil,BR,Maranhão,BR-MA,Buritirana,BR-MA-042
Brazil,BR,Maranhão,BR-MA,Arari,BR-MA-018
Brazil,BR,Maranhão,BR-MA,Bom Lugar,BR-MA-036
Brazil,BR,Maranhão,BR-MA,Santa Inês,BR-MA-163
Brazil,BR,Maranhão,BR-MA,São Roberto,BR-MA-193
Brazil,BR,Maranhão,BR-MA,Presidente Juscelino,BR-MA-151
Brazil,BR,Maranhão,BR-MA,Marajá do Sena,BR-MA-111
Brazil,BR,Maranhão,BR-MA,Formosa da Serra Negra,BR-MA-072
Brazil,BR,Maranhão,BR-MA,Governador Eugênio Barros,BR-MA-079
Brazil,BR,Maranhão,BR-MA,Senador Alexandre Costa,BR-MA-196
Brazil,BR,Maranhão,BR-MA,Bacabeira,BR-MA-021
Brazil,BR,Maranhão,BR-MA,Gonçalves Dias,BR-MA-076
Brazil,BR,Maranhão,BR-MA,Lago da Pedra,BR-MA-099
Brazil,BR,Maranhão,BR-MA,Imperatriz,BR-MA-090
Brazil,BR,Maranhão,BR-MA,Brejo,BR-MA-037
Brazil,BR,Maranhão,BR-MA,Centro do Guilherme,BR-MA-055
Brazil,BR,Maranhão,BR-MA,Nova Iorque,BR-MA-126
Brazil,BR,Maranhão,BR-MA,Pastos Bons,BR-MA-135
Brazil,BR,Maranhão,BR-MA,Matinha,BR-MA-114
Brazil,BR,Maranhão,BR-MA,Raposa,BR-MA-156
Brazil,BR,Maranhão,BR-MA,Balsas,BR-MA-024
Brazil,BR,Maranhão,BR-MA,Ribamar Fiquene,BR-MA-158
Brazil,BR,Maranhão,BR-MA,Pedreiras,BR-MA-138
Brazil,BR,Maranhão,BR-MA,Godofredo Viana,BR-MA-075
Brazil,BR,Maranhão,BR-MA,Araguanã,BR-MA-015
Brazil,BR,Maranhão,BR-MA,Paço do Lumiar,BR-MA-130
Brazil,BR,Maranhão,BR-MA,Humberto de Campos,BR-MA-086
Brazil,BR,Maranhão,BR-MA,Morros,BR-MA-123
Brazil,BR,Maranhão,BR-MA,Santa Luzia do Paruá,BR-MA-165
Brazil,BR,Maranhão,BR-MA,Governador Edison Lobão,BR-MA-078
Brazil,BR,Maranhão,BR-MA,Urbano Santos,BR-MA-211
Brazil,BR,Maranhão,BR-MA,Miranda do Norte,BR-MA-119
Brazil,BR,Maranhão,BR-MA,Grajaú,BR-MA-084
Brazil,BR,Maranhão,BR-MA,Pindaré-Mirim,BR-MA-143
Brazil,BR,Maranhão,BR-MA,Olho d'Água das Cunhãs,BR-MA-128
Brazil,BR,Maranhão,BR-MA,Anapurus,BR-MA-013
Brazil,BR,Maranhão,BR-MA,Luís Domingues,BR-MA-108
Brazil,BR,Maranhão,BR-MA,Boa Vista do Gurupi,BR-MA-033
Brazil,BR,Maranhão,BR-MA,Serrano do Maranhão,BR-MA-198
Brazil,BR,Maranhão,BR-MA,Passagem Franca,BR-MA-134
Brazil,BR,Maranhão,BR-MA,Lago Verde,BR-MA-102
Brazil,BR,Maranhão,BR-MA,Axixá,BR-MA-019
Brazil,BR,Maranhão,BR-MA,Porto Rico do Maranhão,BR-MA-149
Brazil,BR,Maranhão,BR-MA,Senador La Rocque,BR-MA-197
Brazil,BR,Maranhão,BR-MA,Belágua,BR-MA-029
Brazil,BR,Maranhão,BR-MA,Bacabal,BR-MA-020
Brazil,BR,Maranhão,BR-MA,Coelho Neto,BR-MA-060
Brazil,BR,Maranhão,BR-MA,São Francisco do Brejão,BR-MA-177
Brazil,BR,Maranhão,BR-MA,Benedito Leite,BR-MA-030
Brazil,BR,Maranhão,BR-MA,São João do Carú,BR-MA-180
Brazil,BR,Maranhão,BR-MA,Alcântara,BR-MA-004
Brazil,BR,Maranhão,BR-MA,Viana,BR-MA-213
Brazil,BR,Maranhão,BR-MA,Primeira Cruz,BR-MA-155
Brazil,BR,Maranhão,BR-MA,Cururupu,BR-MA-064
Brazil,BR,Maranhão,BR-MA,Capinzal do Norte,BR-MA-049
Brazil,BR,Maranhão,BR-MA,Peritoró,BR-MA-142
Brazil,BR,Maranhão,BR-MA,Tasso Fragoso,BR-MA-202
Brazil,BR,Maranhão,BR-MA,Governador Newton Bello,BR-MA-081
Brazil,BR,Maranhão,BR-MA,Olinda Nova do Maranhão,BR-MA-129
Brazil,BR,Maranhão,BR-MA,Pio XII,BR-MA-145
Brazil,BR,Maranhão,BR-MA,Timbiras,BR-MA-203
Brazil,BR,Maranhão,BR-MA,Lagoa do Mato,BR-MA-103
Brazil,BR,Maranhão,BR-MA,Mata Roma,BR-MA-113
Brazil,BR,Maranhão,BR-MA,Santa Filomena do Maranhão,BR-MA-161
Brazil,BR,Maranhão,BR-MA,Chapadinha,BR-MA-057
Brazil,BR,Maranhão,BR-MA,Milagres do Maranhão,BR-MA-117
Brazil,BR,Maranhão,BR-MA,Santa Luzia,BR-MA-164
Brazil,BR,Maranhão,BR-MA,Matões do Norte,BR-MA-116
Brazil,BR,Maranhão,BR-MA,Fernando Falcão,BR-MA-071
Brazil,BR,Maranhão,BR-MA,Lago dos Rodrigues,BR-MA-101
Brazil,BR,Maranhão,BR-MA,São Raimundo das Mangabeiras,BR-MA-191
Brazil,BR,Maranhão,BR-MA,Magalhães de Almeida,BR-MA-109
Brazil,BR,Piauí,BR-PI,Caracol,BR-PI-052
Brazil,BR,Piauí,BR-PI,Cajazeiras do Piauí,BR-PI-040
Brazil,BR,Piauí,BR-PI,Parnaíba,BR-PI-152
Brazil,BR,Piauí,BR-PI,Boa Hora,BR-PI-029
Brazil,BR,Piauí,BR-PI,Lagoa de São Francisco,BR-PI-113
Brazil,BR,Piauí,BR-PI,Flores do Piauí,BR-PI-081
Brazil,BR,Piauí,BR-PI,Pimenteiras,BR-PI-161
Brazil,BR,Piauí,BR-PI,São João do Piauí,BR-PI-195
Brazil,BR,Piauí,BR-PI,Amarante,BR-PI-009
Brazil,BR,Piauí,BR-PI,Betânia do Piauí,BR-PI-028
Brazil,BR,Piauí,BR-PI,Barra D'Alcântara,BR-PI-019
Brazil,BR,Piauí,BR-PI,Dom Expedito Lopes,BR-PI-074
Brazil,BR,Piauí,BR-PI,Matias Olímpio,BR-PI-126
Brazil,BR,Piauí,BR-PI,Santa Filomena,BR-PI-177
Brazil,BR,Piauí,BR-PI,Luzilândia,BR-PI-120
Brazil,BR,Piauí,BR-PI,Pajeú do Piauí,BR-PI-147
Brazil,BR,Piauí,BR-PI,Lagoinha do Piauí,BR-PI-117
Brazil,BR,Piauí,BR-PI,Miguel Alves,BR-PI-127
Brazil,BR,Piauí,BR-PI,Francisco Santos,BR-PI-087
Brazil,BR,Piauí,BR-PI,Santa Cruz do Piauí,BR-PI-175
Brazil,BR,Piauí,BR-PI,Porto,BR-PI-165
Brazil,BR,Piauí,BR-PI,Luís Correia,BR-PI-119
Brazil,BR,Piauí,BR-PI,Santa Cruz dos Milagres,BR-PI-176
Brazil,BR,Piauí,BR-PI,Rio Grande do Piauí,BR-PI-174
Brazil,BR,Piauí,BR-PI,Juazeiro do Piauí,BR-PI-109
Brazil,BR,Piauí,BR-PI,Alvorada do Gurguéia,BR-PI-008
Brazil,BR,Piauí,BR-PI,Marcos Parente,BR-PI-124
Brazil,BR,Piauí,BR-PI,Passagem Franca do Piauí,BR-PI-153
Brazil,BR,Piauí,BR-PI,Olho D'Água do Piauí,BR-PI-144
Brazil,BR,Piauí,BR-PI,Água Branca,BR-PI-003
Brazil,BR,Piauí,BR-PI,Ribeira do Piauí,BR-PI-172
Brazil,BR,Piauí,BR-PI,São Raimundo Nonato,BR-PI-206
Brazil,BR,Piauí,BR-PI,São Julião,BR-PI-199
Brazil,BR,Piauí,BR-PI,Parnaguá,BR-PI-151
Brazil,BR,Piauí,BR-PI,Nazária,BR-PI-137
Brazil,BR,Piauí,BR-PI,Aroazes,BR-PI-013
Brazil,BR,Piauí,BR-PI,Antônio Almeida,BR-PI-012
Brazil,BR,Piauí,BR-PI,Prata do Piauí,BR-PI-167
Brazil,BR,Piauí,BR-PI,São Luis do Piauí,BR-PI-201
Brazil,BR,Piauí,BR-PI,Caraúbas do Piauí,BR-PI-053
Brazil,BR,Piauí,BR-PI,Curral Novo do Piauí,BR-PI-070
Brazil,BR,Piauí,BR-PI,Palmeira do Piauí,BR-PI-148
Brazil,BR,Piauí,BR-PI,Socorro do Piauí,BR-PI-212
Brazil,BR,Piauí,BR-PI,Oeiras,BR-PI-143
Brazil,BR,Piauí,BR-PI,Morro Cabeça no Tempo,BR-PI-133
Brazil,BR,Piauí,BR-PI,Francinópolis,BR-PI-084
Brazil,BR,Piauí,BR-PI,Cristalândia do Piauí,BR-PI-066
Brazil,BR,Piauí,BR-PI,Tamboril do Piauí,BR-PI-214
Brazil,BR,Piauí,BR-PI,Várzea Grande,BR-PI-221
Brazil,BR,Piauí,BR-PI,Piracuruca,BR-PI-163
Brazil,BR,Piauí,BR-PI,José de Freitas,BR-PI-108
Brazil,BR,Piauí,BR-PI,Itainópolis,BR-PI-098
Brazil,BR,Piauí,BR-PI,Novo Santo Antônio,BR-PI-142
Brazil,BR,Piauí,BR-PI,Jardim do Mulato,BR-PI-102
Brazil,BR,Piauí,BR-PI,Jatobá do Piauí,BR-PI-103
Brazil,BR,Piauí,BR-PI,Barras,BR-PI-020
Brazil,BR,Piauí,BR-PI,Jurema,BR-PI-111
Brazil,BR,Piauí,BR-PI,Pedro Laurentino,BR-PI-159
Brazil,BR,Piauí,BR-PI,Valença do Piauí,BR-PI-219
Brazil,BR,Piauí,BR-PI,Bom Princípio do Piauí,BR-PI-032
Brazil,BR,Piauí,BR-PI,Regeneração,BR-PI-170
Brazil,BR,Piauí,BR-PI,Caldeirão Grande do Piauí,BR-PI-042
Brazil,BR,Piauí,BR-PI,Currais,BR-PI-069
Brazil,BR,Piauí,BR-PI,Capitão de Campos,BR-PI-050
Brazil,BR,Piauí,BR-PI,Bocaina,BR-PI-030
Brazil,BR,Piauí,BR-PI,Barreiras do Piauí,BR-PI-021
Brazil,BR,Piauí,BR-PI,Bertolínia,BR-PI-027
Brazil,BR,Piauí,BR-PI,União,BR-PI-217
Brazil,BR,Piauí,BR-PI,Nossa Senhora de Nazaré,BR-PI-138
Brazil,BR,Piauí,BR-PI,Ipiranga do Piauí,BR-PI-096
Brazil,BR,Piauí,BR-PI,Vila Nova do Piauí,BR-PI-223
Brazil,BR,Piauí,BR-PI,Coronel José Dias,BR-PI-064
Brazil,BR,Piauí,BR-PI,Floriano,BR-PI-083
Brazil,BR,Piauí,BR-PI,Júlio Borges,BR-PI-110
Brazil,BR,Piauí,BR-PI,Jaicós,BR-PI-101
Brazil,BR,Piauí,BR-PI,Acauã,BR-PI-001
Brazil,BR,Piauí,BR-PI,Massapê do Piauí,BR-PI-125
Brazil,BR,Piauí,BR-PI,Brejo do Piauí,BR-PI-036
Brazil,BR,Piauí,BR-PI,Boqueirão do Piauí,BR-PI-034
Brazil,BR,Piauí,BR-PI,São Pedro do Piauí,BR-PI-205
Brazil,BR,Piauí,BR-PI,Brasileira,BR-PI-035
Brazil,BR,Piauí,BR-PI,São José do Divino,BR-PI-196
Brazil,BR,Piauí,BR-PI,Monsenhor Gil,BR-PI-130
Brazil,BR,Piauí,BR-PI,São Gonçalo do Gurguéia,BR-PI-188
Brazil,BR,Piauí,BR-PI,Sigefredo Pacheco,BR-PI-209
Brazil,BR,Piauí,BR-PI,Madeiro,BR-PI-121
Brazil,BR,Piauí,BR-PI,Cocal de Telha,BR-PI-058
Brazil,BR,Piauí,BR-PI,Nova Santa Rita,BR-PI-140
Brazil,BR,Piauí,BR-PI,Campo Alegre do Fidalgo,BR-PI-044
Brazil,BR,Piauí,BR-PI,Campo Largo do Piauí,BR-PI-046
Brazil,BR,Piauí,BR-PI,Alto Longá,BR-PI-006
Brazil,BR,Piauí,BR-PI,Itaueira,BR-PI-099
Brazil,BR,Piauí,BR-PI,Santana do Piauí,BR-PI-180
Brazil,BR,Piauí,BR-PI,Arraial,BR-PI-015
Brazil,BR,Piauí,BR-PI,Lagoa do Barro do Piauí,BR-PI-114
Brazil,BR,Piauí,BR-PI,Bela Vista do Piauí,BR-PI-024
Brazil,BR,Piauí,BR-PI,Campo Maior,BR-PI-047
Brazil,BR,Piauí,BR-PI,Caxingó,BR-PI-056
Brazil,BR,Piauí,BR-PI,Guadalupe,BR-PI-091
Brazil,BR,Piauí,BR-PI,Curimatá,BR-PI-068
Brazil,BR,Piauí,BR-PI,São Francisco do Piauí,BR-PI-187
Brazil,BR,Piauí,BR-PI,Pedro II,BR-PI-158
Brazil,BR,Piauí,BR-PI,Angical do Piauí,BR-PI-010
Brazil,BR,Piauí,BR-PI,Várzea Branca,BR-PI-220
Brazil,BR,Piauí,BR-PI,Domingos Mourão,BR-PI-076
Brazil,BR,Piauí,BR-PI,Alegrete do Piauí,BR-PI-005
Brazil,BR,Piauí,BR-PI,Castelo do Piauí,BR-PI-055
Brazil,BR,Piauí,BR-PI,Assunção do Piauí,BR-PI-016
Brazil,BR,Piauí,BR-PI,Paes Landim,BR-PI-146
Brazil,BR,Piauí,BR-PI,Piripiri,BR-PI-164
Brazil,BR,Piauí,BR-PI,Colônia do Piauí,BR-PI-062
Brazil,BR,Piauí,BR-PI,São José do Piauí,BR-PI-198
Brazil,BR,Piauí,BR-PI,Nazaré do Piauí,BR-PI-136
Brazil,BR,Piauí,BR-PI,Joca Marques,BR-PI-107
Brazil,BR,Piauí,BR-PI,Buriti dos Montes,BR-PI-038
Brazil,BR,Piauí,BR-PI,Fartura do Piauí,BR-PI-080
Brazil,BR,Piauí,BR-PI,Pavussu,BR-PI-157
Brazil,BR,Piauí,BR-PI,Barro Duro,BR-PI-022
Brazil,BR,Piauí,BR-PI,Hugo Napoleão,BR-PI-093
Brazil,BR,Piauí,BR-PI,Campinas do Piauí,BR-PI-043
Brazil,BR,Piauí,BR-PI,Queimada Nova,BR-PI-168
Brazil,BR,Piauí,BR-PI,Capitão Gervásio Oliveira,BR-PI-051
Brazil,BR,Piauí,BR-PI,São Félix do Piauí,BR-PI-185
Brazil,BR,Piauí,BR-PI,Dirceu Arcoverde,BR-PI-073
Brazil,BR,Piauí,BR-PI,Joaquim Pires,BR-PI-106
Brazil,BR,Piauí,BR-PI,Buriti dos Lopes,BR-PI-037
Brazil,BR,Piauí,BR-PI,Monte Alegre do Piauí,BR-PI-132
Brazil,BR,Piauí,BR-PI,Jacobina do Piauí,BR-PI-100
Brazil,BR,Piauí,BR-PI,Conceição do Canindé,BR-PI-063
Brazil,BR,Piauí,BR-PI,Ilha Grande,BR-PI-094
Brazil,BR,Piauí,BR-PI,São Francisco de Assis do Piauí,BR-PI-186
Brazil,BR,Piauí,BR-PI,Marcolândia,BR-PI-123
Brazil,BR,Piauí,BR-PI,Novo Oriente do Piauí,BR-PI-141
Brazil,BR,Piauí,BR-PI,Nossa Senhora dos Remédios,BR-PI-139
Brazil,BR,Piauí,BR-PI,Aroeiras do Itaim,BR-PI-014
Brazil,BR,Piauí,BR-PI,Jerumenha,BR-PI-104
Brazil,BR,Piauí,BR-PI,Miguel Leão,BR-PI-128
Brazil,BR,Piauí,BR-PI,Riacho Frio,BR-PI-171
Brazil,BR,Piauí,BR-PI,Pau D'Arco do Piauí,BR-PI-155
Brazil,BR,Piauí,BR-PI,Dom Inocêncio,BR-PI-075
Brazil,BR,Piauí,BR-PI,Santo Antônio de Lisboa,BR-PI-181
Brazil,BR,Piauí,BR-PI,Vera Mendes,BR-PI-222
Brazil,BR,Piauí,BR-PI,Francisco Macedo,BR-PI-086
Brazil,BR,Piauí,BR-PI,Sebastião Barros,BR-PI-207
Brazil,BR,Piauí,BR-PI,Monsenhor Hipólito,BR-PI-131
Brazil,BR,Piauí,BR-PI,Morro do Chapéu do Piauí,BR-PI-134
Brazil,BR,Piauí,BR-PI,São João da Fronteira,BR-PI-191
Brazil,BR,Piauí,BR-PI,Canavieira,BR-PI-048
Brazil,BR,Piauí,BR-PI,Cajueiro da Praia,BR-PI-041
Brazil,BR,Piauí,BR-PI,Simplício Mendes,BR-PI-211
Brazil,BR,Piauí,BR-PI,Cocal,BR-PI-057
Brazil,BR,Piauí,BR-PI,Murici dos Portelas,BR-PI-135
Brazil,BR,Piauí,BR-PI,São Gonçalo do Piauí,BR-PI-189
Brazil,BR,Piauí,BR-PI,Francisco Ayres,BR-PI-085
Brazil,BR,Piauí,BR-PI,São Miguel do Tapuio,BR-PI-204
Brazil,BR,Piauí,BR-PI,Santo Antônio dos Milagres,BR-PI-182
Brazil,BR,Piauí,BR-PI,São José do Peixe,BR-PI-197
Brazil,BR,Piauí,BR-PI,Sussuapara,BR-PI-213
Brazil,BR,Piauí,BR-PI,Redenção do Gurguéia,BR-PI-169
Brazil,BR,Piauí,BR-PI,Demerval Lobão,BR-PI-072
Brazil,BR,Piauí,BR-PI,Isaías Coelho,BR-PI-097
Brazil,BR,Piauí,BR-PI,Batalha,BR-PI-023
Brazil,BR,Piauí,BR-PI,Simões,BR-PI-210
Brazil,BR,Piauí,BR-PI,Inhuma,BR-PI-095
Brazil,BR,Piauí,BR-PI,Colônia do Gurguéia,BR-PI-061
Brazil,BR,Piauí,BR-PI,Ribeiro Gonçalves,BR-PI-173
Brazil,BR,Piauí,BR-PI,Corrente,BR-PI-065
Brazil,BR,Piauí,BR-PI,Anísio de Abreu,BR-PI-011
Brazil,BR,Piauí,BR-PI,Elesbão Veloso,BR-PI-077
Brazil,BR,Piauí,BR-PI,Bonfim do Piauí,BR-PI-033
Brazil,BR,Piauí,BR-PI,São João da Canabrava,BR-PI-190
Brazil,BR,Piauí,BR-PI,Agricolândia,BR-PI-002
Brazil,BR,Piauí,BR-PI,Guaribas,BR-PI-092
Brazil,BR,Piauí,BR-PI,Santa Luz,BR-PI-178
Brazil,BR,Piauí,BR-PI,Cristino Castro,BR-PI-067
Brazil,BR,Piauí,BR-PI,Paulistana,BR-PI-156
Brazil,BR,Piauí,BR-PI,São João do Arraial,BR-PI-194
Brazil,BR,Piauí,BR-PI,Curralinhos,BR-PI-071
Brazil,BR,Piauí,BR-PI,Lagoa do Piauí,BR-PI-115
Brazil,BR,Piauí,BR-PI,Santo Inácio do Piauí,BR-PI-183
Brazil,BR,Piauí,BR-PI,João Costa,BR-PI-105
Brazil,BR,Piauí,BR-PI,São João da Serra,BR-PI-192
Brazil,BR,Piauí,BR-PI,Uruçuí,BR-PI-218
Brazil,BR,Piauí,BR-PI,Altos,BR-PI-007
Brazil,BR,Piauí,BR-PI,Alagoinha do Piauí,BR-PI-004
Brazil,BR,Piauí,BR-PI,Tanque do Piauí,BR-PI-215
Brazil,BR,Piauí,BR-PI,Picos,BR-PI-160
Brazil,BR,Piauí,BR-PI,Floresta do Piauí,BR-PI-082
Brazil,BR,Piauí,BR-PI,Porto Alegre do Piauí,BR-PI-166
Brazil,BR,Piauí,BR-PI,São João da Varjota,BR-PI-193
Brazil,BR,Piauí,BR-PI,Caridade do Piauí,BR-PI-054
Brazil,BR,Piauí,BR-PI,Lagoa Alegre,BR-PI-112
Brazil,BR,Piauí,BR-PI,Esperantina,BR-PI-079
Brazil,BR,Piauí,BR-PI,Eliseu Martins,BR-PI-078
Brazil,BR,Piauí,BR-PI,Baixa Grande do Ribeiro,BR-PI-018
Brazil,BR,Piauí,BR-PI,São Miguel do Fidalgo,BR-PI-203
Brazil,BR,Piauí,BR-PI,Teresina,BR-PI-216
Brazil,BR,Piauí,BR-PI,Paquetá,BR-PI-150
Brazil,BR,Piauí,BR-PI,Padre Marcos,BR-PI-145
Brazil,BR,Piauí,BR-PI,Santa Rosa do Piauí,BR-PI-179
Brazil,BR,Piauí,BR-PI,São Braz do Piauí,BR-PI-184
Brazil,BR,Piauí,BR-PI,Belém do Piauí,BR-PI-025
Brazil,BR,Piauí,BR-PI,Bom Jesus,BR-PI-031
Brazil,BR,Piauí,BR-PI,Manoel Emídio,BR-PI-122
Brazil,BR,Piauí,BR-PI,Pio IX,BR-PI-162
Brazil,BR,Piauí,BR-PI,Beneditinos,BR-PI-026
Brazil,BR,Piauí,BR-PI,Campo Grande do Piauí,BR-PI-045
Brazil,BR,Piauí,BR-PI,Fronteiras,BR-PI-088
Brazil,BR,Piauí,BR-PI,Avelino Lopes,BR-PI-017
Brazil,BR,Piauí,BR-PI,Cabeceiras do Piauí,BR-PI-039
Brazil,BR,Piauí,BR-PI,Wall Ferraz,BR-PI-224
Brazil,BR,Piauí,BR-PI,Canto do Buriti,BR-PI-049
Brazil,BR,Piauí,BR-PI,Cocal dos Alves,BR-PI-059
Brazil,BR,Piauí,BR-PI,Lagoa do Sítio,BR-PI-116
Brazil,BR,Piauí,BR-PI,Sebastião Leal,BR-PI-208
Brazil,BR,Piauí,BR-PI,São Miguel da Baixa Grande,BR-PI-202
Brazil,BR,Piauí,BR-PI,Gilbués,BR-PI-090
Brazil,BR,Piauí,BR-PI,Patos do Piauí,BR-PI-154
Brazil,BR,Piauí,BR-PI,Palmeirais,BR-PI-149
Brazil,BR,Piauí,BR-PI,São Lourenço do Piauí,BR-PI-200
Brazil,BR,Piauí,BR-PI,Landri Sales,BR-PI-118
Brazil,BR,Piauí,BR-PI,Coivaras,BR-PI-060
Brazil,BR,Piauí,BR-PI,Geminiano,BR-PI-089
Brazil,BR,Piauí,BR-PI,Milton Brandão,BR-PI-129
Brazil,BR,Sergipe,BR-SE,Muribeca,BR-SE-041
Brazil,BR,Sergipe,BR-SE,Arauá,BR-SE-004
Brazil,BR,Sergipe,BR-SE,Neópolis,BR-SE-042
Brazil,BR,Sergipe,BR-SE,Nossa Senhora Aparecida,BR-SE-043
Brazil,BR,Sergipe,BR-SE,São Domingos,BR-SE-067
Brazil,BR,Sergipe,BR-SE,Aquidabã,BR-SE-002
Brazil,BR,Sergipe,BR-SE,São Miguel do Aleixo,BR-SE-069
Brazil,BR,Sergipe,BR-SE,Divina Pastora,BR-SE-018
Brazil,BR,Sergipe,BR-SE,Pacatuba,BR-SE-048
Brazil,BR,Sergipe,BR-SE,Cumbe,BR-SE-017
Brazil,BR,Sergipe,BR-SE,Monte Alegre de Sergipe,BR-SE-040
Brazil,BR,Sergipe,BR-SE,Pirambu,BR-SE-052
Brazil,BR,Sergipe,BR-SE,Laranjeiras,BR-SE-034
Brazil,BR,Sergipe,BR-SE,Feira Nova,BR-SE-020
Brazil,BR,Sergipe,BR-SE,Pedra Mole,BR-SE-049
Brazil,BR,Sergipe,BR-SE,Santana do São Francisco,BR-SE-064
Brazil,BR,Sergipe,BR-SE,Santa Rosa de Lima,BR-SE-063
Brazil,BR,Sergipe,BR-SE,Carira,BR-SE-013
Brazil,BR,Sergipe,BR-SE,Itabaianinha,BR-SE-028
Brazil,BR,Sergipe,BR-SE,Itaporanga d'Ajuda,BR-SE-030
Brazil,BR,Sergipe,BR-SE,Umbaúba,BR-SE-075
Brazil,BR,Sergipe,BR-SE,Siriri,BR-SE-071
Brazil,BR,Sergipe,BR-SE,Malhada dos Bois,BR-SE-036
Brazil,BR,Sergipe,BR-SE,Ilha das Flores,BR-SE-025
Brazil,BR,Sergipe,BR-SE,Boquim,BR-SE-007
Brazil,BR,Sergipe,BR-SE,Amparo do São Francisco,BR-SE-001
Brazil,BR,Sergipe,BR-SE,Indiaroba,BR-SE-026
Brazil,BR,Sergipe,BR-SE,Nossa Senhora de Lourdes,BR-SE-046
Brazil,BR,Sergipe,BR-SE,Cristinápolis,BR-SE-016
Brazil,BR,Sergipe,BR-SE,Tomar do Geru,BR-SE-074
Brazil,BR,Sergipe,BR-SE,Riachão do Dantas,BR-SE-057
Brazil,BR,Sergipe,BR-SE,Porto da Folha,BR-SE-055
Brazil,BR,Sergipe,BR-SE,Canhoba,BR-SE-010
Brazil,BR,Sergipe,BR-SE,Macambira,BR-SE-035
Brazil,BR,Sergipe,BR-SE,Cedro de São João,BR-SE-015
Brazil,BR,Sergipe,BR-SE,Malhador,BR-SE-037
Brazil,BR,Sergipe,BR-SE,Propriá,BR-SE-056
Brazil,BR,Sergipe,BR-SE,Itabaiana,BR-SE-027
Brazil,BR,Sergipe,BR-SE,Moita Bonita,BR-SE-039
Brazil,BR,Sergipe,BR-SE,Salgado,BR-SE-061
Brazil,BR,Sergipe,BR-SE,Poço Verde,BR-SE-054
Brazil,BR,Sergipe,BR-SE,Riachuelo,BR-SE-058
Brazil,BR,Sergipe,BR-SE,Pedrinhas,BR-SE-050
Brazil,BR,Sergipe,BR-SE,Areia Branca,BR-SE-005
Brazil,BR,Sergipe,BR-SE,Frei Paulo,BR-SE-021
Brazil,BR,Sergipe,BR-SE,Nossa Senhora das Dores,BR-SE-045
Brazil,BR,Sergipe,BR-SE,Itabi,BR-SE-029
Brazil,BR,Sergipe,BR-SE,Campo do Brito,BR-SE-009
Brazil,BR,Sergipe,BR-SE,Ribeirópolis,BR-SE-059
Brazil,BR,Sergipe,BR-SE,Gararu,BR-SE-022
Brazil,BR,Sergipe,BR-SE,Nossa Senhora da Glória,BR-SE-044
Brazil,BR,Sergipe,BR-SE,Capela,BR-SE-012
Brazil,BR,Sergipe,BR-SE,Nossa Senhora do Socorro,BR-SE-047
Brazil,BR,Sergipe,BR-SE,Tobias Barreto,BR-SE-073
Brazil,BR,Sergipe,BR-SE,São Francisco,BR-SE-068
Brazil,BR,Sergipe,BR-SE,Simão Dias,BR-SE-070
Brazil,BR,Sergipe,BR-SE,Lagarto,BR-SE-033
Brazil,BR,Sergipe,BR-SE,Estância,BR-SE-019
Brazil,BR,Sergipe,BR-SE,Aracaju,BR-SE-003
Brazil,BR,Sergipe,BR-SE,São Cristóvão,BR-SE-066
Brazil,BR,Sergipe,BR-SE,Pinhão,BR-SE-051
Brazil,BR,Sergipe,BR-SE,Japoatã,BR-SE-032
Brazil,BR,Sergipe,BR-SE,General Maynard,BR-SE-023
Brazil,BR,Sergipe,BR-SE,Canindé de São Francisco,BR-SE-011
Brazil,BR,Sergipe,BR-SE,Brejo Grande,BR-SE-008
Brazil,BR,Sergipe,BR-SE,Telha,BR-SE-072
Brazil,BR,Sergipe,BR-SE,Santa Luzia do Itanhy,BR-SE-062
Brazil,BR,Sergipe,BR-SE,Gracho Cardoso,BR-SE-024
Brazil,BR,Sergipe,BR-SE,Santo Amaro das Brotas,BR-SE-065
Brazil,BR,Sergipe,BR-SE,Carmópolis,BR-SE-014
Brazil,BR,Sergipe,BR-SE,Japaratuba,BR-SE-031
Brazil,BR,Sergipe,BR-SE,Poço Redondo,BR-SE-053
Brazil,BR,Sergipe,BR-SE,Maruim,BR-SE-038
Brazil,BR,Sergipe,BR-SE,Rosário do Catete,BR-SE-060
Brazil,BR,Sergipe,BR-SE,Barra dos Coqueiros,BR-SE-006
Brazil,BR,Paraná,BR-PR,Arapuã,BR-PR-021
Brazil,BR,Paraná,BR-PR,Santo Antônio do Sudoeste,BR-PR-339
Brazil,BR,Paraná,BR-PR,São Jorge do Patrocínio,BR-PR-349
Brazil,BR,Paraná,BR-PR,Paulo Frontin,BR-PR-261
Brazil,BR,Paraná,BR-PR,Antonina,BR-PR-016
Brazil,BR,Paraná,BR-PR,Alto Paraíso,BR-PR-006
Brazil,BR,Paraná,BR-PR,Corumbataí do Sul,BR-PR-089
Brazil,BR,Paraná,BR-PR,Rio Branco do Sul,BR-PR-311
Brazil,BR,Paraná,BR-PR,Francisco Alves,BR-PR-123
Brazil,BR,Paraná,BR-PR,Jaguariaíva,BR-PR-171
Brazil,BR,Paraná,BR-PR,Inajá,BR-PR-150
Brazil,BR,Paraná,BR-PR,Ventania,BR-PR-393
Brazil,BR,Paraná,BR-PR,Adrianópolis,BR-PR-002
Brazil,BR,Paraná,BR-PR,Guarapuava,BR-PR-137
Brazil,BR,Paraná,BR-PR,Guamiranga,BR-PR-132
Brazil,BR,Paraná,BR-PR,Pinhalão,BR-PR-269
Brazil,BR,Paraná,BR-PR,Nova Aurora,BR-PR-232
Brazil,BR,Paraná,BR-PR,Virmond,BR-PR-396
Brazil,BR,Paraná,BR-PR,Ivaí,BR-PR-164
Brazil,BR,Paraná,BR-PR,Piraquara,BR-PR-272
Brazil,BR,Paraná,BR-PR,Guapirama,BR-PR-133
Brazil,BR,Paraná,BR-PR,Assis Chateaubriand,BR-PR-026
Brazil,BR,Paraná,BR-PR,Bela Vista do Paraíso,BR-PR-035
Brazil,BR,Paraná,BR-PR,Cianorte,BR-PR-077
Brazil,BR,Paraná,BR-PR,Pinhão,BR-PR-270
Brazil,BR,Paraná,BR-PR,Almirante Tamandaré,BR-PR-004
Brazil,BR,Paraná,BR-PR,Candói,BR-PR-064
Brazil,BR,Paraná,BR-PR,Missal,BR-PR-225
Brazil,BR,Paraná,BR-PR,Guaraniaçu,BR-PR-136
Brazil,BR,Paraná,BR-PR,Fênix,BR-PR-112
Brazil,BR,Paraná,BR-PR,Santo Antônio da Platina,BR-PR-336
Brazil,BR,Paraná,BR-PR,Abatiá,BR-PR-001
Brazil,BR,Paraná,BR-PR,Braganey,BR-PR-046
Brazil,BR,Paraná,BR-PR,Ivatuba,BR-PR-167
Brazil,BR,Paraná,BR-PR,Cascavel,BR-PR-070
Brazil,BR,Paraná,BR-PR,Medianeira,BR-PR-221
Brazil,BR,Paraná,BR-PR,Bituruna,BR-PR-036
Brazil,BR,Paraná,BR-PR,Brasilândia do Sul,BR-PR-047
Brazil,BR,Paraná,BR-PR,Guairaçá,BR-PR-131
Brazil,BR,Paraná,BR-PR,Douradina,BR-PR-101
Brazil,BR,Paraná,BR-PR,Santa Isabel do Ivaí,BR-PR-327
Brazil,BR,Paraná,BR-PR,Paranaguá,BR-PR-255
Brazil,BR,Paraná,BR-PR,São Pedro do Iguaçu,BR-PR-356
Brazil,BR,Paraná,BR-PR,Jundiaí do Sul,BR-PR-181
Brazil,BR,Paraná,BR-PR,Leópolis,BR-PR-188
Brazil,BR,Paraná,BR-PR,Cerro Azul,BR-PR-074
Brazil,BR,Paraná,BR-PR,Diamante do Sul,BR-PR-099
Brazil,BR,Paraná,BR-PR,Pato Bragado,BR-PR-258
Brazil,BR,Paraná,BR-PR,Janiópolis,BR-PR-173
Brazil,BR,Paraná,BR-PR,Mandirituba,BR-PR-201
Brazil,BR,Paraná,BR-PR,Ibema,BR-PR-142
Brazil,BR,Paraná,BR-PR,Ariranha do Ivaí,BR-PR-024
Brazil,BR,Paraná,BR-PR,Marumbi,BR-PR-216
Brazil,BR,Paraná,BR-PR,Nova Cantu,BR-PR-233
Brazil,BR,Paraná,BR-PR,Guaíra,BR-PR-130
Brazil,BR,Paraná,BR-PR,Jardim Olinda,BR-PR-177
Brazil,BR,Paraná,BR-PR,Tamarana,BR-PR-370
Brazil,BR,Paraná,BR-PR,Siqueira Campos,BR-PR-368
Brazil,BR,Paraná,BR-PR,Guaratuba,BR-PR-139
Brazil,BR,Paraná,BR-PR,Peabiru,BR-PR-262
Brazil,BR,Paraná,BR-PR,Terra Rica,BR-PR-377
Brazil,BR,Paraná,BR-PR,Califórnia,BR-PR-051
Brazil,BR,Paraná,BR-PR,Guaporema,BR-PR-134
Brazil,BR,Paraná,BR-PR,Diamante do Norte,BR-PR-098
Brazil,BR,Paraná,BR-PR,Grandes Rios,BR-PR-129
Brazil,BR,Paraná,BR-PR,Ribeirão do Pinhal,BR-PR-306
Brazil,BR,Paraná,BR-PR,Marilândia do Sul,BR-PR-208
Brazil,BR,Paraná,BR-PR,Palmas,BR-PR-249
Brazil,BR,Paraná,BR-PR,Mallet,BR-PR-197
Brazil,BR,Paraná,BR-PR,Carlópolis,BR-PR-069
Brazil,BR,Paraná,BR-PR,Sarandi,BR-PR-362
Brazil,BR,Paraná,BR-PR,São João do Caiuá,BR-PR-344
Brazil,BR,Paraná,BR-PR,Cruzmaltina,BR-PR-094
Brazil,BR,Paraná,BR-PR,Marilena,BR-PR-209
Brazil,BR,Paraná,BR-PR,Santa Lúcia,BR-PR-329
Brazil,BR,Paraná,BR-PR,Borrazópolis,BR-PR-045
Brazil,BR,Paraná,BR-PR,Laranjeiras do Sul,BR-PR-187
Brazil,BR,Paraná,BR-PR,Saudade do Iguaçu,BR-PR-363
Brazil,BR,Paraná,BR-PR,Arapongas,BR-PR-019
Brazil,BR,Paraná,BR-PR,Santa Fé,BR-PR-324
Brazil,BR,Paraná,BR-PR,Atalaia,BR-PR-028
Brazil,BR,Paraná,BR-PR,Iguaraçu,BR-PR-145
Brazil,BR,Paraná,BR-PR,Quarto Centenário,BR-PR-289
Brazil,BR,Paraná,BR-PR,Palotina,BR-PR-252
Brazil,BR,Paraná,BR-PR,Paiçandu,BR-PR-248
Brazil,BR,Paraná,BR-PR,Céu Azul,BR-PR-075
Brazil,BR,Paraná,BR-PR,Tunas do Paraná,BR-PR-384
Brazil,BR,Paraná,BR-PR,Porto Rico,BR-PR-282
Brazil,BR,Paraná,BR-PR,Campina da Lagoa,BR-PR-055
Brazil,BR,Paraná,BR-PR,Vera Cruz do Oeste,BR-PR-394
Brazil,BR,Paraná,BR-PR,Santo Antônio do Paraíso,BR-PR-338
Brazil,BR,Paraná,BR-PR,Capanema,BR-PR-066
Brazil,BR,Paraná,BR-PR,Paranavaí,BR-PR-257
Brazil,BR,Paraná,BR-PR,Catanduvas,BR-PR-072
Brazil,BR,Paraná,BR-PR,Japira,BR-PR-174
Brazil,BR,Paraná,BR-PR,Pitangueiras,BR-PR-274
Brazil,BR,Paraná,BR-PR,Cidade Gaúcha,BR-PR-078
Brazil,BR,Paraná,BR-PR,Coronel Domingos Soares,BR-PR-087
Brazil,BR,Paraná,BR-PR,Corbélia,BR-PR-085
Brazil,BR,Paraná,BR-PR,Ivaté,BR-PR-166
Brazil,BR,Paraná,BR-PR,Engenheiro Beltrão,BR-PR-105
Brazil,BR,Paraná,BR-PR,Lidianópolis,BR-PR-189
Brazil,BR,Paraná,BR-PR,Altamira do Paraná,BR-PR-005
Brazil,BR,Paraná,BR-PR,Quatro Pontes,BR-PR-292
Brazil,BR,Paraná,BR-PR,Tomazina,BR-PR-382
Brazil,BR,Paraná,BR-PR,Nova Santa Rosa,BR-PR-242
Brazil,BR,Paraná,BR-PR,Jesuítas,BR-PR-179
Brazil,BR,Paraná,BR-PR,Nova Esperança,BR-PR-234
Brazil,BR,Paraná,BR-PR,Cruzeiro do Sul,BR-PR-093
Brazil,BR,Paraná,BR-PR,Salto do Lontra,BR-PR-320
Brazil,BR,Paraná,BR-PR,Presidente Castelo Branco,BR-PR-286
Brazil,BR,Paraná,BR-PR,Terra Boa,BR-PR-376
Brazil,BR,Paraná,BR-PR,Nova Esperança do Sudoeste,BR-PR-235
Brazil,BR,Paraná,BR-PR,Goioxim,BR-PR-128
Brazil,BR,Paraná,BR-PR,Alvorada do Sul,BR-PR-010
Brazil,BR,Paraná,BR-PR,São Tomé,BR-PR-360
Brazil,BR,Paraná,BR-PR,Verê,BR-PR-395
Brazil,BR,Paraná,BR-PR,Cambará,BR-PR-052
Brazil,BR,Paraná,BR-PR,Matinhos,BR-PR-218
Brazil,BR,Paraná,BR-PR,Porto Amazonas,BR-PR-280
Brazil,BR,Paraná,BR-PR,Marialva,BR-PR-207
Brazil,BR,Paraná,BR-PR,Rio Bonito do Iguaçu,BR-PR-309
Brazil,BR,Paraná,BR-PR,Conselheiro Mairinck,BR-PR-083
Brazil,BR,Paraná,BR-PR,Antônio Olinto,BR-PR-017
Brazil,BR,Paraná,BR-PR,Cafelândia,BR-PR-049
Brazil,BR,Paraná,BR-PR,Munhoz de Melo,BR-PR-228
Brazil,BR,Paraná,BR-PR,Nova Aliança do Ivaí,BR-PR-230
Brazil,BR,Paraná,BR-PR,Juranda,BR-PR-182
Brazil,BR,Paraná,BR-PR,Serranópolis do Iguaçu,BR-PR-365
Brazil,BR,Paraná,BR-PR,Mariluz,BR-PR-210
Brazil,BR,Paraná,BR-PR,Guaraci,BR-PR-135
Brazil,BR,Paraná,BR-PR,Bom Sucesso,BR-PR-043
Brazil,BR,Paraná,BR-PR,Ibiporã,BR-PR-143
Brazil,BR,Paraná,BR-PR,Santa Cecília do Pavão,BR-PR-322
Brazil,BR,Paraná,BR-PR,Novo Itacolomi,BR-PR-244
Brazil,BR,Paraná,BR-PR,Sertanópolis,BR-PR-367
Brazil,BR,Paraná,BR-PR,Dois Vizinhos,BR-PR-100
Brazil,BR,Paraná,BR-PR,Alto Paraná,BR-PR-007
Brazil,BR,Paraná,BR-PR,Nova Tebas,BR-PR-243
Brazil,BR,Paraná,BR-PR,Santa Inês,BR-PR-326
Brazil,BR,Paraná,BR-PR,Cafeara,BR-PR-048
Brazil,BR,Paraná,BR-PR,Esperança Nova,BR-PR-107
Brazil,BR,Paraná,BR-PR,Arapoti,BR-PR-020
Brazil,BR,Paraná,BR-PR,Mirador,BR-PR-223
Brazil,BR,Paraná,BR-PR,Jaguapitã,BR-PR-170
Brazil,BR,Paraná,BR-PR,Renascença,BR-PR-302
Brazil,BR,Paraná,BR-PR,Planalto,BR-PR-276
Brazil,BR,Paraná,BR-PR,Planaltina do Paraná,BR-PR-275
Brazil,BR,Paraná,BR-PR,Rio Negro,BR-PR-312
Brazil,BR,Paraná,BR-PR,Nova Laranjeiras,BR-PR-237
Brazil,BR,Paraná,BR-PR,Iporã,BR-PR-153
Brazil,BR,Paraná,BR-PR,Imbaú,BR-PR-147
Brazil,BR,Paraná,BR-PR,Mangueirinha,BR-PR-203
Brazil,BR,Paraná,BR-PR,Pitanga,BR-PR-273
Brazil,BR,Paraná,BR-PR,Santa Mariana,BR-PR-331
Brazil,BR,Paraná,BR-PR,Nova Olímpia,BR-PR-239
Brazil,BR,Paraná,BR-PR,Cornélio Procópio,BR-PR-086
Brazil,BR,Paraná,BR-PR,Altônia,BR-PR-009
Brazil,BR,Paraná,BR-PR,Santa Amélia,BR-PR-321
Brazil,BR,Paraná,BR-PR,Ibaiti,BR-PR-141
Brazil,BR,Paraná,BR-PR,Ouro Verde do Oeste,BR-PR-247
Brazil,BR,Paraná,BR-PR,Rancho Alegre,BR-PR-298
Brazil,BR,Paraná,BR-PR,Santana do Itararé,BR-PR-335
Brazil,BR,Paraná,BR-PR,Centenário do Sul,BR-PR-073
Brazil,BR,Paraná,BR-PR,Reserva,BR-PR-303
Brazil,BR,Paraná,BR-PR,Campina Grande do Sul,BR-PR-057
Brazil,BR,Paraná,BR-PR,Prado Ferreira,BR-PR-284
Brazil,BR,Paraná,BR-PR,Pinhal de São Bento,BR-PR-268
Brazil,BR,Paraná,BR-PR,Perobal,BR-PR-263
Brazil,BR,Paraná,BR-PR,Mauá da Serra,BR-PR-220
Brazil,BR,Paraná,BR-PR,Irati,BR-PR-155
Brazil,BR,Paraná,BR-PR,São Pedro do Ivaí,BR-PR-357
Brazil,BR,Paraná,BR-PR,Curitiba,BR-PR-095
Brazil,BR,Paraná,BR-PR,Porto Vitória,BR-PR-283
Brazil,BR,Paraná,BR-PR,Rio Branco do Ivaí,BR-PR-310
Brazil,BR,Paraná,BR-PR,Ortigueira,BR-PR-245
Brazil,BR,Paraná,BR-PR,Mandaguaçu,BR-PR-199
Brazil,BR,Paraná,BR-PR,Londrina,BR-PR-193
Brazil,BR,Paraná,BR-PR,Sapopema,BR-PR-361
Brazil,BR,Paraná,BR-PR,Ampére,BR-PR-012
Brazil,BR,Paraná,BR-PR,Flórida,BR-PR-119
Brazil,BR,Paraná,BR-PR,Pérola,BR-PR-264
Brazil,BR,Paraná,BR-PR,Carambeí,BR-PR-068
Brazil,BR,Paraná,BR-PR,São João do Triunfo,BR-PR-346
Brazil,BR,Paraná,BR-PR,Rosário do Ivaí,BR-PR-316
Brazil,BR,Paraná,BR-PR,Maria Helena,BR-PR-206
Brazil,BR,Paraná,BR-PR,Pranchita,BR-PR-285
Brazil,BR,Paraná,BR-PR,Barra do Jacaré,BR-PR-032
Brazil,BR,Paraná,BR-PR,Farol,BR-PR-109
Brazil,BR,Paraná,BR-PR,Ubiratã,BR-PR-388
Brazil,BR,Paraná,BR-PR,Itaipulândia,BR-PR-158
Brazil,BR,Paraná,BR-PR,Jataizinho,BR-PR-178
Brazil,BR,Paraná,BR-PR,Toledo,BR-PR-381
Brazil,BR,Paraná,BR-PR,Santa Mônica,BR-PR-332
Brazil,BR,Paraná,BR-PR,Santa Tereza do Oeste,BR-PR-333
Brazil,BR,Paraná,BR-PR,Roncador,BR-PR-314
Brazil,BR,Paraná,BR-PR,Marquinho,BR-PR-215
Brazil,BR,Paraná,BR-PR,Japurá,BR-PR-175
Brazil,BR,Paraná,BR-PR,Pato Branco,BR-PR-259
Brazil,BR,Paraná,BR-PR,Campina do Simão,BR-PR-056
Brazil,BR,Paraná,BR-PR,São José das Palmeiras,BR-PR-351
Brazil,BR,Paraná,BR-PR,Congonhinhas,BR-PR-082
Brazil,BR,Paraná,BR-PR,Jardim Alegre,BR-PR-176
Brazil,BR,Paraná,BR-PR,Ipiranga,BR-PR-152
Brazil,BR,Paraná,BR-PR,Palmeira,BR-PR-250
Brazil,BR,Paraná,BR-PR,Cambira,BR-PR-054
Brazil,BR,Paraná,BR-PR,Manoel Ribas,BR-PR-204
Brazil,BR,Paraná,BR-PR,São Sebastião da Amoreira,BR-PR-359
Brazil,BR,Paraná,BR-PR,Jussara,BR-PR-183
Brazil,BR,Paraná,BR-PR,Pontal do Paraná,BR-PR-278
Brazil,BR,Paraná,BR-PR,Diamante D'Oeste,BR-PR-097
Brazil,BR,Paraná,BR-PR,Campo Bonito,BR-PR-058
Brazil,BR,Paraná,BR-PR,Campo Largo,BR-PR-060
Brazil,BR,Paraná,BR-PR,Matelândia,BR-PR-217
Brazil,BR,Paraná,BR-PR,Apucarana,BR-PR-018
Brazil,BR,Paraná,BR-PR,Nova Londrina,BR-PR-238
Brazil,BR,Paraná,BR-PR,Nova Santa Bárbara,BR-PR-241
Brazil,BR,Paraná,BR-PR,Nossa Senhora das Graças,BR-PR-229
Brazil,BR,Paraná,BR-PR,Teixeira Soares,BR-PR-374
Brazil,BR,Paraná,BR-PR,Iretama,BR-PR-156
Brazil,BR,Paraná,BR-PR,Itaúna do Sul,BR-PR-163
Brazil,BR,Paraná,BR-PR,Fazenda Rio Grande,BR-PR-111
Brazil,BR,Paraná,BR-PR,Jacarezinho,BR-PR-169
Brazil,BR,Paraná,BR-PR,Tapejara,BR-PR-372
Brazil,BR,Paraná,BR-PR,União da Vitória,BR-PR-390
Brazil,BR,Paraná,BR-PR,Fernandes Pinheiro,BR-PR-113
Brazil,BR,Paraná,BR-PR,Capitão Leônidas Marques,BR-PR-067
Brazil,BR,Paraná,BR-PR,Boa Ventura de São Roque,BR-PR-039
Brazil,BR,Paraná,BR-PR,Wenceslau Braz,BR-PR-398
Brazil,BR,Paraná,BR-PR,Barbosa Ferraz,BR-PR-031
Brazil,BR,Paraná,BR-PR,Paranacity,BR-PR-254
Brazil,BR,Paraná,BR-PR,Floraí,BR-PR-116
Brazil,BR,Paraná,BR-PR,Guaraqueçaba,BR-PR-138
Brazil,BR,Paraná,BR-PR,Iracema do Oeste,BR-PR-154
Brazil,BR,Paraná,BR-PR,Ângulo,BR-PR-015
Brazil,BR,Paraná,BR-PR,Alto Piquiri,BR-PR-008
Brazil,BR,Paraná,BR-PR,São José da Boa Vista,BR-PR-350
Brazil,BR,Paraná,BR-PR,Santo Antônio do Caiuá,BR-PR-337
Brazil,BR,Paraná,BR-PR,Anahy,BR-PR-013
Brazil,BR,Paraná,BR-PR,Rancho Alegre D'Oeste,BR-PR-299
Brazil,BR,Paraná,BR-PR,Umuarama,BR-PR-389
Brazil,BR,Paraná,BR-PR,Bom Jesus do Sul,BR-PR-042
Brazil,BR,Paraná,BR-PR,Nova América da Colina,BR-PR-231
Brazil,BR,Paraná,BR-PR,Tamboara,BR-PR-371
Brazil,BR,Paraná,BR-PR,Rio Bom,BR-PR-308
Brazil,BR,Paraná,BR-PR,Andirá,BR-PR-014
Brazil,BR,Paraná,BR-PR,Rio Azul,BR-PR-307
Brazil,BR,Paraná,BR-PR,Santa Izabel do Oeste,BR-PR-328
Brazil,BR,Paraná,BR-PR,Coronel Vivida,BR-PR-088
Brazil,BR,Paraná,BR-PR,Mercedes,BR-PR-222
Brazil,BR,Paraná,BR-PR,São Jorge d'Oeste,BR-PR-347
Brazil,BR,Paraná,BR-PR,Inácio Martins,BR-PR-149
Brazil,BR,Paraná,BR-PR,Morretes,BR-PR-227
Brazil,BR,Paraná,BR-PR,Kaloré,BR-PR-184
Brazil,BR,Paraná,BR-PR,Boa Vista da Aparecida,BR-PR-040
Brazil,BR,Paraná,BR-PR,Luiziana,BR-PR-194
Brazil,BR,Paraná,BR-PR,Quedas do Iguaçu,BR-PR-293
Brazil,BR,Paraná,BR-PR,Iguatu,BR-PR-146
Brazil,BR,Paraná,BR-PR,Campo Magro,BR-PR-061
Brazil,BR,Paraná,BR-PR,Santa Maria do Oeste,BR-PR-330
Brazil,BR,Paraná,BR-PR,Quatro Barras,BR-PR-291
Brazil,BR,Paraná,BR-PR,Paula Freitas,BR-PR-260
Brazil,BR,Paraná,BR-PR,Mato Rico,BR-PR-219
Brazil,BR,Paraná,BR-PR,Nova Fátima,BR-PR-236
Brazil,BR,Paraná,BR-PR,Bela Vista da Caroba,BR-PR-034
Brazil,BR,Paraná,BR-PR,General Carneiro,BR-PR-125
Brazil,BR,Paraná,BR-PR,Rebouças,BR-PR-301
Brazil,BR,Paraná,BR-PR,Manfrinópolis,BR-PR-202
Brazil,BR,Paraná,BR-PR,Faxinal,BR-PR-110
Brazil,BR,Paraná,BR-PR,Foz do Iguaçu,BR-PR-121
Brazil,BR,Paraná,BR-PR,Mamborê,BR-PR-198
Brazil,BR,Paraná,BR-PR,Entre Rios do Oeste,BR-PR-106
Brazil,BR,Paraná,BR-PR,São Mateus do Sul,BR-PR-354
Brazil,BR,Paraná,BR-PR,Lapa,BR-PR-185
Brazil,BR,Paraná,BR-PR,Porecatu,BR-PR-279
Brazil,BR,Paraná,BR-PR,Palmital,BR-PR-251
Brazil,BR,Paraná,BR-PR,Joaquim Távora,BR-PR-180
Brazil,BR,Paraná,BR-PR,Doutor Camargo,BR-PR-102
Brazil,BR,Paraná,BR-PR,Amaporã,BR-PR-011
Brazil,BR,Paraná,BR-PR,Formosa do Oeste,BR-PR-120
Brazil,BR,Paraná,BR-PR,Sertaneja,BR-PR-366
Brazil,BR,Paraná,BR-PR,Ourizona,BR-PR-246
Brazil,BR,Paraná,BR-PR,Cantagalo,BR-PR-065
Brazil,BR,Paraná,BR-PR,São Manoel do Paraná,BR-PR-353
Brazil,BR,Paraná,BR-PR,Lunardelli,BR-PR-195
Brazil,BR,Paraná,BR-PR,Foz do Jordão,BR-PR-122
Brazil,BR,Paraná,BR-PR,Nova Prata do Iguaçu,BR-PR-240
Brazil,BR,Paraná,BR-PR,Lupionópolis,BR-PR-196
Brazil,BR,Paraná,BR-PR,Florestópolis,BR-PR-118
Brazil,BR,Paraná,BR-PR,Santa Terezinha de Itaipu,BR-PR-334
Brazil,BR,Paraná,BR-PR,Terra Roxa,BR-PR-378
Brazil,BR,Paraná,BR-PR,Astorga,BR-PR-027
Brazil,BR,Paraná,BR-PR,Boa Esperança do Iguaçu,BR-PR-038
Brazil,BR,Paraná,BR-PR,Pérola d'Oeste,BR-PR-265
Brazil,BR,Paraná,BR-PR,Laranjal,BR-PR-186
Brazil,BR,Paraná,BR-PR,Salto do Itararé,BR-PR-319
Brazil,BR,Paraná,BR-PR,São Carlos do Ivaí,BR-PR-341
Brazil,BR,Paraná,BR-PR,Jandaia do Sul,BR-PR-172
Brazil,BR,Paraná,BR-PR,São Jerônimo da Serra,BR-PR-342
Brazil,BR,Paraná,BR-PR,Tibagi,BR-PR-379
Brazil,BR,Paraná,BR-PR,Mandaguari,BR-PR-200
Brazil,BR,Paraná,BR-PR,Jaboti,BR-PR-168
Brazil,BR,Paraná,BR-PR,Telêmaco Borba,BR-PR-375
Brazil,BR,Paraná,BR-PR,Realeza,BR-PR-300
Brazil,BR,Paraná,BR-PR,Bocaiúva do Sul,BR-PR-041
Brazil,BR,Paraná,BR-PR,Itaguajé,BR-PR-157
Brazil,BR,Paraná,BR-PR,Sulina,BR-PR-369
Brazil,BR,Paraná,BR-PR,Sabáudia,BR-PR-317
Brazil,BR,Paraná,BR-PR,Campo Mourão,BR-PR-062
Brazil,BR,Paraná,BR-PR,Cambé,BR-PR-053
Brazil,BR,Paraná,BR-PR,Quitandinha,BR-PR-296
Brazil,BR,Paraná,BR-PR,Goioerê,BR-PR-127
Brazil,BR,Paraná,BR-PR,Cândido de Abreu,BR-PR-063
Brazil,BR,Paraná,BR-PR,Rolândia,BR-PR-313
Brazil,BR,Paraná,BR-PR,Tijucas do Sul,BR-PR-380
Brazil,BR,Paraná,BR-PR,Maripá,BR-PR-213
Brazil,BR,Paraná,BR-PR,Ponta Grossa,BR-PR-277
Brazil,BR,Paraná,BR-PR,São Pedro do Paraná,BR-PR-358
Brazil,BR,Paraná,BR-PR,Xambrê,BR-PR-399
Brazil,BR,Paraná,BR-PR,Doutor Ulysses,BR-PR-103
Brazil,BR,Paraná,BR-PR,Itaperuçu,BR-PR-162
Brazil,BR,Paraná,BR-PR,Santa Helena,BR-PR-325
Brazil,BR,Paraná,BR-PR,Porto Barreiro,BR-PR-281
Brazil,BR,Paraná,BR-PR,Itambaracá,BR-PR-159
Brazil,BR,Paraná,BR-PR,Cruzeiro do Oeste,BR-PR-092
Brazil,BR,Paraná,BR-PR,Tapira,BR-PR-373
Brazil,BR,Paraná,BR-PR,Barracão,BR-PR-033
Brazil,BR,Paraná,BR-PR,Santo Inácio,BR-PR-340
Brazil,BR,Paraná,BR-PR,Salgado Filho,BR-PR-318
Brazil,BR,Paraná,BR-PR,Icaraíma,BR-PR-144
Brazil,BR,Paraná,BR-PR,Bom Sucesso do Sul,BR-PR-044
Brazil,BR,Paraná,BR-PR,Loanda,BR-PR-191
Brazil,BR,Paraná,BR-PR,Paraíso do Norte,BR-PR-253
Brazil,BR,Paraná,BR-PR,Flor da Serra do Sul,BR-PR-115
Brazil,BR,Paraná,BR-PR,Turvo,BR-PR-387
Brazil,BR,Paraná,BR-PR,Espigão Alto do Iguaçu,BR-PR-108
Brazil,BR,Paraná,BR-PR,Floresta,BR-PR-117
Brazil,BR,Paraná,BR-PR,Reserva do Iguaçu,BR-PR-304
Brazil,BR,Paraná,BR-PR,São Jorge do Ivaí,BR-PR-348
Brazil,BR,Paraná,BR-PR,Honório Serpa,BR-PR-140
Brazil,BR,Paraná,BR-PR,Lindoeste,BR-PR-190
Brazil,BR,Paraná,BR-PR,Marechal Cândido Rondon,BR-PR-205
Brazil,BR,Paraná,BR-PR,Itapejara d'Oeste,BR-PR-161
Brazil,BR,Paraná,BR-PR,Sengés,BR-PR-364
Brazil,BR,Paraná,BR-PR,Uniflor,BR-PR-391
Brazil,BR,Paraná,BR-PR,Vitorino,BR-PR-397
Brazil,BR,Paraná,BR-PR,Três Barras do Paraná,BR-PR-383
Brazil,BR,Paraná,BR-PR,Piraí do Sul,BR-PR-271
Brazil,BR,Paraná,BR-PR,Ribeirão Claro,BR-PR-305
Brazil,BR,Paraná,BR-PR,Cruzeiro do Iguaçu,BR-PR-091
Brazil,BR,Paraná,BR-PR,Colorado,BR-PR-081
Brazil,BR,Paraná,BR-PR,Boa Esperança,BR-PR-037
Brazil,BR,Paraná,BR-PR,Colombo,BR-PR-080
Brazil,BR,Paraná,BR-PR,Godoy Moreira,BR-PR-126
Brazil,BR,Paraná,BR-PR,Pinhais,BR-PR-267
Brazil,BR,Paraná,BR-PR,São João,BR-PR-343
Brazil,BR,Paraná,BR-PR,Contenda,BR-PR-084
Brazil,BR,Paraná,BR-PR,Chopinzinho,BR-PR-076
Brazil,BR,Paraná,BR-PR,Imbituva,BR-PR-148
Brazil,BR,Paraná,BR-PR,Agudos do Sul,BR-PR-003
Brazil,BR,Paraná,BR-PR,Figueira,BR-PR-114
Brazil,BR,Paraná,BR-PR,Assaí,BR-PR-025
Brazil,BR,Paraná,BR-PR,Piên,BR-PR-266
Brazil,BR,Paraná,BR-PR,Paranapoema,BR-PR-256
Brazil,BR,Paraná,BR-PR,São José dos Pinhais,BR-PR-352
Brazil,BR,Paraná,BR-PR,Quinta do Sol,BR-PR-295
Brazil,BR,Paraná,BR-PR,Bandeirantes,BR-PR-030
Brazil,BR,Paraná,BR-PR,Curiúva,BR-PR-096
Brazil,BR,Paraná,BR-PR,Itambé,BR-PR-160
Brazil,BR,Paraná,BR-PR,São Miguel do Iguaçu,BR-PR-355
Brazil,BR,Paraná,BR-PR,Araucária,BR-PR-023
Brazil,BR,Paraná,BR-PR,Cruz Machado,BR-PR-090
Brazil,BR,Paraná,BR-PR,Cafezal do Sul,BR-PR-050
Brazil,BR,Paraná,BR-PR,Maringá,BR-PR-211
Brazil,BR,Paraná,BR-PR,Castro,BR-PR-071
Brazil,BR,Paraná,BR-PR,Marmeleiro,BR-PR-214
Brazil,BR,Paraná,BR-PR,Campo do Tenente,BR-PR-059
Brazil,BR,Paraná,BR-PR,Mariópolis,BR-PR-212
Brazil,BR,Paraná,BR-PR,Rondon,BR-PR-315
Brazil,BR,Paraná,BR-PR,Miraselva,BR-PR-224
Brazil,BR,Paraná,BR-PR,Primeiro de Maio,BR-PR-287
Brazil,BR,Paraná,BR-PR,Santa Cruz de Monte Castelo,BR-PR-323
Brazil,BR,Paraná,BR-PR,Araruna,BR-PR-022
Brazil,BR,Paraná,BR-PR,Moreira Sales,BR-PR-226
Brazil,BR,Paraná,BR-PR,Ramilândia,BR-PR-297
Brazil,BR,Paraná,BR-PR,Clevelândia,BR-PR-079
Brazil,BR,Paraná,BR-PR,Lobato,BR-PR-192
Brazil,BR,Paraná,BR-PR,Francisco Beltrão,BR-PR-124
Brazil,BR,Paraná,BR-PR,Querência do Norte,BR-PR-294
Brazil,BR,Paraná,BR-PR,Uraí,BR-PR-392
Brazil,BR,Paraná,BR-PR,Enéas Marques,BR-PR-104
Brazil,BR,Paraná,BR-PR,Quatiguá,BR-PR-290
Brazil,BR,Paraná,BR-PR,São João do Ivaí,BR-PR-345
Brazil,BR,Paraná,BR-PR,Ivaiporã,BR-PR-165
Brazil,BR,Paraná,BR-PR,Tupãssi,BR-PR-386
Brazil,BR,Paraná,BR-PR,Prudentópolis,BR-PR-288
Brazil,BR,Paraná,BR-PR,Balsa Nova,BR-PR-029
Brazil,BR,Paraná,BR-PR,Tuneiras do Oeste,BR-PR-385
Brazil,BR,Paraná,BR-PR,Indianópolis,BR-PR-151
Brazil,BR,Minas Gerais,BR-MG,Claro dos Poções,BR-MG-182
Brazil,BR,Minas Gerais,BR-MG,Pouso Alegre,BR-MG-615
Brazil,BR,Minas Gerais,BR-MG,Betim,BR-MG-072
Brazil,BR,Minas Gerais,BR-MG,Cachoeira de Pajeú,BR-MG-107
Brazil,BR,Minas Gerais,BR-MG,Tarumirim,BR-MG-804
Brazil,BR,Minas Gerais,BR-MG,São José da Lapa,BR-MG-741
Brazil,BR,Minas Gerais,BR-MG,Santa Bárbara do Monte Verde,BR-MG-666
Brazil,BR,Minas Gerais,BR-MG,Guarda-Mor,BR-MG-325
Brazil,BR,Minas Gerais,BR-MG,Bias Fortes,BR-MG-073
Brazil,BR,Minas Gerais,BR-MG,Naque,BR-MG-512
Brazil,BR,Minas Gerais,BR-MG,Munhoz,BR-MG-506
Brazil,BR,Minas Gerais,BR-MG,Descoberto,BR-MG-238
Brazil,BR,Minas Gerais,BR-MG,São Tomás de Aquino,BR-MG-765
Brazil,BR,Minas Gerais,BR-MG,Santa Bárbara do Tugúrio,BR-MG-667
Brazil,BR,Minas Gerais,BR-MG,Bom Jesus do Amparo,BR-MG-082
Brazil,BR,Minas Gerais,BR-MG,São Gonçalo do Rio Preto,BR-MG-723
Brazil,BR,Minas Gerais,BR-MG,Pedro Leopoldo,BR-MG-577
Brazil,BR,Minas Gerais,BR-MG,Alvarenga,BR-MG-025
Brazil,BR,Minas Gerais,BR-MG,Pedro Teixeira,BR-MG-578
Brazil,BR,Minas Gerais,BR-MG,Fruta de Leite,BR-MG-304
Brazil,BR,Minas Gerais,BR-MG,Coronel Murta,BR-MG-215
Brazil,BR,Minas Gerais,BR-MG,Ervália,BR-MG-270
Brazil,BR,Minas Gerais,BR-MG,Recreio,BR-MG-630
Brazil,BR,Minas Gerais,BR-MG,Andradas,BR-MG-029
Brazil,BR,Minas Gerais,BR-MG,Santa Rita de Caldas,BR-MG-680
Brazil,BR,Minas Gerais,BR-MG,Fronteira dos Vales,BR-MG-303
Brazil,BR,Minas Gerais,BR-MG,São João do Oriente,BR-MG-734
Brazil,BR,Minas Gerais,BR-MG,Santana de Pirapama,BR-MG-690
Brazil,BR,Minas Gerais,BR-MG,Água Comprida,BR-MG-007
Brazil,BR,Minas Gerais,BR-MG,Virgolândia,BR-MG-850
Brazil,BR,Minas Gerais,BR-MG,Luislândia,BR-MG-445
Brazil,BR,Minas Gerais,BR-MG,Marilac,BR-MG-461
Brazil,BR,Minas Gerais,BR-MG,Sete Lagoas,BR-MG-790
Brazil,BR,Minas Gerais,BR-MG,Nova Porteirinha,BR-MG-523
Brazil,BR,Minas Gerais,BR-MG,Jordânia,BR-MG-414
Brazil,BR,Minas Gerais,BR-MG,São João do Manhuaçu,BR-MG-732
Brazil,BR,Minas Gerais,BR-MG,Jequitinhonha,BR-MG-407
Brazil,BR,Minas Gerais,BR-MG,Desterro de Entre Rios,BR-MG-239
Brazil,BR,Minas Gerais,BR-MG,Estrela Dalva,BR-MG-276
Brazil,BR,Minas Gerais,BR-MG,Paiva,BR-MG-547
Brazil,BR,Minas Gerais,BR-MG,Botumirim,BR-MG-091
Brazil,BR,Minas Gerais,BR-MG,Cristália,BR-MG-225
Brazil,BR,Minas Gerais,BR-MG,Porteirinha,BR-MG-612
Brazil,BR,Minas Gerais,BR-MG,Boa Esperança,BR-MG-076
Brazil,BR,Minas Gerais,BR-MG,Campos Altos,BR-MG-126
Brazil,BR,Minas Gerais,BR-MG,Conceição do Pará,BR-MG-194
Brazil,BR,Minas Gerais,BR-MG,Catuji,BR-MG-169
Brazil,BR,Minas Gerais,BR-MG,Brasília de Minas,BR-MG-094
Brazil,BR,Minas Gerais,BR-MG,Cruzília,BR-MG-230
Brazil,BR,Minas Gerais,BR-MG,Curral de Dentro,BR-MG-232
Brazil,BR,Minas Gerais,BR-MG,Fervedouro,BR-MG-289
Brazil,BR,Minas Gerais,BR-MG,São José do Divino,BR-MG-745
Brazil,BR,Minas Gerais,BR-MG,Conceição dos Ouros,BR-MG-196
Brazil,BR,Minas Gerais,BR-MG,Cedro do Abaeté,BR-MG-172
Brazil,BR,Minas Gerais,BR-MG,São José do Goiabal,BR-MG-746
Brazil,BR,Minas Gerais,BR-MG,Santa Rita do Itueto,BR-MG-684
Brazil,BR,Minas Gerais,BR-MG,Dom Viçoso,BR-MG-256
Brazil,BR,Minas Gerais,BR-MG,Além Paraíba,BR-MG-015
Brazil,BR,Minas Gerais,BR-MG,Itutinga,BR-MG-390
Brazil,BR,Minas Gerais,BR-MG,Delfinópolis,BR-MG-236
Brazil,BR,Minas Gerais,BR-MG,Jaíba,BR-MG-396
Brazil,BR,Minas Gerais,BR-MG,Francisco Dumont,BR-MG-296
Brazil,BR,Minas Gerais,BR-MG,Inhaúma,BR-MG-353
Brazil,BR,Minas Gerais,BR-MG,Careaçu,BR-MG-149
Brazil,BR,Minas Gerais,BR-MG,Minas Novas,BR-MG-483
Brazil,BR,Minas Gerais,BR-MG,Oliveira,BR-MG-533
Brazil,BR,Minas Gerais,BR-MG,Abaeté,BR-MG-002
Brazil,BR,Minas Gerais,BR-MG,Madre de Deus de Minas,BR-MG-450
Brazil,BR,Minas Gerais,BR-MG,Natalândia,BR-MG-513
Brazil,BR,Minas Gerais,BR-MG,Conceição da Aparecida,BR-MG-188
Brazil,BR,Minas Gerais,BR-MG,Santana do Paraíso,BR-MG-695
Brazil,BR,Minas Gerais,BR-MG,Ataléia,BR-MG-052
Brazil,BR,Minas Gerais,BR-MG,Dores do Turvo,BR-MG-261
Brazil,BR,Minas Gerais,BR-MG,Belo Vale,BR-MG-068
Brazil,BR,Minas Gerais,BR-MG,Entre Folhas,BR-MG-268
Brazil,BR,Minas Gerais,BR-MG,Santa Rita de Ibitipoca,BR-MG-681
Brazil,BR,Minas Gerais,BR-MG,Paraopeba,BR-MG-555
Brazil,BR,Minas Gerais,BR-MG,Muriaé,BR-MG-507
Brazil,BR,Minas Gerais,BR-MG,Capitão Enéas,BR-MG-140
Brazil,BR,Minas Gerais,BR-MG,Juvenília,BR-MG-422
Brazil,BR,Minas Gerais,BR-MG,Sacramento,BR-MG-661
Brazil,BR,Minas Gerais,BR-MG,Guaraciama,BR-MG-321
Brazil,BR,Minas Gerais,BR-MG,Unaí,BR-MG-827
Brazil,BR,Minas Gerais,BR-MG,Canápolis,BR-MG-130
Brazil,BR,Minas Gerais,BR-MG,Cipotânea,BR-MG-180
Brazil,BR,Minas Gerais,BR-MG,Comercinho,BR-MG-187
Brazil,BR,Minas Gerais,BR-MG,Tapiraí,BR-MG-802
Brazil,BR,Minas Gerais,BR-MG,Bicas,BR-MG-074
Brazil,BR,Minas Gerais,BR-MG,Congonhal,BR-MG-199
Brazil,BR,Minas Gerais,BR-MG,São Domingos das Dores,BR-MG-710
Brazil,BR,Minas Gerais,BR-MG,Pains,BR-MG-546
Brazil,BR,Minas Gerais,BR-MG,Belo Horizonte,BR-MG-066
Brazil,BR,Minas Gerais,BR-MG,Juiz de Fora,BR-MG-419
Brazil,BR,Minas Gerais,BR-MG,Aricanduva,BR-MG-049
Brazil,BR,Minas Gerais,BR-MG,Florestal,BR-MG-290
Brazil,BR,Minas Gerais,BR-MG,Itaguara,BR-MG-366
Brazil,BR,Minas Gerais,BR-MG,Bela Vista de Minas,BR-MG-064
Brazil,BR,Minas Gerais,BR-MG,Verdelândia,BR-MG-840
Brazil,BR,Minas Gerais,BR-MG,Arinos,BR-MG-050
Brazil,BR,Minas Gerais,BR-MG,Igarapé,BR-MG-342
Brazil,BR,Minas Gerais,BR-MG,Pará de Minas,BR-MG-551
Brazil,BR,Minas Gerais,BR-MG,Dores de Guanhães,BR-MG-259
Brazil,BR,Minas Gerais,BR-MG,São Bento Abade,BR-MG-708
Brazil,BR,Minas Gerais,BR-MG,Diamantina,BR-MG-241
Brazil,BR,Minas Gerais,BR-MG,Teixeiras,BR-MG-805
Brazil,BR,Minas Gerais,BR-MG,São José da Barra,BR-MG-740
Brazil,BR,Minas Gerais,BR-MG,Virgínia,BR-MG-848
Brazil,BR,Minas Gerais,BR-MG,Jequeri,BR-MG-404
Brazil,BR,Minas Gerais,BR-MG,Crucilândia,BR-MG-228
Brazil,BR,Minas Gerais,BR-MG,Oliveira Fortes,BR-MG-534
Brazil,BR,Minas Gerais,BR-MG,Lagoa Grande,BR-MG-429
Brazil,BR,Minas Gerais,BR-MG,Guarará,BR-MG-324
Brazil,BR,Minas Gerais,BR-MG,Rio Paranaíba,BR-MG-646
Brazil,BR,Minas Gerais,BR-MG,Argirita,BR-MG-048
Brazil,BR,Minas Gerais,BR-MG,Caraí,BR-MG-143
Brazil,BR,Minas Gerais,BR-MG,Pequi,BR-MG-580
Brazil,BR,Minas Gerais,BR-MG,Mata Verde,BR-MG-468
Brazil,BR,Minas Gerais,BR-MG,Carrancas,BR-MG-160
Brazil,BR,Minas Gerais,BR-MG,Senador José Bento,BR-MG-775
Brazil,BR,Minas Gerais,BR-MG,Mendes Pimentel,BR-MG-480
Brazil,BR,Minas Gerais,BR-MG,Conselheiro Lafaiete,BR-MG-203
Brazil,BR,Minas Gerais,BR-MG,Monte Azul,BR-MG-495
Brazil,BR,Minas Gerais,BR-MG,Palmópolis,BR-MG-549
Brazil,BR,Minas Gerais,BR-MG,Pirapora,BR-MG-600
Brazil,BR,Minas Gerais,BR-MG,Estiva,BR-MG-275
Brazil,BR,Minas Gerais,BR-MG,Riacho dos Machados,BR-MG-636
Brazil,BR,Minas Gerais,BR-MG,Piraúba,BR-MG-601
Brazil,BR,Minas Gerais,BR-MG,Guaraciaba,BR-MG-320
Brazil,BR,Minas Gerais,BR-MG,Minduri,BR-MG-484
Brazil,BR,Minas Gerais,BR-MG,Poço Fundo,BR-MG-605
Brazil,BR,Minas Gerais,BR-MG,São Francisco do Glória,BR-MG-716
Brazil,BR,Minas Gerais,BR-MG,Dionísio,BR-MG-243
Brazil,BR,Minas Gerais,BR-MG,Varginha,BR-MG-835
Brazil,BR,Minas Gerais,BR-MG,Ibitiúra de Minas,BR-MG-339
Brazil,BR,Minas Gerais,BR-MG,Antônio Prado de Minas,BR-MG-034
Brazil,BR,Minas Gerais,BR-MG,Itamonte,BR-MG-374
Brazil,BR,Minas Gerais,BR-MG,Nova Lima,BR-MG-520
Brazil,BR,Minas Gerais,BR-MG,Serro,BR-MG-789
Brazil,BR,Minas Gerais,BR-MG,Silvianópolis,BR-MG-793
Brazil,BR,Minas Gerais,BR-MG,Esmeraldas,BR-MG-271
Brazil,BR,Minas Gerais,BR-MG,Entre Rios de Minas,BR-MG-269
Brazil,BR,Minas Gerais,BR-MG,Conselheiro Pena,BR-MG-204
Brazil,BR,Minas Gerais,BR-MG,Presidente Kubitschek,BR-MG-623
Brazil,BR,Minas Gerais,BR-MG,Barbacena,BR-MG-061
Brazil,BR,Minas Gerais,BR-MG,Frei Inocêncio,BR-MG-300
Brazil,BR,Minas Gerais,BR-MG,Mamonas,BR-MG-452
Brazil,BR,Minas Gerais,BR-MG,Iraí de Minas,BR-MG-360
Brazil,BR,Minas Gerais,BR-MG,Jaboticatubas,BR-MG-391
Brazil,BR,Minas Gerais,BR-MG,Wenceslau Braz,BR-MG-853
Brazil,BR,Minas Gerais,BR-MG,Chapada do Norte,BR-MG-177
Brazil,BR,Minas Gerais,BR-MG,Japaraíba,BR-MG-400
Brazil,BR,Minas Gerais,BR-MG,São Sebastião do Maranhão,BR-MG-759
Brazil,BR,Minas Gerais,BR-MG,Córrego Fundo,BR-MG-220
Brazil,BR,Minas Gerais,BR-MG,Chiador,BR-MG-179
Brazil,BR,Minas Gerais,BR-MG,Fama,BR-MG-282
Brazil,BR,Minas Gerais,BR-MG,Pingo-d'Água,BR-MG-592
Brazil,BR,Minas Gerais,BR-MG,Glaucilândia,BR-MG-309
Brazil,BR,Minas Gerais,BR-MG,Dores de Campos,BR-MG-258
Brazil,BR,Minas Gerais,BR-MG,Palma,BR-MG-548
Brazil,BR,Minas Gerais,BR-MG,Mário Campos,BR-MG-462
Brazil,BR,Minas Gerais,BR-MG,Caiana,BR-MG-111
Brazil,BR,Minas Gerais,BR-MG,Conceição das Alagoas,BR-MG-190
Brazil,BR,Minas Gerais,BR-MG,Maravilhas,BR-MG-458
Brazil,BR,Minas Gerais,BR-MG,Alpercata,BR-MG-019
Brazil,BR,Minas Gerais,BR-MG,Arapuá,BR-MG-042
Brazil,BR,Minas Gerais,BR-MG,Mar de Espanha,BR-MG-457
Brazil,BR,Minas Gerais,BR-MG,Piedade dos Gerais,BR-MG-590
Brazil,BR,Minas Gerais,BR-MG,Capitão Andrade,BR-MG-139
Brazil,BR,Minas Gerais,BR-MG,Sericita,BR-MG-780
Brazil,BR,Minas Gerais,BR-MG,Jesuânia,BR-MG-408
Brazil,BR,Minas Gerais,BR-MG,São Sebastião da Vargem Alegre,BR-MG-757
Brazil,BR,Minas Gerais,BR-MG,Ipaba,BR-MG-355
Brazil,BR,Minas Gerais,BR-MG,Ewbank da Câmara,BR-MG-280
Brazil,BR,Minas Gerais,BR-MG,Alfenas,BR-MG-016
Brazil,BR,Minas Gerais,BR-MG,Buritizeiro,BR-MG-102
Brazil,BR,Minas Gerais,BR-MG,Ijaci,BR-MG-345
Brazil,BR,Minas Gerais,BR-MG,Paula Cândido,BR-MG-565
Brazil,BR,Minas Gerais,BR-MG,Lavras,BR-MG-436
Brazil,BR,Minas Gerais,BR-MG,Extrema,BR-MG-281
Brazil,BR,Minas Gerais,BR-MG,Caldas,BR-MG-113
Brazil,BR,Minas Gerais,BR-MG,Salto da Divisa,BR-MG-663
Brazil,BR,Minas Gerais,BR-MG,São João do Manteninha,BR-MG-733
Brazil,BR,Minas Gerais,BR-MG,Ribeirão Vermelho,BR-MG-638
Brazil,BR,Minas Gerais,BR-MG,Santa Efigênia de Minas,BR-MG-671
Brazil,BR,Minas Gerais,BR-MG,Cruzeiro da Fortaleza,BR-MG-229
Brazil,BR,Minas Gerais,BR-MG,Santana de Cataguases,BR-MG-689
Brazil,BR,Minas Gerais,BR-MG,Morada Nova de Minas,BR-MG-503
Brazil,BR,Minas Gerais,BR-MG,Conceição da Barra de Minas,BR-MG-189
Brazil,BR,Minas Gerais,BR-MG,Sardoá,BR-MG-769
Brazil,BR,Minas Gerais,BR-MG,Varzelândia,BR-MG-838
Brazil,BR,Minas Gerais,BR-MG,Paraisópolis,BR-MG-554
Brazil,BR,Minas Gerais,BR-MG,Japonvar,BR-MG-401
Brazil,BR,Minas Gerais,BR-MG,Formoso,BR-MG-292
Brazil,BR,Minas Gerais,BR-MG,Acaiaca,BR-MG-004
Brazil,BR,Minas Gerais,BR-MG,Biquinhas,BR-MG-075
Brazil,BR,Minas Gerais,BR-MG,Gonzaga,BR-MG-313
Brazil,BR,Minas Gerais,BR-MG,Carvalhos,BR-MG-162
Brazil,BR,Minas Gerais,BR-MG,Moema,BR-MG-490
Brazil,BR,Minas Gerais,BR-MG,Capela Nova,BR-MG-134
Brazil,BR,Minas Gerais,BR-MG,Orizânia,BR-MG-537
Brazil,BR,Minas Gerais,BR-MG,Nazareno,BR-MG-515
Brazil,BR,Minas Gerais,BR-MG,Tapira,BR-MG-801
Brazil,BR,Minas Gerais,BR-MG,Patrocínio,BR-MG-563
Brazil,BR,Minas Gerais,BR-MG,Pirajuba,BR-MG-595
Brazil,BR,Minas Gerais,BR-MG,Estrela do Sul,BR-MG-278
Brazil,BR,Minas Gerais,BR-MG,Coromandel,BR-MG-213
Brazil,BR,Minas Gerais,BR-MG,Nanuque,BR-MG-511
Brazil,BR,Minas Gerais,BR-MG,Bom Despacho,BR-MG-079
Brazil,BR,Minas Gerais,BR-MG,Ipanema,BR-MG-356
Brazil,BR,Minas Gerais,BR-MG,Santa Margarida,BR-MG-676
Brazil,BR,Minas Gerais,BR-MG,Ipatinga,BR-MG-357
Brazil,BR,Minas Gerais,BR-MG,Carmo do Paranaíba,BR-MG-156
Brazil,BR,Minas Gerais,BR-MG,Cachoeira Dourada,BR-MG-108
Brazil,BR,Minas Gerais,BR-MG,Aiuruoca,BR-MG-012
Brazil,BR,Minas Gerais,BR-MG,Sabará,BR-MG-659
Brazil,BR,Minas Gerais,BR-MG,Chalé,BR-MG-176
Brazil,BR,Minas Gerais,BR-MG,Delfim Moreira,BR-MG-235
Brazil,BR,Minas Gerais,BR-MG,Ouro Fino,BR-MG-539
Brazil,BR,Minas Gerais,BR-MG,Pedra Azul,BR-MG-569
Brazil,BR,Minas Gerais,BR-MG,Vargem Alegre,BR-MG-832
Brazil,BR,Minas Gerais,BR-MG,Ibiá,BR-MG-334
Brazil,BR,Minas Gerais,BR-MG,Brumadinho,BR-MG-097
Brazil,BR,Minas Gerais,BR-MG,Bonfim,BR-MG-086
Brazil,BR,Minas Gerais,BR-MG,Vargem Bonita,BR-MG-833
Brazil,BR,Minas Gerais,BR-MG,Iapu,BR-MG-332
Brazil,BR,Minas Gerais,BR-MG,Jacuí,BR-MG-393
Brazil,BR,Minas Gerais,BR-MG,Taquaraçu de Minas,BR-MG-803
Brazil,BR,Minas Gerais,BR-MG,Almenara,BR-MG-018
Brazil,BR,Minas Gerais,BR-MG,Pedra do Indaiá,BR-MG-572
Brazil,BR,Minas Gerais,BR-MG,Albertina,BR-MG-014
Brazil,BR,Minas Gerais,BR-MG,São Geraldo,BR-MG-717
Brazil,BR,Minas Gerais,BR-MG,Turmalina,BR-MG-819
Brazil,BR,Minas Gerais,BR-MG,Berilo,BR-MG-069
Brazil,BR,Minas Gerais,BR-MG,Papagaios,BR-MG-550
Brazil,BR,Minas Gerais,BR-MG,São Pedro dos Ferros,BR-MG-753
Brazil,BR,Minas Gerais,BR-MG,Maria da Fé,BR-MG-459
Brazil,BR,Minas Gerais,BR-MG,Ferros,BR-MG-288
Brazil,BR,Minas Gerais,BR-MG,Carmo da Cachoeira,BR-MG-152
Brazil,BR,Minas Gerais,BR-MG,Martinho Campos,BR-MG-466
Brazil,BR,Minas Gerais,BR-MG,Camacho,BR-MG-114
Brazil,BR,Minas Gerais,BR-MG,Doresópolis,BR-MG-262
Brazil,BR,Minas Gerais,BR-MG,Candeias,BR-MG-131
Brazil,BR,Minas Gerais,BR-MG,Chapada Gaúcha,BR-MG-178
Brazil,BR,Minas Gerais,BR-MG,Tiradentes,BR-MG-808
Brazil,BR,Minas Gerais,BR-MG,Araponga,BR-MG-040
Brazil,BR,Minas Gerais,BR-MG,Cambuí,BR-MG-116
Brazil,BR,Minas Gerais,BR-MG,Onça de Pitangui,BR-MG-535
Brazil,BR,Minas Gerais,BR-MG,Matutina,BR-MG-477
Brazil,BR,Minas Gerais,BR-MG,São Sebastião do Anta,BR-MG-758
Brazil,BR,Minas Gerais,BR-MG,Senador Firmino,BR-MG-774
Brazil,BR,Minas Gerais,BR-MG,Rio Preto,BR-MG-650
Brazil,BR,Minas Gerais,BR-MG,Mutum,BR-MG-508
Brazil,BR,Minas Gerais,BR-MG,Tombos,BR-MG-813
Brazil,BR,Minas Gerais,BR-MG,Turvolândia,BR-MG-820
Brazil,BR,Minas Gerais,BR-MG,Brazópolis,BR-MG-096
Brazil,BR,Minas Gerais,BR-MG,Coroaci,BR-MG-212
Brazil,BR,Minas Gerais,BR-MG,Bom Jardim de Minas,BR-MG-080
Brazil,BR,Minas Gerais,BR-MG,Corinto,BR-MG-211
Brazil,BR,Minas Gerais,BR-MG,João Pinheiro,BR-MG-412
Brazil,BR,Minas Gerais,BR-MG,Josenópolis,BR-MG-417
Brazil,BR,Minas Gerais,BR-MG,São Roque de Minas,BR-MG-755
Brazil,BR,Minas Gerais,BR-MG,Novorizonte,BR-MG-529
Brazil,BR,Minas Gerais,BR-MG,Santa Rita de Jacutinga,BR-MG-682
Brazil,BR,Minas Gerais,BR-MG,Divinolândia de Minas,BR-MG-247
Brazil,BR,Minas Gerais,BR-MG,Água Boa,BR-MG-006
Brazil,BR,Minas Gerais,BR-MG,Santo Antônio do Retiro,BR-MG-704
Brazil,BR,Minas Gerais,BR-MG,Pratápolis,BR-MG-619
Brazil,BR,Minas Gerais,BR-MG,Itatiaiuçu,BR-MG-381
Brazil,BR,Minas Gerais,BR-MG,Rio Pardo de Minas,BR-MG-647
Brazil,BR,Minas Gerais,BR-MG,Divisópolis,BR-MG-251
Brazil,BR,Minas Gerais,BR-MG,Itanhandu,BR-MG-375
Brazil,BR,Minas Gerais,BR-MG,Felisburgo,BR-MG-285
Brazil,BR,Minas Gerais,BR-MG,Andrelândia,BR-MG-030
Brazil,BR,Minas Gerais,BR-MG,Jacutinga,BR-MG-394
Brazil,BR,Minas Gerais,BR-MG,Franciscópolis,BR-MG-298
Brazil,BR,Minas Gerais,BR-MG,Barão de Cocais,BR-MG-059
Brazil,BR,Minas Gerais,BR-MG,Ritápolis,BR-MG-652
Brazil,BR,Minas Gerais,BR-MG,Patos de Minas,BR-MG-562
Brazil,BR,Minas Gerais,BR-MG,Cambuquira,BR-MG-117
Brazil,BR,Minas Gerais,BR-MG,Bugre,BR-MG-100
Brazil,BR,Minas Gerais,BR-MG,Monte Santo de Minas,BR-MG-499
Brazil,BR,Minas Gerais,BR-MG,Tabuleiro,BR-MG-798
Brazil,BR,Minas Gerais,BR-MG,Teófilo Otoni,BR-MG-806
Brazil,BR,Minas Gerais,BR-MG,Sarzedo,BR-MG-770
Brazil,BR,Minas Gerais,BR-MG,São Pedro do Suaçuí,BR-MG-752
Brazil,BR,Minas Gerais,BR-MG,Ipiaçu,BR-MG-358
Brazil,BR,Minas Gerais,BR-MG,Araporã,BR-MG-041
Brazil,BR,Minas Gerais,BR-MG,Claraval,BR-MG-181
Brazil,BR,Minas Gerais,BR-MG,Ubaí,BR-MG-822
Brazil,BR,Minas Gerais,BR-MG,Varjão de Minas,BR-MG-836
Brazil,BR,Minas Gerais,BR-MG,Pompéu,BR-MG-608
Brazil,BR,Minas Gerais,BR-MG,Maripá de Minas,BR-MG-463
Brazil,BR,Minas Gerais,BR-MG,Guaranésia,BR-MG-322
Brazil,BR,Minas Gerais,BR-MG,Mathias Lobato,BR-MG-471
Brazil,BR,Minas Gerais,BR-MG,Piau,BR-MG-586
Brazil,BR,Minas Gerais,BR-MG,Volta Grande,BR-MG-852
Brazil,BR,Minas Gerais,BR-MG,Quartel Geral,BR-MG-626
Brazil,BR,Minas Gerais,BR-MG,Frei Lagonegro,BR-MG-301
Brazil,BR,Minas Gerais,BR-MG,Nova Belém,BR-MG-518
Brazil,BR,Minas Gerais,BR-MG,Guidoval,BR-MG-327
Brazil,BR,Minas Gerais,BR-MG,Passa Vinte,BR-MG-558
Brazil,BR,Minas Gerais,BR-MG,Santo Antônio do Monte,BR-MG-703
Brazil,BR,Minas Gerais,BR-MG,São Francisco de Paula,BR-MG-714
Brazil,BR,Minas Gerais,BR-MG,Pocrane,BR-MG-607
Brazil,BR,Minas Gerais,BR-MG,Mateus Leme,BR-MG-470
Brazil,BR,Minas Gerais,BR-MG,São Sebastião do Oeste,BR-MG-760
Brazil,BR,Minas Gerais,BR-MG,Serra dos Aimorés,BR-MG-785
Brazil,BR,Minas Gerais,BR-MG,Belmiro Braga,BR-MG-065
Brazil,BR,Minas Gerais,BR-MG,Itambacuri,BR-MG-371
Brazil,BR,Minas Gerais,BR-MG,Carmópolis de Minas,BR-MG-158
Brazil,BR,Minas Gerais,BR-MG,Paracatu,BR-MG-552
Brazil,BR,Minas Gerais,BR-MG,Frei Gaspar,BR-MG-299
Brazil,BR,Minas Gerais,BR-MG,Santa Rita do Sapucaí,BR-MG-685
Brazil,BR,Minas Gerais,BR-MG,Novo Oriente de Minas,BR-MG-528
Brazil,BR,Minas Gerais,BR-MG,Itumirim,BR-MG-388
Brazil,BR,Minas Gerais,BR-MG,Ibertioga,BR-MG-333
Brazil,BR,Minas Gerais,BR-MG,Itapagipe,BR-MG-378
Brazil,BR,Minas Gerais,BR-MG,Jequitaí,BR-MG-405
Brazil,BR,Minas Gerais,BR-MG,Pedralva,BR-MG-574
Brazil,BR,Minas Gerais,BR-MG,Buritis,BR-MG-101
Brazil,BR,Minas Gerais,BR-MG,Três Marias,BR-MG-815
Brazil,BR,Minas Gerais,BR-MG,Luz,BR-MG-447
Brazil,BR,Minas Gerais,BR-MG,Passos,BR-MG-560
Brazil,BR,Minas Gerais,BR-MG,Guimarânia,BR-MG-328
Brazil,BR,Minas Gerais,BR-MG,Dom Joaquim,BR-MG-254
Brazil,BR,Minas Gerais,BR-MG,Botelhos,BR-MG-090
Brazil,BR,Minas Gerais,BR-MG,Felício dos Santos,BR-MG-284
Brazil,BR,Minas Gerais,BR-MG,Pintópolis,BR-MG-593
Brazil,BR,Minas Gerais,BR-MG,Goiabeira,BR-MG-310
Brazil,BR,Minas Gerais,BR-MG,Diogo de Vasconcelos,BR-MG-242
Brazil,BR,Minas Gerais,BR-MG,Cristina,BR-MG-227
Brazil,BR,Minas Gerais,BR-MG,Paulistas,BR-MG-566
Brazil,BR,Minas Gerais,BR-MG,Piranguinho,BR-MG-598
Brazil,BR,Minas Gerais,BR-MG,Gouveia,BR-MG-314
Brazil,BR,Minas Gerais,BR-MG,Luminárias,BR-MG-446
Brazil,BR,Minas Gerais,BR-MG,Uruana de Minas,BR-MG-829
Brazil,BR,Minas Gerais,BR-MG,Santo Antônio do Grama,BR-MG-700
Brazil,BR,Minas Gerais,BR-MG,Inconfidentes,BR-MG-348
Brazil,BR,Minas Gerais,BR-MG,Dores do Indaiá,BR-MG-260
Brazil,BR,Minas Gerais,BR-MG,Januária,BR-MG-399
Brazil,BR,Minas Gerais,BR-MG,Lima Duarte,BR-MG-441
Brazil,BR,Minas Gerais,BR-MG,Curvelo,BR-MG-233
Brazil,BR,Minas Gerais,BR-MG,Itabira,BR-MG-361
Brazil,BR,Minas Gerais,BR-MG,Santa Luzia,BR-MG-675
Brazil,BR,Minas Gerais,BR-MG,Bambuí,BR-MG-056
Brazil,BR,Minas Gerais,BR-MG,Aguanil,BR-MG-008
Brazil,BR,Minas Gerais,BR-MG,Bocaina de Minas,BR-MG-077
Brazil,BR,Minas Gerais,BR-MG,Catas Altas,BR-MG-167
Brazil,BR,Minas Gerais,BR-MG,Indianópolis,BR-MG-350
Brazil,BR,Minas Gerais,BR-MG,Alvinópolis,BR-MG-026
Brazil,BR,Minas Gerais,BR-MG,Carangola,BR-MG-146
Brazil,BR,Minas Gerais,BR-MG,Lagoa Dourada,BR-MG-427
Brazil,BR,Minas Gerais,BR-MG,Carandaí,BR-MG-145
Brazil,BR,Minas Gerais,BR-MG,Santa Cruz de Minas,BR-MG-668
Brazil,BR,Minas Gerais,BR-MG,São Gonçalo do Sapucaí,BR-MG-724
Brazil,BR,Minas Gerais,BR-MG,Ponte Nova,BR-MG-609
Brazil,BR,Minas Gerais,BR-MG,Lagoa dos Patos,BR-MG-426
Brazil,BR,Minas Gerais,BR-MG,Urucuia,BR-MG-831
Brazil,BR,Minas Gerais,BR-MG,São José do Mantimento,BR-MG-748
Brazil,BR,Minas Gerais,BR-MG,Carmésia,BR-MG-151
Brazil,BR,Minas Gerais,BR-MG,Campo Florido,BR-MG-125
Brazil,BR,Minas Gerais,BR-MG,Pitangui,BR-MG-602
Brazil,BR,Minas Gerais,BR-MG,Araújos,BR-MG-043
Brazil,BR,Minas Gerais,BR-MG,São João Nepomuceno,BR-MG-738
Brazil,BR,Minas Gerais,BR-MG,Santo Antônio do Rio Abaixo,BR-MG-705
Brazil,BR,Minas Gerais,BR-MG,Coluna,BR-MG-185
Brazil,BR,Minas Gerais,BR-MG,São João das Missões,BR-MG-730
Brazil,BR,Minas Gerais,BR-MG,São Brás do Suaçuí,BR-MG-709
Brazil,BR,Minas Gerais,BR-MG,Nova Serrana,BR-MG-525
Brazil,BR,Minas Gerais,BR-MG,Itabirinha,BR-MG-362
Brazil,BR,Minas Gerais,BR-MG,Ituiutaba,BR-MG-387
Brazil,BR,Minas Gerais,BR-MG,Cachoeira da Prata,BR-MG-105
Brazil,BR,Minas Gerais,BR-MG,José Gonçalves de Minas,BR-MG-415
Brazil,BR,Minas Gerais,BR-MG,Araçuaí,BR-MG-037
Brazil,BR,Minas Gerais,BR-MG,Nova Módica,BR-MG-521
Brazil,BR,Minas Gerais,BR-MG,Cássia,BR-MG-165
Brazil,BR,Minas Gerais,BR-MG,Jequitibá,BR-MG-406
Brazil,BR,Minas Gerais,BR-MG,Itamarandiba,BR-MG-369
Brazil,BR,Minas Gerais,BR-MG,Resplendor,BR-MG-633
Brazil,BR,Minas Gerais,BR-MG,Poté,BR-MG-614
Brazil,BR,Minas Gerais,BR-MG,Lagoa da Prata,BR-MG-425
Brazil,BR,Minas Gerais,BR-MG,Ingaí,BR-MG-351
Brazil,BR,Minas Gerais,BR-MG,Córrego do Bom Jesus,BR-MG-219
Brazil,BR,Minas Gerais,BR-MG,Delta,BR-MG-237
Brazil,BR,Minas Gerais,BR-MG,Braúnas,BR-MG-095
Brazil,BR,Minas Gerais,BR-MG,Santo Antônio do Aventureiro,BR-MG-699
Brazil,BR,Minas Gerais,BR-MG,Cataguases,BR-MG-166
Brazil,BR,Minas Gerais,BR-MG,Córrego Novo,BR-MG-221
Brazil,BR,Minas Gerais,BR-MG,Espírito Santo do Dourado,BR-MG-274
Brazil,BR,Minas Gerais,BR-MG,Pedra do Anta,BR-MG-571
Brazil,BR,Minas Gerais,BR-MG,Amparo do Serra,BR-MG-028
Brazil,BR,Minas Gerais,BR-MG,Bertópolis,BR-MG-071
Brazil,BR,Minas Gerais,BR-MG,Capetinga,BR-MG-136
Brazil,BR,Minas Gerais,BR-MG,Marliéria,BR-MG-464
Brazil,BR,Minas Gerais,BR-MG,Rio Manso,BR-MG-644
Brazil,BR,Minas Gerais,BR-MG,Resende Costa,BR-MG-632
Brazil,BR,Minas Gerais,BR-MG,São Romão,BR-MG-754
Brazil,BR,Minas Gerais,BR-MG,Mariana,BR-MG-460
Brazil,BR,Minas Gerais,BR-MG,Viçosa,BR-MG-845
Brazil,BR,Minas Gerais,BR-MG,Jaguaraçu,BR-MG-395
Brazil,BR,Minas Gerais,BR-MG,Carmo de Minas,BR-MG-154
Brazil,BR,Minas Gerais,BR-MG,Camanducaia,BR-MG-115
Brazil,BR,Minas Gerais,BR-MG,Matipó,BR-MG-474
Brazil,BR,Minas Gerais,BR-MG,Pedra Dourada,BR-MG-573
Brazil,BR,Minas Gerais,BR-MG,São João da Mata,BR-MG-728
Brazil,BR,Minas Gerais,BR-MG,Inhapim,BR-MG-352
Brazil,BR,Minas Gerais,BR-MG,Janaúba,BR-MG-398
Brazil,BR,Minas Gerais,BR-MG,Miradouro,BR-MG-486
Brazil,BR,Minas Gerais,BR-MG,Cajuri,BR-MG-112
Brazil,BR,Minas Gerais,BR-MG,Itaú de Minas,BR-MG-382
Brazil,BR,Minas Gerais,BR-MG,Abre Campo,BR-MG-003
Brazil,BR,Minas Gerais,BR-MG,Soledade de Minas,BR-MG-797
Brazil,BR,Minas Gerais,BR-MG,Caratinga,BR-MG-147
Brazil,BR,Minas Gerais,BR-MG,Taparuba,BR-MG-800
Brazil,BR,Minas Gerais,BR-MG,Campanário,BR-MG-118
Brazil,BR,Minas Gerais,BR-MG,Miraí,BR-MG-487
Brazil,BR,Minas Gerais,BR-MG,Reduto,BR-MG-631
Brazil,BR,Minas Gerais,BR-MG,Jenipapo de Minas,BR-MG-403
Brazil,BR,Minas Gerais,BR-MG,Carbonita,BR-MG-148
Brazil,BR,Minas Gerais,BR-MG,Itaipé,BR-MG-367
Brazil,BR,Minas Gerais,BR-MG,Santo Hipólito,BR-MG-706
Brazil,BR,Minas Gerais,BR-MG,São Domingos do Prata,BR-MG-711
Brazil,BR,Minas Gerais,BR-MG,Itacambira,BR-MG-364
Brazil,BR,Minas Gerais,BR-MG,Monte Alegre de Minas,BR-MG-494
Brazil,BR,Minas Gerais,BR-MG,Senador Amaral,BR-MG-772
Brazil,BR,Minas Gerais,BR-MG,Ponto dos Volantes,BR-MG-611
Brazil,BR,Minas Gerais,BR-MG,São Gonçalo do Rio Abaixo,BR-MG-722
Brazil,BR,Minas Gerais,BR-MG,Caeté,BR-MG-110
Brazil,BR,Minas Gerais,BR-MG,Itajubá,BR-MG-368
Brazil,BR,Minas Gerais,BR-MG,Machado,BR-MG-449
Brazil,BR,Minas Gerais,BR-MG,Bocaiúva,BR-MG-078
Brazil,BR,Minas Gerais,BR-MG,Congonhas do Norte,BR-MG-201
Brazil,BR,Minas Gerais,BR-MG,Rio Vermelho,BR-MG-651
Brazil,BR,Minas Gerais,BR-MG,Itaverava,BR-MG-384
Brazil,BR,Minas Gerais,BR-MG,Jeceaba,BR-MG-402
Brazil,BR,Minas Gerais,BR-MG,Cabeceira Grande,BR-MG-103
Brazil,BR,Minas Gerais,BR-MG,São Tomé das Letras,BR-MG-766
Brazil,BR,Minas Gerais,BR-MG,Carmo do Rio Claro,BR-MG-157
Brazil,BR,Minas Gerais,BR-MG,Carmo da Mata,BR-MG-153
Brazil,BR,Minas Gerais,BR-MG,Águas Formosas,BR-MG-009
Brazil,BR,Minas Gerais,BR-MG,Joanésia,BR-MG-410
Brazil,BR,Minas Gerais,BR-MG,Machacalis,BR-MG-448
Brazil,BR,Minas Gerais,BR-MG,Monte Carmelo,BR-MG-497
Brazil,BR,Minas Gerais,BR-MG,Serrania,BR-MG-786
Brazil,BR,Minas Gerais,BR-MG,Piumhi,BR-MG-603
Brazil,BR,Minas Gerais,BR-MG,Ilicínea,BR-MG-346
Brazil,BR,Minas Gerais,BR-MG,Itaúna,BR-MG-383
Brazil,BR,Minas Gerais,BR-MG,Mantena,BR-MG-456
Brazil,BR,Minas Gerais,BR-MG,São João do Paraíso,BR-MG-736
Brazil,BR,Minas Gerais,BR-MG,Alterosa,BR-MG-021
Brazil,BR,Minas Gerais,BR-MG,Laranjal,BR-MG-434
Brazil,BR,Minas Gerais,BR-MG,Aimorés,BR-MG-011
Brazil,BR,Minas Gerais,BR-MG,Patis,BR-MG-561
Brazil,BR,Minas Gerais,BR-MG,São Sebastião do Paraíso,BR-MG-761
Brazil,BR,Minas Gerais,BR-MG,Salinas,BR-MG-662
Brazil,BR,Minas Gerais,BR-MG,Matias Cardoso,BR-MG-473
Brazil,BR,Minas Gerais,BR-MG,Santana do Deserto,BR-MG-691
Brazil,BR,Minas Gerais,BR-MG,Ubaporanga,BR-MG-823
Brazil,BR,Minas Gerais,BR-MG,Galiléia,BR-MG-307
Brazil,BR,Minas Gerais,BR-MG,Cuparaque,BR-MG-231
Brazil,BR,Minas Gerais,BR-MG,Piedade de Caratinga,BR-MG-587
Brazil,BR,Minas Gerais,BR-MG,Miravânia,BR-MG-488
Brazil,BR,Minas Gerais,BR-MG,Morro da Garça,BR-MG-504
Brazil,BR,Minas Gerais,BR-MG,Dom Cavati,BR-MG-253
Brazil,BR,Minas Gerais,BR-MG,Oratórios,BR-MG-536
Brazil,BR,Minas Gerais,BR-MG,Porto Firme,BR-MG-613
Brazil,BR,Minas Gerais,BR-MG,Espinosa,BR-MG-273
Brazil,BR,Minas Gerais,BR-MG,São João da Lagoa,BR-MG-727
Brazil,BR,Minas Gerais,BR-MG,Silveirânia,BR-MG-792
Brazil,BR,Minas Gerais,BR-MG,Serra Azul de Minas,BR-MG-782
Brazil,BR,Minas Gerais,BR-MG,Nacip Raydan,BR-MG-510
Brazil,BR,Minas Gerais,BR-MG,Padre Carvalho,BR-MG-542
Brazil,BR,Minas Gerais,BR-MG,Sapucaí-Mirim,BR-MG-768
Brazil,BR,Minas Gerais,BR-MG,Formiga,BR-MG-291
Brazil,BR,Minas Gerais,BR-MG,Santo Antônio do Jacinto,BR-MG-702
Brazil,BR,Minas Gerais,BR-MG,Sem-Peixe,BR-MG-771
Brazil,BR,Minas Gerais,BR-MG,Virgem da Lapa,BR-MG-847
Brazil,BR,Minas Gerais,BR-MG,São João del Rei,BR-MG-731
Brazil,BR,Minas Gerais,BR-MG,Santana dos Montes,BR-MG-697
Brazil,BR,Minas Gerais,BR-MG,Barra Longa,BR-MG-062
Brazil,BR,Minas Gerais,BR-MG,Divisa Alegre,BR-MG-249
Brazil,BR,Minas Gerais,BR-MG,Pedrinópolis,BR-MG-576
Brazil,BR,Minas Gerais,BR-MG,Leopoldina,BR-MG-439
Brazil,BR,Minas Gerais,BR-MG,Imbé de Minas,BR-MG-347
Brazil,BR,Minas Gerais,BR-MG,São João Evangelista,BR-MG-737
Brazil,BR,Minas Gerais,BR-MG,Cristais,BR-MG-224
Brazil,BR,Minas Gerais,BR-MG,Governador Valadares,BR-MG-315
Brazil,BR,Minas Gerais,BR-MG,Virginópolis,BR-MG-849
Brazil,BR,Minas Gerais,BR-MG,Guarani,BR-MG-323
Brazil,BR,Minas Gerais,BR-MG,São José do Alegre,BR-MG-744
Brazil,BR,Minas Gerais,BR-MG,Bom Jesus do Galho,BR-MG-083
Brazil,BR,Minas Gerais,BR-MG,Barão de Monte Alto,BR-MG-060
Brazil,BR,Minas Gerais,BR-MG,Ponto Chique,BR-MG-610
Brazil,BR,Minas Gerais,BR-MG,Matias Barbosa,BR-MG-472
Brazil,BR,Minas Gerais,BR-MG,Senhora do Porto,BR-MG-778
Brazil,BR,Minas Gerais,BR-MG,São Sebastião do Rio Verde,BR-MG-763
Brazil,BR,Minas Gerais,BR-MG,Comendador Gomes,BR-MG-186
Brazil,BR,Minas Gerais,BR-MG,São Joaquim de Bicas,BR-MG-739
Brazil,BR,Minas Gerais,BR-MG,Itanhomi,BR-MG-376
Brazil,BR,Minas Gerais,BR-MG,Tocantins,BR-MG-810
Brazil,BR,Minas Gerais,BR-MG,Rio do Prado,BR-MG-641
Brazil,BR,Minas Gerais,BR-MG,Ubá,BR-MG-821
Brazil,BR,Minas Gerais,BR-MG,Conceição de Ipanema,BR-MG-192
Brazil,BR,Minas Gerais,BR-MG,Baependi,BR-MG-054
Brazil,BR,Minas Gerais,BR-MG,Conquista,BR-MG-202
Brazil,BR,Minas Gerais,BR-MG,Visconde do Rio Branco,BR-MG-851
Brazil,BR,Minas Gerais,BR-MG,Senhora de Oliveira,BR-MG-777
Brazil,BR,Minas Gerais,BR-MG,Santa Maria do Salto,BR-MG-678
Brazil,BR,Minas Gerais,BR-MG,Cascalho Rico,BR-MG-164
Brazil,BR,Minas Gerais,BR-MG,Serranópolis de Minas,BR-MG-787
Brazil,BR,Minas Gerais,BR-MG,Urucânia,BR-MG-830
Brazil,BR,Minas Gerais,BR-MG,Lagoa Santa,BR-MG-430
Brazil,BR,Minas Gerais,BR-MG,Cônego Marinho,BR-MG-197
Brazil,BR,Minas Gerais,BR-MG,Mirabela,BR-MG-485
Brazil,BR,Minas Gerais,BR-MG,Buenópolis,BR-MG-099
Brazil,BR,Minas Gerais,BR-MG,São Gotardo,BR-MG-725
Brazil,BR,Minas Gerais,BR-MG,Brasilândia de Minas,BR-MG-093
Brazil,BR,Minas Gerais,BR-MG,Itambé do Mato Dentro,BR-MG-372
Brazil,BR,Minas Gerais,BR-MG,Divisa Nova,BR-MG-250
Brazil,BR,Minas Gerais,BR-MG,São Sebastião da Bela Vista,BR-MG-756
Brazil,BR,Minas Gerais,BR-MG,Grão Mogol,BR-MG-316
Brazil,BR,Minas Gerais,BR-MG,Francisco Badaró,BR-MG-295
Brazil,BR,Minas Gerais,BR-MG,José Raydan,BR-MG-416
Brazil,BR,Minas Gerais,BR-MG,Pavão,BR-MG-567
Brazil,BR,Minas Gerais,BR-MG,Serra do Salitre,BR-MG-784
Brazil,BR,Minas Gerais,BR-MG,Riachinho,BR-MG-635
Brazil,BR,Minas Gerais,BR-MG,Campestre,BR-MG-120
Brazil,BR,Minas Gerais,BR-MG,Rio Piracicaba,BR-MG-648
Brazil,BR,Minas Gerais,BR-MG,Pescador,BR-MG-585
Brazil,BR,Minas Gerais,BR-MG,Uberlândia,BR-MG-825
Brazil,BR,Minas Gerais,BR-MG,Engenheiro Navarro,BR-MG-267
Brazil,BR,Minas Gerais,BR-MG,Capim Branco,BR-MG-137
Brazil,BR,Minas Gerais,BR-MG,Prados,BR-MG-617
Brazil,BR,Minas Gerais,BR-MG,Pirapetinga,BR-MG-599
Brazil,BR,Minas Gerais,BR-MG,Olaria,BR-MG-530
Brazil,BR,Minas Gerais,BR-MG,Bandeira do Sul,BR-MG-058
Brazil,BR,Minas Gerais,BR-MG,Serranos,BR-MG-788
Brazil,BR,Minas Gerais,BR-MG,Setubinha,BR-MG-791
Brazil,BR,Minas Gerais,BR-MG,São Tiago,BR-MG-764
Brazil,BR,Minas Gerais,BR-MG,Bom Sucesso,BR-MG-085
Brazil,BR,Minas Gerais,BR-MG,Arcos,BR-MG-046
Brazil,BR,Minas Gerais,BR-MG,Cana Verde,BR-MG-128
Brazil,BR,Minas Gerais,BR-MG,Alpinópolis,BR-MG-020
Brazil,BR,Minas Gerais,BR-MG,Durandé,BR-MG-264
Brazil,BR,Minas Gerais,BR-MG,Padre Paraíso,BR-MG-543
Brazil,BR,Minas Gerais,BR-MG,Mercês,BR-MG-481
Brazil,BR,Minas Gerais,BR-MG,Bom Jesus da Penha,BR-MG-081
Brazil,BR,Minas Gerais,BR-MG,Santa Rita de Minas,BR-MG-683
Brazil,BR,Minas Gerais,BR-MG,Seritinga,BR-MG-781
Brazil,BR,Minas Gerais,BR-MG,Senhora dos Remédios,BR-MG-779
Brazil,BR,Minas Gerais,BR-MG,Bonito de Minas,BR-MG-088
Brazil,BR,Minas Gerais,BR-MG,Itueta,BR-MG-386
Brazil,BR,Minas Gerais,BR-MG,Iguatama,BR-MG-344
Brazil,BR,Minas Gerais,BR-MG,Catuti,BR-MG-170
Brazil,BR,Minas Gerais,BR-MG,Santa Rosa da Serra,BR-MG-686
Brazil,BR,Minas Gerais,BR-MG,Caparaó,BR-MG-133
Brazil,BR,Minas Gerais,BR-MG,Santana do Garambéu,BR-MG-692
Brazil,BR,Minas Gerais,BR-MG,Pratinha,BR-MG-620
Brazil,BR,Minas Gerais,BR-MG,Capitólio,BR-MG-141
Brazil,BR,Minas Gerais,BR-MG,Raposos,BR-MG-628
Brazil,BR,Minas Gerais,BR-MG,Lambari,BR-MG-432
Brazil,BR,Minas Gerais,BR-MG,Fronteira,BR-MG-302
Brazil,BR,Minas Gerais,BR-MG,Cantagalo,BR-MG-132
Brazil,BR,Minas Gerais,BR-MG,Vazante,BR-MG-839
Brazil,BR,Minas Gerais,BR-MG,Araguari,BR-MG-038
Brazil,BR,Minas Gerais,BR-MG,Monsenhor Paulo,BR-MG-492
Brazil,BR,Minas Gerais,BR-MG,São Francisco,BR-MG-713
Brazil,BR,Minas Gerais,BR-MG,Nepomuceno,BR-MG-516
Brazil,BR,Minas Gerais,BR-MG,Ouro Preto,BR-MG-540
Brazil,BR,Minas Gerais,BR-MG,Limeira do Oeste,BR-MG-442
Brazil,BR,Minas Gerais,BR-MG,Baldim,BR-MG-055
Brazil,BR,Minas Gerais,BR-MG,São José da Varginha,BR-MG-743
Brazil,BR,Minas Gerais,BR-MG,Estrela do Indaiá,BR-MG-277
Brazil,BR,Minas Gerais,BR-MG,Córrego Danta,BR-MG-218
Brazil,BR,Minas Gerais,BR-MG,Perdões,BR-MG-583
Brazil,BR,Minas Gerais,BR-MG,São Sebastião do Rio Preto,BR-MG-762
Brazil,BR,Minas Gerais,BR-MG,Senador Cortes,BR-MG-773
Brazil,BR,Minas Gerais,BR-MG,São José da Safira,BR-MG-742
Brazil,BR,Minas Gerais,BR-MG,Funilândia,BR-MG-306
Brazil,BR,Minas Gerais,BR-MG,Periquito,BR-MG-584
Brazil,BR,Minas Gerais,BR-MG,Divino,BR-MG-245
Brazil,BR,Minas Gerais,BR-MG,Malacacheta,BR-MG-451
Brazil,BR,Minas Gerais,BR-MG,Açucena,BR-MG-005
Brazil,BR,Minas Gerais,BR-MG,São Félix de Minas,BR-MG-712
Brazil,BR,Minas Gerais,BR-MG,Manga,BR-MG-453
Brazil,BR,Minas Gerais,BR-MG,Rio Doce,BR-MG-642
Brazil,BR,Minas Gerais,BR-MG,Araxá,BR-MG-044
Brazil,BR,Minas Gerais,BR-MG,Alvorada de Minas,BR-MG-027
Brazil,BR,Minas Gerais,BR-MG,Joaíma,BR-MG-409
Brazil,BR,Minas Gerais,BR-MG,Arantina,BR-MG-039
Brazil,BR,Minas Gerais,BR-MG,Rodeiro,BR-MG-654
Brazil,BR,Minas Gerais,BR-MG,Matozinhos,BR-MG-476
Brazil,BR,Minas Gerais,BR-MG,Veríssimo,BR-MG-842
Brazil,BR,Minas Gerais,BR-MG,Bueno Brandão,BR-MG-098
Brazil,BR,Minas Gerais,BR-MG,Simonésia,BR-MG-795
Brazil,BR,Minas Gerais,BR-MG,Prata,BR-MG-618
Brazil,BR,Minas Gerais,BR-MG,Uberaba,BR-MG-824
Brazil,BR,Minas Gerais,BR-MG,Antônio Dias,BR-MG-033
Brazil,BR,Minas Gerais,BR-MG,Piedade de Ponte Nova,BR-MG-588
Brazil,BR,Minas Gerais,BR-MG,Rubim,BR-MG-658
Brazil,BR,Minas Gerais,BR-MG,Divinópolis,BR-MG-248
Brazil,BR,Minas Gerais,BR-MG,Guanhães,BR-MG-318
Brazil,BR,Minas Gerais,BR-MG,Guapé,BR-MG-319
Brazil,BR,Minas Gerais,BR-MG,Cordislândia,BR-MG-210
Brazil,BR,Minas Gerais,BR-MG,Pai Pedro,BR-MG-544
Brazil,BR,Minas Gerais,BR-MG,Arceburgo,BR-MG-045
Brazil,BR,Minas Gerais,BR-MG,Elói Mendes,BR-MG-265
Brazil,BR,Minas Gerais,BR-MG,Pimenta,BR-MG-591
Brazil,BR,Minas Gerais,BR-MG,Três Corações,BR-MG-814
Brazil,BR,Minas Gerais,BR-MG,São Pedro da União,BR-MG-751
Brazil,BR,Minas Gerais,BR-MG,Lassance,BR-MG-435
Brazil,BR,Minas Gerais,BR-MG,Borda da Mata,BR-MG-089
Brazil,BR,Minas Gerais,BR-MG,Mesquita,BR-MG-482
Brazil,BR,Minas Gerais,BR-MG,São Miguel do Anta,BR-MG-750
Brazil,BR,Minas Gerais,BR-MG,Monjolos,BR-MG-491
Brazil,BR,Minas Gerais,BR-MG,Campos Gerais,BR-MG-127
Brazil,BR,Minas Gerais,BR-MG,Areado,BR-MG-047
Brazil,BR,Minas Gerais,BR-MG,Coronel Xavier Chaves,BR-MG-217
Brazil,BR,Minas Gerais,BR-MG,Rio Pomba,BR-MG-649
Brazil,BR,Minas Gerais,BR-MG,Santa Maria de Itabira,BR-MG-677
Brazil,BR,Minas Gerais,BR-MG,Passa Quatro,BR-MG-556
Brazil,BR,Minas Gerais,BR-MG,São Vicente de Minas,BR-MG-767
Brazil,BR,Minas Gerais,BR-MG,Inimutaba,BR-MG-354
Brazil,BR,Minas Gerais,BR-MG,Casa Grande,BR-MG-163
Brazil,BR,Minas Gerais,BR-MG,Canaã,BR-MG-129
Brazil,BR,Minas Gerais,BR-MG,Ibiraci,BR-MG-337
Brazil,BR,Minas Gerais,BR-MG,Joaquim Felício,BR-MG-413
Brazil,BR,Minas Gerais,BR-MG,Bandeira,BR-MG-057
Brazil,BR,Minas Gerais,BR-MG,Felixlândia,BR-MG-286
Brazil,BR,Minas Gerais,BR-MG,Três Pontas,BR-MG-816
Brazil,BR,Minas Gerais,BR-MG,Campo do Meio,BR-MG-124
Brazil,BR,Minas Gerais,BR-MG,Paraguaçu,BR-MG-553
Brazil,BR,Minas Gerais,BR-MG,Piranguçu,BR-MG-597
Brazil,BR,Minas Gerais,BR-MG,Ouro Branco,BR-MG-538
Brazil,BR,Minas Gerais,BR-MG,São Gonçalo do Abaeté,BR-MG-720
Brazil,BR,Minas Gerais,BR-MG,Santa Cruz de Salinas,BR-MG-669
Brazil,BR,Minas Gerais,BR-MG,Santana do Manhuaçu,BR-MG-694
Brazil,BR,Minas Gerais,BR-MG,Catas Altas da Noruega,BR-MG-168
Brazil,BR,Minas Gerais,BR-MG,Rio Novo,BR-MG-645
Brazil,BR,Minas Gerais,BR-MG,Dona Euzébia,BR-MG-257
Brazil,BR,Minas Gerais,BR-MG,Cabo Verde,BR-MG-104
Brazil,BR,Minas Gerais,BR-MG,Rio Acima,BR-MG-639
Brazil,BR,Minas Gerais,BR-MG,Grupiara,BR-MG-317
Brazil,BR,Minas Gerais,BR-MG,São Geraldo do Baixio,BR-MG-719
Brazil,BR,Minas Gerais,BR-MG,Capinópolis,BR-MG-138
Brazil,BR,Minas Gerais,BR-MG,Douradoquara,BR-MG-263
Brazil,BR,Minas Gerais,BR-MG,Leme do Prado,BR-MG-438
Brazil,BR,Minas Gerais,BR-MG,Serra da Saudade,BR-MG-783
Brazil,BR,Minas Gerais,BR-MG,Rio Espera,BR-MG-643
Brazil,BR,Minas Gerais,BR-MG,Alto Caparaó,BR-MG-022
Brazil,BR,Minas Gerais,BR-MG,Monte Belo,BR-MG-496
Brazil,BR,Minas Gerais,BR-MG,Cordisburgo,BR-MG-209
Brazil,BR,Minas Gerais,BR-MG,Bonfinópolis de Minas,BR-MG-087
Brazil,BR,Minas Gerais,BR-MG,Conceição das Pedras,BR-MG-191
Brazil,BR,Minas Gerais,BR-MG,São João da Ponte,BR-MG-729
Brazil,BR,Minas Gerais,BR-MG,Coração de Jesus,BR-MG-208
Brazil,BR,Minas Gerais,BR-MG,Toledo,BR-MG-812
Brazil,BR,Minas Gerais,BR-MG,Águas Vermelhas,BR-MG-010
Brazil,BR,Minas Gerais,BR-MG,Alfredo Vasconcelos,BR-MG-017
Brazil,BR,Minas Gerais,BR-MG,Santana do Jacaré,BR-MG-693
Brazil,BR,Minas Gerais,BR-MG,Piracema,BR-MG-594
Brazil,BR,Minas Gerais,BR-MG,Ibiracatu,BR-MG-336
Brazil,BR,Minas Gerais,BR-MG,Medina,BR-MG-479
Brazil,BR,Minas Gerais,BR-MG,João Monlevade,BR-MG-411
Brazil,BR,Minas Gerais,BR-MG,Engenheiro Caldas,BR-MG-266
Brazil,BR,Minas Gerais,BR-MG,Santa Maria do Suaçuí,BR-MG-679
Brazil,BR,Minas Gerais,BR-MG,Consolação,BR-MG-205
Brazil,BR,Minas Gerais,BR-MG,Veredinha,BR-MG-841
Brazil,BR,Minas Gerais,BR-MG,Patrocínio do Muriaé,BR-MG-564
Brazil,BR,Minas Gerais,BR-MG,Eugenópolis,BR-MG-279
Brazil,BR,Minas Gerais,BR-MG,Divino das Laranjeiras,BR-MG-246
Brazil,BR,Minas Gerais,BR-MG,Couto de Magalhães de Minas,BR-MG-222
Brazil,BR,Minas Gerais,BR-MG,Confins,BR-MG-198
Brazil,BR,Minas Gerais,BR-MG,Nova União,BR-MG-526
Brazil,BR,Minas Gerais,BR-MG,Santana do Riacho,BR-MG-696
Brazil,BR,Minas Gerais,BR-MG,Crisólita,BR-MG-223
Brazil,BR,Minas Gerais,BR-MG,Fernandes Tourinho,BR-MG-287
Brazil,BR,Minas Gerais,BR-MG,Igaratinga,BR-MG-343
Brazil,BR,Minas Gerais,BR-MG,Vermelho Novo,BR-MG-843
Brazil,BR,Minas Gerais,BR-MG,Desterro do Melo,BR-MG-240
Brazil,BR,Minas Gerais,BR-MG,Caputira,BR-MG-142
Brazil,BR,Minas Gerais,BR-MG,Moeda,BR-MG-489
Brazil,BR,Minas Gerais,BR-MG,Gameleiras,BR-MG-308
Brazil,BR,Minas Gerais,BR-MG,Romaria,BR-MG-655
Brazil,BR,Minas Gerais,BR-MG,Angelândia,BR-MG-031
Brazil,BR,Minas Gerais,BR-MG,Ressaquinha,BR-MG-634
Brazil,BR,Minas Gerais,BR-MG,Santa Bárbara,BR-MG-664
Brazil,BR,Minas Gerais,BR-MG,São Gonçalo do Pará,BR-MG-721
Brazil,BR,Minas Gerais,BR-MG,Coimbra,BR-MG-184
Brazil,BR,Minas Gerais,BR-MG,Campo Azul,BR-MG-122
Brazil,BR,Minas Gerais,BR-MG,São José do Jacuri,BR-MG-747
Brazil,BR,Minas Gerais,BR-MG,Olímpio Noronha,BR-MG-532
Brazil,BR,Minas Gerais,BR-MG,Rio Casca,BR-MG-640
Brazil,BR,Minas Gerais,BR-MG,Juatuba,BR-MG-418
Brazil,BR,Minas Gerais,BR-MG,Caxambu,BR-MG-171
Brazil,BR,Minas Gerais,BR-MG,Queluzito,BR-MG-627
Brazil,BR,Minas Gerais,BR-MG,São Lourenço,BR-MG-749
Brazil,BR,Minas Gerais,BR-MG,Itapecerica,BR-MG-379
Brazil,BR,Minas Gerais,BR-MG,Frutal,BR-MG-305
Brazil,BR,Minas Gerais,BR-MG,Manhuaçu,BR-MG-454
Brazil,BR,Minas Gerais,BR-MG,Sabinópolis,BR-MG-660
Brazil,BR,Minas Gerais,BR-MG,Itamogi,BR-MG-373
Brazil,BR,Minas Gerais,BR-MG,Montezuma,BR-MG-502
Brazil,BR,Minas Gerais,BR-MG,Senador Modestino Gonçalves,BR-MG-776
Brazil,BR,Minas Gerais,BR-MG,Datas,BR-MG-234
Brazil,BR,Minas Gerais,BR-MG,Carvalhópolis,BR-MG-161
Brazil,BR,Minas Gerais,BR-MG,Astolfo Dutra,BR-MG-051
Brazil,BR,Minas Gerais,BR-MG,Natércia,BR-MG-514
Brazil,BR,Minas Gerais,BR-MG,Heliodora,BR-MG-331
Brazil,BR,Minas Gerais,BR-MG,Gurinhatã,BR-MG-330
Brazil,BR,Minas Gerais,BR-MG,Ibirité,BR-MG-338
Brazil,BR,Minas Gerais,BR-MG,Alto Jequitibá,BR-MG-023
Brazil,BR,Minas Gerais,BR-MG,Pequeri,BR-MG-579
Brazil,BR,Minas Gerais,BR-MG,Perdigão,BR-MG-581
Brazil,BR,Minas Gerais,BR-MG,Santo Antônio do Itambé,BR-MG-701
Brazil,BR,Minas Gerais,BR-MG,Guiricema,BR-MG-329
Brazil,BR,Minas Gerais,BR-MG,Rosário da Limeira,BR-MG-656
Brazil,BR,Minas Gerais,BR-MG,Jampruca,BR-MG-397
Brazil,BR,Minas Gerais,BR-MG,São João do Pacuí,BR-MG-735
Brazil,BR,Minas Gerais,BR-MG,Rubelita,BR-MG-657
Brazil,BR,Minas Gerais,BR-MG,Barroso,BR-MG-063
Brazil,BR,Minas Gerais,BR-MG,Juruaia,BR-MG-421
Brazil,BR,Minas Gerais,BR-MG,Santa Fé de Minas,BR-MG-672
Brazil,BR,Minas Gerais,BR-MG,Vargem Grande do Rio Pardo,BR-MG-834
Brazil,BR,Minas Gerais,BR-MG,Peçanha,BR-MG-568
Brazil,BR,Minas Gerais,BR-MG,Alto Rio Doce,BR-MG-024
Brazil,BR,Minas Gerais,BR-MG,Vespasiano,BR-MG-844
Brazil,BR,Minas Gerais,BR-MG,Montes Claros,BR-MG-501
Brazil,BR,Minas Gerais,BR-MG,Coqueiral,BR-MG-207
Brazil,BR,Minas Gerais,BR-MG,Paineiras,BR-MG-545
Brazil,BR,Minas Gerais,BR-MG,Liberdade,BR-MG-440
Brazil,BR,Minas Gerais,BR-MG,Passabém,BR-MG-559
Brazil,BR,Minas Gerais,BR-MG,Carmo do Cajuru,BR-MG-155
Brazil,BR,Minas Gerais,BR-MG,Taiobeiras,BR-MG-799
Brazil,BR,Minas Gerais,BR-MG,Ibiaí,BR-MG-335
Brazil,BR,Minas Gerais,BR-MG,Presidente Olegário,BR-MG-624
Brazil,BR,Minas Gerais,BR-MG,Itabirito,BR-MG-363
Brazil,BR,Minas Gerais,BR-MG,Campo Belo,BR-MG-123
Brazil,BR,Minas Gerais,BR-MG,Itinga,BR-MG-385
Brazil,BR,Minas Gerais,BR-MG,Prudente de Morais,BR-MG-625
Brazil,BR,Minas Gerais,BR-MG,Augusto de Lima,BR-MG-053
Brazil,BR,Minas Gerais,BR-MG,Raul Soares,BR-MG-629
Brazil,BR,Minas Gerais,BR-MG,Itaobim,BR-MG-377
Brazil,BR,Minas Gerais,BR-MG,São Francisco de Sales,BR-MG-715
Brazil,BR,Minas Gerais,BR-MG,Várzea da Palma,BR-MG-837
Brazil,BR,Minas Gerais,BR-MG,Chácara,BR-MG-175
Brazil,BR,Minas Gerais,BR-MG,Centralina,BR-MG-174
Brazil,BR,Minas Gerais,BR-MG,Dom Bosco,BR-MG-252
Brazil,BR,Minas Gerais,BR-MG,Poços de Caldas,BR-MG-606
Brazil,BR,Minas Gerais,BR-MG,Itamarati de Minas,BR-MG-370
Brazil,BR,Minas Gerais,BR-MG,Passa Tempo,BR-MG-557
Brazil,BR,Minas Gerais,BR-MG,Central de Minas,BR-MG-173
Brazil,BR,Minas Gerais,BR-MG,Santana da Vargem,BR-MG-688
Brazil,BR,Minas Gerais,BR-MG,Icaraí de Minas,BR-MG-341
Brazil,BR,Minas Gerais,BR-MG,Jacinto,BR-MG-392
Brazil,BR,Minas Gerais,BR-MG,Nova Ponte,BR-MG-522
Brazil,BR,Minas Gerais,BR-MG,Ninheira,BR-MG-517
Brazil,BR,Minas Gerais,BR-MG,Tiros,BR-MG-809
Brazil,BR,Minas Gerais,BR-MG,Juramento,BR-MG-420
Brazil,BR,Minas Gerais,BR-MG,Medeiros,BR-MG-478
Brazil,BR,Minas Gerais,BR-MG,Materlândia,BR-MG-469
Brazil,BR,Minas Gerais,BR-MG,Santa Juliana,BR-MG-674
Brazil,BR,Minas Gerais,BR-MG,Lagamar,BR-MG-424
Brazil,BR,Minas Gerais,BR-MG,Monte Formoso,BR-MG-498
Brazil,BR,Minas Gerais,BR-MG,São Geraldo da Piedade,BR-MG-718
Brazil,BR,Minas Gerais,BR-MG,Piranga,BR-MG-596
Brazil,BR,Minas Gerais,BR-MG,Francisco Sá,BR-MG-297
Brazil,BR,Minas Gerais,BR-MG,Morro do Pilar,BR-MG-505
Brazil,BR,Minas Gerais,BR-MG,Manhumirim,BR-MG-455
Brazil,BR,Minas Gerais,BR-MG,Caetanópolis,BR-MG-109
Brazil,BR,Minas Gerais,BR-MG,Lontra,BR-MG-443
Brazil,BR,Minas Gerais,BR-MG,Itapeva,BR-MG-380
Brazil,BR,Minas Gerais,BR-MG,Bom Repouso,BR-MG-084
Brazil,BR,Minas Gerais,BR-MG,Leandro Ferreira,BR-MG-437
Brazil,BR,Minas Gerais,BR-MG,Marmelópolis,BR-MG-465
Brazil,BR,Minas Gerais,BR-MG,Abadia dos Dourados,BR-MG-001
Brazil,BR,Minas Gerais,BR-MG,Rochedo de Minas,BR-MG-653
Brazil,BR,Minas Gerais,BR-MG,Carneirinho,BR-MG-159
Brazil,BR,Minas Gerais,BR-MG,Vieiras,BR-MG-846
Brazil,BR,Minas Gerais,BR-MG,Cachoeira de Minas,BR-MG-106
Brazil,BR,Minas Gerais,BR-MG,Espera Feliz,BR-MG-272
Brazil,BR,Minas Gerais,BR-MG,União de Minas,BR-MG-828
Brazil,BR,Minas Gerais,BR-MG,Monte Sião,BR-MG-500
Brazil,BR,Minas Gerais,BR-MG,Araçaí,BR-MG-035
Brazil,BR,Minas Gerais,BR-MG,Brás Pires,BR-MG-092
Brazil,BR,Minas Gerais,BR-MG,Presidente Bernardes,BR-MG-621
Brazil,BR,Minas Gerais,BR-MG,Montalvânia,BR-MG-493
Brazil,BR,Minas Gerais,BR-MG,Piedade do Rio Grande,BR-MG-589
Brazil,BR,Minas Gerais,BR-MG,Santa Bárbara do Leste,BR-MG-665
Brazil,BR,Minas Gerais,BR-MG,Fortuna de Minas,BR-MG-294
Brazil,BR,Minas Gerais,BR-MG,Pouso Alto,BR-MG-616
Brazil,BR,Minas Gerais,BR-MG,Ibituruna,BR-MG-340
Brazil,BR,Minas Gerais,BR-MG,Nova Resende,BR-MG-524
Brazil,BR,Minas Gerais,BR-MG,Tocos do Moji,BR-MG-811
Brazil,BR,Minas Gerais,BR-MG,Divinésia,BR-MG-244
Brazil,BR,Minas Gerais,BR-MG,Lagoa Formosa,BR-MG-428
Brazil,BR,Minas Gerais,BR-MG,Santo Antônio do Amparo,BR-MG-698
Brazil,BR,Minas Gerais,BR-MG,Goianá,BR-MG-311
Brazil,BR,Minas Gerais,BR-MG,Ladainha,BR-MG-423
Brazil,BR,Minas Gerais,BR-MG,Mato Verde,BR-MG-475
Brazil,BR,Minas Gerais,BR-MG,Ouro Verde de Minas,BR-MG-541
Brazil,BR,Minas Gerais,BR-MG,Coronel Fabriciano,BR-MG-214
Brazil,BR,Minas Gerais,BR-MG,Novo Cruzeiro,BR-MG-527
Brazil,BR,Minas Gerais,BR-MG,Nova Era,BR-MG-519
Brazil,BR,Minas Gerais,BR-MG,Simão Pereira,BR-MG-794
Brazil,BR,Minas Gerais,BR-MG,Ipuiúna,BR-MG-359
Brazil,BR,Minas Gerais,BR-MG,Congonhas,BR-MG-200
Brazil,BR,Minas Gerais,BR-MG,Dom Silvério,BR-MG-255
Brazil,BR,Minas Gerais,BR-MG,Tumiritinga,BR-MG-817
Brazil,BR,Minas Gerais,BR-MG,Perdizes,BR-MG-582
Brazil,BR,Minas Gerais,BR-MG,Coronel Pacheco,BR-MG-216
Brazil,BR,Minas Gerais,BR-MG,Guaxupé,BR-MG-326
Brazil,BR,Minas Gerais,BR-MG,Indaiabira,BR-MG-349
Brazil,BR,Minas Gerais,BR-MG,Muzambinho,BR-MG-509
Brazil,BR,Minas Gerais,BR-MG,Conceição do Mato Dentro,BR-MG-193
Brazil,BR,Minas Gerais,BR-MG,Presidente Juscelino,BR-MG-622
Brazil,BR,Minas Gerais,BR-MG,Martins Soares,BR-MG-467
Brazil,BR,Minas Gerais,BR-MG,Itacarambi,BR-MG-365
Brazil,BR,Minas Gerais,BR-MG,Gonçalves,BR-MG-312
Brazil,BR,Minas Gerais,BR-MG,Santos Dumont,BR-MG-707
Brazil,BR,Minas Gerais,BR-MG,Iturama,BR-MG-389
Brazil,BR,Minas Gerais,BR-MG,Antônio Carlos,BR-MG-032
Brazil,BR,Minas Gerais,BR-MG,Alagoa,BR-MG-013
Brazil,BR,Minas Gerais,BR-MG,Capelinha,BR-MG-135
Brazil,BR,Minas Gerais,BR-MG,Timóteo,BR-MG-807
Brazil,BR,Minas Gerais,BR-MG,Conceição do Rio Verde,BR-MG-195
Brazil,BR,Minas Gerais,BR-MG,Fortaleza de Minas,BR-MG-293
Brazil,BR,Minas Gerais,BR-MG,Luisburgo,BR-MG-444
Brazil,BR,Minas Gerais,BR-MG,Contagem,BR-MG-206
Brazil,BR,Minas Gerais,BR-MG,Campanha,BR-MG-119
Brazil,BR,Minas Gerais,BR-MG,Berizal,BR-MG-070
Brazil,BR,Minas Gerais,BR-MG,Pedra Bonita,BR-MG-570
Brazil,BR,Minas Gerais,BR-MG,Cristiano Otoni,BR-MG-226
Brazil,BR,Minas Gerais,BR-MG,Planura,BR-MG-604
Brazil,BR,Minas Gerais,BR-MG,Santa Cruz do Escalvado,BR-MG-670
Brazil,BR,Minas Gerais,BR-MG,Lajinha,BR-MG-431
Brazil,BR,Minas Gerais,BR-MG,São João Batista do Glória,BR-MG-726
Brazil,BR,Minas Gerais,BR-MG,Santa Vitória,BR-MG-687
Brazil,BR,Minas Gerais,BR-MG,Belo Oriente,BR-MG-067
Brazil,BR,Minas Gerais,BR-MG,Caranaíba,BR-MG-144
Brazil,BR,Minas Gerais,BR-MG,Cláudio,BR-MG-183
Brazil,BR,Minas Gerais,BR-MG,Aracitaba,BR-MG-036
Brazil,BR,Minas Gerais,BR-MG,Tupaciguara,BR-MG-818
Brazil,BR,Minas Gerais,BR-MG,Sobrália,BR-MG-796
Brazil,BR,Minas Gerais,BR-MG,Olhos-d'Água,BR-MG-531
Brazil,BR,Minas Gerais,BR-MG,Pedras de Maria da Cruz,BR-MG-575
Brazil,BR,Minas Gerais,BR-MG,Campina Verde,BR-MG-121
Brazil,BR,Minas Gerais,BR-MG,Santa Helena de Minas,BR-MG-673
Brazil,BR,Minas Gerais,BR-MG,Umburatiba,BR-MG-826
Brazil,BR,Minas Gerais,BR-MG,Ribeirão das Neves,BR-MG-637
Brazil,BR,Minas Gerais,BR-MG,Faria Lemos,BR-MG-283
Brazil,BR,Minas Gerais,BR-MG,Carlos Chagas,BR-MG-150
Brazil,BR,Minas Gerais,BR-MG,Lamim,BR-MG-433
Brazil,BR,Distrito Federal,BR-DF,Brasília,BR-DF-001
Brazil,BR,Mato Grosso,BR-MT,Santa Cruz do Xingu,BR-MT-114
Brazil,BR,Mato Grosso,BR-MT,Novo Santo Antônio,BR-MT-087
Brazil,BR,Mato Grosso,BR-MT,Porto Alegre do Norte,BR-MT-098
Brazil,BR,Mato Grosso,BR-MT,Alto Araguaia,BR-MT-004
Brazil,BR,Mato Grosso,BR-MT,São José do Rio Claro,BR-MT-122
Brazil,BR,Mato Grosso,BR-MT,Campo Verde,BR-MT-023
Brazil,BR,Mato Grosso,BR-MT,Barra do Bugres,BR-MT-016
Brazil,BR,Mato Grosso,BR-MT,Nova Olímpia,BR-MT-081
Brazil,BR,Mato Grosso,BR-MT,Canarana,BR-MT-026
Brazil,BR,Mato Grosso,BR-MT,Diamantino,BR-MT-041
Brazil,BR,Mato Grosso,BR-MT,Nova Canaã do Norte,BR-MT-073
Brazil,BR,Mato Grosso,BR-MT,Nova Ubiratã,BR-MT-083
Brazil,BR,Mato Grosso,BR-MT,Tabaporã,BR-MT-130
Brazil,BR,Mato Grosso,BR-MT,Porto Esperidião,BR-MT-100
Brazil,BR,Mato Grosso,BR-MT,Araguainha,BR-MT-011
Brazil,BR,Mato Grosso,BR-MT,Novo Mundo,BR-MT-086
Brazil,BR,Mato Grosso,BR-MT,Canabrava do Norte,BR-MT-025
Brazil,BR,Mato Grosso,BR-MT,Querência,BR-MT-104
Brazil,BR,Mato Grosso,BR-MT,Vale de São Domingos,BR-MT-137
Brazil,BR,Mato Grosso,BR-MT,Nova Lacerda,BR-MT-075
Brazil,BR,Mato Grosso,BR-MT,Colíder,BR-MT-032
Brazil,BR,Mato Grosso,BR-MT,Santa Terezinha,BR-MT-116
Brazil,BR,Mato Grosso,BR-MT,Juara,BR-MT-058
Brazil,BR,Mato Grosso,BR-MT,Araguaiana,BR-MT-010
Brazil,BR,Mato Grosso,BR-MT,Nova Santa Helena,BR-MT-082
Brazil,BR,Mato Grosso,BR-MT,Alta Floresta,BR-MT-003
Brazil,BR,Mato Grosso,BR-MT,Torixoréu,BR-MT-135
Brazil,BR,Mato Grosso,BR-MT,Aripuanã,BR-MT-014
Brazil,BR,Mato Grosso,BR-MT,Comodoro,BR-MT-034
Brazil,BR,Mato Grosso,BR-MT,Alto Garças,BR-MT-006
Brazil,BR,Mato Grosso,BR-MT,Denise,BR-MT-040
Brazil,BR,Mato Grosso,BR-MT,Terra Nova do Norte,BR-MT-133
Brazil,BR,Mato Grosso,BR-MT,Campo Novo do Parecis,BR-MT-022
Brazil,BR,Mato Grosso,BR-MT,Várzea Grande,BR-MT-138
Brazil,BR,Mato Grosso,BR-MT,Carlinda,BR-MT-027
Brazil,BR,Mato Grosso,BR-MT,Brasnorte,BR-MT-019
Brazil,BR,Mato Grosso,BR-MT,Figueirópolis D'Oeste,BR-MT-044
Brazil,BR,Mato Grosso,BR-MT,Cocalinho,BR-MT-031
Brazil,BR,Mato Grosso,BR-MT,Jangada,BR-MT-056
Brazil,BR,Mato Grosso,BR-MT,Tesouro,BR-MT-134
Brazil,BR,Mato Grosso,BR-MT,Matupá,BR-MT-066
Brazil,BR,Mato Grosso,BR-MT,Ribeirão Cascalheira,BR-MT-106
Brazil,BR,Mato Grosso,BR-MT,Santo Afonso,BR-MT-117
Brazil,BR,Mato Grosso,BR-MT,Poxoréu,BR-MT-102
Brazil,BR,Mato Grosso,BR-MT,Vera,BR-MT-139
Brazil,BR,Mato Grosso,BR-MT,Campos de Júlio,BR-MT-024
Brazil,BR,Mato Grosso,BR-MT,Nova Monte Verde,BR-MT-078
Brazil,BR,Mato Grosso,BR-MT,Dom Aquino,BR-MT-042
Brazil,BR,Mato Grosso,BR-MT,Poconé,BR-MT-094
Brazil,BR,Mato Grosso,BR-MT,Juína,BR-MT-059
Brazil,BR,Mato Grosso,BR-MT,Apiacás,BR-MT-009
Brazil,BR,Mato Grosso,BR-MT,Cotriguaçu,BR-MT-037
Brazil,BR,Mato Grosso,BR-MT,Vila Rica,BR-MT-141
Brazil,BR,Mato Grosso,BR-MT,Curvelândia,BR-MT-039
Brazil,BR,Mato Grosso,BR-MT,Santo Antônio do Leverger,BR-MT-119
Brazil,BR,Mato Grosso,BR-MT,Lucas do Rio Verde,BR-MT-063
Brazil,BR,Mato Grosso,BR-MT,Rosário Oeste,BR-MT-111
Brazil,BR,Mato Grosso,BR-MT,Salto do Céu,BR-MT-112
Brazil,BR,Mato Grosso,BR-MT,Juscimeira,BR-MT-061
Brazil,BR,Mato Grosso,BR-MT,Pontes e Lacerda,BR-MT-097
Brazil,BR,Mato Grosso,BR-MT,Santo Antônio do Leste,BR-MT-118
Brazil,BR,Mato Grosso,BR-MT,Tapurah,BR-MT-132
Brazil,BR,Mato Grosso,BR-MT,Vila Bela da Santíssima Trindade,BR-MT-140
Brazil,BR,Mato Grosso,BR-MT,Porto dos Gaúchos,BR-MT-099
Brazil,BR,Mato Grosso,BR-MT,São José do Povo,BR-MT-121
Brazil,BR,Mato Grosso,BR-MT,Alto Taquari,BR-MT-008
Brazil,BR,Mato Grosso,BR-MT,Ponte Branca,BR-MT-096
Brazil,BR,Mato Grosso,BR-MT,Barão de Melgaço,BR-MT-015
Brazil,BR,Mato Grosso,BR-MT,Sinop,BR-MT-128
Brazil,BR,Mato Grosso,BR-MT,Campinápolis,BR-MT-021
Brazil,BR,Mato Grosso,BR-MT,Nossa Senhora do Livramento,BR-MT-070
Brazil,BR,Mato Grosso,BR-MT,Lambari D'Oeste,BR-MT-062
Brazil,BR,Mato Grosso,BR-MT,Chapada dos Guimarães,BR-MT-029
Brazil,BR,Mato Grosso,BR-MT,Juruena,BR-MT-060
Brazil,BR,Mato Grosso,BR-MT,Cuiabá,BR-MT-038
Brazil,BR,Mato Grosso,BR-MT,Ribeirãozinho,BR-MT-107
Brazil,BR,Mato Grosso,BR-MT,Nova Bandeirantes,BR-MT-071
Brazil,BR,Mato Grosso,BR-MT,Rio Branco,BR-MT-108
Brazil,BR,Mato Grosso,BR-MT,Nova Guarita,BR-MT-074
Brazil,BR,Mato Grosso,BR-MT,Barra do Garças,BR-MT-017
Brazil,BR,Mato Grosso,BR-MT,Cláudia,BR-MT-030
Brazil,BR,Mato Grosso,BR-MT,Pontal do Araguaia,BR-MT-095
Brazil,BR,Mato Grosso,BR-MT,Nova Maringá,BR-MT-077
Brazil,BR,Mato Grosso,BR-MT,Peixoto de Azevedo,BR-MT-092
Brazil,BR,Mato Grosso,BR-MT,União do Sul,BR-MT-136
Brazil,BR,Mato Grosso,BR-MT,Conquista D'Oeste,BR-MT-036
Brazil,BR,Mato Grosso,BR-MT,Ipiranga do Norte,BR-MT-051
Brazil,BR,Mato Grosso,BR-MT,Glória D'Oeste,BR-MT-047
Brazil,BR,Mato Grosso,BR-MT,Confresa,BR-MT-035
Brazil,BR,Mato Grosso,BR-MT,Indiavaí,BR-MT-050
Brazil,BR,Mato Grosso,BR-MT,Nova Brasilândia,BR-MT-072
Brazil,BR,Mato Grosso,BR-MT,Santa Rita do Trivelato,BR-MT-115
Brazil,BR,Mato Grosso,BR-MT,Acorizal,BR-MT-001
Brazil,BR,Mato Grosso,BR-MT,Nobres,BR-MT-068
Brazil,BR,Mato Grosso,BR-MT,Jaciara,BR-MT-055
Brazil,BR,Mato Grosso,BR-MT,Pedra Preta,BR-MT-091
Brazil,BR,Mato Grosso,BR-MT,Sapezal,BR-MT-126
Brazil,BR,Mato Grosso,BR-MT,Reserva do Cabaçal,BR-MT-105
Brazil,BR,Mato Grosso,BR-MT,Marcelândia,BR-MT-065
Brazil,BR,Mato Grosso,BR-MT,Guiratinga,BR-MT-049
Brazil,BR,Mato Grosso,BR-MT,Nortelândia,BR-MT-069
Brazil,BR,Mato Grosso,BR-MT,Feliz Natal,BR-MT-043
Brazil,BR,Mato Grosso,BR-MT,General Carneiro,BR-MT-046
Brazil,BR,Mato Grosso,BR-MT,Rondonópolis,BR-MT-110
Brazil,BR,Mato Grosso,BR-MT,Bom Jesus do Araguaia,BR-MT-018
Brazil,BR,Mato Grosso,BR-MT,Paranaíta,BR-MT-089
Brazil,BR,Mato Grosso,BR-MT,Castanheira,BR-MT-028
Brazil,BR,Mato Grosso,BR-MT,Nova Marilândia,BR-MT-076
Brazil,BR,Mato Grosso,BR-MT,Luciara,BR-MT-064
Brazil,BR,Mato Grosso,BR-MT,Colniza,BR-MT-033
Brazil,BR,Mato Grosso,BR-MT,Alto Paraguai,BR-MT-007
Brazil,BR,Mato Grosso,BR-MT,Mirassol d'Oeste,BR-MT-067
Brazil,BR,Mato Grosso,BR-MT,Gaúcha do Norte,BR-MT-045
Brazil,BR,Mato Grosso,BR-MT,Planalto da Serra,BR-MT-093
Brazil,BR,Mato Grosso,BR-MT,Itaúba,BR-MT-053
Brazil,BR,Mato Grosso,BR-MT,Guarantã do Norte,BR-MT-048
Brazil,BR,Mato Grosso,BR-MT,Água Boa,BR-MT-002
Brazil,BR,Mato Grosso,BR-MT,Alto Boa Vista,BR-MT-005
Brazil,BR,Mato Grosso,BR-MT,Santa Carmem,BR-MT-113
Brazil,BR,Mato Grosso,BR-MT,Novo Horizonte do Norte,BR-MT-085
Brazil,BR,Mato Grosso,BR-MT,Nova Mutum,BR-MT-079
Brazil,BR,Mato Grosso,BR-MT,Primavera do Leste,BR-MT-103
Brazil,BR,Mato Grosso,BR-MT,Itiquira,BR-MT-054
Brazil,BR,Mato Grosso,BR-MT,São José do Xingu,BR-MT-123
Brazil,BR,Mato Grosso,BR-MT,Cáceres,BR-MT-020
Brazil,BR,Mato Grosso,BR-MT,Nova Xavantina,BR-MT-084
Brazil,BR,Mato Grosso,BR-MT,Tangará da Serra,BR-MT-131
Brazil,BR,Mato Grosso,BR-MT,São José dos Quatro Marcos,BR-MT-124
Brazil,BR,Mato Grosso,BR-MT,Paranatinga,BR-MT-090
Brazil,BR,Mato Grosso,BR-MT,Araputanga,BR-MT-012
Brazil,BR,Mato Grosso,BR-MT,Rondolândia,BR-MT-109
Brazil,BR,Mato Grosso,BR-MT,Porto Estrela,BR-MT-101
Brazil,BR,Mato Grosso,BR-MT,Sorriso,BR-MT-129
Brazil,BR,Mato Grosso,BR-MT,Jauru,BR-MT-057
Brazil,BR,Mato Grosso,BR-MT,Serra Nova Dourada,BR-MT-127
Brazil,BR,Mato Grosso,BR-MT,São Pedro da Cipa,BR-MT-125
Brazil,BR,Mato Grosso,BR-MT,São Félix do Araguaia,BR-MT-120
Brazil,BR,Mato Grosso,BR-MT,Novo São Joaquim,BR-MT-088
Brazil,BR,Mato Grosso,BR-MT,Arenápolis,BR-MT-013
Brazil,BR,Mato Grosso,BR-MT,Itanhangá,BR-MT-052
Brazil,BR,Mato Grosso,BR-MT,Nova Nazaré,BR-MT-080
Brazil,BR,Rondônia,BR-RO,Itapuã do Oeste,BR-RO-022
Brazil,BR,Rondônia,BR-RO,Cacaulândia,BR-RO-008
Brazil,BR,Rondônia,BR-RO,Alta Floresta D'Oeste,BR-RO-001
Brazil,BR,Rondônia,BR-RO,Nova União,BR-RO-031
Brazil,BR,Rondônia,BR-RO,Rio Crespo,BR-RO-040
Brazil,BR,Rondônia,BR-RO,Parecis,BR-RO-034
Brazil,BR,Rondônia,BR-RO,Cerejeiras,BR-RO-013
Brazil,BR,Rondônia,BR-RO,Vilhena,BR-RO-052
Brazil,BR,Rondônia,BR-RO,Seringueiras,BR-RO-046
Brazil,BR,Rondônia,BR-RO,Vale do Anari,BR-RO-050
Brazil,BR,Rondônia,BR-RO,Cujubim,BR-RO-018
Brazil,BR,Rondônia,BR-RO,Theobroma,BR-RO-048
Brazil,BR,Rondônia,BR-RO,Corumbiara,BR-RO-016
Brazil,BR,Rondônia,BR-RO,Alto Alegre dos Parecis,BR-RO-002
Brazil,BR,Rondônia,BR-RO,Novo Horizonte do Oeste,BR-RO-032
Brazil,BR,Rondônia,BR-RO,Ariquemes,BR-RO-005
Brazil,BR,Rondônia,BR-RO,Costa Marques,BR-RO-017
Brazil,BR,Rondônia,BR-RO,Guajará-Mirim,BR-RO-021
Brazil,BR,Rondônia,BR-RO,Candeias do Jamari,BR-RO-011
Brazil,BR,Rondônia,BR-RO,Chupinguaia,BR-RO-014
Brazil,BR,Rondônia,BR-RO,Espigão D'Oeste,BR-RO-019
Brazil,BR,Rondônia,BR-RO,Santa Luzia D'Oeste,BR-RO-042
Brazil,BR,Rondônia,BR-RO,São Felipe D'Oeste,BR-RO-043
Brazil,BR,Rondônia,BR-RO,Governador Jorge Teixeira,BR-RO-020
Brazil,BR,Rondônia,BR-RO,Cacoal,BR-RO-009
Brazil,BR,Rondônia,BR-RO,Urupá,BR-RO-049
Brazil,BR,Rondônia,BR-RO,Vale do Paraíso,BR-RO-051
Brazil,BR,Rondônia,BR-RO,Buritis,BR-RO-006
Brazil,BR,Rondônia,BR-RO,Nova Brasilândia D'Oeste,BR-RO-029
Brazil,BR,Rondônia,BR-RO,Ouro Preto do Oeste,BR-RO-033
Brazil,BR,Rondônia,BR-RO,Colorado do Oeste,BR-RO-015
Brazil,BR,Rondônia,BR-RO,Cabixi,BR-RO-007
Brazil,BR,Rondônia,BR-RO,Machadinho D'Oeste,BR-RO-025
Brazil,BR,Rondônia,BR-RO,Campo Novo de Rondônia,BR-RO-010
Brazil,BR,Rondônia,BR-RO,Teixeirópolis,BR-RO-047
Brazil,BR,Rondônia,BR-RO,Mirante da Serra,BR-RO-027
Brazil,BR,Rondônia,BR-RO,São Miguel do Guaporé,BR-RO-045
Brazil,BR,Rondônia,BR-RO,Presidente Médici,BR-RO-038
Brazil,BR,Rondônia,BR-RO,Alvorada D'Oeste,BR-RO-004
Brazil,BR,Rondônia,BR-RO,Alto Paraíso,BR-RO-003
Brazil,BR,Rondônia,BR-RO,Rolim de Moura,BR-RO-041
Brazil,BR,Rondônia,BR-RO,Monte Negro,BR-RO-028
Brazil,BR,Rondônia,BR-RO,Castanheiras,BR-RO-012
Brazil,BR,Rondônia,BR-RO,Pimenta Bueno,BR-RO-035
Brazil,BR,Rondônia,BR-RO,Primavera de Rondônia,BR-RO-039
Brazil,BR,Rondônia,BR-RO,Ministro Andreazza,BR-RO-026
Brazil,BR,Rondônia,BR-RO,Porto Velho,BR-RO-037
Brazil,BR,Rondônia,BR-RO,São Francisco do Guaporé,BR-RO-044
Brazil,BR,Rondônia,BR-RO,Pimenteiras do Oeste,BR-RO-036
Brazil,BR,Rondônia,BR-RO,Nova Mamoré,BR-RO-030
Brazil,BR,Rondônia,BR-RO,Jaru,BR-RO-023
Brazil,BR,Rondônia,BR-RO,Ji-Paraná,BR-RO-024
Brazil,BR,Acre,BR-AC,Rodrigues Alves,BR-AC-017
Brazil,BR,Acre,BR-AC,Porto Walter,BR-AC-015
Brazil,BR,Acre,BR-AC,Mâncio Lima,BR-AC-010
Brazil,BR,Acre,BR-AC,Sena Madureira,BR-AC-019
Brazil,BR,Acre,BR-AC,Feijó,BR-AC-008
Brazil,BR,Acre,BR-AC,Bujari,BR-AC-004
Brazil,BR,Acre,BR-AC,Acrelândia,BR-AC-001
Brazil,BR,Acre,BR-AC,Tarauacá,BR-AC-021
Brazil,BR,Acre,BR-AC,Marechal Thaumaturgo,BR-AC-012
Brazil,BR,Acre,BR-AC,Xapuri,BR-AC-022
Brazil,BR,Acre,BR-AC,Manoel Urbano,BR-AC-011
Brazil,BR,Acre,BR-AC,Senador Guiomard,BR-AC-020
Brazil,BR,Acre,BR-AC,Jordão,BR-AC-009
Brazil,BR,Acre,BR-AC,Plácido de Castro,BR-AC-013
Brazil,BR,Acre,BR-AC,Capixaba,BR-AC-005
Brazil,BR,Acre,BR-AC,Brasiléia,BR-AC-003
Brazil,BR,Acre,BR-AC,Rio Branco,BR-AC-016
Brazil,BR,Acre,BR-AC,Assis Brasil,BR-AC-002
Brazil,BR,Acre,BR-AC,Cruzeiro do Sul,BR-AC-006
Brazil,BR,Acre,BR-AC,Porto Acre,BR-AC-014
Brazil,BR,Acre,BR-AC,Epitaciolândia,BR-AC-007
Brazil,BR,Acre,BR-AC,Santa Rosa do Purus,BR-AC-018
Brazil,BR,Amapá,BR-AP,Tartarugalzinho,BR-AP-015
Brazil,BR,Amapá,BR-AP,Ferreira Gomes,BR-AP-004
Brazil,BR,Amapá,BR-AP,Laranjal do Jari,BR-AP-006
Brazil,BR,Amapá,BR-AP,Santana,BR-AP-013
Brazil,BR,Amapá,BR-AP,Vitória do Jari,BR-AP-016
Brazil,BR,Amapá,BR-AP,Itaubal,BR-AP-005
Brazil,BR,Amapá,BR-AP,Porto Grande,BR-AP-011
Brazil,BR,Amapá,BR-AP,Serra do Navio,BR-AP-014
Brazil,BR,Amapá,BR-AP,Oiapoque,BR-AP-009
Brazil,BR,Amapá,BR-AP,Pedra Branca do Amapari,BR-AP-010
Brazil,BR,Amapá,BR-AP,Mazagão,BR-AP-008
Brazil,BR,Amapá,BR-AP,Pracuúba,BR-AP-012
Brazil,BR,Amapá,BR-AP,Cutias,BR-AP-003
Brazil,BR,Amapá,BR-AP,Macapá,BR-AP-007
Brazil,BR,Amapá,BR-AP,Amapá,BR-AP-001
Brazil,BR,Amapá,BR-AP,Calçoene,BR-AP-002
Brazil,BR,Rio Grande do Norte,BR-RN,Ouro Branco,BR-RN-092
Brazil,BR,Rio Grande do Norte,BR-RN,Rafael Fernandes,BR-RN-112
Brazil,BR,Rio Grande do Norte,BR-RN,Acari,BR-RN-001
Brazil,BR,Rio Grande do Norte,BR-RN,Riachuelo,BR-RN-116
Brazil,BR,Rio Grande do Norte,BR-RN,Rafael Godeiro,BR-RN-113
Brazil,BR,Rio Grande do Norte,BR-RN,Lagoa de Velhos,BR-RN-070
Brazil,BR,Rio Grande do Norte,BR-RN,Galinhos,BR-RN-045
Brazil,BR,Rio Grande do Norte,BR-RN,Santo Antônio,BR-RN-124
Brazil,BR,Rio Grande do Norte,BR-RN,Vila Flor,BR-RN-167
Brazil,BR,Rio Grande do Norte,BR-RN,Viçosa,BR-RN-166
Brazil,BR,Rio Grande do Norte,BR-RN,Carnaubais,BR-RN-028
Brazil,BR,Rio Grande do Norte,BR-RN,Japi,BR-RN-059
Brazil,BR,Rio Grande do Norte,BR-RN,Felipe Guerra,BR-RN-040
Brazil,BR,Rio Grande do Norte,BR-RN,Pilões,BR-RN-107
Brazil,BR,Rio Grande do Norte,BR-RN,São Bento do Trairí,BR-RN-126
Brazil,BR,Rio Grande do Norte,BR-RN,São Paulo do Potengi,BR-RN-136
Brazil,BR,Rio Grande do Norte,BR-RN,Portalegre,BR-RN-109
Brazil,BR,Rio Grande do Norte,BR-RN,Caiçara do Rio do Vento,BR-RN-021
Brazil,BR,Rio Grande do Norte,BR-RN,Governador Dix-Sept Rosado,BR-RN-047
Brazil,BR,Rio Grande do Norte,BR-RN,Campo Redondo,BR-RN-024
Brazil,BR,Rio Grande do Norte,BR-RN,Tenente Laurentino Cruz,BR-RN-155
Brazil,BR,Rio Grande do Norte,BR-RN,Senador Elói de Souza,BR-RN-141
Brazil,BR,Rio Grande do Norte,BR-RN,Ielmo Marinho,BR-RN-050
Brazil,BR,Rio Grande do Norte,BR-RN,Pau dos Ferros,BR-RN-101
Brazil,BR,Rio Grande do Norte,BR-RN,Encanto,BR-RN-036
Brazil,BR,Rio Grande do Norte,BR-RN,João Câmara,BR-RN-063
Brazil,BR,Rio Grande do Norte,BR-RN,Cruzeta,BR-RN-033
Brazil,BR,Rio Grande do Norte,BR-RN,Bento Fernandes,BR-RN-016
Brazil,BR,Rio Grande do Norte,BR-RN,Alto do Rodrigues,BR-RN-007
Brazil,BR,Rio Grande do Norte,BR-RN,Grossos,BR-RN-048
Brazil,BR,Rio Grande do Norte,BR-RN,Lajes,BR-RN-073
Brazil,BR,Rio Grande do Norte,BR-RN,Paraú,BR-RN-094
Brazil,BR,Rio Grande do Norte,BR-RN,Campo Grande,BR-RN-023
Brazil,BR,Rio Grande do Norte,BR-RN,Upanema,BR-RN-162
Brazil,BR,Rio Grande do Norte,BR-RN,São José do Campestre,BR-RN-132
Brazil,BR,Rio Grande do Norte,BR-RN,Macaíba,BR-RN-077
Brazil,BR,Rio Grande do Norte,BR-RN,São João do Sabugi,BR-RN-130
Brazil,BR,Rio Grande do Norte,BR-RN,São Rafael,BR-RN-138
Brazil,BR,Rio Grande do Norte,BR-RN,Sítio Novo,BR-RN-150
Brazil,BR,Rio Grande do Norte,BR-RN,São Gonçalo do Amarante,BR-RN-129
Brazil,BR,Rio Grande do Norte,BR-RN,Jucurutu,BR-RN-066
Brazil,BR,Rio Grande do Norte,BR-RN,Itajá,BR-RN-053
Brazil,BR,Rio Grande do Norte,BR-RN,Martins,BR-RN-081
Brazil,BR,Rio Grande do Norte,BR-RN,Rio do Fogo,BR-RN-117
Brazil,BR,Rio Grande do Norte,BR-RN,Barcelona,BR-RN-015
Brazil,BR,Rio Grande do Norte,BR-RN,Tenente Ananias,BR-RN-154
Brazil,BR,Rio Grande do Norte,BR-RN,Brejinho,BR-RN-019
Brazil,BR,Rio Grande do Norte,BR-RN,São Vicente,BR-RN-140
Brazil,BR,Rio Grande do Norte,BR-RN,Carnaúba dos Dantas,BR-RN-027
Brazil,BR,Rio Grande do Norte,BR-RN,Fernando Pedroza,BR-RN-041
Brazil,BR,Rio Grande do Norte,BR-RN,Senador Georgino Avelino,BR-RN-142
Brazil,BR,Rio Grande do Norte,BR-RN,Riacho de Santana,BR-RN-115
Brazil,BR,Rio Grande do Norte,BR-RN,Guamaré,BR-RN-049
Brazil,BR,Rio Grande do Norte,BR-RN,Lagoa d'Anta,BR-RN-068
Brazil,BR,Rio Grande do Norte,BR-RN,Triunfo Potiguar,BR-RN-160
Brazil,BR,Rio Grande do Norte,BR-RN,Santa Maria,BR-RN-121
Brazil,BR,Rio Grande do Norte,BR-RN,Baía Formosa,BR-RN-013
Brazil,BR,Rio Grande do Norte,BR-RN,Riacho da Cruz,BR-RN-114
Brazil,BR,Rio Grande do Norte,BR-RN,Timbaúba dos Batistas,BR-RN-158
Brazil,BR,Rio Grande do Norte,BR-RN,Poço Branco,BR-RN-108
Brazil,BR,Rio Grande do Norte,BR-RN,Patu,BR-RN-100
Brazil,BR,Rio Grande do Norte,BR-RN,Extremoz,BR-RN-039
Brazil,BR,Rio Grande do Norte,BR-RN,Goianinha,BR-RN-046
Brazil,BR,Rio Grande do Norte,BR-RN,Taipu,BR-RN-152
Brazil,BR,Rio Grande do Norte,BR-RN,Touros,BR-RN-159
Brazil,BR,Rio Grande do Norte,BR-RN,Almino Afonso,BR-RN-006
Brazil,BR,Rio Grande do Norte,BR-RN,Afonso Bezerra,BR-RN-003
Brazil,BR,Rio Grande do Norte,BR-RN,Passagem,BR-RN-099
Brazil,BR,Rio Grande do Norte,BR-RN,Frutuoso Gomes,BR-RN-044
Brazil,BR,Rio Grande do Norte,BR-RN,Monte Alegre,BR-RN-085
Brazil,BR,Rio Grande do Norte,BR-RN,Taboleiro Grande,BR-RN-151
Brazil,BR,Rio Grande do Norte,BR-RN,Doutor Severiano,BR-RN-035
Brazil,BR,Rio Grande do Norte,BR-RN,Parnamirim,BR-RN-097
Brazil,BR,Rio Grande do Norte,BR-RN,Pedro Avelino,BR-RN-104
Brazil,BR,Rio Grande do Norte,BR-RN,Pendências,BR-RN-106
Brazil,BR,Rio Grande do Norte,BR-RN,Francisco Dantas,BR-RN-043
Brazil,BR,Rio Grande do Norte,BR-RN,São Pedro,BR-RN-137
Brazil,BR,Rio Grande do Norte,BR-RN,Lagoa Salgada,BR-RN-072
Brazil,BR,Rio Grande do Norte,BR-RN,Pedra Grande,BR-RN-102
Brazil,BR,Rio Grande do Norte,BR-RN,Januário Cicco,BR-RN-058
Brazil,BR,Rio Grande do Norte,BR-RN,Ruy Barbosa,BR-RN-119
Brazil,BR,Rio Grande do Norte,BR-RN,Baraúna,BR-RN-014
Brazil,BR,Rio Grande do Norte,BR-RN,São José do Seridó,BR-RN-133
Brazil,BR,Rio Grande do Norte,BR-RN,Tibau do Sul,BR-RN-157
Brazil,BR,Rio Grande do Norte,BR-RN,Vera Cruz,BR-RN-165
Brazil,BR,Rio Grande do Norte,BR-RN,Jandaíra,BR-RN-056
Brazil,BR,Rio Grande do Norte,BR-RN,Pedra Preta,BR-RN-103
Brazil,BR,Rio Grande do Norte,BR-RN,Pedro Velho,BR-RN-105
Brazil,BR,Rio Grande do Norte,BR-RN,São José de Mipibu,BR-RN-131
Brazil,BR,Rio Grande do Norte,BR-RN,Angicos,BR-RN-008
Brazil,BR,Rio Grande do Norte,BR-RN,Caraúbas,BR-RN-026
Brazil,BR,Rio Grande do Norte,BR-RN,Jardim de Piranhas,BR-RN-061
Brazil,BR,Rio Grande do Norte,BR-RN,Jundiá,BR-RN-067
Brazil,BR,Rio Grande do Norte,BR-RN,Jardim do Seridó,BR-RN-062
Brazil,BR,Rio Grande do Norte,BR-RN,Itaú,BR-RN-054
Brazil,BR,Rio Grande do Norte,BR-RN,Bom Jesus,BR-RN-018
Brazil,BR,Rio Grande do Norte,BR-RN,Macau,BR-RN-078
Brazil,BR,Rio Grande do Norte,BR-RN,Parelhas,BR-RN-096
Brazil,BR,Rio Grande do Norte,BR-RN,Arês,BR-RN-012
Brazil,BR,Rio Grande do Norte,BR-RN,Ipanguaçu,BR-RN-051
Brazil,BR,Rio Grande do Norte,BR-RN,Coronel João Pessoa,BR-RN-032
Brazil,BR,Rio Grande do Norte,BR-RN,Espírito Santo,BR-RN-038
Brazil,BR,Rio Grande do Norte,BR-RN,Lagoa de Pedras,BR-RN-069
Brazil,BR,Rio Grande do Norte,BR-RN,Água Nova,BR-RN-004
Brazil,BR,Rio Grande do Norte,BR-RN,Parazinho,BR-RN-095
Brazil,BR,Rio Grande do Norte,BR-RN,Natal,BR-RN-088
Brazil,BR,Rio Grande do Norte,BR-RN,Mossoró,BR-RN-087
Brazil,BR,Rio Grande do Norte,BR-RN,Ceará-Mirim,BR-RN-029
Brazil,BR,Rio Grande do Norte,BR-RN,Nova Cruz,BR-RN-090
Brazil,BR,Rio Grande do Norte,BR-RN,Currais Novos,BR-RN-034
Brazil,BR,Rio Grande do Norte,BR-RN,Equador,BR-RN-037
Brazil,BR,Rio Grande do Norte,BR-RN,Coronel Ezequiel,BR-RN-031
Brazil,BR,Rio Grande do Norte,BR-RN,São Miguel do Gostoso,BR-RN-135
Brazil,BR,Rio Grande do Norte,BR-RN,Açu,BR-RN-002
Brazil,BR,Rio Grande do Norte,BR-RN,Serra Caiada,BR-RN-143
Brazil,BR,Rio Grande do Norte,BR-RN,Venha-Ver,BR-RN-164
Brazil,BR,Rio Grande do Norte,BR-RN,Nísia Floresta,BR-RN-089
Brazil,BR,Rio Grande do Norte,BR-RN,Lagoa Nova,BR-RN-071
Brazil,BR,Rio Grande do Norte,BR-RN,Tibau,BR-RN-156
Brazil,BR,Rio Grande do Norte,BR-RN,Alexandria,BR-RN-005
Brazil,BR,Rio Grande do Norte,BR-RN,Serra do Mel,BR-RN-145
Brazil,BR,Rio Grande do Norte,BR-RN,Antônio Martins,BR-RN-009
Brazil,BR,Rio Grande do Norte,BR-RN,Santana do Seridó,BR-RN-123
Brazil,BR,Rio Grande do Norte,BR-RN,Várzea,BR-RN-163
Brazil,BR,Rio Grande do Norte,BR-RN,Luís Gomes,BR-RN-076
Brazil,BR,Rio Grande do Norte,BR-RN,José da Penha,BR-RN-065
Brazil,BR,Rio Grande do Norte,BR-RN,Marcelino Vieira,BR-RN-080
Brazil,BR,Rio Grande do Norte,BR-RN,Rodolfo Fernandes,BR-RN-118
Brazil,BR,Rio Grande do Norte,BR-RN,Pureza,BR-RN-111
Brazil,BR,Rio Grande do Norte,BR-RN,Florânia,BR-RN-042
Brazil,BR,Rio Grande do Norte,BR-RN,Serrinha dos Pintos,BR-RN-148
Brazil,BR,Rio Grande do Norte,BR-RN,Serrinha,BR-RN-147
Brazil,BR,Rio Grande do Norte,BR-RN,Messias Targino,BR-RN-083
Brazil,BR,Rio Grande do Norte,BR-RN,Bodó,BR-RN-017
Brazil,BR,Rio Grande do Norte,BR-RN,Cerro Corá,BR-RN-030
Brazil,BR,Rio Grande do Norte,BR-RN,Canguaretama,BR-RN-025
Brazil,BR,Rio Grande do Norte,BR-RN,Jardim de Angicos,BR-RN-060
Brazil,BR,Rio Grande do Norte,BR-RN,São Francisco do Oeste,BR-RN-128
Brazil,BR,Rio Grande do Norte,BR-RN,São Fernando,BR-RN-127
Brazil,BR,Rio Grande do Norte,BR-RN,São Bento do Norte,BR-RN-125
Brazil,BR,Rio Grande do Norte,BR-RN,Serra de São Bento,BR-RN-144
Brazil,BR,Rio Grande do Norte,BR-RN,Areia Branca,BR-RN-011
Brazil,BR,Rio Grande do Norte,BR-RN,Maxaranguape,BR-RN-082
Brazil,BR,Rio Grande do Norte,BR-RN,Lajes Pintadas,BR-RN-074
Brazil,BR,Rio Grande do Norte,BR-RN,Jaçanã,BR-RN-055
Brazil,BR,Rio Grande do Norte,BR-RN,Umarizal,BR-RN-161
Brazil,BR,Rio Grande do Norte,BR-RN,Major Sales,BR-RN-079
Brazil,BR,Rio Grande do Norte,BR-RN,Lucrécia,BR-RN-075
Brazil,BR,Rio Grande do Norte,BR-RN,Tangará,BR-RN-153
Brazil,BR,Rio Grande do Norte,BR-RN,São Tomé,BR-RN-139
Brazil,BR,Rio Grande do Norte,BR-RN,Caiçara do Norte,BR-RN-020
Brazil,BR,Rio Grande do Norte,BR-RN,Janduís,BR-RN-057
Brazil,BR,Rio Grande do Norte,BR-RN,Olho d'Água do Borges,BR-RN-091
Brazil,BR,Rio Grande do Norte,BR-RN,São Miguel,BR-RN-134
Brazil,BR,Rio Grande do Norte,BR-RN,Caicó,BR-RN-022
Brazil,BR,Rio Grande do Norte,BR-RN,João Dias,BR-RN-064
Brazil,BR,Rio Grande do Norte,BR-RN,Ipueira,BR-RN-052
Brazil,BR,Rio Grande do Norte,BR-RN,Porto do Mangue,BR-RN-110
Brazil,BR,Rio Grande do Norte,BR-RN,Monte das Gameleiras,BR-RN-086
Brazil,BR,Rio Grande do Norte,BR-RN,Severiano Melo,BR-RN-149
Brazil,BR,Rio Grande do Norte,BR-RN,Santana do Matos,BR-RN-122
Brazil,BR,Rio Grande do Norte,BR-RN,Paraná,BR-RN-093
Brazil,BR,Rio Grande do Norte,BR-RN,Apodi,BR-RN-010
Brazil,BR,Rio Grande do Norte,BR-RN,Santa Cruz,BR-RN-120
Brazil,BR,Rio Grande do Norte,BR-RN,Serra Negra do Norte,BR-RN-146
Brazil,BR,Rio Grande do Norte,BR-RN,Montanhas,BR-RN-084
Brazil,BR,Rio Grande do Norte,BR-RN,Passa e Fica,BR-RN-098
Brazil,BR,Rio Grande do Sul,BR-RS,Rio dos Índios,BR-RS-345
Brazil,BR,Rio Grande do Sul,BR-RS,Santo Antônio das Missões,BR-RS-378
Brazil,BR,Rio Grande do Sul,BR-RS,Tramandaí,BR-RS-455
Brazil,BR,Rio Grande do Sul,BR-RS,Roque Gonzales,BR-RS-355
Brazil,BR,Rio Grande do Sul,BR-RS,Palmeira das Missões,BR-RS-297
Brazil,BR,Rio Grande do Sul,BR-RS,Nova Hartz,BR-RS-280
Brazil,BR,Rio Grande do Sul,BR-RS,Saldanha Marinho,BR-RS-358
Brazil,BR,Rio Grande do Sul,BR-RS,Morro Reuter,BR-RS-265
Brazil,BR,Rio Grande do Sul,BR-RS,Novo Barreiro,BR-RS-288
Brazil,BR,Rio Grande do Sul,BR-RS,Novo Cabrais,BR-RS-289
Brazil,BR,Rio Grande do Sul,BR-RS,Torres,BR-RS-454
Brazil,BR,Rio Grande do Sul,BR-RS,Condor,BR-RS-113
Brazil,BR,Rio Grande do Sul,BR-RS,Igrejinha,BR-RS-201
Brazil,BR,Rio Grande do Sul,BR-RS,Sertão Santana,BR-RS-433
Brazil,BR,Rio Grande do Sul,BR-RS,São Vicente do Sul,BR-RS-420
Brazil,BR,Rio Grande do Sul,BR-RS,André da Rocha,BR-RS-015
Brazil,BR,Rio Grande do Sul,BR-RS,Itati,BR-RS-215
Brazil,BR,Rio Grande do Sul,BR-RS,Campestre da Serra,BR-RS-069
Brazil,BR,Rio Grande do Sul,BR-RS,Mato Castelhano,BR-RS-252
Brazil,BR,Rio Grande do Sul,BR-RS,Santo Augusto,BR-RS-381
Brazil,BR,Rio Grande do Sul,BR-RS,Canguçu,BR-RS-079
Brazil,BR,Rio Grande do Sul,BR-RS,Dois Irmãos,BR-RS-132
Brazil,BR,Rio Grande do Sul,BR-RS,Caibaté,BR-RS-064
Brazil,BR,Rio Grande do Sul,BR-RS,Ibirapuitã,BR-RS-199
Brazil,BR,Rio Grande do Sul,BR-RS,Tunas,BR-RS-467
Brazil,BR,Rio Grande do Sul,BR-RS,Coxilha,BR-RS-121
Brazil,BR,Rio Grande do Sul,BR-RS,Itatiba do Sul,BR-RS-216
Brazil,BR,Rio Grande do Sul,BR-RS,Dona Francisca,BR-RS-138
Brazil,BR,Rio Grande do Sul,BR-RS,Independência,BR-RS-206
Brazil,BR,Rio Grande do Sul,BR-RS,Camargo,BR-RS-067
Brazil,BR,Rio Grande do Sul,BR-RS,Centenário,BR-RS-097
Brazil,BR,Rio Grande do Sul,BR-RS,Morro Redondo,BR-RS-264
Brazil,BR,Rio Grande do Sul,BR-RS,Ubiretama,BR-RS-473
Brazil,BR,Rio Grande do Sul,BR-RS,Muliterno,BR-RS-269
Brazil,BR,Rio Grande do Sul,BR-RS,Bozano,BR-RS-055
Brazil,BR,Rio Grande do Sul,BR-RS,Taquari,BR-RS-445
Brazil,BR,Rio Grande do Sul,BR-RS,Travesseiro,BR-RS-456
Brazil,BR,Rio Grande do Sul,BR-RS,Vicente Dutra,BR-RS-488
Brazil,BR,Rio Grande do Sul,BR-RS,Presidente Lucena,BR-RS-334
Brazil,BR,Rio Grande do Sul,BR-RS,Sananduva,BR-RS-362
Brazil,BR,Rio Grande do Sul,BR-RS,Portão,BR-RS-327
Brazil,BR,Rio Grande do Sul,BR-RS,Severiano de Almeida,BR-RS-435
Brazil,BR,Rio Grande do Sul,BR-RS,Mato Leitão,BR-RS-253
Brazil,BR,Rio Grande do Sul,BR-RS,Dom Pedro de Alcântara,BR-RS-137
Brazil,BR,Rio Grande do Sul,BR-RS,Novo Xingu,BR-RS-293
Brazil,BR,Rio Grande do Sul,BR-RS,Maçambará,BR-RS-240
Brazil,BR,Rio Grande do Sul,BR-RS,Aratiba,BR-RS-020
Brazil,BR,Rio Grande do Sul,BR-RS,Pejuçara,BR-RS-312
Brazil,BR,Rio Grande do Sul,BR-RS,Quaraí,BR-RS-338
Brazil,BR,Rio Grande do Sul,BR-RS,Morrinhos do Sul,BR-RS-263
Brazil,BR,Rio Grande do Sul,BR-RS,Mariana Pimentel,BR-RS-248
Brazil,BR,Rio Grande do Sul,BR-RS,São Miguel das Missões,BR-RS-407
Brazil,BR,Rio Grande do Sul,BR-RS,Fazenda Vilanova,BR-RS-165
Brazil,BR,Rio Grande do Sul,BR-RS,Alegria,BR-RS-007
Brazil,BR,Rio Grande do Sul,BR-RS,Capão Bonito do Sul,BR-RS-082
Brazil,BR,Rio Grande do Sul,BR-RS,Barão de Cotegipe,BR-RS-033
Brazil,BR,Rio Grande do Sul,BR-RS,Jaquirana,BR-RS-224
Brazil,BR,Rio Grande do Sul,BR-RS,São Martinho da Serra,BR-RS-406
Brazil,BR,Rio Grande do Sul,BR-RS,Senador Salgado Filho,BR-RS-428
Brazil,BR,Rio Grande do Sul,BR-RS,Campina das Missões,BR-RS-070
Brazil,BR,Rio Grande do Sul,BR-RS,Rolante,BR-RS-352
Brazil,BR,Rio Grande do Sul,BR-RS,Chiapetta,BR-RS-106
Brazil,BR,Rio Grande do Sul,BR-RS,Manoel Viana,BR-RS-243
Brazil,BR,Rio Grande do Sul,BR-RS,Araricá,BR-RS-019
Brazil,BR,Rio Grande do Sul,BR-RS,Itaara,BR-RS-211
Brazil,BR,Rio Grande do Sul,BR-RS,Erebango,BR-RS-147
Brazil,BR,Rio Grande do Sul,BR-RS,Santa Cruz do Sul,BR-RS-367
Brazil,BR,Rio Grande do Sul,BR-RS,Doutor Maurício Cardoso,BR-RS-139
Brazil,BR,Rio Grande do Sul,BR-RS,Fortaleza dos Valos,BR-RS-172
Brazil,BR,Rio Grande do Sul,BR-RS,Monte Alegre dos Campos,BR-RS-259
Brazil,BR,Rio Grande do Sul,BR-RS,Novo Tiradentes,BR-RS-292
Brazil,BR,Rio Grande do Sul,BR-RS,Faxinal do Soturno,BR-RS-163
Brazil,BR,Rio Grande do Sul,BR-RS,Cotiporã,BR-RS-120
Brazil,BR,Rio Grande do Sul,BR-RS,Capivari do Sul,BR-RS-088
Brazil,BR,Rio Grande do Sul,BR-RS,São Domingos do Sul,BR-RS-385
Brazil,BR,Rio Grande do Sul,BR-RS,Westfália,BR-RS-498
Brazil,BR,Rio Grande do Sul,BR-RS,Garibaldi,BR-RS-174
Brazil,BR,Rio Grande do Sul,BR-RS,Silveira Martins,BR-RS-436
Brazil,BR,Rio Grande do Sul,BR-RS,Vila Nova do Sul,BR-RS-493
Brazil,BR,Rio Grande do Sul,BR-RS,Porto Alegre,BR-RS-328
Brazil,BR,Rio Grande do Sul,BR-RS,São Nicolau,BR-RS-408
Brazil,BR,Rio Grande do Sul,BR-RS,Capão da Canoa,BR-RS-083
Brazil,BR,Rio Grande do Sul,BR-RS,Serafina Corrêa,BR-RS-430
Brazil,BR,Rio Grande do Sul,BR-RS,Carlos Gomes,BR-RS-092
Brazil,BR,Rio Grande do Sul,BR-RS,Giruá,BR-RS-180
Brazil,BR,Rio Grande do Sul,BR-RS,Quevedos,BR-RS-340
Brazil,BR,Rio Grande do Sul,BR-RS,Porto Vera Cruz,BR-RS-331
Brazil,BR,Rio Grande do Sul,BR-RS,Santa Margarida do Sul,BR-RS-368
Brazil,BR,Rio Grande do Sul,BR-RS,Arroio dos Ratos,BR-RS-025
Brazil,BR,Rio Grande do Sul,BR-RS,Lagoa Mirim,BR-RS-231
Brazil,BR,Rio Grande do Sul,BR-RS,Ponte Preta,BR-RS-326
Brazil,BR,Rio Grande do Sul,BR-RS,Cerrito,BR-RS-098
Brazil,BR,Rio Grande do Sul,BR-RS,Ernestina,BR-RS-149
Brazil,BR,Rio Grande do Sul,BR-RS,Caraá,BR-RS-089
Brazil,BR,Rio Grande do Sul,BR-RS,Ametista do Sul,BR-RS-014
Brazil,BR,Rio Grande do Sul,BR-RS,São Pedro do Butiá,BR-RS-412
Brazil,BR,Rio Grande do Sul,BR-RS,Entre-Ijuís,BR-RS-145
Brazil,BR,Rio Grande do Sul,BR-RS,Espumoso,BR-RS-154
Brazil,BR,Rio Grande do Sul,BR-RS,Arambaré,BR-RS-018
Brazil,BR,Rio Grande do Sul,BR-RS,Sarandi,BR-RS-423
Brazil,BR,Rio Grande do Sul,BR-RS,Horizontina,BR-RS-193
Brazil,BR,Rio Grande do Sul,BR-RS,Cerro Grande do Sul,BR-RS-101
Brazil,BR,Rio Grande do Sul,BR-RS,Vale Verde,BR-RS-480
Brazil,BR,Rio Grande do Sul,BR-RS,Vila Maria,BR-RS-492
Brazil,BR,Rio Grande do Sul,BR-RS,Nova Ramada,BR-RS-285
Brazil,BR,Rio Grande do Sul,BR-RS,Viamão,BR-RS-487
Brazil,BR,Rio Grande do Sul,BR-RS,Flores da Cunha,BR-RS-167
Brazil,BR,Rio Grande do Sul,BR-RS,Putinga,BR-RS-337
Brazil,BR,Rio Grande do Sul,BR-RS,Rio Pardo,BR-RS-347
Brazil,BR,Rio Grande do Sul,BR-RS,São Valentim do Sul,BR-RS-417
Brazil,BR,Rio Grande do Sul,BR-RS,Dom Pedrito,BR-RS-136
Brazil,BR,Rio Grande do Sul,BR-RS,Ibiaçá,BR-RS-197
Brazil,BR,Rio Grande do Sul,BR-RS,Gramado,BR-RS-182
Brazil,BR,Rio Grande do Sul,BR-RS,Nova Bréscia,BR-RS-277
Brazil,BR,Rio Grande do Sul,BR-RS,Nova Araçá,BR-RS-274
Brazil,BR,Rio Grande do Sul,BR-RS,União da Serra,BR-RS-474
Brazil,BR,Rio Grande do Sul,BR-RS,Nova Petrópolis,BR-RS-283
Brazil,BR,Rio Grande do Sul,BR-RS,Passo Fundo,BR-RS-307
Brazil,BR,Rio Grande do Sul,BR-RS,Barra Funda,BR-RS-039
Brazil,BR,Rio Grande do Sul,BR-RS,Palmares do Sul,BR-RS-296
Brazil,BR,Rio Grande do Sul,BR-RS,Barracão,BR-RS-040
Brazil,BR,Rio Grande do Sul,BR-RS,São Martinho,BR-RS-405
Brazil,BR,Rio Grande do Sul,BR-RS,Harmonia,BR-RS-190
Brazil,BR,Rio Grande do Sul,BR-RS,Bom Retiro do Sul,BR-RS-052
Brazil,BR,Rio Grande do Sul,BR-RS,Itapuca,BR-RS-213
Brazil,BR,Rio Grande do Sul,BR-RS,Muçum,BR-RS-267
Brazil,BR,Rio Grande do Sul,BR-RS,Erval Seco,BR-RS-151
Brazil,BR,Rio Grande do Sul,BR-RS,Floriano Peixoto,BR-RS-168
Brazil,BR,Rio Grande do Sul,BR-RS,Tiradentes do Sul,BR-RS-452
Brazil,BR,Rio Grande do Sul,BR-RS,Jaboticaba,BR-RS-219
Brazil,BR,Rio Grande do Sul,BR-RS,Bom Progresso,BR-RS-051
Brazil,BR,Rio Grande do Sul,BR-RS,Miraguaí,BR-RS-257
Brazil,BR,Rio Grande do Sul,BR-RS,Três Forquilhas,BR-RS-461
Brazil,BR,Rio Grande do Sul,BR-RS,Guabiju,BR-RS-186
Brazil,BR,Rio Grande do Sul,BR-RS,Quinze de Novembro,BR-RS-341
Brazil,BR,Rio Grande do Sul,BR-RS,Pelotas,BR-RS-313
Brazil,BR,Rio Grande do Sul,BR-RS,São Sebastião do Caí,BR-RS-414
Brazil,BR,Rio Grande do Sul,BR-RS,Novo Machado,BR-RS-291
Brazil,BR,Rio Grande do Sul,BR-RS,Coqueiros do Sul,BR-RS-116
Brazil,BR,Rio Grande do Sul,BR-RS,Pinhal Grande,BR-RS-317
Brazil,BR,Rio Grande do Sul,BR-RS,Santa Vitória do Palmar,BR-RS-373
Brazil,BR,Rio Grande do Sul,BR-RS,Engenho Velho,BR-RS-144
Brazil,BR,Rio Grande do Sul,BR-RS,Tavares,BR-RS-447
Brazil,BR,Rio Grande do Sul,BR-RS,Chuvisca,BR-RS-108
Brazil,BR,Rio Grande do Sul,BR-RS,Sinimbu,BR-RS-437
Brazil,BR,Rio Grande do Sul,BR-RS,São José dos Ausentes,BR-RS-400
Brazil,BR,Rio Grande do Sul,BR-RS,Arroio do Meio,BR-RS-021
Brazil,BR,Rio Grande do Sul,BR-RS,Toropi,BR-RS-453
Brazil,BR,Rio Grande do Sul,BR-RS,Pedro Osório,BR-RS-311
Brazil,BR,Rio Grande do Sul,BR-RS,Campos Borges,BR-RS-074
Brazil,BR,Rio Grande do Sul,BR-RS,Santa Maria,BR-RS-369
Brazil,BR,Rio Grande do Sul,BR-RS,Jaguari,BR-RS-223
Brazil,BR,Rio Grande do Sul,BR-RS,Taquara,BR-RS-444
Brazil,BR,Rio Grande do Sul,BR-RS,Guaporé,BR-RS-188
Brazil,BR,Rio Grande do Sul,BR-RS,Anta Gorda,BR-RS-016
Brazil,BR,Rio Grande do Sul,BR-RS,Tupanci do Sul,BR-RS-468
Brazil,BR,Rio Grande do Sul,BR-RS,Sede Nova,BR-RS-425
Brazil,BR,Rio Grande do Sul,BR-RS,Montauri,BR-RS-258
Brazil,BR,Rio Grande do Sul,BR-RS,Caxias do Sul,BR-RS-096
Brazil,BR,Rio Grande do Sul,BR-RS,Cacequi,BR-RS-060
Brazil,BR,Rio Grande do Sul,BR-RS,Palmitinho,BR-RS-298
Brazil,BR,Rio Grande do Sul,BR-RS,Amaral Ferrador,BR-RS-013
Brazil,BR,Rio Grande do Sul,BR-RS,Poço das Antas,BR-RS-324
Brazil,BR,Rio Grande do Sul,BR-RS,Arroio do Padre,BR-RS-022
Brazil,BR,Rio Grande do Sul,BR-RS,São Sepé,BR-RS-415
Brazil,BR,Rio Grande do Sul,BR-RS,Tapes,BR-RS-443
Brazil,BR,Rio Grande do Sul,BR-RS,Santo Antônio da Patrulha,BR-RS-377
Brazil,BR,Rio Grande do Sul,BR-RS,Barra do Quaraí,BR-RS-036
Brazil,BR,Rio Grande do Sul,BR-RS,Barra do Guarita,BR-RS-035
Brazil,BR,Rio Grande do Sul,BR-RS,São Pedro do Sul,BR-RS-413
Brazil,BR,Rio Grande do Sul,BR-RS,Relvado,BR-RS-343
Brazil,BR,Rio Grande do Sul,BR-RS,Lajeado,BR-RS-234
Brazil,BR,Rio Grande do Sul,BR-RS,Cambará do Sul,BR-RS-068
Brazil,BR,Rio Grande do Sul,BR-RS,Brochier,BR-RS-057
Brazil,BR,Rio Grande do Sul,BR-RS,Cristal do Sul,BR-RS-124
Brazil,BR,Rio Grande do Sul,BR-RS,Panambi,BR-RS-299
Brazil,BR,Rio Grande do Sul,BR-RS,Novo Hamburgo,BR-RS-290
Brazil,BR,Rio Grande do Sul,BR-RS,Pareci Novo,BR-RS-303
Brazil,BR,Rio Grande do Sul,BR-RS,Machadinho,BR-RS-241
Brazil,BR,Rio Grande do Sul,BR-RS,Pinhal da Serra,BR-RS-316
Brazil,BR,Rio Grande do Sul,BR-RS,Tapejara,BR-RS-441
Brazil,BR,Rio Grande do Sul,BR-RS,Seberi,BR-RS-424
Brazil,BR,Rio Grande do Sul,BR-RS,Vera Cruz,BR-RS-483
Brazil,BR,Rio Grande do Sul,BR-RS,Áurea,BR-RS-029
Brazil,BR,Rio Grande do Sul,BR-RS,Balneário Pinhal,BR-RS-031
Brazil,BR,Rio Grande do Sul,BR-RS,Mostardas,BR-RS-266
Brazil,BR,Rio Grande do Sul,BR-RS,Sant'Ana do Livramento,BR-RS-363
Brazil,BR,Rio Grande do Sul,BR-RS,Farroupilha,BR-RS-162
Brazil,BR,Rio Grande do Sul,BR-RS,Vale do Sol,BR-RS-478
Brazil,BR,Rio Grande do Sul,BR-RS,Redentora,BR-RS-342
Brazil,BR,Rio Grande do Sul,BR-RS,Vila Lângaro,BR-RS-491
Brazil,BR,Rio Grande do Sul,BR-RS,Uruguaiana,BR-RS-476
Brazil,BR,Rio Grande do Sul,BR-RS,Camaquã,BR-RS-066
Brazil,BR,Rio Grande do Sul,BR-RS,Eugênio de Castro,BR-RS-160
Brazil,BR,Rio Grande do Sul,BR-RS,Esperança do Sul,BR-RS-153
Brazil,BR,Rio Grande do Sul,BR-RS,Jari,BR-RS-225
Brazil,BR,Rio Grande do Sul,BR-RS,Nova Santa Rita,BR-RS-287
Brazil,BR,Rio Grande do Sul,BR-RS,Cruzeiro do Sul,BR-RS-127
Brazil,BR,Rio Grande do Sul,BR-RS,Gramado Xavier,BR-RS-184
Brazil,BR,Rio Grande do Sul,BR-RS,Colorado,BR-RS-112
Brazil,BR,Rio Grande do Sul,BR-RS,Ijuí,BR-RS-202
Brazil,BR,Rio Grande do Sul,BR-RS,Cândido Godói,BR-RS-076
Brazil,BR,Rio Grande do Sul,BR-RS,Cerro Grande,BR-RS-100
Brazil,BR,Rio Grande do Sul,BR-RS,Progresso,BR-RS-335
Brazil,BR,Rio Grande do Sul,BR-RS,Tuparendi,BR-RS-471
Brazil,BR,Rio Grande do Sul,BR-RS,Campo Bom,BR-RS-072
Brazil,BR,Rio Grande do Sul,BR-RS,Barros Cassal,BR-RS-041
Brazil,BR,Rio Grande do Sul,BR-RS,Pinheirinho do Vale,BR-RS-318
Brazil,BR,Rio Grande do Sul,BR-RS,Estrela Velha,BR-RS-159
Brazil,BR,Rio Grande do Sul,BR-RS,Pinto Bandeira,BR-RS-320
Brazil,BR,Rio Grande do Sul,BR-RS,Coronel Bicaco,BR-RS-118
Brazil,BR,Rio Grande do Sul,BR-RS,Cidreira,BR-RS-109
Brazil,BR,Rio Grande do Sul,BR-RS,Passa Sete,BR-RS-305
Brazil,BR,Rio Grande do Sul,BR-RS,Gramado dos Loureiros,BR-RS-183
Brazil,BR,Rio Grande do Sul,BR-RS,Água Santa,BR-RS-002
Brazil,BR,Rio Grande do Sul,BR-RS,Tucunduva,BR-RS-466
Brazil,BR,Rio Grande do Sul,BR-RS,Paverama,BR-RS-309
Brazil,BR,Rio Grande do Sul,BR-RS,Santo Ângelo,BR-RS-376
Brazil,BR,Rio Grande do Sul,BR-RS,Mampituba,BR-RS-242
Brazil,BR,Rio Grande do Sul,BR-RS,Augusto Pestana,BR-RS-028
Brazil,BR,Rio Grande do Sul,BR-RS,Canela,BR-RS-078
Brazil,BR,Rio Grande do Sul,BR-RS,São Jorge,BR-RS-392
Brazil,BR,Rio Grande do Sul,BR-RS,São José do Herval,BR-RS-394
Brazil,BR,Rio Grande do Sul,BR-RS,Triunfo,BR-RS-465
Brazil,BR,Rio Grande do Sul,BR-RS,Alto Alegre,BR-RS-010
Brazil,BR,Rio Grande do Sul,BR-RS,São José do Norte,BR-RS-397
Brazil,BR,Rio Grande do Sul,BR-RS,Santa Tereza,BR-RS-372
Brazil,BR,Rio Grande do Sul,BR-RS,Formigueiro,BR-RS-170
Brazil,BR,Rio Grande do Sul,BR-RS,Santa Clara do Sul,BR-RS-366
Brazil,BR,Rio Grande do Sul,BR-RS,Sapucaia do Sul,BR-RS-422
Brazil,BR,Rio Grande do Sul,BR-RS,Boqueirão do Leão,BR-RS-053
Brazil,BR,Rio Grande do Sul,BR-RS,Salvador do Sul,BR-RS-361
Brazil,BR,Rio Grande do Sul,BR-RS,Cerro Largo,BR-RS-102
Brazil,BR,Rio Grande do Sul,BR-RS,São José das Missões,BR-RS-393
Brazil,BR,Rio Grande do Sul,BR-RS,Alegrete,BR-RS-006
Brazil,BR,Rio Grande do Sul,BR-RS,Sapiranga,BR-RS-421
Brazil,BR,Rio Grande do Sul,BR-RS,Cristal,BR-RS-123
Brazil,BR,Rio Grande do Sul,BR-RS,Imigrante,BR-RS-205
Brazil,BR,Rio Grande do Sul,BR-RS,Monte Belo do Sul,BR-RS-260
Brazil,BR,Rio Grande do Sul,BR-RS,Sentinela do Sul,BR-RS-429
Brazil,BR,Rio Grande do Sul,BR-RS,Constantina,BR-RS-114
Brazil,BR,Rio Grande do Sul,BR-RS,Ilópolis,BR-RS-203
Brazil,BR,Rio Grande do Sul,BR-RS,Piratini,BR-RS-322
Brazil,BR,Rio Grande do Sul,BR-RS,Montenegro,BR-RS-261
Brazil,BR,Rio Grande do Sul,BR-RS,Linha Nova,BR-RS-239
Brazil,BR,Rio Grande do Sul,BR-RS,Doutor Ricardo,BR-RS-140
Brazil,BR,Rio Grande do Sul,BR-RS,Lagoa Vermelha,BR-RS-232
Brazil,BR,Rio Grande do Sul,BR-RS,Teutônia,BR-RS-450
Brazil,BR,Rio Grande do Sul,BR-RS,Pouso Novo,BR-RS-333
Brazil,BR,Rio Grande do Sul,BR-RS,Paulo Bento,BR-RS-308
Brazil,BR,Rio Grande do Sul,BR-RS,Herveiras,BR-RS-192
Brazil,BR,Rio Grande do Sul,BR-RS,São Francisco de Assis,BR-RS-386
Brazil,BR,Rio Grande do Sul,BR-RS,Barão,BR-RS-032
Brazil,BR,Rio Grande do Sul,BR-RS,Esmeralda,BR-RS-152
Brazil,BR,Rio Grande do Sul,BR-RS,Barra do Rio Azul,BR-RS-038
Brazil,BR,Rio Grande do Sul,BR-RS,São João do Polêsine,BR-RS-391
Brazil,BR,Rio Grande do Sul,BR-RS,Osório,BR-RS-294
Brazil,BR,Rio Grande do Sul,BR-RS,São Borja,BR-RS-384
Brazil,BR,Rio Grande do Sul,BR-RS,Bom Jesus,BR-RS-049
Brazil,BR,Rio Grande do Sul,BR-RS,São Pedro das Missões,BR-RS-411
Brazil,BR,Rio Grande do Sul,BR-RS,Caseiros,BR-RS-094
Brazil,BR,Rio Grande do Sul,BR-RS,Carlos Barbosa,BR-RS-091
Brazil,BR,Rio Grande do Sul,BR-RS,Encruzilhada do Sul,BR-RS-143
Brazil,BR,Rio Grande do Sul,BR-RS,Viadutos,BR-RS-486
Brazil,BR,Rio Grande do Sul,BR-RS,Alto Feliz,BR-RS-011
Brazil,BR,Rio Grande do Sul,BR-RS,Cacique Doble,BR-RS-063
Brazil,BR,Rio Grande do Sul,BR-RS,Cerro Branco,BR-RS-099
Brazil,BR,Rio Grande do Sul,BR-RS,Ivorá,BR-RS-217
Brazil,BR,Rio Grande do Sul,BR-RS,Três Palmeiras,BR-RS-462
Brazil,BR,Rio Grande do Sul,BR-RS,Rodeio Bonito,BR-RS-350
Brazil,BR,Rio Grande do Sul,BR-RS,Gaurama,BR-RS-176
Brazil,BR,Rio Grande do Sul,BR-RS,Ivoti,BR-RS-218
Brazil,BR,Rio Grande do Sul,BR-RS,Arroio Grande,BR-RS-026
Brazil,BR,Rio Grande do Sul,BR-RS,São Vendelino,BR-RS-419
Brazil,BR,Rio Grande do Sul,BR-RS,Jacuizinho,BR-RS-220
Brazil,BR,Rio Grande do Sul,BR-RS,Fagundes Varela,BR-RS-161
Brazil,BR,Rio Grande do Sul,BR-RS,São Pedro da Serra,BR-RS-410
Brazil,BR,Rio Grande do Sul,BR-RS,Dois Irmãos das Missões,BR-RS-133
Brazil,BR,Rio Grande do Sul,BR-RS,Júlio de Castilhos,BR-RS-227
Brazil,BR,Rio Grande do Sul,BR-RS,Canudos do Vale,BR-RS-081
Brazil,BR,Rio Grande do Sul,BR-RS,Tapera,BR-RS-442
Brazil,BR,Rio Grande do Sul,BR-RS,Guaíba,BR-RS-187
Brazil,BR,Rio Grande do Sul,BR-RS,Imbé,BR-RS-204
Brazil,BR,Rio Grande do Sul,BR-RS,São Paulo das Missões,BR-RS-409
Brazil,BR,Rio Grande do Sul,BR-RS,Lavras do Sul,BR-RS-236
Brazil,BR,Rio Grande do Sul,BR-RS,Crissiumal,BR-RS-122
Brazil,BR,Rio Grande do Sul,BR-RS,Porto Lucena,BR-RS-329
Brazil,BR,Rio Grande do Sul,BR-RS,São João da Urtiga,BR-RS-390
Brazil,BR,Rio Grande do Sul,BR-RS,Pantano Grande,BR-RS-300
Brazil,BR,Rio Grande do Sul,BR-RS,Vale Real,BR-RS-479
Brazil,BR,Rio Grande do Sul,BR-RS,Inhacorá,BR-RS-207
Brazil,BR,Rio Grande do Sul,BR-RS,Coronel Pilar,BR-RS-119
Brazil,BR,Rio Grande do Sul,BR-RS,Capela de Santana,BR-RS-086
Brazil,BR,Rio Grande do Sul,BR-RS,Planalto,BR-RS-323
Brazil,BR,Rio Grande do Sul,BR-RS,Santana da Boa Vista,BR-RS-374
Brazil,BR,Rio Grande do Sul,BR-RS,São José do Inhacorá,BR-RS-396
Brazil,BR,Rio Grande do Sul,BR-RS,Sério,BR-RS-431
Brazil,BR,Rio Grande do Sul,BR-RS,Arroio do Tigre,BR-RS-024
Brazil,BR,Rio Grande do Sul,BR-RS,Encantado,BR-RS-142
Brazil,BR,Rio Grande do Sul,BR-RS,Soledade,BR-RS-439
Brazil,BR,Rio Grande do Sul,BR-RS,Capitão,BR-RS-087
Brazil,BR,Rio Grande do Sul,BR-RS,Pirapó,BR-RS-321
Brazil,BR,Rio Grande do Sul,BR-RS,São José do Sul,BR-RS-399
Brazil,BR,Rio Grande do Sul,BR-RS,Barra do Ribeiro,BR-RS-037
Brazil,BR,Rio Grande do Sul,BR-RS,Antônio Prado,BR-RS-017
Brazil,BR,Rio Grande do Sul,BR-RS,Ipê,BR-RS-208
Brazil,BR,Rio Grande do Sul,BR-RS,Segredo,BR-RS-426
Brazil,BR,Rio Grande do Sul,BR-RS,Vista Alegre,BR-RS-494
Brazil,BR,Rio Grande do Sul,BR-RS,Nova Esperança do Sul,BR-RS-279
Brazil,BR,Rio Grande do Sul,BR-RS,Braga,BR-RS-056
Brazil,BR,Rio Grande do Sul,BR-RS,Nova Roma do Sul,BR-RS-286
Brazil,BR,Rio Grande do Sul,BR-RS,Marcelino Ramos,BR-RS-247
Brazil,BR,Rio Grande do Sul,BR-RS,Venâncio Aires,BR-RS-482
Brazil,BR,Rio Grande do Sul,BR-RS,Paraíso do Sul,BR-RS-302
Brazil,BR,Rio Grande do Sul,BR-RS,Paraí,BR-RS-301
Brazil,BR,Rio Grande do Sul,BR-RS,Caçapava do Sul,BR-RS-059
Brazil,BR,Rio Grande do Sul,BR-RS,Ibiraiaras,BR-RS-198
Brazil,BR,Rio Grande do Sul,BR-RS,Muitos Capões,BR-RS-268
Brazil,BR,Rio Grande do Sul,BR-RS,Picada Café,BR-RS-314
Brazil,BR,Rio Grande do Sul,BR-RS,Esteio,BR-RS-157
Brazil,BR,Rio Grande do Sul,BR-RS,Vista Alegre do Prata,BR-RS-495
Brazil,BR,Rio Grande do Sul,BR-RS,Chuí,BR-RS-107
Brazil,BR,Rio Grande do Sul,BR-RS,Canoas,BR-RS-080
Brazil,BR,Rio Grande do Sul,BR-RS,Lajeado do Bugre,BR-RS-235
Brazil,BR,Rio Grande do Sul,BR-RS,Santa Maria do Herval,BR-RS-370
Brazil,BR,Rio Grande do Sul,BR-RS,São Francisco de Paula,BR-RS-387
Brazil,BR,Rio Grande do Sul,BR-RS,Frederico Westphalen,BR-RS-173
Brazil,BR,Rio Grande do Sul,BR-RS,Tupanciretã,BR-RS-469
Brazil,BR,Rio Grande do Sul,BR-RS,Maquiné,BR-RS-244
Brazil,BR,Rio Grande do Sul,BR-RS,Três Passos,BR-RS-463
Brazil,BR,Rio Grande do Sul,BR-RS,Sobradinho,BR-RS-438
Brazil,BR,Rio Grande do Sul,BR-RS,Nova Candelária,BR-RS-278
Brazil,BR,Rio Grande do Sul,BR-RS,Parobé,BR-RS-304
Brazil,BR,Rio Grande do Sul,BR-RS,Tabaí,BR-RS-440
Brazil,BR,Rio Grande do Sul,BR-RS,São Valentim,BR-RS-416
Brazil,BR,Rio Grande do Sul,BR-RS,Cachoeirinha,BR-RS-062
Brazil,BR,Rio Grande do Sul,BR-RS,Santa Cecília do Sul,BR-RS-365
Brazil,BR,Rio Grande do Sul,BR-RS,São Luiz Gonzaga,BR-RS-403
Brazil,BR,Rio Grande do Sul,BR-RS,Lindolfo Collor,BR-RS-238
Brazil,BR,Rio Grande do Sul,BR-RS,Iraí,BR-RS-210
Brazil,BR,Rio Grande do Sul,BR-RS,Três Arroios,BR-RS-457
Brazil,BR,Rio Grande do Sul,BR-RS,Estação,BR-RS-155
Brazil,BR,Rio Grande do Sul,BR-RS,Jacutinga,BR-RS-221
Brazil,BR,Rio Grande do Sul,BR-RS,Eldorado do Sul,BR-RS-141
Brazil,BR,Rio Grande do Sul,BR-RS,Estância Velha,BR-RS-156
Brazil,BR,Rio Grande do Sul,BR-RS,Santo Antônio do Palma,BR-RS-379
Brazil,BR,Rio Grande do Sul,BR-RS,Paim Filho,BR-RS-295
Brazil,BR,Rio Grande do Sul,BR-RS,Nonoai,BR-RS-272
Brazil,BR,Rio Grande do Sul,BR-RS,Jóia,BR-RS-226
Brazil,BR,Rio Grande do Sul,BR-RS,Butiá,BR-RS-058
Brazil,BR,Rio Grande do Sul,BR-RS,Unistalda,BR-RS-475
Brazil,BR,Rio Grande do Sul,BR-RS,Campo Novo,BR-RS-073
Brazil,BR,Rio Grande do Sul,BR-RS,Humaitá,BR-RS-195
Brazil,BR,Rio Grande do Sul,BR-RS,Pinheiro Machado,BR-RS-319
Brazil,BR,Rio Grande do Sul,BR-RS,Cachoeira do Sul,BR-RS-061
Brazil,BR,Rio Grande do Sul,BR-RS,Victor Graeff,BR-RS-489
Brazil,BR,Rio Grande do Sul,BR-RS,Boa Vista do Sul,BR-RS-048
Brazil,BR,Rio Grande do Sul,BR-RS,Restinga Sêca,BR-RS-344
Brazil,BR,Rio Grande do Sul,BR-RS,Erval Grande,BR-RS-150
Brazil,BR,Rio Grande do Sul,BR-RS,São Gabriel,BR-RS-388
Brazil,BR,Rio Grande do Sul,BR-RS,São José do Hortêncio,BR-RS-395
Brazil,BR,Rio Grande do Sul,BR-RS,Feliz,BR-RS-166
Brazil,BR,Rio Grande do Sul,BR-RS,Mariano Moro,BR-RS-249
Brazil,BR,Rio Grande do Sul,BR-RS,Quatro Irmãos,BR-RS-339
Brazil,BR,Rio Grande do Sul,BR-RS,Tenente Portela,BR-RS-448
Brazil,BR,Rio Grande do Sul,BR-RS,Benjamin Constant do Sul,BR-RS-042
Brazil,BR,Rio Grande do Sul,BR-RS,Agudo,BR-RS-003
Brazil,BR,Rio Grande do Sul,BR-RS,Porto Mauá,BR-RS-330
Brazil,BR,Rio Grande do Sul,BR-RS,Vacaria,BR-RS-477
Brazil,BR,Rio Grande do Sul,BR-RS,Mata,BR-RS-251
Brazil,BR,Rio Grande do Sul,BR-RS,Charrua,BR-RS-105
Brazil,BR,Rio Grande do Sul,BR-RS,Nicolau Vergueiro,BR-RS-271
Brazil,BR,Rio Grande do Sul,BR-RS,São Marcos,BR-RS-404
Brazil,BR,Rio Grande do Sul,BR-RS,Taquaruçu do Sul,BR-RS-446
Brazil,BR,Rio Grande do Sul,BR-RS,Selbach,BR-RS-427
Brazil,BR,Rio Grande do Sul,BR-RS,Protásio Alves,BR-RS-336
Brazil,BR,Rio Grande do Sul,BR-RS,Lagoão,BR-RS-233
Brazil,BR,Rio Grande do Sul,BR-RS,Xangri-lá,BR-RS-499
Brazil,BR,Rio Grande do Sul,BR-RS,Dom Feliciano,BR-RS-135
Brazil,BR,Rio Grande do Sul,BR-RS,Forquetinha,BR-RS-171
Brazil,BR,Rio Grande do Sul,BR-RS,David Canabarro,BR-RS-128
Brazil,BR,Rio Grande do Sul,BR-RS,Derrubadas,BR-RS-129
Brazil,BR,Rio Grande do Sul,BR-RS,Turuçu,BR-RS-472
Brazil,BR,Rio Grande do Sul,BR-RS,Nova Pádua,BR-RS-281
Brazil,BR,Rio Grande do Sul,BR-RS,Arroio do Sal,BR-RS-023
Brazil,BR,Rio Grande do Sul,BR-RS,Veranópolis,BR-RS-484
Brazil,BR,Rio Grande do Sul,BR-RS,Três de Maio,BR-RS-460
Brazil,BR,Rio Grande do Sul,BR-RS,Santo Antônio do Planalto,BR-RS-380
Brazil,BR,Rio Grande do Sul,BR-RS,Tio Hugo,BR-RS-451
Brazil,BR,Rio Grande do Sul,BR-RS,Gentil,BR-RS-178
Brazil,BR,Rio Grande do Sul,BR-RS,Maximiliano de Almeida,BR-RS-255
Brazil,BR,Rio Grande do Sul,BR-RS,Três Coroas,BR-RS-459
Brazil,BR,Rio Grande do Sul,BR-RS,Getúlio Vargas,BR-RS-179
Brazil,BR,Rio Grande do Sul,BR-RS,Ibarama,BR-RS-196
Brazil,BR,Rio Grande do Sul,BR-RS,Vespasiano Corrêa,BR-RS-485
Brazil,BR,Rio Grande do Sul,BR-RS,Alvorada,BR-RS-012
Brazil,BR,Rio Grande do Sul,BR-RS,Entre Rios do Sul,BR-RS-146
Brazil,BR,Rio Grande do Sul,BR-RS,Charqueadas,BR-RS-104
Brazil,BR,Rio Grande do Sul,BR-RS,Nova Prata,BR-RS-284
Brazil,BR,Rio Grande do Sul,BR-RS,Tupandi,BR-RS-470
Brazil,BR,Rio Grande do Sul,BR-RS,Vila Flores,BR-RS-490
Brazil,BR,Rio Grande do Sul,BR-RS,Rolador,BR-RS-351
Brazil,BR,Rio Grande do Sul,BR-RS,Riozinho,BR-RS-348
Brazil,BR,Rio Grande do Sul,BR-RS,Faxinalzinho,BR-RS-164
Brazil,BR,Rio Grande do Sul,BR-RS,Mormaço,BR-RS-262
Brazil,BR,Rio Grande do Sul,BR-RS,Nova Alvorada,BR-RS-273
Brazil,BR,Rio Grande do Sul,BR-RS,Passo do Sobrado,BR-RS-306
Brazil,BR,Rio Grande do Sul,BR-RS,Porto Xavier,BR-RS-332
Brazil,BR,Rio Grande do Sul,BR-RS,Aceguá,BR-RS-001
Brazil,BR,Rio Grande do Sul,BR-RS,São Leopoldo,BR-RS-401
Brazil,BR,Rio Grande do Sul,BR-RS,Candiota,BR-RS-077
Brazil,BR,Rio Grande do Sul,BR-RS,Glorinha,BR-RS-181
Brazil,BR,Rio Grande do Sul,BR-RS,Liberato Salzano,BR-RS-237
Brazil,BR,Rio Grande do Sul,BR-RS,Coqueiro Baixo,BR-RS-115
Brazil,BR,Rio Grande do Sul,BR-RS,Chapada,BR-RS-103
Brazil,BR,Rio Grande do Sul,BR-RS,Três Cachoeiras,BR-RS-458
Brazil,BR,Rio Grande do Sul,BR-RS,Caiçara,BR-RS-065
Brazil,BR,Rio Grande do Sul,BR-RS,Capão do Cipó,BR-RS-084
Brazil,BR,Rio Grande do Sul,BR-RS,Guarani das Missões,BR-RS-189
Brazil,BR,Rio Grande do Sul,BR-RS,Sertão,BR-RS-432
Brazil,BR,Rio Grande do Sul,BR-RS,Santo Cristo,BR-RS-382
Brazil,BR,Rio Grande do Sul,BR-RS,São José do Ouro,BR-RS-398
Brazil,BR,Rio Grande do Sul,BR-RS,Dois Lajeados,BR-RS-134
Brazil,BR,Rio Grande do Sul,BR-RS,Nova Boa Vista,BR-RS-276
Brazil,BR,Rio Grande do Sul,BR-RS,Boa Vista das Missões,BR-RS-044
Brazil,BR,Rio Grande do Sul,BR-RS,Santa Bárbara do Sul,BR-RS-364
Brazil,BR,Rio Grande do Sul,BR-RS,Bento Gonçalves,BR-RS-043
Brazil,BR,Rio Grande do Sul,BR-RS,Fontoura Xavier,BR-RS-169
Brazil,BR,Rio Grande do Sul,BR-RS,Arvorezinha,BR-RS-027
Brazil,BR,Rio Grande do Sul,BR-RS,Capão do Leão,BR-RS-085
Brazil,BR,Rio Grande do Sul,BR-RS,General Câmara,BR-RS-177
Brazil,BR,Rio Grande do Sul,BR-RS,Barão do Triunfo,BR-RS-034
Brazil,BR,Rio Grande do Sul,BR-RS,Rondinha,BR-RS-354
Brazil,BR,Rio Grande do Sul,BR-RS,Itacurubi,BR-RS-212
Brazil,BR,Rio Grande do Sul,BR-RS,Jaguarão,BR-RS-222
Brazil,BR,Rio Grande do Sul,BR-RS,Sete de Setembro,BR-RS-434
Brazil,BR,Rio Grande do Sul,BR-RS,Campinas do Sul,BR-RS-071
Brazil,BR,Rio Grande do Sul,BR-RS,Marau,BR-RS-246
Brazil,BR,Rio Grande do Sul,BR-RS,São Lourenço do Sul,BR-RS-402
Brazil,BR,Rio Grande do Sul,BR-RS,Terra de Areia,BR-RS-449
Brazil,BR,Rio Grande do Sul,BR-RS,Itaqui,BR-RS-214
Brazil,BR,Rio Grande do Sul,BR-RS,Boa Vista do Buricá,BR-RS-045
Brazil,BR,Rio Grande do Sul,BR-RS,Roca Sales,BR-RS-349
Brazil,BR,Rio Grande do Sul,BR-RS,Cruzaltense,BR-RS-126
Brazil,BR,Rio Grande do Sul,BR-RS,Ciríaco,BR-RS-110
Brazil,BR,Rio Grande do Sul,BR-RS,Santa Rosa,BR-RS-371
Brazil,BR,Rio Grande do Sul,BR-RS,Pinhal,BR-RS-315
Brazil,BR,Rio Grande do Sul,BR-RS,Boa Vista do Incra,BR-RS-047
Brazil,BR,Rio Grande do Sul,BR-RS,Candelária,BR-RS-075
Brazil,BR,Rio Grande do Sul,BR-RS,Cruz Alta,BR-RS-125
Brazil,BR,Rio Grande do Sul,BR-RS,Vista Gaúcha,BR-RS-496
Brazil,BR,Rio Grande do Sul,BR-RS,Erechim,BR-RS-148
Brazil,BR,Rio Grande do Sul,BR-RS,São Jerônimo,BR-RS-389
Brazil,BR,Rio Grande do Sul,BR-RS,Marques de Souza,BR-RS-250
Brazil,BR,Rio Grande do Sul,BR-RS,Santo Expedito do Sul,BR-RS-383
Brazil,BR,Rio Grande do Sul,BR-RS,Salto do Jacuí,BR-RS-359
Brazil,BR,Rio Grande do Sul,BR-RS,Lagoa dos Três Cantos,BR-RS-230
Brazil,BR,Rio Grande do Sul,BR-RS,Coronel Barros,BR-RS-117
Brazil,BR,Rio Grande do Sul,BR-RS,Ipiranga do Sul,BR-RS-209
Brazil,BR,Rio Grande do Sul,BR-RS,Colinas,BR-RS-111
Brazil,BR,Rio Grande do Sul,BR-RS,Sagrada Família,BR-RS-357
Brazil,BR,Rio Grande do Sul,BR-RS,Gravataí,BR-RS-185
Brazil,BR,Rio Grande do Sul,BR-RS,São Valério do Sul,BR-RS-418
Brazil,BR,Rio Grande do Sul,BR-RS,Alpestre,BR-RS-009
Brazil,BR,Rio Grande do Sul,BR-RS,Pontão,BR-RS-325
Brazil,BR,Rio Grande do Sul,BR-RS,Garruchos,BR-RS-175
Brazil,BR,Rio Grande do Sul,BR-RS,Dilermando de Aguiar,BR-RS-131
Brazil,BR,Rio Grande do Sul,BR-RS,Estrela,BR-RS-158
Brazil,BR,Rio Grande do Sul,BR-RS,Vanini,BR-RS-481
Brazil,BR,Rio Grande do Sul,BR-RS,Boa Vista do Cadeado,BR-RS-046
Brazil,BR,Rio Grande do Sul,BR-RS,Almirante Tamandaré do Sul,BR-RS-008
Brazil,BR,Rio Grande do Sul,BR-RS,Rio Grande,BR-RS-346
Brazil,BR,Rio Grande do Sul,BR-RS,Minas do Leão,BR-RS-256
Brazil,BR,Rio Grande do Sul,BR-RS,Vitória das Missões,BR-RS-497
Brazil,BR,Rio Grande do Sul,BR-RS,Herval,BR-RS-191
Brazil,BR,Rio Grande do Sul,BR-RS,Nova Bassano,BR-RS-275
Brazil,BR,Rio Grande do Sul,BR-RS,Bossoroca,BR-RS-054
Brazil,BR,Rio Grande do Sul,BR-RS,Ronda Alta,BR-RS-353
Brazil,BR,Rio Grande do Sul,BR-RS,Bom Princípio,BR-RS-050
Brazil,BR,Rio Grande do Sul,BR-RS,Nova Palma,BR-RS-282
Brazil,BR,Rio Grande do Sul,BR-RS,Casca,BR-RS-093
Brazil,BR,Rio Grande do Sul,BR-RS,Mato Queimado,BR-RS-254
Brazil,BR,Rio Grande do Sul,BR-RS,Hulha Negra,BR-RS-194
Brazil,BR,Rio Grande do Sul,BR-RS,Pedras Altas,BR-RS-310
Brazil,BR,Rio Grande do Sul,BR-RS,Lagoa dos Patos,BR-RS-229
Brazil,BR,Rio Grande do Sul,BR-RS,Ibirubá,BR-RS-200
Brazil,BR,Rio Grande do Sul,BR-RS,Lagoa Bonita do Sul,BR-RS-228
Brazil,BR,Rio Grande do Sul,BR-RS,Maratá,BR-RS-245
Brazil,BR,Rio Grande do Sul,BR-RS,Alecrim,BR-RS-005
Brazil,BR,Rio Grande do Sul,BR-RS,Salvador das Missões,BR-RS-360
Brazil,BR,Rio Grande do Sul,BR-RS,Trindade do Sul,BR-RS-464
Brazil,BR,Rio Grande do Sul,BR-RS,Catuípe,BR-RS-095
Brazil,BR,Rio Grande do Sul,BR-RS,Dezesseis de Novembro,BR-RS-130
Brazil,BR,Rio Grande do Sul,BR-RS,Não-Me-Toque,BR-RS-270
Brazil,BR,Rio Grande do Sul,BR-RS,Santiago,BR-RS-375
Brazil,BR,Rio Grande do Sul,BR-RS,Bagé,BR-RS-030
Brazil,BR,Rio Grande do Sul,BR-RS,Rosário do Sul,BR-RS-356
Brazil,BR,Rio Grande do Sul,BR-RS,Ajuricaba,BR-RS-004
Brazil,BR,Rio Grande do Sul,BR-RS,Carazinho,BR-RS-090
Brazil,BR,Bahia,BR-BA,Pojuca,BR-BA-309
Brazil,BR,Bahia,BR-BA,Camaçari,BR-BA-070
Brazil,BR,Bahia,BR-BA,Sapeaçu,BR-BA-364
Brazil,BR,Bahia,BR-BA,Jussiape,BR-BA-222
Brazil,BR,Bahia,BR-BA,Teolândia,BR-BA-391
Brazil,BR,Bahia,BR-BA,Paramirim,BR-BA-290
Brazil,BR,Bahia,BR-BA,Bom Jesus da Lapa,BR-BA-047
Brazil,BR,Bahia,BR-BA,Rafael Jambeiro,BR-BA-320
Brazil,BR,Bahia,BR-BA,Capim Grosso,BR-BA-084
Brazil,BR,Bahia,BR-BA,Rio do Antônio,BR-BA-330
Brazil,BR,Bahia,BR-BA,Caém,BR-BA-063
Brazil,BR,Bahia,BR-BA,Jeremoabo,BR-BA-214
Brazil,BR,Bahia,BR-BA,Taperoá,BR-BA-386
Brazil,BR,Bahia,BR-BA,Dário Meira,BR-BA-118
Brazil,BR,Bahia,BR-BA,Tabocas do Brejo Velho,BR-BA-382
Brazil,BR,Bahia,BR-BA,Presidente Tancredo Neves,BR-BA-316
Brazil,BR,Bahia,BR-BA,Itiúba,BR-BA-201
Brazil,BR,Bahia,BR-BA,Pindaí,BR-BA-300
Brazil,BR,Bahia,BR-BA,Ibicuí,BR-BA-150
Brazil,BR,Bahia,BR-BA,Tremedal,BR-BA-393
Brazil,BR,Bahia,BR-BA,Iraquara,BR-BA-172
Brazil,BR,Bahia,BR-BA,Itabuna,BR-BA-177
Brazil,BR,Bahia,BR-BA,Saúde,BR-BA-367
Brazil,BR,Bahia,BR-BA,Pau Brasil,BR-BA-293
Brazil,BR,Bahia,BR-BA,Catu,BR-BA-092
Brazil,BR,Bahia,BR-BA,Salinas da Margarida,BR-BA-335
Brazil,BR,Bahia,BR-BA,Tanque Novo,BR-BA-384
Brazil,BR,Bahia,BR-BA,Dom Basílio,BR-BA-120
Brazil,BR,Bahia,BR-BA,Mundo Novo,BR-BA-267
Brazil,BR,Bahia,BR-BA,Mata de São João,BR-BA-253
Brazil,BR,Bahia,BR-BA,Ubatã,BR-BA-398
Brazil,BR,Bahia,BR-BA,Banzaê,BR-BA-032
Brazil,BR,Bahia,BR-BA,Saubara,BR-BA-366
Brazil,BR,Bahia,BR-BA,Souto Soares,BR-BA-381
Brazil,BR,Bahia,BR-BA,Érico Cardoso,BR-BA-125
Brazil,BR,Bahia,BR-BA,São Felipe,BR-BA-354
Brazil,BR,Bahia,BR-BA,Itamaraju,BR-BA-186
Brazil,BR,Bahia,BR-BA,Boquira,BR-BA-051
Brazil,BR,Bahia,BR-BA,Teodoro Sampaio,BR-BA-389
Brazil,BR,Bahia,BR-BA,Barrocas,BR-BA-041
Brazil,BR,Bahia,BR-BA,Madre de Deus,BR-BA-240
Brazil,BR,Bahia,BR-BA,Lençóis,BR-BA-232
Brazil,BR,Bahia,BR-BA,Itaguaçu da Bahia,BR-BA-183
Brazil,BR,Bahia,BR-BA,Cachoeira,BR-BA-061
Brazil,BR,Bahia,BR-BA,Crisópolis,BR-BA-114
Brazil,BR,Bahia,BR-BA,Santa Inês,BR-BA-341
Brazil,BR,Bahia,BR-BA,Dias d'Ávila,BR-BA-119
Brazil,BR,Bahia,BR-BA,Mascote,BR-BA-252
Brazil,BR,Bahia,BR-BA,Rodelas,BR-BA-333
Brazil,BR,Bahia,BR-BA,Guaratinga,BR-BA-144
Brazil,BR,Bahia,BR-BA,Jequié,BR-BA-213
Brazil,BR,Bahia,BR-BA,Santa Maria da Vitória,BR-BA-343
Brazil,BR,Bahia,BR-BA,Boa Vista do Tupim,BR-BA-046
Brazil,BR,Bahia,BR-BA,Santo Antônio de Jesus,BR-BA-350
Brazil,BR,Bahia,BR-BA,Cícero Dantas,BR-BA-096
Brazil,BR,Bahia,BR-BA,Aiquara,BR-BA-006
Brazil,BR,Bahia,BR-BA,Coribe,BR-BA-109
Brazil,BR,Bahia,BR-BA,Nova Fátima,BR-BA-276
Brazil,BR,Bahia,BR-BA,Marcionílio Souza,BR-BA-251
Brazil,BR,Bahia,BR-BA,Pedro Alexandre,BR-BA-297
Brazil,BR,Bahia,BR-BA,Sátiro Dias,BR-BA-365
Brazil,BR,Bahia,BR-BA,Licínio de Almeida,BR-BA-233
Brazil,BR,Bahia,BR-BA,Glória,BR-BA-139
Brazil,BR,Bahia,BR-BA,Novo Triunfo,BR-BA-283
Brazil,BR,Bahia,BR-BA,Riacho de Santana,BR-BA-325
Brazil,BR,Bahia,BR-BA,Gandu,BR-BA-136
Brazil,BR,Bahia,BR-BA,Andaraí,BR-BA-014
Brazil,BR,Bahia,BR-BA,Manoel Vitorino,BR-BA-246
Brazil,BR,Bahia,BR-BA,Quijingue,BR-BA-318
Brazil,BR,Bahia,BR-BA,Riachão do Jacuípe,BR-BA-324
Brazil,BR,Bahia,BR-BA,Carinhanha,BR-BA-088
Brazil,BR,Bahia,BR-BA,Serrinha,BR-BA-375
Brazil,BR,Bahia,BR-BA,Rio Real,BR-BA-332
Brazil,BR,Bahia,BR-BA,Mirante,BR-BA-259
Brazil,BR,Bahia,BR-BA,Cairu,BR-BA-067
Brazil,BR,Bahia,BR-BA,Jitaúna,BR-BA-216
Brazil,BR,Bahia,BR-BA,São Félix,BR-BA-355
Brazil,BR,Bahia,BR-BA,Ruy Barbosa,BR-BA-334
Brazil,BR,Bahia,BR-BA,Caatiba,BR-BA-059
Brazil,BR,Bahia,BR-BA,Castro Alves,BR-BA-090
Brazil,BR,Bahia,BR-BA,Uruçuca,BR-BA-403
Brazil,BR,Bahia,BR-BA,Santo Amaro,BR-BA-349
Brazil,BR,Bahia,BR-BA,São Félix do Coribe,BR-BA-356
Brazil,BR,Bahia,BR-BA,Várzea Nova,BR-BA-409
Brazil,BR,Bahia,BR-BA,Nova Viçosa,BR-BA-281
Brazil,BR,Bahia,BR-BA,Livramento de Nossa Senhora,BR-BA-234
Brazil,BR,Bahia,BR-BA,Santa Cruz da Vitória,BR-BA-340
Brazil,BR,Bahia,BR-BA,Paulo Afonso,BR-BA-294
Brazil,BR,Bahia,BR-BA,Serra Preta,BR-BA-374
Brazil,BR,Bahia,BR-BA,Matina,BR-BA-254
Brazil,BR,Bahia,BR-BA,Cândido Sales,BR-BA-080
Brazil,BR,Bahia,BR-BA,Angical,BR-BA-016
Brazil,BR,Bahia,BR-BA,Firmino Alves,BR-BA-133
Brazil,BR,Bahia,BR-BA,Baianópolis,BR-BA-030
Brazil,BR,Bahia,BR-BA,Santa Terezinha,BR-BA-345
Brazil,BR,Bahia,BR-BA,Canápolis,BR-BA-074
Brazil,BR,Bahia,BR-BA,São Francisco do Conde,BR-BA-357
Brazil,BR,Bahia,BR-BA,Água Fria,BR-BA-005
Brazil,BR,Bahia,BR-BA,Elísio Medrado,BR-BA-122
Brazil,BR,Bahia,BR-BA,Camamu,BR-BA-071
Brazil,BR,Bahia,BR-BA,Una,BR-BA-401
Brazil,BR,Bahia,BR-BA,Iaçu,BR-BA-146
Brazil,BR,Bahia,BR-BA,Conceição do Jacuípe,BR-BA-103
Brazil,BR,Bahia,BR-BA,Brumado,BR-BA-056
Brazil,BR,Bahia,BR-BA,Adustina,BR-BA-004
Brazil,BR,Bahia,BR-BA,Eunápolis,BR-BA-128
Brazil,BR,Bahia,BR-BA,Tanquinho,BR-BA-385
Brazil,BR,Bahia,BR-BA,Ipiaú,BR-BA-167
Brazil,BR,Bahia,BR-BA,Botuporã,BR-BA-052
Brazil,BR,Bahia,BR-BA,América Dourada,BR-BA-012
Brazil,BR,Bahia,BR-BA,Belo Campo,BR-BA-043
Brazil,BR,Bahia,BR-BA,Boa Nova,BR-BA-045
Brazil,BR,Bahia,BR-BA,Teixeira de Freitas,BR-BA-388
Brazil,BR,Bahia,BR-BA,Piatã,BR-BA-298
Brazil,BR,Bahia,BR-BA,Conceição do Coité,BR-BA-102
Brazil,BR,Bahia,BR-BA,Aracatu,BR-BA-024
Brazil,BR,Bahia,BR-BA,Candiba,BR-BA-079
Brazil,BR,Bahia,BR-BA,Caldeirão Grande,BR-BA-068
Brazil,BR,Bahia,BR-BA,Fátima,BR-BA-129
Brazil,BR,Bahia,BR-BA,Ipecaetá,BR-BA-166
Brazil,BR,Bahia,BR-BA,Maiquinique,BR-BA-242
Brazil,BR,Bahia,BR-BA,Cocos,BR-BA-099
Brazil,BR,Bahia,BR-BA,Antas,BR-BA-018
Brazil,BR,Bahia,BR-BA,Boninal,BR-BA-049
Brazil,BR,Bahia,BR-BA,Varzedo,BR-BA-410
Brazil,BR,Bahia,BR-BA,Ibiquera,BR-BA-153
Brazil,BR,Bahia,BR-BA,Pintadas,BR-BA-302
Brazil,BR,Bahia,BR-BA,Mutuípe,BR-BA-271
Brazil,BR,Bahia,BR-BA,Piraí do Norte,BR-BA-303
Brazil,BR,Bahia,BR-BA,Malhada,BR-BA-244
Brazil,BR,Bahia,BR-BA,Presidente Dutra,BR-BA-314
Brazil,BR,Bahia,BR-BA,Araci,BR-BA-025
Brazil,BR,Bahia,BR-BA,Igrapiúna,BR-BA-162
Brazil,BR,Bahia,BR-BA,Cansanção,BR-BA-081
Brazil,BR,Bahia,BR-BA,Ibirataia,BR-BA-156
Brazil,BR,Bahia,BR-BA,Aporá,BR-BA-021
Brazil,BR,Bahia,BR-BA,Quixabeira,BR-BA-319
Brazil,BR,Bahia,BR-BA,Pindobaçu,BR-BA-301
Brazil,BR,Bahia,BR-BA,Coaraci,BR-BA-098
Brazil,BR,Bahia,BR-BA,Tanhaçu,BR-BA-383
Brazil,BR,Bahia,BR-BA,Antônio Gonçalves,BR-BA-020
Brazil,BR,Bahia,BR-BA,Retirolândia,BR-BA-322
Brazil,BR,Bahia,BR-BA,São José do Jacuípe,BR-BA-361
Brazil,BR,Bahia,BR-BA,Central,BR-BA-094
Brazil,BR,Bahia,BR-BA,Utinga,BR-BA-404
Brazil,BR,Bahia,BR-BA,Morpará,BR-BA-261
Brazil,BR,Bahia,BR-BA,Wenceslau Guimarães,BR-BA-416
Brazil,BR,Bahia,BR-BA,Jussara,BR-BA-220
Brazil,BR,Bahia,BR-BA,Tapiramutá,BR-BA-387
Brazil,BR,Bahia,BR-BA,Vera Cruz,BR-BA-411
Brazil,BR,Bahia,BR-BA,Piripá,BR-BA-304
Brazil,BR,Bahia,BR-BA,Sítio do Mato,BR-BA-378
Brazil,BR,Bahia,BR-BA,Igaporã,BR-BA-161
Brazil,BR,Bahia,BR-BA,Dom Macedo Costa,BR-BA-121
Brazil,BR,Bahia,BR-BA,Nova Redenção,BR-BA-279
Brazil,BR,Bahia,BR-BA,Buritirama,BR-BA-058
Brazil,BR,Bahia,BR-BA,Wagner,BR-BA-414
Brazil,BR,Bahia,BR-BA,Wanderley,BR-BA-415
Brazil,BR,Bahia,BR-BA,Baixa Grande,BR-BA-031
Brazil,BR,Bahia,BR-BA,Condeúba,BR-BA-105
Brazil,BR,Bahia,BR-BA,Ituberá,BR-BA-204
Brazil,BR,Bahia,BR-BA,Urandi,BR-BA-402
Brazil,BR,Bahia,BR-BA,Biritinga,BR-BA-044
Brazil,BR,Bahia,BR-BA,Maracás,BR-BA-248
Brazil,BR,Bahia,BR-BA,Irajuba,BR-BA-170
Brazil,BR,Bahia,BR-BA,Aurelino Leal,BR-BA-029
Brazil,BR,Bahia,BR-BA,Alagoinhas,BR-BA-007
Brazil,BR,Bahia,BR-BA,Itamari,BR-BA-187
Brazil,BR,Bahia,BR-BA,Monte Santo,BR-BA-260
Brazil,BR,Bahia,BR-BA,Nazaré,BR-BA-272
Brazil,BR,Bahia,BR-BA,Heliópolis,BR-BA-145
Brazil,BR,Bahia,BR-BA,Gentio do Ouro,BR-BA-138
Brazil,BR,Bahia,BR-BA,Cristópolis,BR-BA-115
Brazil,BR,Bahia,BR-BA,Formosa do Rio Preto,BR-BA-135
Brazil,BR,Bahia,BR-BA,Mirangaba,BR-BA-258
Brazil,BR,Bahia,BR-BA,Itaquara,BR-BA-197
Brazil,BR,Bahia,BR-BA,Vereda,BR-BA-412
Brazil,BR,Bahia,BR-BA,Jandaíra,BR-BA-212
Brazil,BR,Bahia,BR-BA,Mucugê,BR-BA-264
Brazil,BR,Bahia,BR-BA,Nilo Peçanha,BR-BA-273
Brazil,BR,Bahia,BR-BA,Terra Nova,BR-BA-392
Brazil,BR,Bahia,BR-BA,Conde,BR-BA-104
Brazil,BR,Bahia,BR-BA,Itororó,BR-BA-202
Brazil,BR,Bahia,BR-BA,Barreiras,BR-BA-038
Brazil,BR,Bahia,BR-BA,Governador Mangabeira,BR-BA-141
Brazil,BR,Bahia,BR-BA,Floresta Azul,BR-BA-134
Brazil,BR,Bahia,BR-BA,Jacaraci,BR-BA-207
Brazil,BR,Bahia,BR-BA,Irecê,BR-BA-174
Brazil,BR,Bahia,BR-BA,Cruz das Almas,BR-BA-116
Brazil,BR,Bahia,BR-BA,Arataca,BR-BA-027
Brazil,BR,Bahia,BR-BA,Filadélfia,BR-BA-132
Brazil,BR,Bahia,BR-BA,Itaparica,BR-BA-191
Brazil,BR,Bahia,BR-BA,Santa Cruz Cabrália,BR-BA-339
Brazil,BR,Bahia,BR-BA,Sento Sé,BR-BA-371
Brazil,BR,Bahia,BR-BA,Itajuípe,BR-BA-185
Brazil,BR,Bahia,BR-BA,Tucano,BR-BA-394
Brazil,BR,Bahia,BR-BA,Mulungu do Morro,BR-BA-266
Brazil,BR,Bahia,BR-BA,Várzea da Roça,BR-BA-407
Brazil,BR,Bahia,BR-BA,Macajuba,BR-BA-236
Brazil,BR,Bahia,BR-BA,Itagimirim,BR-BA-182
Brazil,BR,Bahia,BR-BA,Barra,BR-BA-033
Brazil,BR,Bahia,BR-BA,Santaluz,BR-BA-346
Brazil,BR,Bahia,BR-BA,Abaré,BR-BA-002
Brazil,BR,Bahia,BR-BA,Curaçá,BR-BA-117
Brazil,BR,Bahia,BR-BA,Valença,BR-BA-405
Brazil,BR,Bahia,BR-BA,Jaguaripe,BR-BA-211
Brazil,BR,Bahia,BR-BA,Ponto Novo,BR-BA-310
Brazil,BR,Bahia,BR-BA,Contendas do Sincorá,BR-BA-106
Brazil,BR,Bahia,BR-BA,Conceição da Feira,BR-BA-100
Brazil,BR,Bahia,BR-BA,Amélia Rodrigues,BR-BA-011
Brazil,BR,Bahia,BR-BA,Araçás,BR-BA-023
Brazil,BR,Bahia,BR-BA,Ibirapitanga,BR-BA-154
Brazil,BR,Bahia,BR-BA,Itanhém,BR-BA-190
Brazil,BR,Bahia,BR-BA,Macururé,BR-BA-239
Brazil,BR,Bahia,BR-BA,Nordestina,BR-BA-274
Brazil,BR,Bahia,BR-BA,Andorinha,BR-BA-015
Brazil,BR,Bahia,BR-BA,Aratuípe,BR-BA-028
Brazil,BR,Bahia,BR-BA,Presidente Jânio Quadros,BR-BA-315
Brazil,BR,Bahia,BR-BA,Ipirá,BR-BA-168
Brazil,BR,Bahia,BR-BA,Sítio do Quinto,BR-BA-379
Brazil,BR,Bahia,BR-BA,Ourolândia,BR-BA-287
Brazil,BR,Bahia,BR-BA,São Gabriel,BR-BA-358
Brazil,BR,Bahia,BR-BA,Jussari,BR-BA-221
Brazil,BR,Bahia,BR-BA,Caetité,BR-BA-065
Brazil,BR,Bahia,BR-BA,Ribeirão do Largo,BR-BA-328
Brazil,BR,Bahia,BR-BA,Feira de Santana,BR-BA-131
Brazil,BR,Bahia,BR-BA,Santa Brígida,BR-BA-338
Brazil,BR,Bahia,BR-BA,Itapetinga,BR-BA-194
Brazil,BR,Bahia,BR-BA,Cravolândia,BR-BA-113
Brazil,BR,Bahia,BR-BA,Itatim,BR-BA-199
Brazil,BR,Bahia,BR-BA,Cabaceiras do Paraguaçu,BR-BA-060
Brazil,BR,Bahia,BR-BA,Correntina,BR-BA-111
Brazil,BR,Bahia,BR-BA,Uauá,BR-BA-395
Brazil,BR,Bahia,BR-BA,Pé de Serra,BR-BA-295
Brazil,BR,Bahia,BR-BA,Camacan,BR-BA-069
Brazil,BR,Bahia,BR-BA,Riachão das Neves,BR-BA-323
Brazil,BR,Bahia,BR-BA,Santa Luzia,BR-BA-342
Brazil,BR,Bahia,BR-BA,Santana,BR-BA-347
Brazil,BR,Bahia,BR-BA,Paripiranga,BR-BA-292
Brazil,BR,Bahia,BR-BA,Brejolândia,BR-BA-054
Brazil,BR,Bahia,BR-BA,Lajedinho,BR-BA-227
Brazil,BR,Bahia,BR-BA,Lamarão,BR-BA-229
Brazil,BR,Bahia,BR-BA,Muniz Ferreira,BR-BA-268
Brazil,BR,Bahia,BR-BA,São José da Vitória,BR-BA-360
Brazil,BR,Bahia,BR-BA,Ibipitanga,BR-BA-152
Brazil,BR,Bahia,BR-BA,Itapebi,BR-BA-193
Brazil,BR,Bahia,BR-BA,Xique-Xique,BR-BA-417
Brazil,BR,Bahia,BR-BA,Malhada de Pedras,BR-BA-245
Brazil,BR,Bahia,BR-BA,Jiquiriçá,BR-BA-215
Brazil,BR,Bahia,BR-BA,Ribeira do Pombal,BR-BA-327
Brazil,BR,Bahia,BR-BA,Canarana,BR-BA-075
Brazil,BR,Bahia,BR-BA,Mortugaba,BR-BA-263
Brazil,BR,Bahia,BR-BA,São Sebastião do Passé,BR-BA-363
Brazil,BR,Bahia,BR-BA,Casa Nova,BR-BA-089
Brazil,BR,Bahia,BR-BA,Jaborandi,BR-BA-206
Brazil,BR,Bahia,BR-BA,Jacobina,BR-BA-208
Brazil,BR,Bahia,BR-BA,Ipupiara,BR-BA-169
Brazil,BR,Bahia,BR-BA,Caturama,BR-BA-093
Brazil,BR,Bahia,BR-BA,Abaíra,BR-BA-001
Brazil,BR,Bahia,BR-BA,Laje,BR-BA-225
Brazil,BR,Bahia,BR-BA,Acajutiba,BR-BA-003
Brazil,BR,Bahia,BR-BA,Caculé,BR-BA-062
Brazil,BR,Bahia,BR-BA,Maraú,BR-BA-250
Brazil,BR,Bahia,BR-BA,Itapicuru,BR-BA-195
Brazil,BR,Bahia,BR-BA,Coronel João Sá,BR-BA-110
Brazil,BR,Bahia,BR-BA,Cipó,BR-BA-097
Brazil,BR,Bahia,BR-BA,Lapão,BR-BA-230
Brazil,BR,Bahia,BR-BA,Planaltino,BR-BA-306
Brazil,BR,Bahia,BR-BA,São Desidério,BR-BA-352
Brazil,BR,Bahia,BR-BA,Barra da Estiva,BR-BA-034
Brazil,BR,Bahia,BR-BA,Pilão Arcado,BR-BA-299
Brazil,BR,Bahia,BR-BA,Barra do Choça,BR-BA-035
Brazil,BR,Bahia,BR-BA,Ibirapuã,BR-BA-155
Brazil,BR,Bahia,BR-BA,Potiraguá,BR-BA-312
Brazil,BR,Bahia,BR-BA,Oliveira dos Brejinhos,BR-BA-285
Brazil,BR,Bahia,BR-BA,Ibititá,BR-BA-158
Brazil,BR,Bahia,BR-BA,Macarani,BR-BA-237
Brazil,BR,Bahia,BR-BA,São Miguel das Matas,BR-BA-362
Brazil,BR,Bahia,BR-BA,Teofilândia,BR-BA-390
Brazil,BR,Bahia,BR-BA,Itiruçu,BR-BA-200
Brazil,BR,Bahia,BR-BA,Itacaré,BR-BA-178
Brazil,BR,Bahia,BR-BA,Ubaitaba,BR-BA-397
Brazil,BR,Bahia,BR-BA,Cafarnaum,BR-BA-066
Brazil,BR,Bahia,BR-BA,Novo Horizonte,BR-BA-282
Brazil,BR,Bahia,BR-BA,Itapé,BR-BA-192
Brazil,BR,Bahia,BR-BA,Muquém do São Francisco,BR-BA-269
Brazil,BR,Bahia,BR-BA,Senhor do Bonfim,BR-BA-370
Brazil,BR,Bahia,BR-BA,Serra do Ramalho,BR-BA-372
Brazil,BR,Bahia,BR-BA,Nova Ibiá,BR-BA-277
Brazil,BR,Bahia,BR-BA,Campo Alegre de Lourdes,BR-BA-072
Brazil,BR,Bahia,BR-BA,Umburanas,BR-BA-400
Brazil,BR,Bahia,BR-BA,Itarantim,BR-BA-198
Brazil,BR,Bahia,BR-BA,Ibicaraí,BR-BA-148
Brazil,BR,Bahia,BR-BA,Gavião,BR-BA-137
Brazil,BR,Bahia,BR-BA,Brejões,BR-BA-053
Brazil,BR,Bahia,BR-BA,Almadina,BR-BA-009
Brazil,BR,Bahia,BR-BA,Barro Alto,BR-BA-039
Brazil,BR,Bahia,BR-BA,Candeal,BR-BA-077
Brazil,BR,Bahia,BR-BA,Mairi,BR-BA-243
Brazil,BR,Bahia,BR-BA,Capela do Alto Alegre,BR-BA-083
Brazil,BR,Bahia,BR-BA,Queimadas,BR-BA-317
Brazil,BR,Bahia,BR-BA,Barro Preto,BR-BA-040
Brazil,BR,Bahia,BR-BA,Ituaçu,BR-BA-203
Brazil,BR,Bahia,BR-BA,Rio de Contas,BR-BA-329
Brazil,BR,Bahia,BR-BA,Santo Estêvão,BR-BA-351
Brazil,BR,Bahia,BR-BA,Jaguarari,BR-BA-210
Brazil,BR,Bahia,BR-BA,Santanópolis,BR-BA-348
Brazil,BR,Bahia,BR-BA,Serra Dourada,BR-BA-373
Brazil,BR,Bahia,BR-BA,Piritiba,BR-BA-305
Brazil,BR,Bahia,BR-BA,Milagres,BR-BA-257
Brazil,BR,Bahia,BR-BA,Entre Rios,BR-BA-124
Brazil,BR,Bahia,BR-BA,Bonito,BR-BA-050
Brazil,BR,Bahia,BR-BA,Rio do Pires,BR-BA-331
Brazil,BR,Bahia,BR-BA,Anguera,BR-BA-017
Brazil,BR,Bahia,BR-BA,Ouriçangas,BR-BA-286
Brazil,BR,Bahia,BR-BA,Buerarema,BR-BA-057
Brazil,BR,Bahia,BR-BA,Guajeru,BR-BA-142
Brazil,BR,Bahia,BR-BA,Iuiu,BR-BA-205
Brazil,BR,Bahia,BR-BA,Itaju do Colônia,BR-BA-184
Brazil,BR,Bahia,BR-BA,Seabra,BR-BA-368
Brazil,BR,Bahia,BR-BA,Irará,BR-BA-173
Brazil,BR,Bahia,BR-BA,Encruzilhada,BR-BA-123
Brazil,BR,Bahia,BR-BA,Morro do Chapéu,BR-BA-262
Brazil,BR,Bahia,BR-BA,Lajedão,BR-BA-226
Brazil,BR,Bahia,BR-BA,Serrolândia,BR-BA-376
Brazil,BR,Bahia,BR-BA,São Domingos,BR-BA-353
Brazil,BR,Bahia,BR-BA,Santa Bárbara,BR-BA-337
Brazil,BR,Bahia,BR-BA,Sobradinho,BR-BA-380
Brazil,BR,Bahia,BR-BA,Ichu,BR-BA-160
Brazil,BR,Bahia,BR-BA,Itapitanga,BR-BA-196
Brazil,BR,Bahia,BR-BA,Apuarema,BR-BA-022
Brazil,BR,Bahia,BR-BA,Cotegipe,BR-BA-112
Brazil,BR,Bahia,BR-BA,Valente,BR-BA-406
Brazil,BR,Bahia,BR-BA,Guanambi,BR-BA-143
Brazil,BR,Bahia,BR-BA,Coração de Maria,BR-BA-107
Brazil,BR,Bahia,BR-BA,Ibicoara,BR-BA-149
Brazil,BR,Bahia,BR-BA,Remanso,BR-BA-321
Brazil,BR,Bahia,BR-BA,Ribeira do Amparo,BR-BA-326
Brazil,BR,Bahia,BR-BA,Paratinga,BR-BA-291
Brazil,BR,Bahia,BR-BA,Gongogi,BR-BA-140
Brazil,BR,Bahia,BR-BA,Mansidão,BR-BA-247
Brazil,BR,Bahia,BR-BA,Simões Filho,BR-BA-377
Brazil,BR,Bahia,BR-BA,Juazeiro,BR-BA-218
Brazil,BR,Bahia,BR-BA,Jaguaquara,BR-BA-209
Brazil,BR,Bahia,BR-BA,Santa Rita de Cássia,BR-BA-344
Brazil,BR,Bahia,BR-BA,Várzea do Poço,BR-BA-408
Brazil,BR,Bahia,BR-BA,Porto Seguro,BR-BA-311
Brazil,BR,Bahia,BR-BA,Mucuri,BR-BA-265
Brazil,BR,Bahia,BR-BA,João Dourado,BR-BA-217
Brazil,BR,Bahia,BR-BA,Ibipeba,BR-BA-151
Brazil,BR,Bahia,BR-BA,Cordeiros,BR-BA-108
Brazil,BR,Bahia,BR-BA,Maetinga,BR-BA-241
Brazil,BR,Bahia,BR-BA,Macaúbas,BR-BA-238
Brazil,BR,Bahia,BR-BA,Salvador,BR-BA-336
Brazil,BR,Bahia,BR-BA,Jucuruçu,BR-BA-219
Brazil,BR,Bahia,BR-BA,Ilhéus,BR-BA-164
Brazil,BR,Bahia,BR-BA,Caraíbas,BR-BA-085
Brazil,BR,Bahia,BR-BA,Palmas de Monte Alto,BR-BA-288
Brazil,BR,Bahia,BR-BA,Lauro de Freitas,BR-BA-231
Brazil,BR,Bahia,BR-BA,Aramari,BR-BA-026
Brazil,BR,Bahia,BR-BA,Cardeal da Silva,BR-BA-087
Brazil,BR,Bahia,BR-BA,Planalto,BR-BA-307
Brazil,BR,Bahia,BR-BA,Bom Jesus da Serra,BR-BA-048
Brazil,BR,Bahia,BR-BA,Inhambupe,BR-BA-165
Brazil,BR,Bahia,BR-BA,Itagibá,BR-BA-181
Brazil,BR,Bahia,BR-BA,Ibitiara,BR-BA-157
Brazil,BR,Bahia,BR-BA,Pedrão,BR-BA-296
Brazil,BR,Bahia,BR-BA,Barra do Mendes,BR-BA-036
Brazil,BR,Bahia,BR-BA,Muritiba,BR-BA-270
Brazil,BR,Bahia,BR-BA,Anagé,BR-BA-013
Brazil,BR,Bahia,BR-BA,Antônio Cardoso,BR-BA-019
Brazil,BR,Bahia,BR-BA,Itambé,BR-BA-188
Brazil,BR,Bahia,BR-BA,Lajedo do Tabocal,BR-BA-228
Brazil,BR,Bahia,BR-BA,Caetanos,BR-BA-064
Brazil,BR,Bahia,BR-BA,Olindina,BR-BA-284
Brazil,BR,Bahia,BR-BA,Catolândia,BR-BA-091
Brazil,BR,Bahia,BR-BA,Itaeté,BR-BA-179
Brazil,BR,Bahia,BR-BA,Canavieiras,BR-BA-076
Brazil,BR,Bahia,BR-BA,Uibaí,BR-BA-399
Brazil,BR,Bahia,BR-BA,Itagi,BR-BA-180
Brazil,BR,Bahia,BR-BA,Prado,BR-BA-313
Brazil,BR,Bahia,BR-BA,Vitória da Conquista,BR-BA-413
Brazil,BR,Bahia,BR-BA,Medeiros Neto,BR-BA-255
Brazil,BR,Bahia,BR-BA,Itaberaba,BR-BA-176
Brazil,BR,Bahia,BR-BA,Alcobaça,BR-BA-008
Brazil,BR,Bahia,BR-BA,Barra do Rocha,BR-BA-037
Brazil,BR,Bahia,BR-BA,São Gonçalo dos Campos,BR-BA-359
Brazil,BR,Bahia,BR-BA,Belmonte,BR-BA-042
Brazil,BR,Bahia,BR-BA,Maragogipe,BR-BA-249
Brazil,BR,Bahia,BR-BA,Lagoa Real,BR-BA-224
Brazil,BR,Bahia,BR-BA,Ubaíra,BR-BA-396
Brazil,BR,Bahia,BR-BA,Chorrochó,BR-BA-095
Brazil,BR,Bahia,BR-BA,Amargosa,BR-BA-010
Brazil,BR,Bahia,BR-BA,Itanagra,BR-BA-189
Brazil,BR,Bahia,BR-BA,Nova Soure,BR-BA-280
Brazil,BR,Bahia,BR-BA,Luís Eduardo Magalhães,BR-BA-235
Brazil,BR,Bahia,BR-BA,Brotas de Macaúbas,BR-BA-055
Brazil,BR,Bahia,BR-BA,Candeias,BR-BA-078
Brazil,BR,Bahia,BR-BA,Iguaí,BR-BA-163
Brazil,BR,Bahia,BR-BA,Palmeiras,BR-BA-289
Brazil,BR,Bahia,BR-BA,Poções,BR-BA-308
Brazil,BR,Bahia,BR-BA,Ibiassucê,BR-BA-147
Brazil,BR,Bahia,BR-BA,Miguel Calmon,BR-BA-256
Brazil,BR,Bahia,BR-BA,Iramaia,BR-BA-171
Brazil,BR,Bahia,BR-BA,Campo Formoso,BR-BA-073
Brazil,BR,Bahia,BR-BA,Nova Canaã,BR-BA-275
Brazil,BR,Bahia,BR-BA,Feira da Mata,BR-BA-130
Brazil,BR,Bahia,BR-BA,Lafaiete Coutinho,BR-BA-223
Brazil,BR,Bahia,BR-BA,Sebastião Laranjeiras,BR-BA-369
Brazil,BR,Bahia,BR-BA,Conceição do Almeida,BR-BA-101
Brazil,BR,Bahia,BR-BA,Canudos,BR-BA-082
Brazil,BR,Bahia,BR-BA,Ibotirama,BR-BA-159
Brazil,BR,Bahia,BR-BA,Euclides da Cunha,BR-BA-127
Brazil,BR,Bahia,BR-BA,Caravelas,BR-BA-086
Brazil,BR,Bahia,BR-BA,Esplanada,BR-BA-126
Brazil,BR,Bahia,BR-BA,Itabela,BR-BA-175
Brazil,BR,Bahia,BR-BA,Nova Itarana,BR-BA-278
Brazil,BR,Ceará,BR-CE,Missão Velha,BR-CE-114
Brazil,BR,Ceará,BR-CE,Camocim,BR-CE-032
Brazil,BR,Ceará,BR-CE,Marco,BR-CE-106
Brazil,BR,Ceará,BR-CE,Pacoti,BR-CE-129
Brazil,BR,Ceará,BR-CE,Mulungu,BR-CE-121
Brazil,BR,Ceará,BR-CE,Maranguape,BR-CE-105
Brazil,BR,Ceará,BR-CE,Brejo Santo,BR-CE-031
Brazil,BR,Ceará,BR-CE,General Sampaio,BR-CE-062
Brazil,BR,Ceará,BR-CE,Pires Ferreira,BR-CE-143
Brazil,BR,Ceará,BR-CE,Ipueiras,BR-CE-082
Brazil,BR,Ceará,BR-CE,Jardim,BR-CE-096
Brazil,BR,Ceará,BR-CE,Tarrafas,BR-CE-171
Brazil,BR,Ceará,BR-CE,Ibiapina,BR-CE-073
Brazil,BR,Ceará,BR-CE,Mombaça,BR-CE-115
Brazil,BR,Ceará,BR-CE,Acarape,BR-CE-002
Brazil,BR,Ceará,BR-CE,Penaforte,BR-CE-138
Brazil,BR,Ceará,BR-CE,Caririaçu,BR-CE-038
Brazil,BR,Ceará,BR-CE,Aiuaba,BR-CE-005
Brazil,BR,Ceará,BR-CE,Iguatu,BR-CE-077
Brazil,BR,Ceará,BR-CE,Capistrano,BR-CE-035
Brazil,BR,Ceará,BR-CE,Aurora,BR-CE-020
Brazil,BR,Ceará,BR-CE,Arneiroz,BR-CE-018
Brazil,BR,Ceará,BR-CE,Quiterianópolis,BR-CE-148
Brazil,BR,Ceará,BR-CE,Aracati,BR-CE-013
Brazil,BR,Ceará,BR-CE,Aratuba,BR-CE-017
Brazil,BR,Ceará,BR-CE,Saboeiro,BR-CE-156
Brazil,BR,Ceará,BR-CE,Cariús,BR-CE-039
Brazil,BR,Ceará,BR-CE,Beberibe,BR-CE-028
Brazil,BR,Ceará,BR-CE,Ibaretama,BR-CE-072
Brazil,BR,Ceará,BR-CE,Ocara,BR-CE-125
Brazil,BR,Ceará,BR-CE,Itaiçaba,BR-CE-085
Brazil,BR,Ceará,BR-CE,Cedro,BR-CE-045
Brazil,BR,Ceará,BR-CE,Tejuçuoca,BR-CE-173
Brazil,BR,Ceará,BR-CE,Madalena,BR-CE-103
Brazil,BR,Ceará,BR-CE,Pacatuba,BR-CE-128
Brazil,BR,Ceará,BR-CE,Nova Olinda,BR-CE-122
Brazil,BR,Ceará,BR-CE,Caridade,BR-CE-036
Brazil,BR,Ceará,BR-CE,Senador Sá,BR-CE-166
Brazil,BR,Ceará,BR-CE,Paracuru,BR-CE-133
Brazil,BR,Ceará,BR-CE,Acopiara,BR-CE-004
Brazil,BR,Ceará,BR-CE,Ibicuitinga,BR-CE-074
Brazil,BR,Ceará,BR-CE,Uruburetama,BR-CE-180
Brazil,BR,Ceará,BR-CE,São Luís do Curu,BR-CE-164
Brazil,BR,Ceará,BR-CE,Baixio,BR-CE-021
Brazil,BR,Ceará,BR-CE,Umari,BR-CE-178
Brazil,BR,Ceará,BR-CE,Santana do Cariri,BR-CE-160
Brazil,BR,Ceará,BR-CE,Morada Nova,BR-CE-117
Brazil,BR,Ceará,BR-CE,Ipu,BR-CE-081
Brazil,BR,Ceará,BR-CE,São Benedito,BR-CE-161
Brazil,BR,Ceará,BR-CE,Pedra Branca,BR-CE-137
Brazil,BR,Ceará,BR-CE,Irauçuba,BR-CE-084
Brazil,BR,Ceará,BR-CE,Pereiro,BR-CE-140
Brazil,BR,Ceará,BR-CE,Catarina,BR-CE-042
Brazil,BR,Ceará,BR-CE,Quixelô,BR-CE-150
Brazil,BR,Ceará,BR-CE,Reriutaba,BR-CE-154
Brazil,BR,Ceará,BR-CE,Deputado Irapuan Pinheiro,BR-CE-054
Brazil,BR,Ceará,BR-CE,Senador Pompeu,BR-CE-165
Brazil,BR,Ceará,BR-CE,Ipaumirim,BR-CE-080
Brazil,BR,Ceará,BR-CE,Crato,BR-CE-051
Brazil,BR,Ceará,BR-CE,Santana do Acaraú,BR-CE-159
Brazil,BR,Ceará,BR-CE,Moraújo,BR-CE-118
Brazil,BR,Ceará,BR-CE,Boa Viagem,BR-CE-030
Brazil,BR,Ceará,BR-CE,Poranga,BR-CE-144
Brazil,BR,Ceará,BR-CE,Pacujá,BR-CE-130
Brazil,BR,Ceará,BR-CE,Alcântaras,BR-CE-006
Brazil,BR,Ceará,BR-CE,Itapajé,BR-CE-087
Brazil,BR,Ceará,BR-CE,Altaneira,BR-CE-007
Brazil,BR,Ceará,BR-CE,Pacajus,BR-CE-127
Brazil,BR,Ceará,BR-CE,Tianguá,BR-CE-174
Brazil,BR,Ceará,BR-CE,Massapê,BR-CE-108
Brazil,BR,Ceará,BR-CE,Meruoca,BR-CE-110
Brazil,BR,Ceará,BR-CE,Granja,BR-CE-064
Brazil,BR,Ceará,BR-CE,Guaraciaba do Norte,BR-CE-068
Brazil,BR,Ceará,BR-CE,Groaíras,BR-CE-066
Brazil,BR,Ceará,BR-CE,Catunda,BR-CE-043
Brazil,BR,Ceará,BR-CE,Tururu,BR-CE-176
Brazil,BR,Ceará,BR-CE,Icapuí,BR-CE-075
Brazil,BR,Ceará,BR-CE,Ubajara,BR-CE-177
Brazil,BR,Ceará,BR-CE,Abaiara,BR-CE-001
Brazil,BR,Ceará,BR-CE,Tauá,BR-CE-172
Brazil,BR,Ceará,BR-CE,Barreira,BR-CE-024
Brazil,BR,Ceará,BR-CE,Palhano,BR-CE-131
Brazil,BR,Ceará,BR-CE,Morrinhos,BR-CE-119
Brazil,BR,Ceará,BR-CE,Frecheirinha,BR-CE-061
Brazil,BR,Ceará,BR-CE,Croatá,BR-CE-052
Brazil,BR,Ceará,BR-CE,Jucás,BR-CE-100
Brazil,BR,Ceará,BR-CE,Jaguaretama,BR-CE-092
Brazil,BR,Ceará,BR-CE,Redenção,BR-CE-153
Brazil,BR,Ceará,BR-CE,São João do Jaguaribe,BR-CE-163
Brazil,BR,Ceará,BR-CE,Hidrolândia,BR-CE-070
Brazil,BR,Ceará,BR-CE,Fortim,BR-CE-060
Brazil,BR,Ceará,BR-CE,Sobral,BR-CE-167
Brazil,BR,Ceará,BR-CE,Miraíma,BR-CE-113
Brazil,BR,Ceará,BR-CE,Mauriti,BR-CE-109
Brazil,BR,Ceará,BR-CE,Acaraú,BR-CE-003
Brazil,BR,Ceará,BR-CE,Forquilha,BR-CE-058
Brazil,BR,Ceará,BR-CE,Novo Oriente,BR-CE-124
Brazil,BR,Ceará,BR-CE,Barbalha,BR-CE-023
Brazil,BR,Ceará,BR-CE,Itapipoca,BR-CE-088
Brazil,BR,Ceará,BR-CE,Cruz,BR-CE-053
Brazil,BR,Ceará,BR-CE,Lavras da Mangabeira,BR-CE-101
Brazil,BR,Ceará,BR-CE,Martinópole,BR-CE-107
Brazil,BR,Ceará,BR-CE,Cascavel,BR-CE-041
Brazil,BR,Ceará,BR-CE,Trairi,BR-CE-175
Brazil,BR,Ceará,BR-CE,Choró,BR-CE-047
Brazil,BR,Ceará,BR-CE,Aquiraz,BR-CE-012
Brazil,BR,Ceará,BR-CE,Pindoretama,BR-CE-141
Brazil,BR,Ceará,BR-CE,Santa Quitéria,BR-CE-158
Brazil,BR,Ceará,BR-CE,Independência,BR-CE-078
Brazil,BR,Ceará,BR-CE,Monsenhor Tabosa,BR-CE-116
Brazil,BR,Ceará,BR-CE,Granjeiro,BR-CE-065
Brazil,BR,Ceará,BR-CE,Canindé,BR-CE-034
Brazil,BR,Ceará,BR-CE,Nova Russas,BR-CE-123
Brazil,BR,Ceará,BR-CE,Icó,BR-CE-076
Brazil,BR,Ceará,BR-CE,Barroquinha,BR-CE-026
Brazil,BR,Ceará,BR-CE,Barro,BR-CE-025
Brazil,BR,Ceará,BR-CE,Tabuleiro do Norte,BR-CE-169
Brazil,BR,Ceará,BR-CE,Umirim,BR-CE-179
Brazil,BR,Ceará,BR-CE,Palmácia,BR-CE-132
Brazil,BR,Ceará,BR-CE,Eusébio,BR-CE-056
Brazil,BR,Ceará,BR-CE,Paraipaba,BR-CE-134
Brazil,BR,Ceará,BR-CE,Paramoti,BR-CE-136
Brazil,BR,Ceará,BR-CE,Milhã,BR-CE-112
Brazil,BR,Ceará,BR-CE,Potiretama,BR-CE-147
Brazil,BR,Ceará,BR-CE,Quixeramobim,BR-CE-151
Brazil,BR,Ceará,BR-CE,Antonina do Norte,BR-CE-010
Brazil,BR,Ceará,BR-CE,Coreaú,BR-CE-049
Brazil,BR,Ceará,BR-CE,Carnaubal,BR-CE-040
Brazil,BR,Ceará,BR-CE,Milagres,BR-CE-111
Brazil,BR,Ceará,BR-CE,Potengi,BR-CE-146
Brazil,BR,Ceará,BR-CE,Banabuiú,BR-CE-022
Brazil,BR,Ceará,BR-CE,Jaguaribara,BR-CE-093
Brazil,BR,Ceará,BR-CE,Assaré,BR-CE-019
Brazil,BR,Ceará,BR-CE,Varjota,BR-CE-182
Brazil,BR,Ceará,BR-CE,Solonópole,BR-CE-168
Brazil,BR,Ceará,BR-CE,Graça,BR-CE-063
Brazil,BR,Ceará,BR-CE,Farias Brito,BR-CE-057
Brazil,BR,Ceará,BR-CE,Mucambo,BR-CE-120
Brazil,BR,Ceará,BR-CE,Itatira,BR-CE-091
Brazil,BR,Ceará,BR-CE,Ereré,BR-CE-055
Brazil,BR,Ceará,BR-CE,Apuiarés,BR-CE-011
Brazil,BR,Ceará,BR-CE,Parambu,BR-CE-135
Brazil,BR,Ceará,BR-CE,Horizonte,BR-CE-071
Brazil,BR,Ceará,BR-CE,Várzea Alegre,BR-CE-183
Brazil,BR,Ceará,BR-CE,Itapiúna,BR-CE-089
Brazil,BR,Ceará,BR-CE,Jijoca de Jericoacoara,BR-CE-098
Brazil,BR,Ceará,BR-CE,Itarema,BR-CE-090
Brazil,BR,Ceará,BR-CE,Pentecoste,BR-CE-139
Brazil,BR,Ceará,BR-CE,Amontada,BR-CE-009
Brazil,BR,Ceará,BR-CE,Itaitinga,BR-CE-086
Brazil,BR,Ceará,BR-CE,Uruoca,BR-CE-181
Brazil,BR,Ceará,BR-CE,Crateús,BR-CE-050
Brazil,BR,Ceará,BR-CE,Alto Santo,BR-CE-008
Brazil,BR,Ceará,BR-CE,Caucaia,BR-CE-044
Brazil,BR,Ceará,BR-CE,Limoeiro do Norte,BR-CE-102
Brazil,BR,Ceará,BR-CE,Aracoiaba,BR-CE-014
Brazil,BR,Ceará,BR-CE,Campos Sales,BR-CE-033
Brazil,BR,Ceará,BR-CE,Fortaleza,BR-CE-059
Brazil,BR,Ceará,BR-CE,Russas,BR-CE-155
Brazil,BR,Ceará,BR-CE,Viçosa do Ceará,BR-CE-184
Brazil,BR,Ceará,BR-CE,São Gonçalo do Amarante,BR-CE-162
Brazil,BR,Ceará,BR-CE,Bela Cruz,BR-CE-029
Brazil,BR,Ceará,BR-CE,Juazeiro do Norte,BR-CE-099
Brazil,BR,Ceará,BR-CE,Quixeré,BR-CE-152
Brazil,BR,Ceará,BR-CE,Tamboril,BR-CE-170
Brazil,BR,Ceará,BR-CE,Jaguaribe,BR-CE-094
Brazil,BR,Ceará,BR-CE,Jati,BR-CE-097
Brazil,BR,Ceará,BR-CE,Porteiras,BR-CE-145
Brazil,BR,Ceará,BR-CE,Quixadá,BR-CE-149
Brazil,BR,Ceará,BR-CE,Guaiúba,BR-CE-067
Brazil,BR,Ceará,BR-CE,Orós,BR-CE-126
Brazil,BR,Ceará,BR-CE,Chaval,BR-CE-046
Brazil,BR,Ceará,BR-CE,Araripe,BR-CE-016
Brazil,BR,Ceará,BR-CE,Salitre,BR-CE-157
Brazil,BR,Ceará,BR-CE,Maracanaú,BR-CE-104
Brazil,BR,Ceará,BR-CE,Ararendá,BR-CE-015
Brazil,BR,Ceará,BR-CE,Chorozinho,BR-CE-048
Brazil,BR,Ceará,BR-CE,Jaguaruana,BR-CE-095
Brazil,BR,Ceará,BR-CE,Baturité,BR-CE-027
Brazil,BR,Ceará,BR-CE,Cariré,BR-CE-037
Brazil,BR,Ceará,BR-CE,Ipaporanga,BR-CE-079
Brazil,BR,Ceará,BR-CE,Iracema,BR-CE-083
Brazil,BR,Ceará,BR-CE,Guaramiranga,BR-CE-069
Brazil,BR,Ceará,BR-CE,Piquet Carneiro,BR-CE-142
Brazil,BR,Amazonas,BR-AM,Benjamin Constant,BR-AM-010
Brazil,BR,Amazonas,BR-AM,Manaquiri,BR-AM-037
Brazil,BR,Amazonas,BR-AM,Maraã,BR-AM-040
Brazil,BR,Amazonas,BR-AM,Tefé,BR-AM-058
Brazil,BR,Amazonas,BR-AM,Silves,BR-AM-055
Brazil,BR,Amazonas,BR-AM,Presidente Figueiredo,BR-AM-048
Brazil,BR,Amazonas,BR-AM,Rio Preto da Eva,BR-AM-049
Brazil,BR,Amazonas,BR-AM,Barcelos,BR-AM-008
Brazil,BR,Amazonas,BR-AM,São Gabriel da Cachoeira,BR-AM-052
Brazil,BR,Amazonas,BR-AM,Santa Isabel do Rio Negro,BR-AM-050
Brazil,BR,Amazonas,BR-AM,Beruri,BR-AM-011
Brazil,BR,Amazonas,BR-AM,Coari,BR-AM-020
Brazil,BR,Amazonas,BR-AM,Japurá,BR-AM-032
Brazil,BR,Amazonas,BR-AM,Juruá,BR-AM-033
Brazil,BR,Amazonas,BR-AM,Tonantins,BR-AM-059
Brazil,BR,Amazonas,BR-AM,Manicoré,BR-AM-039
Brazil,BR,Amazonas,BR-AM,Novo Airão,BR-AM-044
Brazil,BR,Amazonas,BR-AM,Itapiranga,BR-AM-031
Brazil,BR,Amazonas,BR-AM,Envira,BR-AM-023
Brazil,BR,Amazonas,BR-AM,Careiro da Várzea,BR-AM-019
Brazil,BR,Amazonas,BR-AM,Caapiranga,BR-AM-015
Brazil,BR,Amazonas,BR-AM,Barreirinha,BR-AM-009
Brazil,BR,Amazonas,BR-AM,Uarini,BR-AM-060
Brazil,BR,Amazonas,BR-AM,Manacapuru,BR-AM-036
Brazil,BR,Amazonas,BR-AM,Santo Antônio do Içá,BR-AM-051
Brazil,BR,Amazonas,BR-AM,Lábrea,BR-AM-035
Brazil,BR,Amazonas,BR-AM,Atalaia do Norte,BR-AM-006
Brazil,BR,Amazonas,BR-AM,São Paulo de Olivença,BR-AM-053
Brazil,BR,Amazonas,BR-AM,Codajás,BR-AM-021
Brazil,BR,Amazonas,BR-AM,Alvarães,BR-AM-001
Brazil,BR,Amazonas,BR-AM,Canutama,BR-AM-016
Brazil,BR,Amazonas,BR-AM,Parintins,BR-AM-046
Brazil,BR,Amazonas,BR-AM,Boa Vista do Ramos,BR-AM-012
Brazil,BR,Amazonas,BR-AM,Urucará,BR-AM-061
Brazil,BR,Amazonas,BR-AM,Borba,BR-AM-014
Brazil,BR,Amazonas,BR-AM,Jutaí,BR-AM-034
Brazil,BR,Amazonas,BR-AM,Tapauá,BR-AM-057
Brazil,BR,Amazonas,BR-AM,Anori,BR-AM-004
Brazil,BR,Amazonas,BR-AM,Manaus,BR-AM-038
Brazil,BR,Amazonas,BR-AM,Tabatinga,BR-AM-056
Brazil,BR,Amazonas,BR-AM,Autazes,BR-AM-007
Brazil,BR,Amazonas,BR-AM,Boca do Acre,BR-AM-013
Brazil,BR,Amazonas,BR-AM,Itacoatiara,BR-AM-029
Brazil,BR,Amazonas,BR-AM,Careiro,BR-AM-018
Brazil,BR,Amazonas,BR-AM,Anamã,BR-AM-003
Brazil,BR,Amazonas,BR-AM,Fonte Boa,BR-AM-024
Brazil,BR,Amazonas,BR-AM,Ipixuna,BR-AM-027
Brazil,BR,Amazonas,BR-AM,Pauini,BR-AM-047
Brazil,BR,Amazonas,BR-AM,Apuí,BR-AM-005
Brazil,BR,Amazonas,BR-AM,Itamarati,BR-AM-030
Brazil,BR,Amazonas,BR-AM,Carauari,BR-AM-017
Brazil,BR,Amazonas,BR-AM,Nova Olinda do Norte,BR-AM-043
Brazil,BR,Amazonas,BR-AM,Guajará,BR-AM-025
Brazil,BR,Amazonas,BR-AM,Urucurituba,BR-AM-062
Brazil,BR,Amazonas,BR-AM,Nhamundá,BR-AM-042
Brazil,BR,Amazonas,BR-AM,Iranduba,BR-AM-028
Brazil,BR,Amazonas,BR-AM,São Sebastião do Uatumã,BR-AM-054
Brazil,BR,Amazonas,BR-AM,Novo Aripuanã,BR-AM-045
Brazil,BR,Amazonas,BR-AM,Humaitá,BR-AM-026
Brazil,BR,Amazonas,BR-AM,Maués,BR-AM-041
Brazil,BR,Amazonas,BR-AM,Amaturá,BR-AM-002
Brazil,BR,Amazonas,BR-AM,Eirunepé,BR-AM-022
Brazil,BR,Pará,BR-PA,Capanema,BR-PA-034
Brazil,BR,Pará,BR-PA,Anajás,BR-PA-009
Brazil,BR,Pará,BR-PA,Almeirim,BR-PA-007
Brazil,BR,Pará,BR-PA,Novo Repartimento,BR-PA-081
Brazil,BR,Pará,BR-PA,Óbidos,BR-PA-082
Brazil,BR,Pará,BR-PA,Pacajá,BR-PA-087
Brazil,BR,Pará,BR-PA,Bannach,BR-PA-017
Brazil,BR,Pará,BR-PA,Porto de Moz,BR-PA-097
Brazil,BR,Pará,BR-PA,Concórdia do Pará,BR-PA-040
Brazil,BR,Pará,BR-PA,Cachoeira do Piriá,BR-PA-031
Brazil,BR,Pará,BR-PA,Novo Progresso,BR-PA-080
Brazil,BR,Pará,BR-PA,São João de Pirabas,BR-PA-124
Brazil,BR,Pará,BR-PA,Moju,BR-PA-073
Brazil,BR,Pará,BR-PA,Peixe-Boi,BR-PA-092
Brazil,BR,Pará,BR-PA,Baião,BR-PA-016
Brazil,BR,Pará,BR-PA,Marituba,BR-PA-069
Brazil,BR,Pará,BR-PA,Pau D'Arco,BR-PA-091
Brazil,BR,Pará,BR-PA,Vigia,BR-PA-141
Brazil,BR,Pará,BR-PA,Breu Branco,BR-PA-027
Brazil,BR,Pará,BR-PA,Jacundá,BR-PA-061
Brazil,BR,Pará,BR-PA,Jacareacanga,BR-PA-060
Brazil,BR,Pará,BR-PA,Bagre,BR-PA-015
Brazil,BR,Pará,BR-PA,Oriximiná,BR-PA-084
Brazil,BR,Pará,BR-PA,São João da Ponta,BR-PA-123
Brazil,BR,Pará,BR-PA,Maracanã,BR-PA-067
Brazil,BR,Pará,BR-PA,Tucuruí,BR-PA-138
Brazil,BR,Pará,BR-PA,Ponta de Pedras,BR-PA-095
Brazil,BR,Pará,BR-PA,Medicilândia,BR-PA-070
Brazil,BR,Pará,BR-PA,Xinguara,BR-PA-144
Brazil,BR,Pará,BR-PA,Alenquer,BR-PA-006
Brazil,BR,Pará,BR-PA,Floresta do Araguaia,BR-PA-049
Brazil,BR,Pará,BR-PA,Bonito,BR-PA-023
Brazil,BR,Pará,BR-PA,Aurora do Pará,BR-PA-013
Brazil,BR,Pará,BR-PA,São Domingos do Capim,BR-PA-119
Brazil,BR,Pará,BR-PA,Garrafão do Norte,BR-PA-050
Brazil,BR,Pará,BR-PA,Brasil Novo,BR-PA-025
Brazil,BR,Pará,BR-PA,Acará,BR-PA-003
Brazil,BR,Pará,BR-PA,Limoeiro do Ajuru,BR-PA-063
Brazil,BR,Pará,BR-PA,Vitória do Xingu,BR-PA-143
Brazil,BR,Pará,BR-PA,Belém,BR-PA-019
Brazil,BR,Pará,BR-PA,Senador José Porfírio,BR-PA-129
Brazil,BR,Pará,BR-PA,Rio Maria,BR-PA-102
Brazil,BR,Pará,BR-PA,Curuá,BR-PA-044
Brazil,BR,Pará,BR-PA,Curuçá,BR-PA-045
Brazil,BR,Pará,BR-PA,São Sebastião da Boa Vista,BR-PA-127
Brazil,BR,Pará,BR-PA,Nova Esperança do Piriá,BR-PA-077
Brazil,BR,Pará,BR-PA,Tracuateua,BR-PA-135
Brazil,BR,Pará,BR-PA,São Caetano de Odivelas,BR-PA-117
Brazil,BR,Pará,BR-PA,Viseu,BR-PA-142
Brazil,BR,Pará,BR-PA,Afuá,BR-PA-004
Brazil,BR,Pará,BR-PA,Uruará,BR-PA-140
Brazil,BR,Pará,BR-PA,Abaetetuba,BR-PA-001
Brazil,BR,Pará,BR-PA,Santa Maria do Pará,BR-PA-112
Brazil,BR,Pará,BR-PA,Santa Cruz do Arari,BR-PA-108
Brazil,BR,Pará,BR-PA,Soure,BR-PA-130
Brazil,BR,Pará,BR-PA,Prainha,BR-PA-098
Brazil,BR,Pará,BR-PA,Inhangapi,BR-PA-055
Brazil,BR,Pará,BR-PA,Ourém,BR-PA-085
Brazil,BR,Pará,BR-PA,Itupiranga,BR-PA-059
Brazil,BR,Pará,BR-PA,Goianésia do Pará,BR-PA-051
Brazil,BR,Pará,BR-PA,Eldorado do Carajás,BR-PA-047
Brazil,BR,Pará,BR-PA,Bujaru,BR-PA-029
Brazil,BR,Pará,BR-PA,Ipixuna do Pará,BR-PA-056
Brazil,BR,Pará,BR-PA,Mãe do Rio,BR-PA-064
Brazil,BR,Pará,BR-PA,Altamira,BR-PA-008
Brazil,BR,Pará,BR-PA,Barcarena,BR-PA-018
Brazil,BR,Pará,BR-PA,Conceição do Araguaia,BR-PA-039
Brazil,BR,Pará,BR-PA,Melgaço,BR-PA-071
Brazil,BR,Pará,BR-PA,Cumaru do Norte,BR-PA-041
Brazil,BR,Pará,BR-PA,Breves,BR-PA-028
Brazil,BR,Pará,BR-PA,Palestina do Pará,BR-PA-088
Brazil,BR,Pará,BR-PA,São Geraldo do Araguaia,BR-PA-122
Brazil,BR,Pará,BR-PA,Muaná,BR-PA-076
Brazil,BR,Pará,BR-PA,Redenção,BR-PA-101
Brazil,BR,Pará,BR-PA,Anapu,BR-PA-011
Brazil,BR,Pará,BR-PA,Nova Timboteua,BR-PA-079
Brazil,BR,Pará,BR-PA,Bragança,BR-PA-024
Brazil,BR,Pará,BR-PA,Trairão,BR-PA-136
Brazil,BR,Pará,BR-PA,Tomé-Açu,BR-PA-134
Brazil,BR,Pará,BR-PA,Ananindeua,BR-PA-010
Brazil,BR,Pará,BR-PA,Parauapebas,BR-PA-090
Brazil,BR,Pará,BR-PA,Primavera,BR-PA-099
Brazil,BR,Pará,BR-PA,Placas,BR-PA-094
Brazil,BR,Pará,BR-PA,Monte Alegre,BR-PA-075
Brazil,BR,Pará,BR-PA,Juruti,BR-PA-062
Brazil,BR,Pará,BR-PA,Mocajuba,BR-PA-072
Brazil,BR,Pará,BR-PA,Bom Jesus do Tocantins,BR-PA-022
Brazil,BR,Pará,BR-PA,Irituia,BR-PA-057
Brazil,BR,Pará,BR-PA,Mojuí dos Campos,BR-PA-074
Brazil,BR,Pará,BR-PA,São Félix do Xingu,BR-PA-120
Brazil,BR,Pará,BR-PA,Cachoeira do Arari,BR-PA-030
Brazil,BR,Pará,BR-PA,Terra Santa,BR-PA-133
Brazil,BR,Pará,BR-PA,Gurupá,BR-PA-052
Brazil,BR,Pará,BR-PA,Salvaterra,BR-PA-106
Brazil,BR,Pará,BR-PA,Cametá,BR-PA-032
Brazil,BR,Pará,BR-PA,Santarém Novo,BR-PA-115
Brazil,BR,Pará,BR-PA,Faro,BR-PA-048
Brazil,BR,Pará,BR-PA,Tucumã,BR-PA-137
Brazil,BR,Pará,BR-PA,Curralinho,BR-PA-043
Brazil,BR,Pará,BR-PA,Igarapé-Miri,BR-PA-054
Brazil,BR,Pará,BR-PA,Oeiras do Pará,BR-PA-083
Brazil,BR,Pará,BR-PA,Santa Maria das Barreiras,BR-PA-111
Brazil,BR,Pará,BR-PA,São Miguel do Guamá,BR-PA-126
Brazil,BR,Pará,BR-PA,Chaves,BR-PA-037
Brazil,BR,Pará,BR-PA,São Domingos do Araguaia,BR-PA-118
Brazil,BR,Pará,BR-PA,Terra Alta,BR-PA-132
Brazil,BR,Pará,BR-PA,Santa Luzia do Pará,BR-PA-110
Brazil,BR,Pará,BR-PA,Dom Eliseu,BR-PA-046
Brazil,BR,Pará,BR-PA,Ulianópolis,BR-PA-139
Brazil,BR,Pará,BR-PA,Canaã dos Carajás,BR-PA-033
Brazil,BR,Pará,BR-PA,Santo Antônio do Tauá,BR-PA-116
Brazil,BR,Pará,BR-PA,Abel Figueiredo,BR-PA-002
Brazil,BR,Pará,BR-PA,São João do Araguaia,BR-PA-125
Brazil,BR,Pará,BR-PA,Augusto Corrêa,BR-PA-012
Brazil,BR,Pará,BR-PA,Itaituba,BR-PA-058
Brazil,BR,Pará,BR-PA,Benevides,BR-PA-021
Brazil,BR,Pará,BR-PA,Magalhães Barata,BR-PA-065
Brazil,BR,Pará,BR-PA,Quatipuru,BR-PA-100
Brazil,BR,Pará,BR-PA,Água Azul do Norte,BR-PA-005
Brazil,BR,Pará,BR-PA,Sapucaia,BR-PA-128
Brazil,BR,Pará,BR-PA,Rondon do Pará,BR-PA-103
Brazil,BR,Pará,BR-PA,Santa Bárbara do Pará,BR-PA-107
Brazil,BR,Pará,BR-PA,Portel,BR-PA-096
Brazil,BR,Pará,BR-PA,Aveiro,BR-PA-014
Brazil,BR,Pará,BR-PA,Ourilândia do Norte,BR-PA-086
Brazil,BR,Pará,BR-PA,Curionópolis,BR-PA-042
Brazil,BR,Pará,BR-PA,Brejo Grande do Araguaia,BR-PA-026
Brazil,BR,Pará,BR-PA,São Francisco do Pará,BR-PA-121
Brazil,BR,Pará,BR-PA,Salinópolis,BR-PA-105
Brazil,BR,Pará,BR-PA,Marapanim,BR-PA-068
Brazil,BR,Pará,BR-PA,Santa Izabel do Pará,BR-PA-109
Brazil,BR,Pará,BR-PA,Marabá,BR-PA-066
Brazil,BR,Pará,BR-PA,Santana do Araguaia,BR-PA-113
Brazil,BR,Pará,BR-PA,Rurópolis,BR-PA-104
Brazil,BR,Pará,BR-PA,Capitão Poço,BR-PA-035
Brazil,BR,Pará,BR-PA,Nova Ipixuna,BR-PA-078
Brazil,BR,Pará,BR-PA,Piçarra,BR-PA-093
Brazil,BR,Pará,BR-PA,Tailândia,BR-PA-131
Brazil,BR,Pará,BR-PA,Paragominas,BR-PA-089
Brazil,BR,Pará,BR-PA,Castanhal,BR-PA-036
Brazil,BR,Pará,BR-PA,Santarém,BR-PA-114
Brazil,BR,Pará,BR-PA,Colares,BR-PA-038
Brazil,BR,Pará,BR-PA,Belterra,BR-PA-020
Brazil,BR,Pará,BR-PA,Igarapé-Açu,BR-PA-053
Brazil,BR,Espírito Santo,BR-ES,Sooretama,BR-ES-071
Brazil,BR,Espírito Santo,BR-ES,Cariacica,BR-ES-017
Brazil,BR,Espírito Santo,BR-ES,Alegre,BR-ES-004
Brazil,BR,Espírito Santo,BR-ES,Itapemirim,BR-ES-036
Brazil,BR,Espírito Santo,BR-ES,Atílio Vivácqua,BR-ES-010
Brazil,BR,Espírito Santo,BR-ES,Pedro Canário,BR-ES-055
Brazil,BR,Espírito Santo,BR-ES,Bom Jesus do Norte,BR-ES-014
Brazil,BR,Espírito Santo,BR-ES,Vila Valério,BR-ES-076
Brazil,BR,Espírito Santo,BR-ES,Alto Rio Novo,BR-ES-006
Brazil,BR,Espírito Santo,BR-ES,Castelo,BR-ES-018
Brazil,BR,Espírito Santo,BR-ES,Baixo Guandu,BR-ES-011
Brazil,BR,Espírito Santo,BR-ES,Marechal Floriano,BR-ES-046
Brazil,BR,Espírito Santo,BR-ES,Vargem Alta,BR-ES-072
Brazil,BR,Espírito Santo,BR-ES,Montanha,BR-ES-049
Brazil,BR,Espírito Santo,BR-ES,Governador Lindenberg,BR-ES-027
Brazil,BR,Espírito Santo,BR-ES,Ibitirama,BR-ES-032
Brazil,BR,Espírito Santo,BR-ES,Vitória,BR-ES-078
Brazil,BR,Espírito Santo,BR-ES,Boa Esperança,BR-ES-013
Brazil,BR,Espírito Santo,BR-ES,Iconha,BR-ES-033
Brazil,BR,Espírito Santo,BR-ES,Marilândia,BR-ES-047
Brazil,BR,Espírito Santo,BR-ES,Muqui,BR-ES-052
Brazil,BR,Espírito Santo,BR-ES,Santa Leopoldina,BR-ES-062
Brazil,BR,Espírito Santo,BR-ES,São Domingos do Norte,BR-ES-065
Brazil,BR,Espírito Santo,BR-ES,Jaguaré,BR-ES-039
Brazil,BR,Espírito Santo,BR-ES,Ponto Belo,BR-ES-058
Brazil,BR,Espírito Santo,BR-ES,Serra,BR-ES-070
Brazil,BR,Espírito Santo,BR-ES,Itaguaçu,BR-ES-035
Brazil,BR,Espírito Santo,BR-ES,São Gabriel da Palha,BR-ES-066
Brazil,BR,Espírito Santo,BR-ES,Jerônimo Monteiro,BR-ES-040
Brazil,BR,Espírito Santo,BR-ES,Barra de São Francisco,BR-ES-012
Brazil,BR,Espírito Santo,BR-ES,Guaçuí,BR-ES-028
Brazil,BR,Espírito Santo,BR-ES,Brejetuba,BR-ES-015
Brazil,BR,Espírito Santo,BR-ES,Cachoeiro de Itapemirim,BR-ES-016
Brazil,BR,Espírito Santo,BR-ES,São Mateus,BR-ES-068
Brazil,BR,Espírito Santo,BR-ES,Colatina,BR-ES-019
Brazil,BR,Espírito Santo,BR-ES,Irupi,BR-ES-034
Brazil,BR,Espírito Santo,BR-ES,Água Doce do Norte,BR-ES-002
Brazil,BR,Espírito Santo,BR-ES,Vila Pavão,BR-ES-075
Brazil,BR,Espírito Santo,BR-ES,São José do Calçado,BR-ES-067
Brazil,BR,Espírito Santo,BR-ES,Marataízes,BR-ES-045
Brazil,BR,Espírito Santo,BR-ES,Águia Branca,BR-ES-003
Brazil,BR,Espírito Santo,BR-ES,Iúna,BR-ES-038
Brazil,BR,Espírito Santo,BR-ES,Anchieta,BR-ES-007
Brazil,BR,Espírito Santo,BR-ES,Aracruz,BR-ES-009
Brazil,BR,Espírito Santo,BR-ES,Muniz Freire,BR-ES-051
Brazil,BR,Espírito Santo,BR-ES,Conceição do Castelo,BR-ES-021
Brazil,BR,Espírito Santo,BR-ES,Mantenópolis,BR-ES-044
Brazil,BR,Espírito Santo,BR-ES,Afonso Cláudio,BR-ES-001
Brazil,BR,Espírito Santo,BR-ES,Nova Venécia,BR-ES-053
Brazil,BR,Espírito Santo,BR-ES,Mimoso do Sul,BR-ES-048
Brazil,BR,Espírito Santo,BR-ES,Pinheiros,BR-ES-056
Brazil,BR,Espírito Santo,BR-ES,Itarana,BR-ES-037
Brazil,BR,Espírito Santo,BR-ES,Venda Nova do Imigrante,BR-ES-073
Brazil,BR,Espírito Santo,BR-ES,Ibatiba,BR-ES-030
Brazil,BR,Espírito Santo,BR-ES,Dores do Rio Preto,BR-ES-024
Brazil,BR,Espírito Santo,BR-ES,Divino de São Lourenço,BR-ES-022
Brazil,BR,Espírito Santo,BR-ES,Apiacá,BR-ES-008
Brazil,BR,Espírito Santo,BR-ES,João Neiva,BR-ES-041
Brazil,BR,Espírito Santo,BR-ES,Rio Bananal,BR-ES-060
Brazil,BR,Espírito Santo,BR-ES,Guarapari,BR-ES-029
Brazil,BR,Espírito Santo,BR-ES,Conceição da Barra,BR-ES-020
Brazil,BR,Espírito Santo,BR-ES,Ibiraçu,BR-ES-031
Brazil,BR,Espírito Santo,BR-ES,Alfredo Chaves,BR-ES-005
Brazil,BR,Espírito Santo,BR-ES,Santa Teresa,BR-ES-064
Brazil,BR,Espírito Santo,BR-ES,Mucurici,BR-ES-050
Brazil,BR,Espírito Santo,BR-ES,São Roque do Canaã,BR-ES-069
Brazil,BR,Espírito Santo,BR-ES,Pancas,BR-ES-054
Brazil,BR,Espírito Santo,BR-ES,Ecoporanga,BR-ES-025
Brazil,BR,Espírito Santo,BR-ES,Santa Maria de Jetibá,BR-ES-063
Brazil,BR,Espírito Santo,BR-ES,Piúma,BR-ES-057
Brazil,BR,Espírito Santo,BR-ES,Rio Novo do Sul,BR-ES-061
Brazil,BR,Espírito Santo,BR-ES,Linhares,BR-ES-043
Brazil,BR,Espírito Santo,BR-ES,Viana,BR-ES-074
Brazil,BR,Espírito Santo,BR-ES,Laranja da Terra,BR-ES-042
Brazil,BR,Espírito Santo,BR-ES,Domingos Martins,BR-ES-023
Brazil,BR,Espírito Santo,BR-ES,Vila Velha,BR-ES-077
Brazil,BR,Espírito Santo,BR-ES,Presidente Kennedy,BR-ES-059
Brazil,BR,Espírito Santo,BR-ES,Fundão,BR-ES-026
Brazil,BR,Alagoas,BR-AL,Olivença,BR-AL-064
Brazil,BR,Alagoas,BR-AL,Lagoa da Canoa,BR-AL-045
Brazil,BR,Alagoas,BR-AL,Olho d'Água do Casado,BR-AL-062
Brazil,BR,Alagoas,BR-AL,Porto Calvo,BR-AL-079
Brazil,BR,Alagoas,BR-AL,Cajueiro,BR-AL-013
Brazil,BR,Alagoas,BR-AL,Coruripe,BR-AL-024
Brazil,BR,Alagoas,BR-AL,Mar Vermelho,BR-AL-049
Brazil,BR,Alagoas,BR-AL,Maragogi,BR-AL-050
Brazil,BR,Alagoas,BR-AL,Delmiro Gouveia,BR-AL-026
Brazil,BR,Alagoas,BR-AL,Coqueiro Seco,BR-AL-023
Brazil,BR,Alagoas,BR-AL,Barra de São Miguel,BR-AL-006
Brazil,BR,Alagoas,BR-AL,São Miguel dos Campos,BR-AL-092
Brazil,BR,Alagoas,BR-AL,Minador do Negrão,BR-AL-057
Brazil,BR,Alagoas,BR-AL,Junqueiro,BR-AL-044
Brazil,BR,Alagoas,BR-AL,Campo Grande,BR-AL-016
Brazil,BR,Alagoas,BR-AL,Girau do Ponciano,BR-AL-032
Brazil,BR,Alagoas,BR-AL,Jacuípe,BR-AL-038
Brazil,BR,Alagoas,BR-AL,Colônia Leopoldina,BR-AL-022
Brazil,BR,Alagoas,BR-AL,Belém,BR-AL-008
Brazil,BR,Alagoas,BR-AL,Estrela de Alagoas,BR-AL-028
Brazil,BR,Alagoas,BR-AL,Senador Rui Palmeira,BR-AL-096
Brazil,BR,Alagoas,BR-AL,Arapiraca,BR-AL-003
Brazil,BR,Alagoas,BR-AL,Japaratinga,BR-AL-039
Brazil,BR,Alagoas,BR-AL,Santa Luzia do Norte,BR-AL-085
Brazil,BR,Alagoas,BR-AL,São Miguel dos Milagres,BR-AL-093
Brazil,BR,Alagoas,BR-AL,São Sebastião,BR-AL-094
Brazil,BR,Alagoas,BR-AL,Jundiá,BR-AL-043
Brazil,BR,Alagoas,BR-AL,Tanque d'Arca,BR-AL-097
Brazil,BR,Alagoas,BR-AL,Anadia,BR-AL-002
Brazil,BR,Alagoas,BR-AL,Porto Real do Colégio,BR-AL-081
Brazil,BR,Alagoas,BR-AL,Branquinha,BR-AL-011
Brazil,BR,Alagoas,BR-AL,Canapi,BR-AL-017
Brazil,BR,Alagoas,BR-AL,Marechal Deodoro,BR-AL-052
Brazil,BR,Alagoas,BR-AL,Jacaré dos Homens,BR-AL-037
Brazil,BR,Alagoas,BR-AL,Pão de Açúcar,BR-AL-068
Brazil,BR,Alagoas,BR-AL,Paripueira,BR-AL-070
Brazil,BR,Alagoas,BR-AL,Paulo Jacinto,BR-AL-072
Brazil,BR,Alagoas,BR-AL,Palestina,BR-AL-066
Brazil,BR,Alagoas,BR-AL,União dos Palmares,BR-AL-101
Brazil,BR,Alagoas,BR-AL,Joaquim Gomes,BR-AL-042
Brazil,BR,Alagoas,BR-AL,Campestre,BR-AL-014
Brazil,BR,Alagoas,BR-AL,Roteiro,BR-AL-084
Brazil,BR,Alagoas,BR-AL,Atalaia,BR-AL-004
Brazil,BR,Alagoas,BR-AL,Maceió,BR-AL-047
Brazil,BR,Alagoas,BR-AL,Novo Lino,BR-AL-060
Brazil,BR,Alagoas,BR-AL,Jequiá da Praia,BR-AL-041
Brazil,BR,Alagoas,BR-AL,Flexeiras,BR-AL-031
Brazil,BR,Alagoas,BR-AL,Piranhas,BR-AL-077
Brazil,BR,Alagoas,BR-AL,Rio Largo,BR-AL-083
Brazil,BR,Alagoas,BR-AL,São José da Laje,BR-AL-089
Brazil,BR,Alagoas,BR-AL,Palmeira dos Índios,BR-AL-067
Brazil,BR,Alagoas,BR-AL,Piaçabuçu,BR-AL-074
Brazil,BR,Alagoas,BR-AL,Viçosa,BR-AL-102
Brazil,BR,Alagoas,BR-AL,Maribondo,BR-AL-053
Brazil,BR,Alagoas,BR-AL,Pindoba,BR-AL-076
Brazil,BR,Alagoas,BR-AL,Belo Monte,BR-AL-009
Brazil,BR,Alagoas,BR-AL,Dois Riachos,BR-AL-027
Brazil,BR,Alagoas,BR-AL,Teotônio Vilela,BR-AL-099
Brazil,BR,Alagoas,BR-AL,Santana do Mundaú,BR-AL-087
Brazil,BR,Alagoas,BR-AL,Ouro Branco,BR-AL-065
Brazil,BR,Alagoas,BR-AL,Boca da Mata,BR-AL-010
Brazil,BR,Alagoas,BR-AL,Craíbas,BR-AL-025
Brazil,BR,Alagoas,BR-AL,Quebrangulo,BR-AL-082
Brazil,BR,Alagoas,BR-AL,Olho d'Água das Flores,BR-AL-061
Brazil,BR,Alagoas,BR-AL,Porto de Pedras,BR-AL-080
Brazil,BR,Alagoas,BR-AL,Igaci,BR-AL-034
Brazil,BR,Alagoas,BR-AL,Passo de Camaragibe,BR-AL-071
Brazil,BR,Alagoas,BR-AL,Campo Alegre,BR-AL-015
Brazil,BR,Alagoas,BR-AL,Satuba,BR-AL-095
Brazil,BR,Alagoas,BR-AL,Chã Preta,BR-AL-020
Brazil,BR,Alagoas,BR-AL,Coité do Nóia,BR-AL-021
Brazil,BR,Alagoas,BR-AL,Feira Grande,BR-AL-029
Brazil,BR,Alagoas,BR-AL,Major Isidoro,BR-AL-048
Brazil,BR,Alagoas,BR-AL,Olho d'Água Grande,BR-AL-063
Brazil,BR,Alagoas,BR-AL,São Brás,BR-AL-088
Brazil,BR,Alagoas,BR-AL,Pariconha,BR-AL-069
Brazil,BR,Alagoas,BR-AL,Taquarana,BR-AL-098
Brazil,BR,Alagoas,BR-AL,Carneiros,BR-AL-019
Brazil,BR,Alagoas,BR-AL,Poço das Trincheiras,BR-AL-078
Brazil,BR,Alagoas,BR-AL,São Luís do Quitunde,BR-AL-091
Brazil,BR,Alagoas,BR-AL,Ibateguara,BR-AL-033
Brazil,BR,Alagoas,BR-AL,Murici,BR-AL-059
Brazil,BR,Alagoas,BR-AL,Barra de Santo Antônio,BR-AL-005
Brazil,BR,Alagoas,BR-AL,Feliz Deserto,BR-AL-030
Brazil,BR,Alagoas,BR-AL,Capela,BR-AL-018
Brazil,BR,Alagoas,BR-AL,Messias,BR-AL-056
Brazil,BR,Alagoas,BR-AL,Inhapi,BR-AL-036
Brazil,BR,Alagoas,BR-AL,Mata Grande,BR-AL-054
Brazil,BR,Alagoas,BR-AL,Santana do Ipanema,BR-AL-086
Brazil,BR,Alagoas,BR-AL,Cacimbinhas,BR-AL-012
Brazil,BR,Alagoas,BR-AL,Igreja Nova,BR-AL-035
Brazil,BR,Alagoas,BR-AL,Limoeiro de Anadia,BR-AL-046
Brazil,BR,Alagoas,BR-AL,Maravilha,BR-AL-051
Brazil,BR,Alagoas,BR-AL,São José da Tapera,BR-AL-090
Brazil,BR,Alagoas,BR-AL,Monteirópolis,BR-AL-058
Brazil,BR,Alagoas,BR-AL,Traipu,BR-AL-100
Brazil,BR,Alagoas,BR-AL,Jaramataia,BR-AL-040
Brazil,BR,Alagoas,BR-AL,Batalha,BR-AL-007
Brazil,BR,Alagoas,BR-AL,Matriz de Camaragibe,BR-AL-055
Brazil,BR,Alagoas,BR-AL,Pilar,BR-AL-075
Brazil,BR,Alagoas,BR-AL,Penedo,BR-AL-073
Brazil,BR,Alagoas,BR-AL,Água Branca,BR-AL-001
Brazil,BR,São Paulo,BR-SP,Inúbia Paulista,BR-SP-241
Brazil,BR,São Paulo,BR-SP,Castilho,BR-SP-126
Brazil,BR,São Paulo,BR-SP,Guarulhos,BR-SP-215
Brazil,BR,São Paulo,BR-SP,Sorocaba,BR-SP-584
Brazil,BR,São Paulo,BR-SP,Pompéia,BR-SP-449
Brazil,BR,São Paulo,BR-SP,Bento de Abreu,BR-SP-070
Brazil,BR,São Paulo,BR-SP,Gastão Vidigal,BR-SP-194
Brazil,BR,São Paulo,BR-SP,Óleo,BR-SP-384
Brazil,BR,São Paulo,BR-SP,Analândia,BR-SP-023
Brazil,BR,São Paulo,BR-SP,Pontes Gestal,BR-SP-453
Brazil,BR,São Paulo,BR-SP,Urânia,BR-SP-628
Brazil,BR,São Paulo,BR-SP,Mogi das Cruzes,BR-SP-346
Brazil,BR,São Paulo,BR-SP,Santópolis do Aguapeí,BR-SP-544
Brazil,BR,São Paulo,BR-SP,Cajuru,BR-SP-107
Brazil,BR,São Paulo,BR-SP,Timburi,BR-SP-612
Brazil,BR,São Paulo,BR-SP,Guarantã,BR-SP-208
Brazil,BR,São Paulo,BR-SP,Santa Cruz da Esperança,BR-SP-520
Brazil,BR,São Paulo,BR-SP,Barbosa,BR-SP-058
Brazil,BR,São Paulo,BR-SP,Ibaté,BR-SP-224
Brazil,BR,São Paulo,BR-SP,Patrocínio Paulista,BR-SP-411
Brazil,BR,São Paulo,BR-SP,Lavínia,BR-SP-302
Brazil,BR,São Paulo,BR-SP,Iguape,BR-SP-234
Brazil,BR,São Paulo,BR-SP,Rancharia,BR-SP-476
Brazil,BR,São Paulo,BR-SP,Pirapora do Bom Jesus,BR-SP-440
Brazil,BR,São Paulo,BR-SP,Tupã,BR-SP-619
Brazil,BR,São Paulo,BR-SP,Vargem Grande do Sul,BR-SP-635
Brazil,BR,São Paulo,BR-SP,São José do Rio Pardo,BR-SP-558
Brazil,BR,São Paulo,BR-SP,Dirce Reis,BR-SP-155
Brazil,BR,São Paulo,BR-SP,Vera Cruz,BR-SP-638
Brazil,BR,São Paulo,BR-SP,Clementina,BR-SP-135
Brazil,BR,São Paulo,BR-SP,Sud Mennucci,BR-SP-585
Brazil,BR,São Paulo,BR-SP,Florínea,BR-SP-187
Brazil,BR,São Paulo,BR-SP,São Pedro do Turvo,BR-SP-567
Brazil,BR,São Paulo,BR-SP,Duartina,BR-SP-162
Brazil,BR,São Paulo,BR-SP,Pracinha,BR-SP-460
Brazil,BR,São Paulo,BR-SP,Flórida Paulista,BR-SP-186
Brazil,BR,São Paulo,BR-SP,Álvares Florence,BR-SP-015
Brazil,BR,São Paulo,BR-SP,Guaraçaí,BR-SP-205
Brazil,BR,São Paulo,BR-SP,Palmital,BR-SP-400
Brazil,BR,São Paulo,BR-SP,Jaborandi,BR-SP-278
Brazil,BR,São Paulo,BR-SP,Nova Luzitânia,BR-SP-378
Brazil,BR,São Paulo,BR-SP,Emilianópolis,BR-SP-171
Brazil,BR,São Paulo,BR-SP,Vinhedo,BR-SP-639
Brazil,BR,São Paulo,BR-SP,Tapiraí,BR-SP-598
Brazil,BR,São Paulo,BR-SP,Guararema,BR-SP-210
Brazil,BR,São Paulo,BR-SP,Cabrália Paulista,BR-SP-095
Brazil,BR,São Paulo,BR-SP,Iacanga,BR-SP-221
Brazil,BR,São Paulo,BR-SP,Taciba,BR-SP-592
Brazil,BR,São Paulo,BR-SP,Mirandópolis,BR-SP-341
Brazil,BR,São Paulo,BR-SP,Mineiros do Tietê,BR-SP-338
Brazil,BR,São Paulo,BR-SP,Bilac,BR-SP-073
Brazil,BR,São Paulo,BR-SP,União Paulista,BR-SP-627
Brazil,BR,São Paulo,BR-SP,Bragança Paulista,BR-SP-087
Brazil,BR,São Paulo,BR-SP,Santa Gertrudes,BR-SP-525
Brazil,BR,São Paulo,BR-SP,Glicério,BR-SP-198
Brazil,BR,São Paulo,BR-SP,Eldorado,BR-SP-165
Brazil,BR,São Paulo,BR-SP,Buritama,BR-SP-093
Brazil,BR,São Paulo,BR-SP,Botucatu,BR-SP-086
Brazil,BR,São Paulo,BR-SP,Ribeirão do Sul,BR-SP-486
Brazil,BR,São Paulo,BR-SP,Suzanápolis,BR-SP-587
Brazil,BR,São Paulo,BR-SP,Paraíso,BR-SP-404
Brazil,BR,São Paulo,BR-SP,Santa Isabel,BR-SP-526
Brazil,BR,São Paulo,BR-SP,Porto Ferreira,BR-SP-457
Brazil,BR,São Paulo,BR-SP,Piracicaba,BR-SP-436
Brazil,BR,São Paulo,BR-SP,Nova Campina,BR-SP-371
Brazil,BR,São Paulo,BR-SP,Itanhaém,BR-SP-255
Brazil,BR,São Paulo,BR-SP,Pedra Bela,BR-SP-417
Brazil,BR,São Paulo,BR-SP,Ribeirão Branco,BR-SP-484
Brazil,BR,São Paulo,BR-SP,Torrinha,BR-SP-614
Brazil,BR,São Paulo,BR-SP,Piacatu,BR-SP-427
Brazil,BR,São Paulo,BR-SP,Araçoiaba da Serra,BR-SP-033
Brazil,BR,São Paulo,BR-SP,Ilha Comprida,BR-SP-235
Brazil,BR,São Paulo,BR-SP,Itaporanga,BR-SP-264
Brazil,BR,São Paulo,BR-SP,São Roque,BR-SP-568
Brazil,BR,São Paulo,BR-SP,Batatais,BR-SP-067
Brazil,BR,São Paulo,BR-SP,Bocaina,BR-SP-077
Brazil,BR,São Paulo,BR-SP,Jaboticabal,BR-SP-279
Brazil,BR,São Paulo,BR-SP,Rifaina,BR-SP-491
Brazil,BR,São Paulo,BR-SP,Leme,BR-SP-304
Brazil,BR,São Paulo,BR-SP,Campo Limpo Paulista,BR-SP-110
Brazil,BR,São Paulo,BR-SP,Sabino,BR-SP-503
Brazil,BR,São Paulo,BR-SP,Mirassol,BR-SP-343
Brazil,BR,São Paulo,BR-SP,Alambari,BR-SP-009
Brazil,BR,São Paulo,BR-SP,Pirapozinho,BR-SP-441
Brazil,BR,São Paulo,BR-SP,Ouroeste,BR-SP-395
Brazil,BR,São Paulo,BR-SP,Ipuã,BR-SP-247
Brazil,BR,São Paulo,BR-SP,Três Fronteiras,BR-SP-617
Brazil,BR,São Paulo,BR-SP,Borborema,BR-SP-084
Brazil,BR,São Paulo,BR-SP,Lorena,BR-SP-309
Brazil,BR,São Paulo,BR-SP,Bebedouro,BR-SP-069
Brazil,BR,São Paulo,BR-SP,Santa Albertina,BR-SP-515
Brazil,BR,São Paulo,BR-SP,Barra do Chapéu,BR-SP-061
Brazil,BR,São Paulo,BR-SP,Aparecida d'Oeste,BR-SP-029
Brazil,BR,São Paulo,BR-SP,Turiúba,BR-SP-621
Brazil,BR,São Paulo,BR-SP,Itaju,BR-SP-254
Brazil,BR,São Paulo,BR-SP,Guarujá,BR-SP-214
Brazil,BR,São Paulo,BR-SP,Mauá,BR-SP-333
Brazil,BR,São Paulo,BR-SP,Bertioga,BR-SP-072
Brazil,BR,São Paulo,BR-SP,Tatuí,BR-SP-606
Brazil,BR,São Paulo,BR-SP,Lavrinhas,BR-SP-303
Brazil,BR,São Paulo,BR-SP,Guatapará,BR-SP-216
Brazil,BR,São Paulo,BR-SP,Itirapina,BR-SP-272
Brazil,BR,São Paulo,BR-SP,Taquarituba,BR-SP-602
Brazil,BR,São Paulo,BR-SP,Júlio Mesquita,BR-SP-294
Brazil,BR,São Paulo,BR-SP,Ilhabela,BR-SP-237
Brazil,BR,São Paulo,BR-SP,Olímpia,BR-SP-385
Brazil,BR,São Paulo,BR-SP,Jandira,BR-SP-286
Brazil,BR,São Paulo,BR-SP,Santa Lúcia,BR-SP-527
Brazil,BR,São Paulo,BR-SP,Orlândia,BR-SP-389
Brazil,BR,São Paulo,BR-SP,Serrana,BR-SP-578
Brazil,BR,São Paulo,BR-SP,Itaoca,BR-SP-256
Brazil,BR,São Paulo,BR-SP,Potim,BR-SP-458
Brazil,BR,São Paulo,BR-SP,Ubirajara,BR-SP-625
Brazil,BR,São Paulo,BR-SP,Terra Roxa,BR-SP-610
Brazil,BR,São Paulo,BR-SP,Cunha,BR-SP-152
Brazil,BR,São Paulo,BR-SP,Luís Antônio,BR-SP-314
Brazil,BR,São Paulo,BR-SP,Gabriel Monteiro,BR-SP-191
Brazil,BR,São Paulo,BR-SP,Águas de Santa Bárbara,BR-SP-006
Brazil,BR,São Paulo,BR-SP,Aramina,BR-SP-034
Brazil,BR,São Paulo,BR-SP,São Bernardo do Campo,BR-SP-547
Brazil,BR,São Paulo,BR-SP,Guarani d'Oeste,BR-SP-207
Brazil,BR,São Paulo,BR-SP,Mira Estrela,BR-SP-339
Brazil,BR,São Paulo,BR-SP,Cruzeiro,BR-SP-150
Brazil,BR,São Paulo,BR-SP,Estiva Gerbi,BR-SP-175
Brazil,BR,São Paulo,BR-SP,Santo Expedito,BR-SP-543
Brazil,BR,São Paulo,BR-SP,José Bonifácio,BR-SP-293
Brazil,BR,São Paulo,BR-SP,Coroados,BR-SP-141
Brazil,BR,São Paulo,BR-SP,Rio Claro,BR-SP-494
Brazil,BR,São Paulo,BR-SP,Nipoã,BR-SP-369
Brazil,BR,São Paulo,BR-SP,Angatuba,BR-SP-025
Brazil,BR,São Paulo,BR-SP,Tanabi,BR-SP-597
Brazil,BR,São Paulo,BR-SP,Guareí,BR-SP-212
Brazil,BR,São Paulo,BR-SP,Cachoeira Paulista,BR-SP-098
Brazil,BR,São Paulo,BR-SP,Lins,BR-SP-308
Brazil,BR,São Paulo,BR-SP,Apiaí,BR-SP-030
Brazil,BR,São Paulo,BR-SP,Bastos,BR-SP-066
Brazil,BR,São Paulo,BR-SP,Rosana,BR-SP-499
Brazil,BR,São Paulo,BR-SP,Saltinho,BR-SP-509
Brazil,BR,São Paulo,BR-SP,Taubaté,BR-SP-607
Brazil,BR,São Paulo,BR-SP,Cafelândia,BR-SP-100
Brazil,BR,São Paulo,BR-SP,Itaquaquecetuba,BR-SP-267
Brazil,BR,São Paulo,BR-SP,São Joaquim da Barra,BR-SP-555
Brazil,BR,São Paulo,BR-SP,Guará,BR-SP-204
Brazil,BR,São Paulo,BR-SP,Alfredo Marcondes,BR-SP-010
Brazil,BR,São Paulo,BR-SP,Turmalina,BR-SP-622
Brazil,BR,São Paulo,BR-SP,Alto Alegre,BR-SP-013
Brazil,BR,São Paulo,BR-SP,Estrela do Norte,BR-SP-177
Brazil,BR,São Paulo,BR-SP,Manduri,BR-SP-324
Brazil,BR,São Paulo,BR-SP,Onda Verde,BR-SP-386
Brazil,BR,São Paulo,BR-SP,Itatinga,BR-SP-271
Brazil,BR,São Paulo,BR-SP,Votorantim,BR-SP-643
Brazil,BR,São Paulo,BR-SP,Ibirá,BR-SP-225
Brazil,BR,São Paulo,BR-SP,Rubiácea,BR-SP-501
Brazil,BR,São Paulo,BR-SP,Indaiatuba,BR-SP-238
Brazil,BR,São Paulo,BR-SP,Santa Mercedes,BR-SP-529
Brazil,BR,São Paulo,BR-SP,Arco-Íris,BR-SP-039
Brazil,BR,São Paulo,BR-SP,Avanhandava,BR-SP-051
Brazil,BR,São Paulo,BR-SP,Votuporanga,BR-SP-644
Brazil,BR,São Paulo,BR-SP,Salto Grande,BR-SP-512
Brazil,BR,São Paulo,BR-SP,Marinópolis,BR-SP-330
Brazil,BR,São Paulo,BR-SP,Santo Anastácio,BR-SP-536
Brazil,BR,São Paulo,BR-SP,São José do Barreiro,BR-SP-557
Brazil,BR,São Paulo,BR-SP,São Vicente,BR-SP-572
Brazil,BR,São Paulo,BR-SP,Tejupá,BR-SP-608
Brazil,BR,São Paulo,BR-SP,Cosmorama,BR-SP-145
Brazil,BR,São Paulo,BR-SP,Sarapuí,BR-SP-573
Brazil,BR,São Paulo,BR-SP,Limeira,BR-SP-306
Brazil,BR,São Paulo,BR-SP,Descalvado,BR-SP-153
Brazil,BR,São Paulo,BR-SP,São Miguel Arcanjo,BR-SP-564
Brazil,BR,São Paulo,BR-SP,Biritiba Mirim,BR-SP-075
Brazil,BR,São Paulo,BR-SP,Lutécia,BR-SP-317
Brazil,BR,São Paulo,BR-SP,Taquaritinga,BR-SP-601
Brazil,BR,São Paulo,BR-SP,Jambeiro,BR-SP-285
Brazil,BR,São Paulo,BR-SP,Lupércio,BR-SP-316
Brazil,BR,São Paulo,BR-SP,Jardinópolis,BR-SP-287
Brazil,BR,São Paulo,BR-SP,Jeriquara,BR-SP-290
Brazil,BR,São Paulo,BR-SP,Poá,BR-SP-447
Brazil,BR,São Paulo,BR-SP,Lourdes,BR-SP-310
Brazil,BR,São Paulo,BR-SP,Santa Clara d'Oeste,BR-SP-518
Brazil,BR,São Paulo,BR-SP,Boituva,BR-SP-079
Brazil,BR,São Paulo,BR-SP,Tietê,BR-SP-611
Brazil,BR,São Paulo,BR-SP,Platina,BR-SP-446
Brazil,BR,São Paulo,BR-SP,Alumínio,BR-SP-014
Brazil,BR,São Paulo,BR-SP,Paranapuã,BR-SP-406
Brazil,BR,São Paulo,BR-SP,Anhumas,BR-SP-027
Brazil,BR,São Paulo,BR-SP,Anhembi,BR-SP-026
Brazil,BR,São Paulo,BR-SP,Ipiguá,BR-SP-245
Brazil,BR,São Paulo,BR-SP,Caiabu,BR-SP-101
Brazil,BR,São Paulo,BR-SP,General Salgado,BR-SP-196
Brazil,BR,São Paulo,BR-SP,São Francisco,BR-SP-550
Brazil,BR,São Paulo,BR-SP,Miracatu,BR-SP-340
Brazil,BR,São Paulo,BR-SP,Areias,BR-SP-041
Brazil,BR,São Paulo,BR-SP,Santo Antônio do Pinhal,BR-SP-542
Brazil,BR,São Paulo,BR-SP,Casa Branca,BR-SP-124
Brazil,BR,São Paulo,BR-SP,Praia Grande,BR-SP-462
Brazil,BR,São Paulo,BR-SP,Boracéia,BR-SP-083
Brazil,BR,São Paulo,BR-SP,Santa Cruz das Palmeiras,BR-SP-521
Brazil,BR,São Paulo,BR-SP,Barra do Turvo,BR-SP-062
Brazil,BR,São Paulo,BR-SP,Ibiúna,BR-SP-228
Brazil,BR,São Paulo,BR-SP,Ipeúna,BR-SP-244
Brazil,BR,São Paulo,BR-SP,Américo de Campos,BR-SP-021
Brazil,BR,São Paulo,BR-SP,Ibirarema,BR-SP-226
Brazil,BR,São Paulo,BR-SP,Fernandópolis,BR-SP-181
Brazil,BR,São Paulo,BR-SP,Salmourão,BR-SP-508
Brazil,BR,São Paulo,BR-SP,Paulistânia,BR-SP-414
Brazil,BR,São Paulo,BR-SP,Herculândia,BR-SP-218
Brazil,BR,São Paulo,BR-SP,Sertãozinho,BR-SP-579
Brazil,BR,São Paulo,BR-SP,Embu-Guaçu,BR-SP-169
Brazil,BR,São Paulo,BR-SP,Mirante do Paranapanema,BR-SP-342
Brazil,BR,São Paulo,BR-SP,Santana da Ponte Pensa,BR-SP-534
Brazil,BR,São Paulo,BR-SP,Gália,BR-SP-192
Brazil,BR,São Paulo,BR-SP,Francisco Morato,BR-SP-189
Brazil,BR,São Paulo,BR-SP,Guaimbê,BR-SP-200
Brazil,BR,São Paulo,BR-SP,Monteiro Lobato,BR-SP-358
Brazil,BR,São Paulo,BR-SP,Itaberá,BR-SP-251
Brazil,BR,São Paulo,BR-SP,Nova Canaã Paulista,BR-SP-372
Brazil,BR,São Paulo,BR-SP,Vista Alegre do Alto,BR-SP-641
Brazil,BR,São Paulo,BR-SP,Nazaré Paulista,BR-SP-366
Brazil,BR,São Paulo,BR-SP,Motuca,BR-SP-361
Brazil,BR,São Paulo,BR-SP,Presidente Prudente,BR-SP-467
Brazil,BR,São Paulo,BR-SP,Embu das Artes,BR-SP-170
Brazil,BR,São Paulo,BR-SP,Itapuí,BR-SP-265
Brazil,BR,São Paulo,BR-SP,Pinhalzinho,BR-SP-432
Brazil,BR,São Paulo,BR-SP,Franco da Rocha,BR-SP-190
Brazil,BR,São Paulo,BR-SP,Pradópolis,BR-SP-461
Brazil,BR,São Paulo,BR-SP,Pedregulho,BR-SP-419
Brazil,BR,São Paulo,BR-SP,Cajati,BR-SP-105
Brazil,BR,São Paulo,BR-SP,Getulina,BR-SP-197
Brazil,BR,São Paulo,BR-SP,Buri,BR-SP-092
Brazil,BR,São Paulo,BR-SP,Quintana,BR-SP-474
Brazil,BR,São Paulo,BR-SP,Laranjal Paulista,BR-SP-301
Brazil,BR,São Paulo,BR-SP,Mombuca,BR-SP-349
Brazil,BR,São Paulo,BR-SP,Jales,BR-SP-284
Brazil,BR,São Paulo,BR-SP,Bálsamo,BR-SP-055
Brazil,BR,São Paulo,BR-SP,Taguaí,BR-SP-593
Brazil,BR,São Paulo,BR-SP,São Luiz do Paraitinga,BR-SP-562
Brazil,BR,São Paulo,BR-SP,Garça,BR-SP-193
Brazil,BR,São Paulo,BR-SP,Rio das Pedras,BR-SP-495
Brazil,BR,São Paulo,BR-SP,Tarabai,BR-SP-604
Brazil,BR,São Paulo,BR-SP,Macedônia,BR-SP-320
Brazil,BR,São Paulo,BR-SP,Paulo de Faria,BR-SP-415
Brazil,BR,São Paulo,BR-SP,Borebi,BR-SP-085
Brazil,BR,São Paulo,BR-SP,Cedral,BR-SP-129
Brazil,BR,São Paulo,BR-SP,Luiziânia,BR-SP-315
Brazil,BR,São Paulo,BR-SP,Nhandeara,BR-SP-368
Brazil,BR,São Paulo,BR-SP,Cubatão,BR-SP-151
Brazil,BR,São Paulo,BR-SP,Barra Bonita,BR-SP-060
Brazil,BR,São Paulo,BR-SP,Guaíra,BR-SP-201
Brazil,BR,São Paulo,BR-SP,Socorro,BR-SP-583
Brazil,BR,São Paulo,BR-SP,Pindamonhangaba,BR-SP-430
Brazil,BR,São Paulo,BR-SP,Macatuba,BR-SP-318
Brazil,BR,São Paulo,BR-SP,Guariba,BR-SP-213
Brazil,BR,São Paulo,BR-SP,Monte Aprazível,BR-SP-354
Brazil,BR,São Paulo,BR-SP,Colina,BR-SP-136
Brazil,BR,São Paulo,BR-SP,Iacri,BR-SP-222
Brazil,BR,São Paulo,BR-SP,Arapeí,BR-SP-036
Brazil,BR,São Paulo,BR-SP,São Sebastião da Grama,BR-SP-570
Brazil,BR,São Paulo,BR-SP,Altair,BR-SP-011
Brazil,BR,São Paulo,BR-SP,Santa Rosa de Viterbo,BR-SP-532
Brazil,BR,São Paulo,BR-SP,Capivari,BR-SP-120
Brazil,BR,São Paulo,BR-SP,Jaú,BR-SP-289
Brazil,BR,São Paulo,BR-SP,São José da Bela Vista,BR-SP-556
Brazil,BR,São Paulo,BR-SP,Ribeirão Preto,BR-SP-490
Brazil,BR,São Paulo,BR-SP,Rio Grande da Serra,BR-SP-496
Brazil,BR,São Paulo,BR-SP,Santa Rita do Passa Quatro,BR-SP-531
Brazil,BR,São Paulo,BR-SP,Morro Agudo,BR-SP-359
Brazil,BR,São Paulo,BR-SP,São Lourenço da Serra,BR-SP-561
Brazil,BR,São Paulo,BR-SP,Cerqueira César,BR-SP-130
Brazil,BR,São Paulo,BR-SP,Sales,BR-SP-505
Brazil,BR,São Paulo,BR-SP,Pitangueiras,BR-SP-444
Brazil,BR,São Paulo,BR-SP,Novo Horizonte,BR-SP-381
Brazil,BR,São Paulo,BR-SP,Itapura,BR-SP-266
Brazil,BR,São Paulo,BR-SP,Ouro Verde,BR-SP-394
Brazil,BR,São Paulo,BR-SP,Coronel Macedo,BR-SP-142
Brazil,BR,São Paulo,BR-SP,Araras,BR-SP-038
Brazil,BR,São Paulo,BR-SP,Pedro de Toledo,BR-SP-422
Brazil,BR,São Paulo,BR-SP,Mairinque,BR-SP-322
Brazil,BR,São Paulo,BR-SP,Iporanga,BR-SP-246
Brazil,BR,São Paulo,BR-SP,Taiúva,BR-SP-595
Brazil,BR,São Paulo,BR-SP,Parisi,BR-SP-410
Brazil,BR,São Paulo,BR-SP,Santa Fé do Sul,BR-SP-524
Brazil,BR,São Paulo,BR-SP,Igarapava,BR-SP-232
Brazil,BR,São Paulo,BR-SP,Novais,BR-SP-380
Brazil,BR,São Paulo,BR-SP,Juquiá,BR-SP-298
Brazil,BR,São Paulo,BR-SP,Maracaí,BR-SP-326
Brazil,BR,São Paulo,BR-SP,Aparecida,BR-SP-028
Brazil,BR,São Paulo,BR-SP,Itobi,BR-SP-274
Brazil,BR,São Paulo,BR-SP,Pedreira,BR-SP-420
Brazil,BR,São Paulo,BR-SP,Cosmópolis,BR-SP-144
Brazil,BR,São Paulo,BR-SP,Capão Bonito,BR-SP-118
Brazil,BR,São Paulo,BR-SP,Fartura,BR-SP-179
Brazil,BR,São Paulo,BR-SP,Barrinha,BR-SP-064
Brazil,BR,São Paulo,BR-SP,Potirendaba,BR-SP-459
Brazil,BR,São Paulo,BR-SP,Caconde,BR-SP-099
Brazil,BR,São Paulo,BR-SP,Taboão da Serra,BR-SP-591
Brazil,BR,São Paulo,BR-SP,Dourado,BR-SP-160
Brazil,BR,São Paulo,BR-SP,Taiaçu,BR-SP-594
Brazil,BR,São Paulo,BR-SP,Aspásia,BR-SP-046
Brazil,BR,São Paulo,BR-SP,Caiuá,BR-SP-103
Brazil,BR,São Paulo,BR-SP,Bom Sucesso de Itararé,BR-SP-081
Brazil,BR,São Paulo,BR-SP,Ribeirão Pires,BR-SP-489
Brazil,BR,São Paulo,BR-SP,Espírito Santo do Turvo,BR-SP-174
Brazil,BR,São Paulo,BR-SP,Parapuã,BR-SP-407
Brazil,BR,São Paulo,BR-SP,Macaubal,BR-SP-319
Brazil,BR,São Paulo,BR-SP,Irapuã,BR-SP-249
Brazil,BR,São Paulo,BR-SP,Cristais Paulista,BR-SP-148
Brazil,BR,São Paulo,BR-SP,Piquerobi,BR-SP-433
Brazil,BR,São Paulo,BR-SP,Agudos,BR-SP-008
Brazil,BR,São Paulo,BR-SP,Pereira Barreto,BR-SP-424
Brazil,BR,São Paulo,BR-SP,Joanópolis,BR-SP-291
Brazil,BR,São Paulo,BR-SP,Narandiba,BR-SP-364
Brazil,BR,São Paulo,BR-SP,Cássia dos Coqueiros,BR-SP-125
Brazil,BR,São Paulo,BR-SP,Itapira,BR-SP-261
Brazil,BR,São Paulo,BR-SP,Mairiporã,BR-SP-323
Brazil,BR,São Paulo,BR-SP,Paraibuna,BR-SP-403
Brazil,BR,São Paulo,BR-SP,Porangaba,BR-SP-455
Brazil,BR,São Paulo,BR-SP,Ubarana,BR-SP-623
Brazil,BR,São Paulo,BR-SP,Monte Azul Paulista,BR-SP-355
Brazil,BR,São Paulo,BR-SP,Populina,BR-SP-454
Brazil,BR,São Paulo,BR-SP,Cruzália,BR-SP-149
Brazil,BR,São Paulo,BR-SP,Irapuru,BR-SP-250
Brazil,BR,São Paulo,BR-SP,Ribeirão Corrente,BR-SP-485
Brazil,BR,São Paulo,BR-SP,Iracemápolis,BR-SP-248
Brazil,BR,São Paulo,BR-SP,Nova Castilho,BR-SP-373
Brazil,BR,São Paulo,BR-SP,Ribeirão Grande,BR-SP-488
Brazil,BR,São Paulo,BR-SP,São Pedro,BR-SP-566
Brazil,BR,São Paulo,BR-SP,Iepê,BR-SP-230
Brazil,BR,São Paulo,BR-SP,Santa Branca,BR-SP-517
Brazil,BR,São Paulo,BR-SP,Queiroz,BR-SP-472
Brazil,BR,São Paulo,BR-SP,Barretos,BR-SP-063
Brazil,BR,São Paulo,BR-SP,Igaratá,BR-SP-233
Brazil,BR,São Paulo,BR-SP,Catiguá,BR-SP-128
Brazil,BR,São Paulo,BR-SP,Reginópolis,BR-SP-479
Brazil,BR,São Paulo,BR-SP,Santo Antônio da Alegria,BR-SP-538
Brazil,BR,São Paulo,BR-SP,Lagoinha,BR-SP-300
Brazil,BR,São Paulo,BR-SP,Cândido Mota,BR-SP-115
Brazil,BR,São Paulo,BR-SP,Cesário Lange,BR-SP-132
Brazil,BR,São Paulo,BR-SP,Presidente Venceslau,BR-SP-468
Brazil,BR,São Paulo,BR-SP,Dumont,BR-SP-163
Brazil,BR,São Paulo,BR-SP,Dobrada,BR-SP-157
Brazil,BR,São Paulo,BR-SP,Atibaia,BR-SP-048
Brazil,BR,São Paulo,BR-SP,Osvaldo Cruz,BR-SP-392
Brazil,BR,São Paulo,BR-SP,Auriflama,BR-SP-049
Brazil,BR,São Paulo,BR-SP,Redenção da Serra,BR-SP-477
Brazil,BR,São Paulo,BR-SP,Paranapanema,BR-SP-405
Brazil,BR,São Paulo,BR-SP,Ariranha,BR-SP-043
Brazil,BR,São Paulo,BR-SP,Nantes,BR-SP-363
Brazil,BR,São Paulo,BR-SP,Ribeirão Bonito,BR-SP-483
Brazil,BR,São Paulo,BR-SP,Balbinos,BR-SP-054
Brazil,BR,São Paulo,BR-SP,Santa Rita d'Oeste,BR-SP-530
Brazil,BR,São Paulo,BR-SP,Bernardino de Campos,BR-SP-071
Brazil,BR,São Paulo,BR-SP,Guaraci,BR-SP-206
Brazil,BR,São Paulo,BR-SP,Álvaro de Carvalho,BR-SP-017
Brazil,BR,São Paulo,BR-SP,Conchal,BR-SP-138
Brazil,BR,São Paulo,BR-SP,Aguaí,BR-SP-003
Brazil,BR,São Paulo,BR-SP,Roseira,BR-SP-500
Brazil,BR,São Paulo,BR-SP,Poloni,BR-SP-448
Brazil,BR,São Paulo,BR-SP,Presidente Bernardes,BR-SP-465
Brazil,BR,São Paulo,BR-SP,Presidente Alves,BR-SP-464
Brazil,BR,São Paulo,BR-SP,Bauru,BR-SP-068
Brazil,BR,São Paulo,BR-SP,Pirangi,BR-SP-439
Brazil,BR,São Paulo,BR-SP,Uru,BR-SP-629
Brazil,BR,São Paulo,BR-SP,Caieiras,BR-SP-102
Brazil,BR,São Paulo,BR-SP,Assis,BR-SP-047
Brazil,BR,São Paulo,BR-SP,Andradina,BR-SP-024
Brazil,BR,São Paulo,BR-SP,Guapiaçu,BR-SP-202
Brazil,BR,São Paulo,BR-SP,Teodoro Sampaio,BR-SP-609
Brazil,BR,São Paulo,BR-SP,Mococa,BR-SP-345
Brazil,BR,São Paulo,BR-SP,Monções,BR-SP-350
Brazil,BR,São Paulo,BR-SP,Ilha Solteira,BR-SP-236
Brazil,BR,São Paulo,BR-SP,Itapirapuã Paulista,BR-SP-262
Brazil,BR,São Paulo,BR-SP,Morungaba,BR-SP-360
Brazil,BR,São Paulo,BR-SP,Presidente Epitácio,BR-SP-466
Brazil,BR,São Paulo,BR-SP,Nova Europa,BR-SP-374
Brazil,BR,São Paulo,BR-SP,Ribeirão dos Índios,BR-SP-487
Brazil,BR,São Paulo,BR-SP,Cordeirópolis,BR-SP-140
Brazil,BR,São Paulo,BR-SP,Lençóis Paulista,BR-SP-305
Brazil,BR,São Paulo,BR-SP,Pereiras,BR-SP-425
Brazil,BR,São Paulo,BR-SP,Catanduva,BR-SP-127
Brazil,BR,São Paulo,BR-SP,Mogi Guaçu,BR-SP-347
Brazil,BR,São Paulo,BR-SP,Zacarias,BR-SP-645
Brazil,BR,São Paulo,BR-SP,Itararé,BR-SP-268
Brazil,BR,São Paulo,BR-SP,Marabá Paulista,BR-SP-325
Brazil,BR,São Paulo,BR-SP,Tabatinga,BR-SP-590
Brazil,BR,São Paulo,BR-SP,Tremembé,BR-SP-616
Brazil,BR,São Paulo,BR-SP,Martinópolis,BR-SP-331
Brazil,BR,São Paulo,BR-SP,Iperó,BR-SP-243
Brazil,BR,São Paulo,BR-SP,Mendonça,BR-SP-334
Brazil,BR,São Paulo,BR-SP,Mirassolândia,BR-SP-344
Brazil,BR,São Paulo,BR-SP,Palmeira d'Oeste,BR-SP-399
Brazil,BR,São Paulo,BR-SP,Campos Novos Paulista,BR-SP-112
Brazil,BR,São Paulo,BR-SP,Nova Guataporanga,BR-SP-376
Brazil,BR,São Paulo,BR-SP,Pardinho,BR-SP-408
Brazil,BR,São Paulo,BR-SP,Silveiras,BR-SP-582
Brazil,BR,São Paulo,BR-SP,Arujá,BR-SP-045
Brazil,BR,São Paulo,BR-SP,Itajobi,BR-SP-253
Brazil,BR,São Paulo,BR-SP,Riolândia,BR-SP-497
Brazil,BR,São Paulo,BR-SP,Araraquara,BR-SP-037
Brazil,BR,São Paulo,BR-SP,São Caetano do Sul,BR-SP-548
Brazil,BR,São Paulo,BR-SP,Altinópolis,BR-SP-012
Brazil,BR,São Paulo,BR-SP,Sumaré,BR-SP-586
Brazil,BR,São Paulo,BR-SP,Nova Granada,BR-SP-375
Brazil,BR,São Paulo,BR-SP,Embaúba,BR-SP-168
Brazil,BR,São Paulo,BR-SP,Elias Fausto,BR-SP-166
Brazil,BR,São Paulo,BR-SP,Osasco,BR-SP-390
Brazil,BR,São Paulo,BR-SP,Santo Antônio do Aracanguá,BR-SP-540
Brazil,BR,São Paulo,BR-SP,Sales Oliveira,BR-SP-506
Brazil,BR,São Paulo,BR-SP,Cajobi,BR-SP-106
Brazil,BR,São Paulo,BR-SP,Pongaí,BR-SP-450
Brazil,BR,São Paulo,BR-SP,Peruíbe,BR-SP-426
Brazil,BR,São Paulo,BR-SP,Caçapava,BR-SP-097
Brazil,BR,São Paulo,BR-SP,Itápolis,BR-SP-263
Brazil,BR,São Paulo,BR-SP,Regente Feijó,BR-SP-478
Brazil,BR,São Paulo,BR-SP,Nova Odessa,BR-SP-379
Brazil,BR,São Paulo,BR-SP,Ocauçu,BR-SP-383
Brazil,BR,São Paulo,BR-SP,Itirapuã,BR-SP-273
Brazil,BR,São Paulo,BR-SP,Santo André,BR-SP-537
Brazil,BR,São Paulo,BR-SP,Dracena,BR-SP-161
Brazil,BR,São Paulo,BR-SP,Estrela d'Oeste,BR-SP-176
Brazil,BR,São Paulo,BR-SP,Santa Salete,BR-SP-533
Brazil,BR,São Paulo,BR-SP,Bananal,BR-SP-056
Brazil,BR,São Paulo,BR-SP,Floreal,BR-SP-185
Brazil,BR,São Paulo,BR-SP,Piraju,BR-SP-437
Brazil,BR,São Paulo,BR-SP,Echaporã,BR-SP-164
Brazil,BR,São Paulo,BR-SP,Torre de Pedra,BR-SP-613
Brazil,BR,São Paulo,BR-SP,Pilar do Sul,BR-SP-429
Brazil,BR,São Paulo,BR-SP,Ourinhos,BR-SP-393
Brazil,BR,São Paulo,BR-SP,Ituverava,BR-SP-277
Brazil,BR,São Paulo,BR-SP,Cananéia,BR-SP-113
Brazil,BR,São Paulo,BR-SP,Mongaguá,BR-SP-351
Brazil,BR,São Paulo,BR-SP,Cândido Rodrigues,BR-SP-116
Brazil,BR,São Paulo,BR-SP,Águas da Prata,BR-SP-004
Brazil,BR,São Paulo,BR-SP,São Carlos,BR-SP-549
Brazil,BR,São Paulo,BR-SP,Avaí,BR-SP-050
Brazil,BR,São Paulo,BR-SP,Araçariguama,BR-SP-031
Brazil,BR,São Paulo,BR-SP,Franca,BR-SP-188
Brazil,BR,São Paulo,BR-SP,Santos,BR-SP-545
Brazil,BR,São Paulo,BR-SP,Pontalinda,BR-SP-452
Brazil,BR,São Paulo,BR-SP,Paulicéia,BR-SP-412
Brazil,BR,São Paulo,BR-SP,Jarinu,BR-SP-288
Brazil,BR,São Paulo,BR-SP,Bariri,BR-SP-059
Brazil,BR,São Paulo,BR-SP,Pirajuí,BR-SP-438
Brazil,BR,São Paulo,BR-SP,Borá,BR-SP-082
Brazil,BR,São Paulo,BR-SP,São João das Duas Pontes,BR-SP-552
Brazil,BR,São Paulo,BR-SP,Indiaporã,BR-SP-240
Brazil,BR,São Paulo,BR-SP,São Sebastião,BR-SP-569
Brazil,BR,São Paulo,BR-SP,Magda,BR-SP-321
Brazil,BR,São Paulo,BR-SP,Piquete,BR-SP-434
Brazil,BR,São Paulo,BR-SP,Uchoa,BR-SP-626
Brazil,BR,São Paulo,BR-SP,Miguelópolis,BR-SP-337
Brazil,BR,São Paulo,BR-SP,Pirassununga,BR-SP-442
Brazil,BR,São Paulo,BR-SP,Monte Mor,BR-SP-357
Brazil,BR,São Paulo,BR-SP,Viradouro,BR-SP-640
Brazil,BR,São Paulo,BR-SP,Penápolis,BR-SP-423
Brazil,BR,São Paulo,BR-SP,Corumbataí,BR-SP-143
Brazil,BR,São Paulo,BR-SP,Pindorama,BR-SP-431
Brazil,BR,São Paulo,BR-SP,Caraguatatuba,BR-SP-121
Brazil,BR,São Paulo,BR-SP,Águas de Lindóia,BR-SP-005
Brazil,BR,São Paulo,BR-SP,Canas,BR-SP-114
Brazil,BR,São Paulo,BR-SP,Ribeira,BR-SP-482
Brazil,BR,São Paulo,BR-SP,Campinas,BR-SP-109
Brazil,BR,São Paulo,BR-SP,Álvares Machado,BR-SP-016
Brazil,BR,São Paulo,BR-SP,Vargem,BR-SP-634
Brazil,BR,São Paulo,BR-SP,Euclides da Cunha Paulista,BR-SP-178
Brazil,BR,São Paulo,BR-SP,Quadra,BR-SP-470
Brazil,BR,São Paulo,BR-SP,Sarutaiá,BR-SP-574
Brazil,BR,São Paulo,BR-SP,Ubatuba,BR-SP-624
Brazil,BR,São Paulo,BR-SP,Planalto,BR-SP-445
Brazil,BR,São Paulo,BR-SP,Jacupiranga,BR-SP-282
Brazil,BR,São Paulo,BR-SP,Piedade,BR-SP-428
Brazil,BR,São Paulo,BR-SP,Ferraz de Vasconcelos,BR-SP-183
Brazil,BR,São Paulo,BR-SP,Igaraçu do Tietê,BR-SP-231
Brazil,BR,São Paulo,BR-SP,Rinópolis,BR-SP-493
Brazil,BR,São Paulo,BR-SP,Cardoso,BR-SP-123
Brazil,BR,São Paulo,BR-SP,Pratânia,BR-SP-463
Brazil,BR,São Paulo,BR-SP,Rincão,BR-SP-492
Brazil,BR,São Paulo,BR-SP,Brotas,BR-SP-091
Brazil,BR,São Paulo,BR-SP,Bofete,BR-SP-078
Brazil,BR,São Paulo,BR-SP,Santana de Parnaíba,BR-SP-535
Brazil,BR,São Paulo,BR-SP,Indiana,BR-SP-239
Brazil,BR,São Paulo,BR-SP,Engenheiro Coelho,BR-SP-172
Brazil,BR,São Paulo,BR-SP,Trabiju,BR-SP-615
Brazil,BR,São Paulo,BR-SP,Cerquilho,BR-SP-131
Brazil,BR,São Paulo,BR-SP,Neves Paulista,BR-SP-367
Brazil,BR,São Paulo,BR-SP,Piratininga,BR-SP-443
Brazil,BR,São Paulo,BR-SP,Cabreúva,BR-SP-096
Brazil,BR,São Paulo,BR-SP,Itu,BR-SP-275
Brazil,BR,São Paulo,BR-SP,Pontal,BR-SP-451
Brazil,BR,São Paulo,BR-SP,Tuiuti,BR-SP-618
Brazil,BR,São Paulo,BR-SP,Guaiçara,BR-SP-199
Brazil,BR,São Paulo,BR-SP,Tarumã,BR-SP-605
Brazil,BR,São Paulo,BR-SP,Lucianópolis,BR-SP-313
Brazil,BR,São Paulo,BR-SP,Lucélia,BR-SP-312
Brazil,BR,São Paulo,BR-SP,Promissão,BR-SP-469
Brazil,BR,São Paulo,BR-SP,Registro,BR-SP-480
Brazil,BR,São Paulo,BR-SP,Guzolândia,BR-SP-217
Brazil,BR,São Paulo,BR-SP,Jaguariúna,BR-SP-283
Brazil,BR,São Paulo,BR-SP,Barão de Antonina,BR-SP-057
Brazil,BR,São Paulo,BR-SP,Jacareí,BR-SP-280
Brazil,BR,São Paulo,BR-SP,Buritizal,BR-SP-094
Brazil,BR,São Paulo,BR-SP,Fernando Prestes,BR-SP-180
Brazil,BR,São Paulo,BR-SP,Elisiário,BR-SP-167
Brazil,BR,São Paulo,BR-SP,Santa Bárbara d'Oeste,BR-SP-516
Brazil,BR,São Paulo,BR-SP,Itatiba,BR-SP-270
Brazil,BR,São Paulo,BR-SP,Holambra,BR-SP-219
Brazil,BR,São Paulo,BR-SP,Brodowski,BR-SP-090
Brazil,BR,São Paulo,BR-SP,Carapicuíba,BR-SP-122
Brazil,BR,São Paulo,BR-SP,Monte Alto,BR-SP-353
Brazil,BR,São Paulo,BR-SP,Barueri,BR-SP-065
Brazil,BR,São Paulo,BR-SP,Guapiara,BR-SP-203
Brazil,BR,São Paulo,BR-SP,Serra Azul,BR-SP-576
Brazil,BR,São Paulo,BR-SP,Suzano,BR-SP-588
Brazil,BR,São Paulo,BR-SP,Icém,BR-SP-229
Brazil,BR,São Paulo,BR-SP,Itapetininga,BR-SP-258
Brazil,BR,São Paulo,BR-SP,Santa Cruz do Rio Pardo,BR-SP-522
Brazil,BR,São Paulo,BR-SP,Fernão,BR-SP-182
Brazil,BR,São Paulo,BR-SP,Nuporanga,BR-SP-382
Brazil,BR,São Paulo,BR-SP,Sandovalina,BR-SP-513
Brazil,BR,São Paulo,BR-SP,Alvinlândia,BR-SP-018
Brazil,BR,São Paulo,BR-SP,Bady Bassitt,BR-SP-053
Brazil,BR,São Paulo,BR-SP,Lindóia,BR-SP-307
Brazil,BR,São Paulo,BR-SP,Arandu,BR-SP-035
Brazil,BR,São Paulo,BR-SP,São José dos Campos,BR-SP-560
Brazil,BR,São Paulo,BR-SP,Juquitiba,BR-SP-299
Brazil,BR,São Paulo,BR-SP,João Ramalho,BR-SP-292
Brazil,BR,São Paulo,BR-SP,Nova Aliança,BR-SP-370
Brazil,BR,São Paulo,BR-SP,São Bento do Sapucaí,BR-SP-546
Brazil,BR,São Paulo,BR-SP,Sete Barras,BR-SP-580
Brazil,BR,São Paulo,BR-SP,Diadema,BR-SP-154
Brazil,BR,São Paulo,BR-SP,Porto Feliz,BR-SP-456
Brazil,BR,São Paulo,BR-SP,Santo Antônio do Jardim,BR-SP-541
Brazil,BR,São Paulo,BR-SP,Várzea Paulista,BR-SP-637
Brazil,BR,São Paulo,BR-SP,Chavantes,BR-SP-134
Brazil,BR,São Paulo,BR-SP,Colômbia,BR-SP-137
Brazil,BR,São Paulo,BR-SP,Louveira,BR-SP-311
Brazil,BR,São Paulo,BR-SP,Murutinga do Sul,BR-SP-362
Brazil,BR,São Paulo,BR-SP,Oriente,BR-SP-387
Brazil,BR,São Paulo,BR-SP,Santa Ernestina,BR-SP-523
Brazil,BR,São Paulo,BR-SP,Palmares Paulista,BR-SP-398
Brazil,BR,São Paulo,BR-SP,Guaratinguetá,BR-SP-211
Brazil,BR,São Paulo,BR-SP,Campina do Monte Alegre,BR-SP-108
Brazil,BR,São Paulo,BR-SP,Ibitinga,BR-SP-227
Brazil,BR,São Paulo,BR-SP,Itariri,BR-SP-269
Brazil,BR,São Paulo,BR-SP,Capela do Alto,BR-SP-119
Brazil,BR,São Paulo,BR-SP,Rubinéia,BR-SP-502
Brazil,BR,São Paulo,BR-SP,Junqueirópolis,BR-SP-297
Brazil,BR,São Paulo,BR-SP,Tupi Paulista,BR-SP-620
Brazil,BR,São Paulo,BR-SP,São João de Iracema,BR-SP-553
Brazil,BR,São Paulo,BR-SP,Guararapes,BR-SP-209
Brazil,BR,São Paulo,BR-SP,Mogi Mirim,BR-SP-348
Brazil,BR,São Paulo,BR-SP,Monte Alegre do Sul,BR-SP-352
Brazil,BR,São Paulo,BR-SP,Areiópolis,BR-SP-042
Brazil,BR,São Paulo,BR-SP,Restinga,BR-SP-481
Brazil,BR,São Paulo,BR-SP,Valinhos,BR-SP-632
Brazil,BR,São Paulo,BR-SP,Paulínia,BR-SP-413
Brazil,BR,São Paulo,BR-SP,Itaí,BR-SP-252
Brazil,BR,São Paulo,BR-SP,Bom Jesus dos Perdões,BR-SP-080
Brazil,BR,São Paulo,BR-SP,Taquarivaí,BR-SP-603
Brazil,BR,São Paulo,BR-SP,Urupês,BR-SP-630
Brazil,BR,São Paulo,BR-SP,Taquaral,BR-SP-600
Brazil,BR,São Paulo,BR-SP,Paraguaçu Paulista,BR-SP-402
Brazil,BR,São Paulo,BR-SP,Salesópolis,BR-SP-507
Brazil,BR,São Paulo,BR-SP,São Manuel,BR-SP-563
Brazil,BR,São Paulo,BR-SP,Americana,BR-SP-019
Brazil,BR,São Paulo,BR-SP,Itapevi,BR-SP-260
Brazil,BR,São Paulo,BR-SP,Itupeva,BR-SP-276
Brazil,BR,São Paulo,BR-SP,Pederneiras,BR-SP-416
Brazil,BR,São Paulo,BR-SP,Pariquera-Açu,BR-SP-409
Brazil,BR,São Paulo,BR-SP,Orindiúva,BR-SP-388
Brazil,BR,São Paulo,BR-SP,Nova Independência,BR-SP-377
Brazil,BR,São Paulo,BR-SP,Jumirim,BR-SP-295
Brazil,BR,São Paulo,BR-SP,Avaré,BR-SP-052
Brazil,BR,São Paulo,BR-SP,Dolcinópolis,BR-SP-159
Brazil,BR,São Paulo,BR-SP,Marapoama,BR-SP-327
Brazil,BR,São Paulo,BR-SP,Pedrinhas Paulista,BR-SP-421
Brazil,BR,São Paulo,BR-SP,Palestina,BR-SP-397
Brazil,BR,São Paulo,BR-SP,Conchas,BR-SP-139
Brazil,BR,São Paulo,BR-SP,Sebastianópolis do Sul,BR-SP-575
Brazil,BR,São Paulo,BR-SP,Dois Córregos,BR-SP-158
Brazil,BR,São Paulo,BR-SP,Severínia,BR-SP-581
Brazil,BR,São Paulo,BR-SP,Tapiratiba,BR-SP-599
Brazil,BR,São Paulo,BR-SP,Cravinhos,BR-SP-147
Brazil,BR,São Paulo,BR-SP,Natividade da Serra,BR-SP-365
Brazil,BR,São Paulo,BR-SP,Brejo Alegre,BR-SP-089
Brazil,BR,São Paulo,BR-SP,São João da Boa Vista,BR-SP-551
Brazil,BR,São Paulo,BR-SP,Artur Nogueira,BR-SP-044
Brazil,BR,São Paulo,BR-SP,Riversul,BR-SP-498
Brazil,BR,São Paulo,BR-SP,Gavião Peixoto,BR-SP-195
Brazil,BR,São Paulo,BR-SP,Boa Esperança do Sul,BR-SP-076
Brazil,BR,São Paulo,BR-SP,Espírito Santo do Pinhal,BR-SP-173
Brazil,BR,São Paulo,BR-SP,São Simão,BR-SP-571
Brazil,BR,São Paulo,BR-SP,Queluz,BR-SP-473
Brazil,BR,São Paulo,BR-SP,Arealva,BR-SP-040
Brazil,BR,São Paulo,BR-SP,Adamantina,BR-SP-001
Brazil,BR,São Paulo,BR-SP,Canitar,BR-SP-117
Brazil,BR,São Paulo,BR-SP,Valentim Gentil,BR-SP-631
Brazil,BR,São Paulo,BR-SP,Santa Maria da Serra,BR-SP-528
Brazil,BR,São Paulo,BR-SP,Charqueada,BR-SP-133
Brazil,BR,São Paulo,BR-SP,Vitória Brasil,BR-SP-642
Brazil,BR,São Paulo,BR-SP,Jundiaí,BR-SP-296
Brazil,BR,São Paulo,BR-SP,Águas de São Pedro,BR-SP-007
Brazil,BR,São Paulo,BR-SP,São João do Pau d'Alho,BR-SP-554
Brazil,BR,São Paulo,BR-SP,Cajamar,BR-SP-104
Brazil,BR,São Paulo,BR-SP,Sagres,BR-SP-504
Brazil,BR,São Paulo,BR-SP,Tabapuã,BR-SP-589
Brazil,BR,São Paulo,BR-SP,Santa Adélia,BR-SP-514
Brazil,BR,São Paulo,BR-SP,Adolfo,BR-SP-002
Brazil,BR,São Paulo,BR-SP,Iaras,BR-SP-223
Brazil,BR,São Paulo,BR-SP,Campos do Jordão,BR-SP-111
Brazil,BR,São Paulo,BR-SP,Pedranópolis,BR-SP-418
Brazil,BR,São Paulo,BR-SP,Araçatuba,BR-SP-032
Brazil,BR,São Paulo,BR-SP,Valparaíso,BR-SP-633
Brazil,BR,São Paulo,BR-SP,Divinolândia,BR-SP-156
Brazil,BR,São Paulo,BR-SP,Jaci,BR-SP-281
Brazil,BR,São Paulo,BR-SP,Amparo,BR-SP-022
Brazil,BR,São Paulo,BR-SP,Itapecerica da Serra,BR-SP-257
Brazil,BR,São Paulo,BR-SP,Mariápolis,BR-SP-328
Brazil,BR,São Paulo,BR-SP,Américo Brasiliense,BR-SP-020
Brazil,BR,São Paulo,BR-SP,Quatá,BR-SP-471
Brazil,BR,São Paulo,BR-SP,São Paulo,BR-SP-565
Brazil,BR,São Paulo,BR-SP,Marília,BR-SP-329
Brazil,BR,São Paulo,BR-SP,Matão,BR-SP-332
Brazil,BR,São Paulo,BR-SP,Flora Rica,BR-SP-184
Brazil,BR,São Paulo,BR-SP,Ipaussu,BR-SP-242
Brazil,BR,São Paulo,BR-SP,Braúna,BR-SP-088
Brazil,BR,São Paulo,BR-SP,Monte Castelo,BR-SP-356
Brazil,BR,São Paulo,BR-SP,São José do Rio Preto,BR-SP-559
Brazil,BR,São Paulo,BR-SP,Vargem Grande Paulista,BR-SP-636
Brazil,BR,São Paulo,BR-SP,Rafard,BR-SP-475
Brazil,BR,São Paulo,BR-SP,Serra Negra,BR-SP-577
Brazil,BR,São Paulo,BR-SP,Mesópolis,BR-SP-336
Brazil,BR,São Paulo,BR-SP,Cotia,BR-SP-146
Brazil,BR,São Paulo,BR-SP,Birigui,BR-SP-074
Brazil,BR,São Paulo,BR-SP,Pacaembu,BR-SP-396
Brazil,BR,São Paulo,BR-SP,Piracaia,BR-SP-435
Brazil,BR,São Paulo,BR-SP,Itapeva,BR-SP-259
Brazil,BR,São Paulo,BR-SP,Salto de Pirapora,BR-SP-511
Brazil,BR,São Paulo,BR-SP,Salto,BR-SP-510
Brazil,BR,São Paulo,BR-SP,Santa Cruz da Conceição,BR-SP-519
Brazil,BR,São Paulo,BR-SP,Santo Antônio de Posse,BR-SP-539
Brazil,BR,São Paulo,BR-SP,Meridiano,BR-SP-335
Brazil,BR,São Paulo,BR-SP,Oscar Bressane,BR-SP-391
Brazil,BR,São Paulo,BR-SP,Hortolândia,BR-SP-220
Brazil,BR,São Paulo,BR-SP,Panorama,BR-SP-401
Brazil,BR,São Paulo,BR-SP,Tambaú,BR-SP-596
Brazil,BR,Santa Catarina,BR-SC,Serra Alta,BR-SC-262
Brazil,BR,Santa Catarina,BR-SC,São Bento do Sul,BR-SC-238
Brazil,BR,Santa Catarina,BR-SC,Canelinha,BR-SC-059
Brazil,BR,Santa Catarina,BR-SC,Barra Bonita,BR-SC-033
Brazil,BR,Santa Catarina,BR-SC,Jaguaruna,BR-SC-135
Brazil,BR,Santa Catarina,BR-SC,Guatambú,BR-SC-106
Brazil,BR,Santa Catarina,BR-SC,Imaruí,BR-SC-113
Brazil,BR,Santa Catarina,BR-SC,Frei Rogério,BR-SC-094
Brazil,BR,Santa Catarina,BR-SC,Planalto Alegre,BR-SC-200
Brazil,BR,Santa Catarina,BR-SC,Chapecó,BR-SC-069
Brazil,BR,Santa Catarina,BR-SC,Timbó,BR-SC-271
Brazil,BR,Santa Catarina,BR-SC,Governador Celso Ramos,BR-SC-099
Brazil,BR,Santa Catarina,BR-SC,São José do Cerrito,BR-SC-252
Brazil,BR,Santa Catarina,BR-SC,Massaranduba,BR-SC-161
Brazil,BR,Santa Catarina,BR-SC,Presidente Nereu,BR-SC-211
Brazil,BR,Santa Catarina,BR-SC,Rio Fortuna,BR-SC-220
Brazil,BR,Santa Catarina,BR-SC,Biguaçu,BR-SC-038
Brazil,BR,Santa Catarina,BR-SC,Petrolândia,BR-SC-196
Brazil,BR,Santa Catarina,BR-SC,Seara,BR-SC-261
Brazil,BR,Santa Catarina,BR-SC,Jardinópolis,BR-SC-137
Brazil,BR,Santa Catarina,BR-SC,Balneário Barra do Sul,BR-SC-027
Brazil,BR,Santa Catarina,BR-SC,Botuverá,BR-SC-046
Brazil,BR,Santa Catarina,BR-SC,Irani,BR-SC-123
Brazil,BR,Santa Catarina,BR-SC,Coronel Freitas,BR-SC-073
Brazil,BR,Santa Catarina,BR-SC,Rio dos Cedros,BR-SC-219
Brazil,BR,Santa Catarina,BR-SC,Joinville,BR-SC-139
Brazil,BR,Santa Catarina,BR-SC,Salete,BR-SC-226
Brazil,BR,Santa Catarina,BR-SC,Alto Bela Vista,BR-SC-010
Brazil,BR,Santa Catarina,BR-SC,Cerro Negro,BR-SC-067
Brazil,BR,Santa Catarina,BR-SC,São Martinho,BR-SC-255
Brazil,BR,Santa Catarina,BR-SC,Iraceminha,BR-SC-122
Brazil,BR,Santa Catarina,BR-SC,Jacinto Machado,BR-SC-134
Brazil,BR,Santa Catarina,BR-SC,Videira,BR-SC-289
Brazil,BR,Santa Catarina,BR-SC,Agrolândia,BR-SC-003
Brazil,BR,Santa Catarina,BR-SC,Quilombo,BR-SC-213
Brazil,BR,Santa Catarina,BR-SC,Flor do Sertão,BR-SC-089
Brazil,BR,Santa Catarina,BR-SC,Bom Jesus,BR-SC-042
Brazil,BR,Santa Catarina,BR-SC,Maracajá,BR-SC-158
Brazil,BR,Santa Catarina,BR-SC,Capivari de Baixo,BR-SC-063
Brazil,BR,Santa Catarina,BR-SC,Vargem,BR-SC-286
Brazil,BR,Santa Catarina,BR-SC,Cunha Porã,BR-SC-078
Brazil,BR,Santa Catarina,BR-SC,Mafra,BR-SC-155
Brazil,BR,Santa Catarina,BR-SC,Anita Garibaldi,BR-SC-013
Brazil,BR,Santa Catarina,BR-SC,Turvo,BR-SC-280
Brazil,BR,Santa Catarina,BR-SC,Rio do Sul,BR-SC-218
Brazil,BR,Santa Catarina,BR-SC,Laurentino,BR-SC-146
Brazil,BR,Santa Catarina,BR-SC,Treviso,BR-SC-274
Brazil,BR,Santa Catarina,BR-SC,Penha,BR-SC-193
Brazil,BR,Santa Catarina,BR-SC,Garuva,BR-SC-097
Brazil,BR,Santa Catarina,BR-SC,Vitor Meireles,BR-SC-290
Brazil,BR,Santa Catarina,BR-SC,Xaxim,BR-SC-294
Brazil,BR,Santa Catarina,BR-SC,Descanso,BR-SC-081
Brazil,BR,Santa Catarina,BR-SC,São Bonifácio,BR-SC-240
Brazil,BR,Santa Catarina,BR-SC,São Lourenço do Oeste,BR-SC-253
Brazil,BR,Santa Catarina,BR-SC,Corupá,BR-SC-076
Brazil,BR,Santa Catarina,BR-SC,Monte Carlo,BR-SC-167
Brazil,BR,Santa Catarina,BR-SC,Atalanta,BR-SC-024
Brazil,BR,Santa Catarina,BR-SC,Nova Trento,BR-SC-174
Brazil,BR,Santa Catarina,BR-SC,Belmonte,BR-SC-036
Brazil,BR,Santa Catarina,BR-SC,Jaraguá do Sul,BR-SC-136
Brazil,BR,Santa Catarina,BR-SC,Rodeio,BR-SC-224
Brazil,BR,Santa Catarina,BR-SC,Iporã do Oeste,BR-SC-119
Brazil,BR,Santa Catarina,BR-SC,José Boiteux,BR-SC-140
Brazil,BR,Santa Catarina,BR-SC,Lindóia do Sul,BR-SC-150
Brazil,BR,Santa Catarina,BR-SC,São Joaquim,BR-SC-249
Brazil,BR,Santa Catarina,BR-SC,Sangão,BR-SC-229
Brazil,BR,Santa Catarina,BR-SC,Major Vieira,BR-SC-157
Brazil,BR,Santa Catarina,BR-SC,Leoberto Leal,BR-SC-149
Brazil,BR,Santa Catarina,BR-SC,Guaramirim,BR-SC-104
Brazil,BR,Santa Catarina,BR-SC,Passo de Torres,BR-SC-189
Brazil,BR,Santa Catarina,BR-SC,Água Doce,BR-SC-005
Brazil,BR,Santa Catarina,BR-SC,Cordilheira Alta,BR-SC-072
Brazil,BR,Santa Catarina,BR-SC,Santa Rosa de Lima,BR-SC-232
Brazil,BR,Santa Catarina,BR-SC,Vidal Ramos,BR-SC-288
Brazil,BR,Santa Catarina,BR-SC,Mondaí,BR-SC-166
Brazil,BR,Santa Catarina,BR-SC,Caçador,BR-SC-051
Brazil,BR,Santa Catarina,BR-SC,Forquilhinha,BR-SC-092
Brazil,BR,Santa Catarina,BR-SC,Ponte Alta do Norte,BR-SC-203
Brazil,BR,Santa Catarina,BR-SC,Paulo Lopes,BR-SC-191
Brazil,BR,Santa Catarina,BR-SC,Meleiro,BR-SC-163
Brazil,BR,Santa Catarina,BR-SC,Saltinho,BR-SC-227
Brazil,BR,Santa Catarina,BR-SC,Joaçaba,BR-SC-138
Brazil,BR,Santa Catarina,BR-SC,Araranguá,BR-SC-019
Brazil,BR,Santa Catarina,BR-SC,Guaraciaba,BR-SC-103
Brazil,BR,Santa Catarina,BR-SC,Ibirama,BR-SC-110
Brazil,BR,Santa Catarina,BR-SC,Itapema,BR-SC-129
Brazil,BR,Santa Catarina,BR-SC,Anitápolis,BR-SC-014
Brazil,BR,Santa Catarina,BR-SC,Ipira,BR-SC-118
Brazil,BR,Santa Catarina,BR-SC,Gaspar,BR-SC-098
Brazil,BR,Santa Catarina,BR-SC,Nova Erechim,BR-SC-172
Brazil,BR,Santa Catarina,BR-SC,Treze Tílias,BR-SC-276
Brazil,BR,Santa Catarina,BR-SC,Lontras,BR-SC-151
Brazil,BR,Santa Catarina,BR-SC,Palmitos,BR-SC-186
Brazil,BR,Santa Catarina,BR-SC,Campo Alegre,BR-SC-055
Brazil,BR,Santa Catarina,BR-SC,Bom Jardim da Serra,BR-SC-041
Brazil,BR,Santa Catarina,BR-SC,Pedras Grandes,BR-SC-192
Brazil,BR,Santa Catarina,BR-SC,São Miguel do Oeste,BR-SC-257
Brazil,BR,Santa Catarina,BR-SC,Barra Velha,BR-SC-034
Brazil,BR,Santa Catarina,BR-SC,Guarujá do Sul,BR-SC-105
Brazil,BR,Santa Catarina,BR-SC,Grão-Pará,BR-SC-100
Brazil,BR,Santa Catarina,BR-SC,Ipuaçu,BR-SC-120
Brazil,BR,Santa Catarina,BR-SC,Papanduva,BR-SC-187
Brazil,BR,Santa Catarina,BR-SC,São Pedro de Alcântara,BR-SC-258
Brazil,BR,Santa Catarina,BR-SC,Novo Horizonte,BR-SC-176
Brazil,BR,Santa Catarina,BR-SC,Urussanga,BR-SC-284
Brazil,BR,Santa Catarina,BR-SC,Campos Novos,BR-SC-058
Brazil,BR,Santa Catarina,BR-SC,São Cristóvão do Sul,BR-SC-242
Brazil,BR,Santa Catarina,BR-SC,Lebon Régis,BR-SC-148
Brazil,BR,Santa Catarina,BR-SC,Pinhalzinho,BR-SC-197
Brazil,BR,Santa Catarina,BR-SC,Doutor Pedrinho,BR-SC-084
Brazil,BR,Santa Catarina,BR-SC,Faxinal dos Guedes,BR-SC-088
Brazil,BR,Santa Catarina,BR-SC,Águas Mornas,BR-SC-008
Brazil,BR,Santa Catarina,BR-SC,Abdon Batista,BR-SC-001
Brazil,BR,Santa Catarina,BR-SC,Urubici,BR-SC-282
Brazil,BR,Santa Catarina,BR-SC,Brusque,BR-SC-050
Brazil,BR,Santa Catarina,BR-SC,Peritiba,BR-SC-194
Brazil,BR,Santa Catarina,BR-SC,Erval Velho,BR-SC-087
Brazil,BR,Santa Catarina,BR-SC,Schroeder,BR-SC-260
Brazil,BR,Santa Catarina,BR-SC,Arroio Trinta,BR-SC-021
Brazil,BR,Santa Catarina,BR-SC,Saudades,BR-SC-259
Brazil,BR,Santa Catarina,BR-SC,Bandeirante,BR-SC-032
Brazil,BR,Santa Catarina,BR-SC,Pescaria Brava,BR-SC-195
Brazil,BR,Santa Catarina,BR-SC,Paial,BR-SC-181
Brazil,BR,Santa Catarina,BR-SC,Matos Costa,BR-SC-162
Brazil,BR,Santa Catarina,BR-SC,Irineópolis,BR-SC-125
Brazil,BR,Santa Catarina,BR-SC,Galvão,BR-SC-095
Brazil,BR,Santa Catarina,BR-SC,Ermo,BR-SC-086
Brazil,BR,Santa Catarina,BR-SC,Princesa,BR-SC-212
Brazil,BR,Santa Catarina,BR-SC,Santo Amaro da Imperatriz,BR-SC-237
Brazil,BR,Santa Catarina,BR-SC,Concórdia,BR-SC-071
Brazil,BR,Santa Catarina,BR-SC,Lauro Müller,BR-SC-147
Brazil,BR,Santa Catarina,BR-SC,Camboriú,BR-SC-054
Brazil,BR,Santa Catarina,BR-SC,Ibicaré,BR-SC-109
Brazil,BR,Santa Catarina,BR-SC,Dona Emma,BR-SC-083
Brazil,BR,Santa Catarina,BR-SC,Porto União,BR-SC-206
Brazil,BR,Santa Catarina,BR-SC,Lages,BR-SC-143
Brazil,BR,Santa Catarina,BR-SC,Fraiburgo,BR-SC-093
Brazil,BR,Santa Catarina,BR-SC,Balneário Camboriú,BR-SC-028
Brazil,BR,Santa Catarina,BR-SC,Monte Castelo,BR-SC-168
Brazil,BR,Santa Catarina,BR-SC,Tigrinhos,BR-SC-268
Brazil,BR,Santa Catarina,BR-SC,Rio Rufino,BR-SC-222
Brazil,BR,Santa Catarina,BR-SC,São Francisco do Sul,BR-SC-244
Brazil,BR,Santa Catarina,BR-SC,Santa Terezinha,BR-SC-234
Brazil,BR,Santa Catarina,BR-SC,Vargem Bonita,BR-SC-287
Brazil,BR,Santa Catarina,BR-SC,Apiúna,BR-SC-016
Brazil,BR,Santa Catarina,BR-SC,Sombrio,BR-SC-264
Brazil,BR,Santa Catarina,BR-SC,Romelândia,BR-SC-225
Brazil,BR,Santa Catarina,BR-SC,Curitibanos,BR-SC-080
Brazil,BR,Santa Catarina,BR-SC,Rio Negrinho,BR-SC-221
Brazil,BR,Santa Catarina,BR-SC,Balneário Gaivota,BR-SC-029
Brazil,BR,Santa Catarina,BR-SC,Cocal do Sul,BR-SC-070
Brazil,BR,Santa Catarina,BR-SC,Correia Pinto,BR-SC-075
Brazil,BR,Santa Catarina,BR-SC,Três Barras,BR-SC-273
Brazil,BR,Santa Catarina,BR-SC,Campo Erê,BR-SC-057
Brazil,BR,Santa Catarina,BR-SC,Luiz Alves,BR-SC-152
Brazil,BR,Santa Catarina,BR-SC,Modelo,BR-SC-165
Brazil,BR,Santa Catarina,BR-SC,Guabiruba,BR-SC-102
Brazil,BR,Santa Catarina,BR-SC,Gravatal,BR-SC-101
Brazil,BR,Santa Catarina,BR-SC,Ouro Verde,BR-SC-180
Brazil,BR,Santa Catarina,BR-SC,Marema,BR-SC-160
Brazil,BR,Santa Catarina,BR-SC,Içara,BR-SC-111
Brazil,BR,Santa Catarina,BR-SC,São Miguel da Boa Vista,BR-SC-256
Brazil,BR,Santa Catarina,BR-SC,Orleans,BR-SC-177
Brazil,BR,Santa Catarina,BR-SC,Pomerode,BR-SC-201
Brazil,BR,Santa Catarina,BR-SC,Armazém,BR-SC-020
Brazil,BR,Santa Catarina,BR-SC,Aurora,BR-SC-025
Brazil,BR,Santa Catarina,BR-SC,Dionísio Cerqueira,BR-SC-082
Brazil,BR,Santa Catarina,BR-SC,Benedito Novo,BR-SC-037
Brazil,BR,Santa Catarina,BR-SC,Ibiam,BR-SC-108
Brazil,BR,Santa Catarina,BR-SC,Tunápolis,BR-SC-279
Brazil,BR,Santa Catarina,BR-SC,Tangará,BR-SC-267
Brazil,BR,Santa Catarina,BR-SC,Blumenau,BR-SC-039
Brazil,BR,Santa Catarina,BR-SC,Águas de Chapecó,BR-SC-006
Brazil,BR,Santa Catarina,BR-SC,Otacílio Costa,BR-SC-178
Brazil,BR,Santa Catarina,BR-SC,Itapiranga,BR-SC-130
Brazil,BR,Santa Catarina,BR-SC,Imbituba,BR-SC-114
Brazil,BR,Santa Catarina,BR-SC,Painel,BR-SC-182
Brazil,BR,Santa Catarina,BR-SC,Morro Grande,BR-SC-170
Brazil,BR,Santa Catarina,BR-SC,Ascurra,BR-SC-023
Brazil,BR,Santa Catarina,BR-SC,Catanduvas,BR-SC-064
Brazil,BR,Santa Catarina,BR-SC,São João Batista,BR-SC-245
Brazil,BR,Santa Catarina,BR-SC,Ouro,BR-SC-179
Brazil,BR,Santa Catarina,BR-SC,Bom Jesus do Oeste,BR-SC-043
Brazil,BR,Santa Catarina,BR-SC,Garopaba,BR-SC-096
Brazil,BR,Santa Catarina,BR-SC,Itajaí,BR-SC-128
Brazil,BR,Santa Catarina,BR-SC,Ipumirim,BR-SC-121
Brazil,BR,Santa Catarina,BR-SC,Zortéa,BR-SC-295
Brazil,BR,Santa Catarina,BR-SC,Águas Frias,BR-SC-007
Brazil,BR,Santa Catarina,BR-SC,Navegantes,BR-SC-171
Brazil,BR,Santa Catarina,BR-SC,Ponte Alta,BR-SC-202
Brazil,BR,Santa Catarina,BR-SC,São Ludgero,BR-SC-254
Brazil,BR,Santa Catarina,BR-SC,Bombinhas,BR-SC-045
Brazil,BR,Santa Catarina,BR-SC,Xavantina,BR-SC-293
Brazil,BR,Santa Catarina,BR-SC,São João do Sul,BR-SC-248
Brazil,BR,Santa Catarina,BR-SC,Balneário Piçarras,BR-SC-030
Brazil,BR,Santa Catarina,BR-SC,Timbó Grande,BR-SC-272
Brazil,BR,Santa Catarina,BR-SC,Itá,BR-SC-126
Brazil,BR,Santa Catarina,BR-SC,São Domingos,BR-SC-243
Brazil,BR,Santa Catarina,BR-SC,São José,BR-SC-250
Brazil,BR,Santa Catarina,BR-SC,Brunópolis,BR-SC-049
Brazil,BR,Santa Catarina,BR-SC,Indaial,BR-SC-116
Brazil,BR,Santa Catarina,BR-SC,Agronômica,BR-SC-004
Brazil,BR,Santa Catarina,BR-SC,Sul Brasil,BR-SC-265
Brazil,BR,Santa Catarina,BR-SC,São José do Cedro,BR-SC-251
Brazil,BR,Santa Catarina,BR-SC,Lacerdópolis,BR-SC-142
Brazil,BR,Santa Catarina,BR-SC,Angelina,BR-SC-012
Brazil,BR,Santa Catarina,BR-SC,Trombudo Central,BR-SC-277
Brazil,BR,Santa Catarina,BR-SC,Praia Grande,BR-SC-208
Brazil,BR,Santa Catarina,BR-SC,Porto Belo,BR-SC-205
Brazil,BR,Santa Catarina,BR-SC,Araquari,BR-SC-018
Brazil,BR,Santa Catarina,BR-SC,Siderópolis,BR-SC-263
Brazil,BR,Santa Catarina,BR-SC,Bocaina do Sul,BR-SC-040
Brazil,BR,Santa Catarina,BR-SC,Jupiá,BR-SC-141
Brazil,BR,Santa Catarina,BR-SC,Timbé do Sul,BR-SC-270
Brazil,BR,Santa Catarina,BR-SC,Ilhota,BR-SC-112
Brazil,BR,Santa Catarina,BR-SC,Urupema,BR-SC-283
Brazil,BR,Santa Catarina,BR-SC,Piratuba,BR-SC-199
Brazil,BR,Santa Catarina,BR-SC,Taió,BR-SC-266
Brazil,BR,Santa Catarina,BR-SC,Palmeira,BR-SC-185
Brazil,BR,Santa Catarina,BR-SC,Morro da Fumaça,BR-SC-169
Brazil,BR,Santa Catarina,BR-SC,Passos Maia,BR-SC-190
Brazil,BR,Santa Catarina,BR-SC,Major Gercino,BR-SC-156
Brazil,BR,Santa Catarina,BR-SC,Rio do Campo,BR-SC-216
Brazil,BR,Santa Catarina,BR-SC,Abelardo Luz,BR-SC-002
Brazil,BR,Santa Catarina,BR-SC,Macieira,BR-SC-154
Brazil,BR,Santa Catarina,BR-SC,Santa Cecília,BR-SC-230
Brazil,BR,Santa Catarina,BR-SC,Santa Terezinha do Progresso,BR-SC-235
Brazil,BR,Santa Catarina,BR-SC,Pouso Redondo,BR-SC-207
Brazil,BR,Santa Catarina,BR-SC,Coronel Martins,BR-SC-074
Brazil,BR,Santa Catarina,BR-SC,Itaiópolis,BR-SC-127
Brazil,BR,Santa Catarina,BR-SC,Luzerna,BR-SC-153
Brazil,BR,Santa Catarina,BR-SC,Antônio Carlos,BR-SC-015
Brazil,BR,Santa Catarina,BR-SC,Paraíso,BR-SC-188
Brazil,BR,Santa Catarina,BR-SC,Riqueza,BR-SC-223
Brazil,BR,Santa Catarina,BR-SC,Florianópolis,BR-SC-090
Brazil,BR,Santa Catarina,BR-SC,São João do Itaperiú,BR-SC-246
Brazil,BR,Santa Catarina,BR-SC,Palma Sola,BR-SC-184
Brazil,BR,Santa Catarina,BR-SC,Rio das Antas,BR-SC-215
Brazil,BR,Santa Catarina,BR-SC,Pinheiro Preto,BR-SC-198
Brazil,BR,Santa Catarina,BR-SC,Salto Veloso,BR-SC-228
Brazil,BR,Santa Catarina,BR-SC,Presidente Castello Branco,BR-SC-209
Brazil,BR,Santa Catarina,BR-SC,Anchieta,BR-SC-011
Brazil,BR,Santa Catarina,BR-SC,Nova Itaberaba,BR-SC-173
Brazil,BR,Santa Catarina,BR-SC,Arvoredo,BR-SC-022
Brazil,BR,Santa Catarina,BR-SC,União do Oeste,BR-SC-281
Brazil,BR,Santa Catarina,BR-SC,Capinzal,BR-SC-062
Brazil,BR,Santa Catarina,BR-SC,Rio do Oeste,BR-SC-217
Brazil,BR,Santa Catarina,BR-SC,Itapoá,BR-SC-131
Brazil,BR,Santa Catarina,BR-SC,Celso Ramos,BR-SC-066
Brazil,BR,Santa Catarina,BR-SC,Bela Vista do Toldo,BR-SC-035
Brazil,BR,Santa Catarina,BR-SC,Maravilha,BR-SC-159
Brazil,BR,Santa Catarina,BR-SC,Mirim Doce,BR-SC-164
Brazil,BR,Santa Catarina,BR-SC,Alfredo Wagner,BR-SC-009
Brazil,BR,Santa Catarina,BR-SC,Tubarão,BR-SC-278
Brazil,BR,Santa Catarina,BR-SC,Xanxerê,BR-SC-292
Brazil,BR,Santa Catarina,BR-SC,Palhoça,BR-SC-183
Brazil,BR,Santa Catarina,BR-SC,Santa Helena,BR-SC-231
Brazil,BR,Santa Catarina,BR-SC,Campo Belo do Sul,BR-SC-056
Brazil,BR,Santa Catarina,BR-SC,Caibi,BR-SC-052
Brazil,BR,Santa Catarina,BR-SC,Imbuia,BR-SC-115
Brazil,BR,Santa Catarina,BR-SC,Balneário Rincão,BR-SC-031
Brazil,BR,Santa Catarina,BR-SC,Arabutã,BR-SC-017
Brazil,BR,Santa Catarina,BR-SC,Tijucas,BR-SC-269
Brazil,BR,Santa Catarina,BR-SC,Ponte Serrada,BR-SC-204
Brazil,BR,Santa Catarina,BR-SC,Balneário Arroio do Silva,BR-SC-026
Brazil,BR,Santa Catarina,BR-SC,Treze de Maio,BR-SC-275
Brazil,BR,Santa Catarina,BR-SC,São João do Oeste,BR-SC-247
Brazil,BR,Santa Catarina,BR-SC,Herval d'Oeste,BR-SC-107
Brazil,BR,Santa Catarina,BR-SC,Lajeado Grande,BR-SC-145
Brazil,BR,Santa Catarina,BR-SC,Entre Rios,BR-SC-085
Brazil,BR,Santa Catarina,BR-SC,Presidente Getúlio,BR-SC-210
Brazil,BR,Santa Catarina,BR-SC,Santa Rosa do Sul,BR-SC-233
Brazil,BR,Santa Catarina,BR-SC,Calmon,BR-SC-053
Brazil,BR,Santa Catarina,BR-SC,Ituporanga,BR-SC-132
Brazil,BR,Santa Catarina,BR-SC,Capão Alto,BR-SC-061
Brazil,BR,Santa Catarina,BR-SC,Nova Veneza,BR-SC-175
Brazil,BR,Santa Catarina,BR-SC,Caxambu do Sul,BR-SC-065
Brazil,BR,Santa Catarina,BR-SC,Witmarsum,BR-SC-291
Brazil,BR,Santa Catarina,BR-SC,Irati,BR-SC-124
Brazil,BR,Santa Catarina,BR-SC,São Bernardino,BR-SC-239
Brazil,BR,Santa Catarina,BR-SC,Jaborá,BR-SC-133
Brazil,BR,Santa Catarina,BR-SC,Braço do Trombudo,BR-SC-048
Brazil,BR,Santa Catarina,BR-SC,Santiago do Sul,BR-SC-236
Brazil,BR,Santa Catarina,BR-SC,Cunhataí,BR-SC-079
Brazil,BR,Santa Catarina,BR-SC,Vargeão,BR-SC-285
Brazil,BR,Santa Catarina,BR-SC,Laguna,BR-SC-144
Brazil,BR,Santa Catarina,BR-SC,Formosa do Sul,BR-SC-091
Brazil,BR,Santa Catarina,BR-SC,Braço do Norte,BR-SC-047
Brazil,BR,Santa Catarina,BR-SC,Canoinhas,BR-SC-060
Brazil,BR,Santa Catarina,BR-SC,São Carlos,BR-SC-241
Brazil,BR,Santa Catarina,BR-SC,Criciúma,BR-SC-077
Brazil,BR,Santa Catarina,BR-SC,Bom Retiro,BR-SC-044
Brazil,BR,Santa Catarina,BR-SC,Iomerê,BR-SC-117
Brazil,BR,Santa Catarina,BR-SC,Rancho Queimado,BR-SC-214
Brazil,BR,Santa Catarina,BR-SC,Chapadão do Lageado,BR-SC-068
Brazil,BR,Mato Grosso do Sul,BR-MS,Anastácio,BR-MS-004
Brazil,BR,Mato Grosso do Sul,BR-MS,Corguinho,BR-MS-024
Brazil,BR,Mato Grosso do Sul,BR-MS,Camapuã,BR-MS-019
Brazil,BR,Mato Grosso do Sul,BR-MS,Alcinópolis,BR-MS-002
Brazil,BR,Mato Grosso do Sul,BR-MS,Paranaíba,BR-MS-059
Brazil,BR,Mato Grosso do Sul,BR-MS,Mundo Novo,BR-MS-052
Brazil,BR,Mato Grosso do Sul,BR-MS,Rio Verde de Mato Grosso,BR-MS-067
Brazil,BR,Mato Grosso do Sul,BR-MS,Rio Brilhante,BR-MS-065
Brazil,BR,Mato Grosso do Sul,BR-MS,Água Clara,BR-MS-001
Brazil,BR,Mato Grosso do Sul,BR-MS,Vicentina,BR-MS-079
Brazil,BR,Mato Grosso do Sul,BR-MS,Ponta Porã,BR-MS-062
Brazil,BR,Mato Grosso do Sul,BR-MS,Naviraí,BR-MS-053
Brazil,BR,Mato Grosso do Sul,BR-MS,Selvíria,BR-MS-071
Brazil,BR,Mato Grosso do Sul,BR-MS,Ladário,BR-MS-048
Brazil,BR,Mato Grosso do Sul,BR-MS,Nova Andradina,BR-MS-056
Brazil,BR,Mato Grosso do Sul,BR-MS,Aparecida do Taboado,BR-MS-008
Brazil,BR,Mato Grosso do Sul,BR-MS,Caarapó,BR-MS-018
Brazil,BR,Mato Grosso do Sul,BR-MS,Cassilândia,BR-MS-022
Brazil,BR,Mato Grosso do Sul,BR-MS,Bela Vista,BR-MS-014
Brazil,BR,Mato Grosso do Sul,BR-MS,Jateí,BR-MS-046
Brazil,BR,Mato Grosso do Sul,BR-MS,Jaraguari,BR-MS-044
Brazil,BR,Mato Grosso do Sul,BR-MS,Eldorado,BR-MS-033
Brazil,BR,Mato Grosso do Sul,BR-MS,Sidrolândia,BR-MS-073
Brazil,BR,Mato Grosso do Sul,BR-MS,Figueirão,BR-MS-035
Brazil,BR,Mato Grosso do Sul,BR-MS,Campo Grande,BR-MS-020
Brazil,BR,Mato Grosso do Sul,BR-MS,Anaurilândia,BR-MS-005
Brazil,BR,Mato Grosso do Sul,BR-MS,Bonito,BR-MS-016
Brazil,BR,Mato Grosso do Sul,BR-MS,Porto Murtinho,BR-MS-063
Brazil,BR,Mato Grosso do Sul,BR-MS,Paranhos,BR-MS-060
Brazil,BR,Mato Grosso do Sul,BR-MS,Miranda,BR-MS-051
Brazil,BR,Mato Grosso do Sul,BR-MS,Dois Irmãos do Buriti,BR-MS-030
Brazil,BR,Mato Grosso do Sul,BR-MS,Ribas do Rio Pardo,BR-MS-064
Brazil,BR,Mato Grosso do Sul,BR-MS,Tacuru,BR-MS-075
Brazil,BR,Mato Grosso do Sul,BR-MS,Angélica,BR-MS-006
Brazil,BR,Mato Grosso do Sul,BR-MS,Três Lagoas,BR-MS-078
Brazil,BR,Mato Grosso do Sul,BR-MS,Costa Rica,BR-MS-027
Brazil,BR,Mato Grosso do Sul,BR-MS,Sete Quedas,BR-MS-072
Brazil,BR,Mato Grosso do Sul,BR-MS,Inocência,BR-MS-039
Brazil,BR,Mato Grosso do Sul,BR-MS,Caracol,BR-MS-021
Brazil,BR,Mato Grosso do Sul,BR-MS,Chapadão do Sul,BR-MS-023
Brazil,BR,Mato Grosso do Sul,BR-MS,Dourados,BR-MS-032
Brazil,BR,Mato Grosso do Sul,BR-MS,Sonora,BR-MS-074
Brazil,BR,Mato Grosso do Sul,BR-MS,Deodápolis,BR-MS-029
Brazil,BR,Mato Grosso do Sul,BR-MS,Amambai,BR-MS-003
Brazil,BR,Mato Grosso do Sul,BR-MS,Corumbá,BR-MS-026
Brazil,BR,Mato Grosso do Sul,BR-MS,Nioaque,BR-MS-054
Brazil,BR,Mato Grosso do Sul,BR-MS,Aquidauana,BR-MS-009
Brazil,BR,Mato Grosso do Sul,BR-MS,Paraíso das Águas,BR-MS-058
Brazil,BR,Mato Grosso do Sul,BR-MS,Brasilândia,BR-MS-017
Brazil,BR,Mato Grosso do Sul,BR-MS,Japorã,BR-MS-043
Brazil,BR,Mato Grosso do Sul,BR-MS,Bandeirantes,BR-MS-011
Brazil,BR,Mato Grosso do Sul,BR-MS,São Gabriel do Oeste,BR-MS-070
Brazil,BR,Mato Grosso do Sul,BR-MS,Itaquiraí,BR-MS-041
Brazil,BR,Mato Grosso do Sul,BR-MS,Rochedo,BR-MS-068
Brazil,BR,Mato Grosso do Sul,BR-MS,Iguatemi,BR-MS-038
Brazil,BR,Mato Grosso do Sul,BR-MS,Rio Negro,BR-MS-066
Brazil,BR,Mato Grosso do Sul,BR-MS,Batayporã,BR-MS-013
Brazil,BR,Mato Grosso do Sul,BR-MS,Maracaju,BR-MS-050
Brazil,BR,Mato Grosso do Sul,BR-MS,Antônio João,BR-MS-007
Brazil,BR,Mato Grosso do Sul,BR-MS,Douradina,BR-MS-031
Brazil,BR,Mato Grosso do Sul,BR-MS,Ivinhema,BR-MS-042
Brazil,BR,Mato Grosso do Sul,BR-MS,Laguna Carapã,BR-MS-049
Brazil,BR,Mato Grosso do Sul,BR-MS,Pedro Gomes,BR-MS-061
Brazil,BR,Mato Grosso do Sul,BR-MS,Guia Lopes da Laguna,BR-MS-037
Brazil,BR,Mato Grosso do Sul,BR-MS,Taquarussu,BR-MS-076
Brazil,BR,Mato Grosso do Sul,BR-MS,Glória de Dourados,BR-MS-036
Brazil,BR,Mato Grosso do Sul,BR-MS,Terenos,BR-MS-077
Brazil,BR,Mato Grosso do Sul,BR-MS,Aral Moreira,BR-MS-010
Brazil,BR,Mato Grosso do Sul,BR-MS,Jardim,BR-MS-045
Brazil,BR,Mato Grosso do Sul,BR-MS,Nova Alvorada do Sul,BR-MS-055
Brazil,BR,Mato Grosso do Sul,BR-MS,Fátima do Sul,BR-MS-034
Brazil,BR,Mato Grosso do Sul,BR-MS,Bodoquena,BR-MS-015
Brazil,BR,Mato Grosso do Sul,BR-MS,Coxim,BR-MS-028
Brazil,BR,Mato Grosso do Sul,BR-MS,Itaporã,BR-MS-040
Brazil,BR,Mato Grosso do Sul,BR-MS,Novo Horizonte do Sul,BR-MS-057
Brazil,BR,Mato Grosso do Sul,BR-MS,Santa Rita do Pardo,BR-MS-069
Brazil,BR,Mato Grosso do Sul,BR-MS,Juti,BR-MS-047
Brazil,BR,Mato Grosso do Sul,BR-MS,Bataguassu,BR-MS-012
Brazil,BR,Mato Grosso do Sul,BR-MS,Coronel Sapucaia,BR-MS-025
Brazil,BR,Rio de Janeiro,BR-RJ,São Gonçalo,BR-RJ-073
Brazil,BR,Rio de Janeiro,BR-RJ,Bom Jesus do Itabapoana,BR-RJ-011
Brazil,BR,Rio de Janeiro,BR-RJ,Itatiaia,BR-RJ-034
Brazil,BR,Rio de Janeiro,BR-RJ,Itaocara,BR-RJ-032
Brazil,BR,Rio de Janeiro,BR-RJ,Mangaratiba,BR-RJ-040
Brazil,BR,Rio de Janeiro,BR-RJ,Cachoeiras de Macacu,BR-RJ-013
Brazil,BR,Rio de Janeiro,BR-RJ,Iguaba Grande,BR-RJ-028
Brazil,BR,Rio de Janeiro,BR-RJ,Arraial do Cabo,BR-RJ-006
Brazil,BR,Rio de Janeiro,BR-RJ,Paracambi,BR-RJ-051
Brazil,BR,Rio de Janeiro,BR-RJ,Santo Antônio de Pádua,BR-RJ-070
Brazil,BR,Rio de Janeiro,BR-RJ,Araruama,BR-RJ-003
Brazil,BR,Rio de Janeiro,BR-RJ,Miguel Pereira,BR-RJ-044
Brazil,BR,Rio de Janeiro,BR-RJ,Saquarema,BR-RJ-081
Brazil,BR,Rio de Janeiro,BR-RJ,Quissamã,BR-RJ-062
Brazil,BR,Rio de Janeiro,BR-RJ,Niterói,BR-RJ-048
Brazil,BR,Rio de Janeiro,BR-RJ,Valença,BR-RJ-089
Brazil,BR,Rio de Janeiro,BR-RJ,Paraíba do Sul,BR-RJ-052
Brazil,BR,Rio de Janeiro,BR-RJ,Areal,BR-RJ-004
Brazil,BR,Rio de Janeiro,BR-RJ,Conceição de Macabu,BR-RJ-022
Brazil,BR,Rio de Janeiro,BR-RJ,São José de Ubá,BR-RJ-076
Brazil,BR,Rio de Janeiro,BR-RJ,Vassouras,BR-RJ-091
Brazil,BR,Rio de Janeiro,BR-RJ,São Francisco de Itabapoana,BR-RJ-072
Brazil,BR,Rio de Janeiro,BR-RJ,São João da Barra,BR-RJ-074
Brazil,BR,Rio de Janeiro,BR-RJ,Paty do Alferes,BR-RJ-054
Brazil,BR,Rio de Janeiro,BR-RJ,Natividade,BR-RJ-046
Brazil,BR,Rio de Janeiro,BR-RJ,Teresópolis,BR-RJ-086
Brazil,BR,Rio de Janeiro,BR-RJ,Belford Roxo,BR-RJ-009
Brazil,BR,Rio de Janeiro,BR-RJ,Quatis,BR-RJ-060
Brazil,BR,Rio de Janeiro,BR-RJ,Italva,BR-RJ-031
Brazil,BR,Rio de Janeiro,BR-RJ,Comendador Levy Gasparian,BR-RJ-021
Brazil,BR,Rio de Janeiro,BR-RJ,Petrópolis,BR-RJ-055
Brazil,BR,Rio de Janeiro,BR-RJ,Itaguaí,BR-RJ-030
Brazil,BR,Rio de Janeiro,BR-RJ,São João de Meriti,BR-RJ-075
Brazil,BR,Rio de Janeiro,BR-RJ,Japeri,BR-RJ-035
Brazil,BR,Rio de Janeiro,BR-RJ,Cantagalo,BR-RJ-016
Brazil,BR,Rio de Janeiro,BR-RJ,Porto Real,BR-RJ-059
Brazil,BR,Rio de Janeiro,BR-RJ,Sapucaia,BR-RJ-080
Brazil,BR,Rio de Janeiro,BR-RJ,Itaperuna,BR-RJ-033
Brazil,BR,Rio de Janeiro,BR-RJ,Laje do Muriaé,BR-RJ-036
Brazil,BR,Rio de Janeiro,BR-RJ,Nova Iguaçu,BR-RJ-050
Brazil,BR,Rio de Janeiro,BR-RJ,São José do Vale do Rio Preto,BR-RJ-077
Brazil,BR,Rio de Janeiro,BR-RJ,Porciúncula,BR-RJ-058
Brazil,BR,Rio de Janeiro,BR-RJ,Mesquita,BR-RJ-043
Brazil,BR,Rio de Janeiro,BR-RJ,Varre-Sai,BR-RJ-090
Brazil,BR,Rio de Janeiro,BR-RJ,Miracema,BR-RJ-045
Brazil,BR,Rio de Janeiro,BR-RJ,Paraty,BR-RJ-053
Brazil,BR,Rio de Janeiro,BR-RJ,Guapimirim,BR-RJ-027
Brazil,BR,Rio de Janeiro,BR-RJ,Seropédica,BR-RJ-082
Brazil,BR,Rio de Janeiro,BR-RJ,Tanguá,BR-RJ-085
Brazil,BR,Rio de Janeiro,BR-RJ,São Pedro da Aldeia,BR-RJ-078
Brazil,BR,Rio de Janeiro,BR-RJ,Mendes,BR-RJ-042
Brazil,BR,Rio de Janeiro,BR-RJ,Barra Mansa,BR-RJ-008
Brazil,BR,Rio de Janeiro,BR-RJ,Trajano de Moraes,BR-RJ-087
Brazil,BR,Rio de Janeiro,BR-RJ,Cambuci,BR-RJ-014
Brazil,BR,Rio de Janeiro,BR-RJ,Nova Friburgo,BR-RJ-049
Brazil,BR,Rio de Janeiro,BR-RJ,Barra do Piraí,BR-RJ-007
Brazil,BR,Rio de Janeiro,BR-RJ,Resende,BR-RJ-063
Brazil,BR,Rio de Janeiro,BR-RJ,São Sebastião do Alto,BR-RJ-079
Brazil,BR,Rio de Janeiro,BR-RJ,Sumidouro,BR-RJ-084
Brazil,BR,Rio de Janeiro,BR-RJ,Rio das Ostras,BR-RJ-067
Brazil,BR,Rio de Janeiro,BR-RJ,Silva Jardim,BR-RJ-083
Brazil,BR,Rio de Janeiro,BR-RJ,Cabo Frio,BR-RJ-012
Brazil,BR,Rio de Janeiro,BR-RJ,Duque de Caxias,BR-RJ-025
Brazil,BR,Rio de Janeiro,BR-RJ,Rio das Flores,BR-RJ-066
Brazil,BR,Rio de Janeiro,BR-RJ,Santa Maria Madalena,BR-RJ-069
Brazil,BR,Rio de Janeiro,BR-RJ,Queimados,BR-RJ-061
Brazil,BR,Rio de Janeiro,BR-RJ,Rio de Janeiro,BR-RJ-068
Brazil,BR,Rio de Janeiro,BR-RJ,Carmo,BR-RJ-019
Brazil,BR,Rio de Janeiro,BR-RJ,Três Rios,BR-RJ-088
Brazil,BR,Rio de Janeiro,BR-RJ,Maricá,BR-RJ-041
Brazil,BR,Rio de Janeiro,BR-RJ,Rio Bonito,BR-RJ-064
Brazil,BR,Rio de Janeiro,BR-RJ,Nilópolis,BR-RJ-047
Brazil,BR,Rio de Janeiro,BR-RJ,São Fidélis,BR-RJ-071
Brazil,BR,Rio de Janeiro,BR-RJ,Casimiro de Abreu,BR-RJ-020
Brazil,BR,Rio de Janeiro,BR-RJ,Bom Jardim,BR-RJ-010
Brazil,BR,Rio de Janeiro,BR-RJ,Carapebus,BR-RJ-017
Brazil,BR,Rio de Janeiro,BR-RJ,Armação dos Búzios,BR-RJ-005
Brazil,BR,Rio de Janeiro,BR-RJ,Campos dos Goytacazes,BR-RJ-015
Brazil,BR,Rio de Janeiro,BR-RJ,Engenheiro Paulo de Frontin,BR-RJ-026
Brazil,BR,Rio de Janeiro,BR-RJ,Aperibé,BR-RJ-002
Brazil,BR,Rio de Janeiro,BR-RJ,Macaé,BR-RJ-037
Brazil,BR,Rio de Janeiro,BR-RJ,Magé,BR-RJ-039
Brazil,BR,Rio de Janeiro,BR-RJ,Macuco,BR-RJ-038
Brazil,BR,Rio de Janeiro,BR-RJ,Pinheiral,BR-RJ-056
Brazil,BR,Rio de Janeiro,BR-RJ,Cardoso Moreira,BR-RJ-018
Brazil,BR,Rio de Janeiro,BR-RJ,Volta Redonda,BR-RJ-092
Brazil,BR,Rio de Janeiro,BR-RJ,Itaboraí,BR-RJ-029
Brazil,BR,Rio de Janeiro,BR-RJ,Rio Claro,BR-RJ-065
Brazil,BR,Rio de Janeiro,BR-RJ,Cordeiro,BR-RJ-023
Brazil,BR,Rio de Janeiro,BR-RJ,Piraí,BR-RJ-057
Brazil,BR,Rio de Janeiro,BR-RJ,Angra dos Reis,BR-RJ-001
Brazil,BR,Rio de Janeiro,BR-RJ,Duas Barras,BR-RJ-024
Brazil,BR,Pernambuco,BR-PE,Recife,BR-PE-133
Brazil,BR,Pernambuco,BR-PE,Rio Formoso,BR-PE-136
Brazil,BR,Pernambuco,BR-PE,Olinda,BR-PE-112
Brazil,BR,Pernambuco,BR-PE,Alagoinha,BR-PE-007
Brazil,BR,Pernambuco,BR-PE,Serra Talhada,BR-PE-159
Brazil,BR,Pernambuco,BR-PE,Altinho,BR-PE-009
Brazil,BR,Pernambuco,BR-PE,Igarassu,BR-PE-075
Brazil,BR,Pernambuco,BR-PE,Betânia,BR-PE-020
Brazil,BR,Pernambuco,BR-PE,Ipojuca,BR-PE-080
Brazil,BR,Pernambuco,BR-PE,Fernando de Noronha,BR-PE-061
Brazil,BR,Pernambuco,BR-PE,Cabo de Santo Agostinho,BR-PE-031
Brazil,BR,Pernambuco,BR-PE,Verdejante,BR-PE-180
Brazil,BR,Pernambuco,BR-PE,Surubim,BR-PE-164
Brazil,BR,Pernambuco,BR-PE,Belo Jardim,BR-PE-019
Brazil,BR,Pernambuco,BR-PE,Bom Jardim,BR-PE-024
Brazil,BR,Pernambuco,BR-PE,Iati,BR-PE-072
Brazil,BR,Pernambuco,BR-PE,Cortês,BR-PE-053
Brazil,BR,Pernambuco,BR-PE,Quixaba,BR-PE-132
Brazil,BR,Pernambuco,BR-PE,Tacaratu,BR-PE-167
Brazil,BR,Pernambuco,BR-PE,Vertentes,BR-PE-182
Brazil,BR,Pernambuco,BR-PE,Bodocó,BR-PE-022
Brazil,BR,Pernambuco,BR-PE,Flores,BR-PE-063
Brazil,BR,Pernambuco,BR-PE,São Vicente Férrer,BR-PE-158
Brazil,BR,Pernambuco,BR-PE,Bom Conselho,BR-PE-023
Brazil,BR,Pernambuco,BR-PE,Joaquim Nabuco,BR-PE-093
Brazil,BR,Pernambuco,BR-PE,Santa Filomena,BR-PE-145
Brazil,BR,Pernambuco,BR-PE,Barra de Guabiraba,BR-PE-015
Brazil,BR,Pernambuco,BR-PE,Lagoa de Itaenga,BR-PE-097
Brazil,BR,Pernambuco,BR-PE,Chã Grande,BR-PE-050
Brazil,BR,Pernambuco,BR-PE,Timbaúba,BR-PE-172
Brazil,BR,Pernambuco,BR-PE,Jataúba,BR-PE-090
Brazil,BR,Pernambuco,BR-PE,Tamandaré,BR-PE-168
Brazil,BR,Pernambuco,BR-PE,Barreiros,BR-PE-016
Brazil,BR,Pernambuco,BR-PE,João Alfredo,BR-PE-092
Brazil,BR,Pernambuco,BR-PE,Araçoiaba,BR-PE-012
Brazil,BR,Pernambuco,BR-PE,Tabira,BR-PE-165
Brazil,BR,Pernambuco,BR-PE,Palmeirina,BR-PE-117
Brazil,BR,Pernambuco,BR-PE,Bezerros,BR-PE-021
Brazil,BR,Pernambuco,BR-PE,Inajá,BR-PE-078
Brazil,BR,Pernambuco,BR-PE,Brejão,BR-PE-026
Brazil,BR,Pernambuco,BR-PE,Machados,BR-PE-105
Brazil,BR,Pernambuco,BR-PE,Trindade,BR-PE-175
Brazil,BR,Pernambuco,BR-PE,Lagoa dos Gatos,BR-PE-100
Brazil,BR,Pernambuco,BR-PE,Goiana,BR-PE-069
Brazil,BR,Pernambuco,BR-PE,Araripina,BR-PE-013
Brazil,BR,Pernambuco,BR-PE,São Lourenço da Mata,BR-PE-157
Brazil,BR,Pernambuco,BR-PE,Chã de Alegria,BR-PE-049
Brazil,BR,Pernambuco,BR-PE,Santa Cruz do Capibaribe,BR-PE-144
Brazil,BR,Pernambuco,BR-PE,Ouricuri,BR-PE-115
Brazil,BR,Pernambuco,BR-PE,Manari,BR-PE-106
Brazil,BR,Pernambuco,BR-PE,Ilha de Itamaracá,BR-PE-077
Brazil,BR,Pernambuco,BR-PE,Paulista,BR-PE-123
Brazil,BR,Pernambuco,BR-PE,Ibirajuba,BR-PE-074
Brazil,BR,Pernambuco,BR-PE,Santa Maria do Cambucá,BR-PE-147
Brazil,BR,Pernambuco,BR-PE,Jatobá,BR-PE-091
Brazil,BR,Pernambuco,BR-PE,Buíque,BR-PE-030
Brazil,BR,Pernambuco,BR-PE,Itaquitinga,BR-PE-087
Brazil,BR,Pernambuco,BR-PE,Parnamirim,BR-PE-120
Brazil,BR,Pernambuco,BR-PE,Sirinhaém,BR-PE-162
Brazil,BR,Pernambuco,BR-PE,Jaboatão dos Guararapes,BR-PE-088
Brazil,BR,Pernambuco,BR-PE,Frei Miguelinho,BR-PE-065
Brazil,BR,Pernambuco,BR-PE,Terezinha,BR-PE-170
Brazil,BR,Pernambuco,BR-PE,Caetés,BR-PE-034
Brazil,BR,Pernambuco,BR-PE,Panelas,BR-PE-118
Brazil,BR,Pernambuco,BR-PE,Camocim de São Félix,BR-PE-038
Brazil,BR,Pernambuco,BR-PE,Pombos,BR-PE-129
Brazil,BR,Pernambuco,BR-PE,Afogados da Ingazeira,BR-PE-002
Brazil,BR,Pernambuco,BR-PE,São Caitano,BR-PE-151
Brazil,BR,Pernambuco,BR-PE,Saloá,BR-PE-140
Brazil,BR,Pernambuco,BR-PE,Cabrobó,BR-PE-032
Brazil,BR,Pernambuco,BR-PE,Belém do São Francisco,BR-PE-018
Brazil,BR,Pernambuco,BR-PE,Agrestina,BR-PE-004
Brazil,BR,Pernambuco,BR-PE,Aliança,BR-PE-008
Brazil,BR,Pernambuco,BR-PE,Garanhuns,BR-PE-067
Brazil,BR,Pernambuco,BR-PE,Triunfo,BR-PE-176
Brazil,BR,Pernambuco,BR-PE,Canhotinho,BR-PE-040
Brazil,BR,Pernambuco,BR-PE,Carnaíba,BR-PE-042
Brazil,BR,Pernambuco,BR-PE,Ipubi,BR-PE-081
Brazil,BR,Pernambuco,BR-PE,Passira,BR-PE-121
Brazil,BR,Pernambuco,BR-PE,Exu,BR-PE-059
Brazil,BR,Pernambuco,BR-PE,Bonito,BR-PE-025
Brazil,BR,Pernambuco,BR-PE,Lagoa Grande,BR-PE-101
Brazil,BR,Pernambuco,BR-PE,Santa Cruz,BR-PE-142
Brazil,BR,Pernambuco,BR-PE,Moreilândia,BR-PE-109
Brazil,BR,Pernambuco,BR-PE,Sertânia,BR-PE-161
Brazil,BR,Pernambuco,BR-PE,Primavera,BR-PE-130
Brazil,BR,Pernambuco,BR-PE,Jucati,BR-PE-094
Brazil,BR,Pernambuco,BR-PE,Capoeiras,BR-PE-041
Brazil,BR,Pernambuco,BR-PE,Salgueiro,BR-PE-139
Brazil,BR,Pernambuco,BR-PE,Cumaru,BR-PE-054
Brazil,BR,Pernambuco,BR-PE,Pesqueira,BR-PE-125
Brazil,BR,Pernambuco,BR-PE,Escada,BR-PE-058
Brazil,BR,Pernambuco,BR-PE,Granito,BR-PE-070
Brazil,BR,Pernambuco,BR-PE,São Benedito do Sul,BR-PE-149
Brazil,BR,Pernambuco,BR-PE,Itacuruba,BR-PE-082
Brazil,BR,Pernambuco,BR-PE,Lagoa do Carro,BR-PE-098
Brazil,BR,Pernambuco,BR-PE,Caruaru,BR-PE-045
Brazil,BR,Pernambuco,BR-PE,São José do Egito,BR-PE-156
Brazil,BR,Pernambuco,BR-PE,Poção,BR-PE-128
Brazil,BR,Pernambuco,BR-PE,Floresta,BR-PE-064
Brazil,BR,Pernambuco,BR-PE,Serrita,BR-PE-160
Brazil,BR,Pernambuco,BR-PE,Carpina,BR-PE-044
Brazil,BR,Pernambuco,BR-PE,Gameleira,BR-PE-066
Brazil,BR,Pernambuco,BR-PE,Tracunhaém,BR-PE-174
Brazil,BR,Pernambuco,BR-PE,Casinhas,BR-PE-046
Brazil,BR,Pernambuco,BR-PE,Mirandiba,BR-PE-108
Brazil,BR,Pernambuco,BR-PE,Tuparetama,BR-PE-178
Brazil,BR,Pernambuco,BR-PE,Solidão,BR-PE-163
Brazil,BR,Pernambuco,BR-PE,Venturosa,BR-PE-179
Brazil,BR,Pernambuco,BR-PE,Riacho das Almas,BR-PE-134
Brazil,BR,Pernambuco,BR-PE,Itambé,BR-PE-084
Brazil,BR,Pernambuco,BR-PE,Toritama,BR-PE-173
Brazil,BR,Pernambuco,BR-PE,Afrânio,BR-PE-003
Brazil,BR,Pernambuco,BR-PE,Santa Cruz da Baixa Verde,BR-PE-143
Brazil,BR,Pernambuco,BR-PE,Condado,BR-PE-051
Brazil,BR,Pernambuco,BR-PE,Arcoverde,BR-PE-014
Brazil,BR,Pernambuco,BR-PE,Petrolândia,BR-PE-126
Brazil,BR,Pernambuco,BR-PE,Limoeiro,BR-PE-103
Brazil,BR,Pernambuco,BR-PE,Santa Maria da Boa Vista,BR-PE-146
Brazil,BR,Pernambuco,BR-PE,Tacaimbó,BR-PE-166
Brazil,BR,Pernambuco,BR-PE,Tupanatinga,BR-PE-177
Brazil,BR,Pernambuco,BR-PE,Sanharó,BR-PE-141
Brazil,BR,Pernambuco,BR-PE,Salgadinho,BR-PE-138
Brazil,BR,Pernambuco,BR-PE,Vitória de Santo Antão,BR-PE-184
Brazil,BR,Pernambuco,BR-PE,Catende,BR-PE-047
Brazil,BR,Pernambuco,BR-PE,Orocó,BR-PE-114
Brazil,BR,Pernambuco,BR-PE,Água Preta,BR-PE-005
Brazil,BR,Pernambuco,BR-PE,Santa Terezinha,BR-PE-148
Brazil,BR,Pernambuco,BR-PE,Ingazeira,BR-PE-079
Brazil,BR,Pernambuco,BR-PE,Ribeirão,BR-PE-135
Brazil,BR,Pernambuco,BR-PE,Belém de Maria,BR-PE-017
Brazil,BR,Pernambuco,BR-PE,São José da Coroa Grande,BR-PE-154
Brazil,BR,Pernambuco,BR-PE,Lagoa do Ouro,BR-PE-099
Brazil,BR,Pernambuco,BR-PE,Terra Nova,BR-PE-171
Brazil,BR,Pernambuco,BR-PE,Vertente do Lério,BR-PE-181
Brazil,BR,Pernambuco,BR-PE,Calçado,BR-PE-035
Brazil,BR,Pernambuco,BR-PE,Buenos Aires,BR-PE-029
Brazil,BR,Pernambuco,BR-PE,Camaragibe,BR-PE-037
Brazil,BR,Pernambuco,BR-PE,Taquaritinga do Norte,BR-PE-169
Brazil,BR,Pernambuco,BR-PE,Abreu e Lima,BR-PE-001
Brazil,BR,Pernambuco,BR-PE,Cachoeirinha,BR-PE-033
Brazil,BR,Pernambuco,BR-PE,Jaqueira,BR-PE-089
Brazil,BR,Pernambuco,BR-PE,Feira Nova,BR-PE-060
Brazil,BR,Pernambuco,BR-PE,Brejo da Madre de Deus,BR-PE-028
Brazil,BR,Pernambuco,BR-PE,Custódia,BR-PE-056
Brazil,BR,Pernambuco,BR-PE,Paranatama,BR-PE-119
Brazil,BR,Pernambuco,BR-PE,Iguaracy,BR-PE-076
Brazil,BR,Pernambuco,BR-PE,Paudalho,BR-PE-122
Brazil,BR,Pernambuco,BR-PE,Calumbi,BR-PE-036
Brazil,BR,Pernambuco,BR-PE,Ibimirim,BR-PE-073
Brazil,BR,Pernambuco,BR-PE,Xexéu,BR-PE-185
Brazil,BR,Pernambuco,BR-PE,Águas Belas,BR-PE-006
Brazil,BR,Pernambuco,BR-PE,Quipapá,BR-PE-131
Brazil,BR,Pernambuco,BR-PE,Orobó,BR-PE-113
Brazil,BR,Pernambuco,BR-PE,São João,BR-PE-152
Brazil,BR,Pernambuco,BR-PE,Cedro,BR-PE-048
Brazil,BR,Pernambuco,BR-PE,Vicência,BR-PE-183
Brazil,BR,Pernambuco,BR-PE,Carnaubeira da Penha,BR-PE-043
Brazil,BR,Pernambuco,BR-PE,Dormentes,BR-PE-057
Brazil,BR,Pernambuco,BR-PE,São Joaquim do Monte,BR-PE-153
Brazil,BR,Pernambuco,BR-PE,Jupi,BR-PE-095
Brazil,BR,Pernambuco,BR-PE,Lajedo,BR-PE-102
Brazil,BR,Pernambuco,BR-PE,Nazaré da Mata,BR-PE-111
Brazil,BR,Pernambuco,BR-PE,Camutanga,BR-PE-039
Brazil,BR,Pernambuco,BR-PE,Angelim,BR-PE-011
Brazil,BR,Pernambuco,BR-PE,Petrolina,BR-PE-127
Brazil,BR,Pernambuco,BR-PE,Correntes,BR-PE-052
Brazil,BR,Pernambuco,BR-PE,Glória do Goitá,BR-PE-068
Brazil,BR,Pernambuco,BR-PE,Cupira,BR-PE-055
Brazil,BR,Pernambuco,BR-PE,Palmares,BR-PE-116
Brazil,BR,Pernambuco,BR-PE,Gravatá,BR-PE-071
Brazil,BR,Pernambuco,BR-PE,Itapetim,BR-PE-085
Brazil,BR,Pernambuco,BR-PE,Ferreiros,BR-PE-062
Brazil,BR,Pernambuco,BR-PE,São José do Belmonte,BR-PE-155
Brazil,BR,Pernambuco,BR-PE,Itaíba,BR-PE-083
Brazil,BR,Pernambuco,BR-PE,Itapissuma,BR-PE-086
Brazil,BR,Pernambuco,BR-PE,Maraial,BR-PE-107
Brazil,BR,Pernambuco,BR-PE,Amaraji,BR-PE-010
Brazil,BR,Pernambuco,BR-PE,Moreno,BR-PE-110
Brazil,BR,Pernambuco,BR-PE,São Bento do Una,BR-PE-150
Brazil,BR,Pernambuco,BR-PE,Jurema,BR-PE-096
Brazil,BR,Pernambuco,BR-PE,Sairé,BR-PE-137
Brazil,BR,Pernambuco,BR-PE,Macaparana,BR-PE-104
Brazil,BR,Pernambuco,BR-PE,Brejinho,BR-PE-027
Brazil,BR,Pernambuco,BR-PE,Pedra,BR-PE-124
Brazil,BR,Paraíba,BR-PB,Itaporanga,BR-PB-089
Brazil,BR,Paraíba,BR-PB,Serraria,BR-PB-204
Brazil,BR,Paraíba,BR-PB,Cabedelo,BR-PB-040
Brazil,BR,Paraíba,BR-PB,Fagundes,BR-PB-078
Brazil,BR,Paraíba,BR-PB,Mataraca,BR-PB-116
Brazil,BR,Paraíba,BR-PB,Borborema,BR-PB-035
Brazil,BR,Paraíba,BR-PB,Cubati,BR-PB-065
Brazil,BR,Paraíba,BR-PB,Gurjão,BR-PB-083
Brazil,BR,Paraíba,BR-PB,Riacho de Santo Antônio,BR-PB-161
Brazil,BR,Paraíba,BR-PB,Maturéia,BR-PB-119
Brazil,BR,Paraíba,BR-PB,São José do Brejo do Cruz,BR-PB-190
Brazil,BR,Paraíba,BR-PB,Aguiar,BR-PB-002
Brazil,BR,Paraíba,BR-PB,Santa Rita,BR-PB-171
Brazil,BR,Paraíba,BR-PB,Brejo dos Santos,BR-PB-037
Brazil,BR,Paraíba,BR-PB,Guarabira,BR-PB-081
Brazil,BR,Paraíba,BR-PB,Bananeiras,BR-PB-020
Brazil,BR,Paraíba,BR-PB,Santa Luzia,BR-PB-170
Brazil,BR,Paraíba,BR-PB,Teixeira,BR-PB-215
Brazil,BR,Paraíba,BR-PB,Areia,BR-PB-014
Brazil,BR,Paraíba,BR-PB,São José de Espinharas,BR-PB-186
Brazil,BR,Paraíba,BR-PB,Carrapateira,BR-PB-053
Brazil,BR,Paraíba,BR-PB,Malta,BR-PB-109
Brazil,BR,Paraíba,BR-PB,Mato Grosso,BR-PB-118
Brazil,BR,Paraíba,BR-PB,Cacimba de Areia,BR-PB-042
Brazil,BR,Paraíba,BR-PB,Piancó,BR-PB-141
Brazil,BR,Paraíba,BR-PB,São Domingos do Cariri,BR-PB-179
Brazil,BR,Paraíba,BR-PB,São José de Piranhas,BR-PB-187
Brazil,BR,Paraíba,BR-PB,Ouro Velho,BR-PB-132
Brazil,BR,Paraíba,BR-PB,Itabaiana,BR-PB-088
Brazil,BR,Paraíba,BR-PB,Soledade,BR-PB-208
Brazil,BR,Paraíba,BR-PB,Lastro,BR-PB-104
Brazil,BR,Paraíba,BR-PB,Condado,BR-PB-059
Brazil,BR,Paraíba,BR-PB,Umbuzeiro,BR-PB-219
Brazil,BR,Paraíba,BR-PB,Marcação,BR-PB-112
Brazil,BR,Paraíba,BR-PB,Natuba,BR-PB-125
Brazil,BR,Paraíba,BR-PB,Sapé,BR-PB-199
Brazil,BR,Paraíba,BR-PB,Algodão de Jandaíra,BR-PB-007
Brazil,BR,Paraíba,BR-PB,Logradouro,BR-PB-106
Brazil,BR,Paraíba,BR-PB,São José do Sabugi,BR-PB-191
Brazil,BR,Paraíba,BR-PB,Duas Estradas,BR-PB-075
Brazil,BR,Paraíba,BR-PB,Montadas,BR-PB-121
Brazil,BR,Paraíba,BR-PB,Juarez Távora,BR-PB-096
Brazil,BR,Paraíba,BR-PB,Damião,BR-PB-071
Brazil,BR,Paraíba,BR-PB,Passagem,BR-PB-134
Brazil,BR,Paraíba,BR-PB,Bom Jesus,BR-PB-031
Brazil,BR,Paraíba,BR-PB,São José de Princesa,BR-PB-188
Brazil,BR,Paraíba,BR-PB,Vista Serrana,BR-PB-222
Brazil,BR,Paraíba,BR-PB,Barra de Santa Rosa,BR-PB-022
Brazil,BR,Paraíba,BR-PB,Joca Claudino,BR-PB-095
Brazil,BR,Paraíba,BR-PB,Araruna,BR-PB-013
Brazil,BR,Paraíba,BR-PB,São Mamede,BR-PB-194
Brazil,BR,Paraíba,BR-PB,Catolé do Rocha,BR-PB-056
Brazil,BR,Paraíba,BR-PB,Quixaba,BR-PB-156
Brazil,BR,Paraíba,BR-PB,Caiçara,BR-PB-045
Brazil,BR,Paraíba,BR-PB,Olivedos,BR-PB-131
Brazil,BR,Paraíba,BR-PB,Salgado de São Félix,BR-PB-165
Brazil,BR,Paraíba,BR-PB,Caturité,BR-PB-057
Brazil,BR,Paraíba,BR-PB,Gurinhém,BR-PB-082
Brazil,BR,Paraíba,BR-PB,Santana de Mangueira,BR-PB-173
Brazil,BR,Paraíba,BR-PB,Esperança,BR-PB-077
Brazil,BR,Paraíba,BR-PB,Triunfo,BR-PB-217
Brazil,BR,Paraíba,BR-PB,Rio Tinto,BR-PB-163
Brazil,BR,Paraíba,BR-PB,Monteiro,BR-PB-123
Brazil,BR,Paraíba,BR-PB,Uiraúna,BR-PB-218
Brazil,BR,Paraíba,BR-PB,Conde,BR-PB-060
Brazil,BR,Paraíba,BR-PB,Nazarezinho,BR-PB-126
Brazil,BR,Paraíba,BR-PB,Araçagi,BR-PB-011
Brazil,BR,Paraíba,BR-PB,Areia de Baraúnas,BR-PB-015
Brazil,BR,Paraíba,BR-PB,Barra de Santana,BR-PB-023
Brazil,BR,Paraíba,BR-PB,Curral Velho,BR-PB-070
Brazil,BR,Paraíba,BR-PB,Bernardino Batista,BR-PB-028
Brazil,BR,Paraíba,BR-PB,Pitimbu,BR-PB-147
Brazil,BR,Paraíba,BR-PB,Gado Bravo,BR-PB-080
Brazil,BR,Paraíba,BR-PB,São Bentinho,BR-PB-176
Brazil,BR,Paraíba,BR-PB,Itatuba,BR-PB-091
Brazil,BR,Paraíba,BR-PB,Taperoá,BR-PB-213
Brazil,BR,Paraíba,BR-PB,Pedra Lavrada,BR-PB-138
Brazil,BR,Paraíba,BR-PB,Mari,BR-PB-113
Brazil,BR,Paraíba,BR-PB,Salgadinho,BR-PB-164
Brazil,BR,Paraíba,BR-PB,Santa Cecília,BR-PB-166
Brazil,BR,Paraíba,BR-PB,Pirpirituba,BR-PB-146
Brazil,BR,Paraíba,BR-PB,Santa Inês,BR-PB-169
Brazil,BR,Paraíba,BR-PB,Santo André,BR-PB-175
Brazil,BR,Paraíba,BR-PB,Nova Olinda,BR-PB-128
Brazil,BR,Paraíba,BR-PB,Monte Horebe,BR-PB-122
Brazil,BR,Paraíba,BR-PB,Boqueirão,BR-PB-034
Brazil,BR,Paraíba,BR-PB,Olho d'Água,BR-PB-130
Brazil,BR,Paraíba,BR-PB,São Bento,BR-PB-177
Brazil,BR,Paraíba,BR-PB,Belém,BR-PB-026
Brazil,BR,Paraíba,BR-PB,Riacho dos Cavalos,BR-PB-162
Brazil,BR,Paraíba,BR-PB,Baraúna,BR-PB-021
Brazil,BR,Paraíba,BR-PB,Coremas,BR-PB-062
Brazil,BR,Paraíba,BR-PB,Cajazeiras,BR-PB-046
Brazil,BR,Paraíba,BR-PB,Poço de José de Moura,BR-PB-150
Brazil,BR,Paraíba,BR-PB,Tacima,BR-PB-212
Brazil,BR,Paraíba,BR-PB,Pedras de Fogo,BR-PB-139
Brazil,BR,Paraíba,BR-PB,Livramento,BR-PB-105
Brazil,BR,Paraíba,BR-PB,Aparecida,BR-PB-010
Brazil,BR,Paraíba,BR-PB,Bayeux,BR-PB-025
Brazil,BR,Paraíba,BR-PB,Pilões,BR-PB-144
Brazil,BR,Paraíba,BR-PB,Alcantil,BR-PB-006
Brazil,BR,Paraíba,BR-PB,Cajazeirinhas,BR-PB-047
Brazil,BR,Paraíba,BR-PB,Cruz do Espírito Santo,BR-PB-064
Brazil,BR,Paraíba,BR-PB,Congo,BR-PB-061
Brazil,BR,Paraíba,BR-PB,Santa Teresinha,BR-PB-172
Brazil,BR,Paraíba,BR-PB,São Vicente do Seridó,BR-PB-198
Brazil,BR,Paraíba,BR-PB,Mulungu,BR-PB-124
Brazil,BR,Paraíba,BR-PB,Cuité de Mamanguape,BR-PB-067
Brazil,BR,Paraíba,BR-PB,Puxinanã,BR-PB-154
Brazil,BR,Paraíba,BR-PB,Aroeiras,BR-PB-017
Brazil,BR,Paraíba,BR-PB,Boa Ventura,BR-PB-029
Brazil,BR,Paraíba,BR-PB,Paulista,BR-PB-136
Brazil,BR,Paraíba,BR-PB,Pedra Branca,BR-PB-137
Brazil,BR,Paraíba,BR-PB,Lagoa Seca,BR-PB-103
Brazil,BR,Paraíba,BR-PB,São Francisco,BR-PB-180
Brazil,BR,Paraíba,BR-PB,Lagoa de Dentro,BR-PB-102
Brazil,BR,Paraíba,BR-PB,Tenório,BR-PB-216
Brazil,BR,Paraíba,BR-PB,Alhandra,BR-PB-008
Brazil,BR,Paraíba,BR-PB,São João do Cariri,BR-PB-181
Brazil,BR,Paraíba,BR-PB,Curral de Cima,BR-PB-069
Brazil,BR,Paraíba,BR-PB,São José dos Cordeiros,BR-PB-192
Brazil,BR,Paraíba,BR-PB,Belém do Brejo do Cruz,BR-PB-027
Brazil,BR,Paraíba,BR-PB,Boa Vista,BR-PB-030
Brazil,BR,Paraíba,BR-PB,Pocinhos,BR-PB-148
Brazil,BR,Paraíba,BR-PB,Caldas Brandão,BR-PB-048
Brazil,BR,Paraíba,BR-PB,Cabaceiras,BR-PB-039
Brazil,BR,Paraíba,BR-PB,Serra Branca,BR-PB-200
Brazil,BR,Paraíba,BR-PB,Riachão do Poço,BR-PB-160
Brazil,BR,Paraíba,BR-PB,Princesa Isabel,BR-PB-153
Brazil,BR,Paraíba,BR-PB,Lucena,BR-PB-107
Brazil,BR,Paraíba,BR-PB,Catingueira,BR-PB-055
Brazil,BR,Paraíba,BR-PB,Remígio,BR-PB-157
Brazil,BR,Paraíba,BR-PB,Pilõezinhos,BR-PB-145
Brazil,BR,Paraíba,BR-PB,Alagoa Grande,BR-PB-003
Brazil,BR,Paraíba,BR-PB,Santana dos Garrotes,BR-PB-174
Brazil,BR,Paraíba,BR-PB,Riachão,BR-PB-158
Brazil,BR,Paraíba,BR-PB,Bom Sucesso,BR-PB-032
Brazil,BR,Paraíba,BR-PB,Sertãozinho,BR-PB-205
Brazil,BR,Paraíba,BR-PB,Capim,BR-PB-051
Brazil,BR,Paraíba,BR-PB,Juripiranga,BR-PB-099
Brazil,BR,Paraíba,BR-PB,Areial,BR-PB-016
Brazil,BR,Paraíba,BR-PB,São José do Bonfim,BR-PB-189
Brazil,BR,Paraíba,BR-PB,Jacaraú,BR-PB-092
Brazil,BR,Paraíba,BR-PB,Emas,BR-PB-076
Brazil,BR,Paraíba,BR-PB,Pedro Régis,BR-PB-140
Brazil,BR,Paraíba,BR-PB,Juru,BR-PB-100
Brazil,BR,Paraíba,BR-PB,Matinhas,BR-PB-117
Brazil,BR,Paraíba,BR-PB,Poço Dantas,BR-PB-149
Brazil,BR,Paraíba,BR-PB,São José da Lagoa Tapada,BR-PB-184
Brazil,BR,Paraíba,BR-PB,Diamante,BR-PB-073
Brazil,BR,Paraíba,BR-PB,Marizópolis,BR-PB-114
Brazil,BR,Paraíba,BR-PB,Cuité,BR-PB-066
Brazil,BR,Paraíba,BR-PB,Sousa,BR-PB-210
Brazil,BR,Paraíba,BR-PB,Alagoa Nova,BR-PB-004
Brazil,BR,Paraíba,BR-PB,Mamanguape,BR-PB-110
Brazil,BR,Paraíba,BR-PB,Bonito de Santa Fé,BR-PB-033
Brazil,BR,Paraíba,BR-PB,São João do Tigre,BR-PB-183
Brazil,BR,Paraíba,BR-PB,Santa Cruz,BR-PB-167
Brazil,BR,Paraíba,BR-PB,Cuitegi,BR-PB-068
Brazil,BR,Paraíba,BR-PB,Massaranduba,BR-PB-115
Brazil,BR,Paraíba,BR-PB,Juazeirinho,BR-PB-097
Brazil,BR,Paraíba,BR-PB,Brejo do Cruz,BR-PB-036
Brazil,BR,Paraíba,BR-PB,Baía da Traição,BR-PB-019
Brazil,BR,Paraíba,BR-PB,Ibiara,BR-PB-084
Brazil,BR,Paraíba,BR-PB,Lagoa,BR-PB-101
Brazil,BR,Paraíba,BR-PB,Nova Floresta,BR-PB-127
Brazil,BR,Paraíba,BR-PB,Jericó,BR-PB-093
Brazil,BR,Paraíba,BR-PB,Vieirópolis,BR-PB-221
Brazil,BR,Paraíba,BR-PB,Parari,BR-PB-133
Brazil,BR,Paraíba,BR-PB,Zabelê,BR-PB-223
Brazil,BR,Paraíba,BR-PB,Mãe d'Água,BR-PB-108
Brazil,BR,Paraíba,BR-PB,João Pessoa,BR-PB-094
Brazil,BR,Paraíba,BR-PB,Imaculada,BR-PB-086
Brazil,BR,Paraíba,BR-PB,Cachoeira dos Índios,BR-PB-041
Brazil,BR,Paraíba,BR-PB,Serra da Raiz,BR-PB-201
Brazil,BR,Paraíba,BR-PB,Serra Redonda,BR-PB-203
Brazil,BR,Paraíba,BR-PB,São José de Caiana,BR-PB-185
Brazil,BR,Paraíba,BR-PB,Riachão do Bacamarte,BR-PB-159
Brazil,BR,Paraíba,BR-PB,Caraúbas,BR-PB-052
Brazil,BR,Paraíba,BR-PB,Frei Martinho,BR-PB-079
Brazil,BR,Paraíba,BR-PB,Alagoinha,BR-PB-005
Brazil,BR,Paraíba,BR-PB,Prata,BR-PB-152
Brazil,BR,Paraíba,BR-PB,Sossêgo,BR-PB-209
Brazil,BR,Paraíba,BR-PB,Patos,BR-PB-135
Brazil,BR,Paraíba,BR-PB,Mogeiro,BR-PB-120
Brazil,BR,Paraíba,BR-PB,São Sebastião de Lagoa de Roça,BR-PB-196
Brazil,BR,Paraíba,BR-PB,Assunção,BR-PB-018
Brazil,BR,Paraíba,BR-PB,Cacimba de Dentro,BR-PB-043
Brazil,BR,Paraíba,BR-PB,São Sebastião do Umbuzeiro,BR-PB-197
Brazil,BR,Paraíba,BR-PB,Ingá,BR-PB-087
Brazil,BR,Paraíba,BR-PB,Solânea,BR-PB-207
Brazil,BR,Paraíba,BR-PB,Campina Grande,BR-PB-050
Brazil,BR,Paraíba,BR-PB,Manaíra,BR-PB-111
Brazil,BR,Paraíba,BR-PB,Várzea,BR-PB-220
Brazil,BR,Paraíba,BR-PB,Arara,BR-PB-012
Brazil,BR,Paraíba,BR-PB,Pombal,BR-PB-151
Brazil,BR,Paraíba,BR-PB,Queimadas,BR-PB-155
Brazil,BR,Paraíba,BR-PB,Conceição,BR-PB-058
Brazil,BR,Paraíba,BR-PB,Nova Palmeira,BR-PB-129
Brazil,BR,Paraíba,BR-PB,Junco do Seridó,BR-PB-098
Brazil,BR,Paraíba,BR-PB,São Miguel de Taipu,BR-PB-195
Brazil,BR,Paraíba,BR-PB,Casserengue,BR-PB-054
Brazil,BR,Paraíba,BR-PB,Itapororoca,BR-PB-090
Brazil,BR,Paraíba,BR-PB,Dona Inês,BR-PB-074
Brazil,BR,Paraíba,BR-PB,Igaracy,BR-PB-085
Brazil,BR,Paraíba,BR-PB,Tavares,BR-PB-214
Brazil,BR,Paraíba,BR-PB,Santa Helena,BR-PB-168
Brazil,BR,Paraíba,BR-PB,São João do Rio do Peixe,BR-PB-182
Brazil,BR,Paraíba,BR-PB,Água Branca,BR-PB-001
Brazil,BR,Paraíba,BR-PB,Barra de São Miguel,BR-PB-024
Brazil,BR,Paraíba,BR-PB,Pilar,BR-PB-143
Brazil,BR,Paraíba,BR-PB,Picuí,BR-PB-142
Brazil,BR,Paraíba,BR-PB,Serra Grande,BR-PB-202
Brazil,BR,Paraíba,BR-PB,São José dos Ramos,BR-PB-193
Brazil,BR,Paraíba,BR-PB,Sumé,BR-PB-211
Brazil,BR,Paraíba,BR-PB,Camalaú,BR-PB-049
Brazil,BR,Paraíba,BR-PB,Coxixola,BR-PB-063
Brazil,BR,Paraíba,BR-PB,São Domingos,BR-PB-178
Brazil,BR,Paraíba,BR-PB,Amparo,BR-PB-009
Brazil,BR,Paraíba,BR-PB,Desterro,BR-PB-072
Brazil,BR,Paraíba,BR-PB,Sobrado,BR-PB-206
Brazil,BR,Paraíba,BR-PB,Cacimbas,BR-PB-044
Brazil,BR,Paraíba,BR-PB,Caaporã,BR-PB-038
Brazil,BR,Goiás,BR-GO,Itaguari,BR-GO-115
Brazil,BR,Goiás,BR-GO,Panamá,BR-GO-176
Brazil,BR,Goiás,BR-GO,Campo Limpo de Goiás,BR-GO-053
Brazil,BR,Goiás,BR-GO,Nova Aurora,BR-GO-159
Brazil,BR,Goiás,BR-GO,Colinas do Sul,BR-GO-066
Brazil,BR,Goiás,BR-GO,Mundo Novo,BR-GO-153
Brazil,BR,Goiás,BR-GO,Jaupaci,BR-GO-128
Brazil,BR,Goiás,BR-GO,Alto Paraíso de Goiás,BR-GO-010
Brazil,BR,Goiás,BR-GO,Morrinhos,BR-GO-149
Brazil,BR,Goiás,BR-GO,Nerópolis,BR-GO-156
Brazil,BR,Goiás,BR-GO,Palmelo,BR-GO-174
Brazil,BR,Goiás,BR-GO,Ivolândia,BR-GO-124
Brazil,BR,Goiás,BR-GO,Planaltina,BR-GO-186
Brazil,BR,Goiás,BR-GO,Bela Vista de Goiás,BR-GO-031
Brazil,BR,Goiás,BR-GO,Nova América,BR-GO-158
Brazil,BR,Goiás,BR-GO,Iporá,BR-GO-112
Brazil,BR,Goiás,BR-GO,Perolândia,BR-GO-179
Brazil,BR,Goiás,BR-GO,Amorinópolis,BR-GO-014
Brazil,BR,Goiás,BR-GO,São Luís de Montes Belos,BR-GO-217
Brazil,BR,Goiás,BR-GO,Novo Brasil,BR-GO-165
Brazil,BR,Goiás,BR-GO,Aragoiânia,BR-GO-023
Brazil,BR,Goiás,BR-GO,Aparecida do Rio Doce,BR-GO-019
Brazil,BR,Goiás,BR-GO,São Patrício,BR-GO-221
Brazil,BR,Goiás,BR-GO,Nova Roma,BR-GO-163
Brazil,BR,Goiás,BR-GO,Serranópolis,BR-GO-224
Brazil,BR,Goiás,BR-GO,Pontalina,BR-GO-187
Brazil,BR,Goiás,BR-GO,Quirinópolis,BR-GO-193
Brazil,BR,Goiás,BR-GO,Portelândia,BR-GO-190
Brazil,BR,Goiás,BR-GO,São Miguel do Passa Quatro,BR-GO-220
Brazil,BR,Goiás,BR-GO,Mairipotaba,BR-GO-135
Brazil,BR,Goiás,BR-GO,Bonfinópolis,BR-GO-034
Brazil,BR,Goiás,BR-GO,Barro Alto,BR-GO-030
Brazil,BR,Goiás,BR-GO,Piracanjuba,BR-GO-182
Brazil,BR,Goiás,BR-GO,Ouvidor,BR-GO-170
Brazil,BR,Goiás,BR-GO,Edéia,BR-GO-082
Brazil,BR,Goiás,BR-GO,Britânia,BR-GO-037
Brazil,BR,Goiás,BR-GO,Cachoeira Alta,BR-GO-042
Brazil,BR,Goiás,BR-GO,Formosa,BR-GO-088
Brazil,BR,Goiás,BR-GO,Davinópolis,BR-GO-077
Brazil,BR,Goiás,BR-GO,Edealina,BR-GO-081
Brazil,BR,Goiás,BR-GO,Amaralina,BR-GO-012
Brazil,BR,Goiás,BR-GO,Cromínia,BR-GO-073
Brazil,BR,Goiás,BR-GO,Santa Rita do Novo Destino,BR-GO-206
Brazil,BR,Goiás,BR-GO,Bom Jardim de Goiás,BR-GO-032
Brazil,BR,Goiás,BR-GO,Luziânia,BR-GO-134
Brazil,BR,Goiás,BR-GO,Nova Crixás,BR-GO-160
Brazil,BR,Goiás,BR-GO,Anicuns,BR-GO-017
Brazil,BR,Goiás,BR-GO,Paranaiguara,BR-GO-177
Brazil,BR,Goiás,BR-GO,Novo Planalto,BR-GO-167
Brazil,BR,Goiás,BR-GO,Rio Quente,BR-GO-196
Brazil,BR,Goiás,BR-GO,Buriti Alegre,BR-GO-038
Brazil,BR,Goiás,BR-GO,Mineiros,BR-GO-143
Brazil,BR,Goiás,BR-GO,Goianira,BR-GO-095
Brazil,BR,Goiás,BR-GO,Carmo do Rio Verde,BR-GO-056
Brazil,BR,Goiás,BR-GO,Vicentinópolis,BR-GO-243
Brazil,BR,Goiás,BR-GO,Caturaí,BR-GO-059
Brazil,BR,Goiás,BR-GO,Diorama,BR-GO-078
Brazil,BR,Goiás,BR-GO,Cachoeira Dourada,BR-GO-044
Brazil,BR,Goiás,BR-GO,Uruaçu,BR-GO-237
Brazil,BR,Goiás,BR-GO,Cabeceiras,BR-GO-041
Brazil,BR,Goiás,BR-GO,Caçu,BR-GO-045
Brazil,BR,Goiás,BR-GO,Ipiranga de Goiás,BR-GO-111
Brazil,BR,Goiás,BR-GO,Turvelândia,BR-GO-235
Brazil,BR,Goiás,BR-GO,Estrela do Norte,BR-GO-083
Brazil,BR,Goiás,BR-GO,Hidrolina,BR-GO-105
Brazil,BR,Goiás,BR-GO,Pirenópolis,BR-GO-184
Brazil,BR,Goiás,BR-GO,Jaraguá,BR-GO-126
Brazil,BR,Goiás,BR-GO,São Domingos,BR-GO-213
Brazil,BR,Goiás,BR-GO,Abadiânia,BR-GO-001
Brazil,BR,Goiás,BR-GO,Inhumas,BR-GO-109
Brazil,BR,Goiás,BR-GO,Pires do Rio,BR-GO-185
Brazil,BR,Goiás,BR-GO,Joviânia,BR-GO-130
Brazil,BR,Goiás,BR-GO,Jataí,BR-GO-127
Brazil,BR,Goiás,BR-GO,Niquelândia,BR-GO-157
Brazil,BR,Goiás,BR-GO,Palminópolis,BR-GO-175
Brazil,BR,Goiás,BR-GO,Valparaíso de Goiás,BR-GO-240
Brazil,BR,Goiás,BR-GO,Paraúna,BR-GO-178
Brazil,BR,Goiás,BR-GO,Novo Gama,BR-GO-166
Brazil,BR,Goiás,BR-GO,Goianésia,BR-GO-093
Brazil,BR,Goiás,BR-GO,Itapirapuã,BR-GO-119
Brazil,BR,Goiás,BR-GO,Goianápolis,BR-GO-091
Brazil,BR,Goiás,BR-GO,Itapuranga,BR-GO-120
Brazil,BR,Goiás,BR-GO,Heitoraí,BR-GO-103
Brazil,BR,Goiás,BR-GO,Guarani de Goiás,BR-GO-101
Brazil,BR,Goiás,BR-GO,Inaciolândia,BR-GO-107
Brazil,BR,Goiás,BR-GO,Jussara,BR-GO-131
Brazil,BR,Goiás,BR-GO,Corumbá de Goiás,BR-GO-068
Brazil,BR,Goiás,BR-GO,Rio Verde,BR-GO-197
Brazil,BR,Goiás,BR-GO,Petrolina de Goiás,BR-GO-180
Brazil,BR,Goiás,BR-GO,Crixás,BR-GO-072
Brazil,BR,Goiás,BR-GO,Alvorada do Norte,BR-GO-011
Brazil,BR,Goiás,BR-GO,São João d'Aliança,BR-GO-215
Brazil,BR,Goiás,BR-GO,Mimoso de Goiás,BR-GO-141
Brazil,BR,Goiás,BR-GO,Rianápolis,BR-GO-195
Brazil,BR,Goiás,BR-GO,Aparecida de Goiânia,BR-GO-018
Brazil,BR,Goiás,BR-GO,Bom Jesus de Goiás,BR-GO-033
Brazil,BR,Goiás,BR-GO,Aragarças,BR-GO-022
Brazil,BR,Goiás,BR-GO,Catalão,BR-GO-058
Brazil,BR,Goiás,BR-GO,Professor Jamil,BR-GO-192
Brazil,BR,Goiás,BR-GO,Damolândia,BR-GO-076
Brazil,BR,Goiás,BR-GO,Santo Antônio de Goiás,BR-GO-211
Brazil,BR,Goiás,BR-GO,Água Fria de Goiás,BR-GO-004
Brazil,BR,Goiás,BR-GO,Santa Rita do Araguaia,BR-GO-205
Brazil,BR,Goiás,BR-GO,Bonópolis,BR-GO-035
Brazil,BR,Goiás,BR-GO,Acreúna,BR-GO-002
Brazil,BR,Goiás,BR-GO,São Simão,BR-GO-222
Brazil,BR,Goiás,BR-GO,Ceres,BR-GO-061
Brazil,BR,Goiás,BR-GO,São João da Paraúna,BR-GO-216
Brazil,BR,Goiás,BR-GO,Alto Horizonte,BR-GO-009
Brazil,BR,Goiás,BR-GO,Cocalzinho de Goiás,BR-GO-065
Brazil,BR,Goiás,BR-GO,Itajá,BR-GO-117
Brazil,BR,Goiás,BR-GO,Taquaral de Goiás,BR-GO-228
Brazil,BR,Goiás,BR-GO,Jandaia,BR-GO-125
Brazil,BR,Goiás,BR-GO,Santa Isabel,BR-GO-204
Brazil,BR,Goiás,BR-GO,Itauçu,BR-GO-122
Brazil,BR,Goiás,BR-GO,Israelândia,BR-GO-113
Brazil,BR,Goiás,BR-GO,Alexânia,BR-GO-007
Brazil,BR,Goiás,BR-GO,Guaraíta,BR-GO-100
Brazil,BR,Goiás,BR-GO,Porangatu,BR-GO-188
Brazil,BR,Goiás,BR-GO,Rialma,BR-GO-194
Brazil,BR,Goiás,BR-GO,Santa Cruz de Goiás,BR-GO-201
Brazil,BR,Goiás,BR-GO,Aloândia,BR-GO-008
Brazil,BR,Goiás,BR-GO,Mambaí,BR-GO-136
Brazil,BR,Goiás,BR-GO,Nova Veneza,BR-GO-164
Brazil,BR,Goiás,BR-GO,Gouvelândia,BR-GO-098
Brazil,BR,Goiás,BR-GO,Anápolis,BR-GO-015
Brazil,BR,Goiás,BR-GO,Padre Bernardo,BR-GO-171
Brazil,BR,Goiás,BR-GO,Mutunópolis,BR-GO-154
Brazil,BR,Goiás,BR-GO,Palestina de Goiás,BR-GO-172
Brazil,BR,Goiás,BR-GO,Goiânia,BR-GO-094
Brazil,BR,Goiás,BR-GO,Minaçu,BR-GO-142
Brazil,BR,Goiás,BR-GO,Divinópolis de Goiás,BR-GO-079
Brazil,BR,Goiás,BR-GO,Posse,BR-GO-191
Brazil,BR,Goiás,BR-GO,Matrinchã,BR-GO-139
Brazil,BR,Goiás,BR-GO,Montes Claros de Goiás,BR-GO-146
Brazil,BR,Goiás,BR-GO,São Luiz do Norte,BR-GO-218
Brazil,BR,Goiás,BR-GO,Silvânia,BR-GO-225
Brazil,BR,Goiás,BR-GO,Guapó,BR-GO-099
Brazil,BR,Goiás,BR-GO,Santa Tereza de Goiás,BR-GO-208
Brazil,BR,Goiás,BR-GO,Varjão,BR-GO-241
Brazil,BR,Goiás,BR-GO,Itaberaí,BR-GO-114
Brazil,BR,Goiás,BR-GO,Leopoldo de Bulhões,BR-GO-133
Brazil,BR,Goiás,BR-GO,Arenópolis,BR-GO-025
Brazil,BR,Goiás,BR-GO,Caiapônia,BR-GO-046
Brazil,BR,Goiás,BR-GO,Itarumã,BR-GO-121
Brazil,BR,Goiás,BR-GO,Mozarlândia,BR-GO-152
Brazil,BR,Goiás,BR-GO,Anhanguera,BR-GO-016
Brazil,BR,Goiás,BR-GO,Trindade,BR-GO-232
Brazil,BR,Goiás,BR-GO,Buritinópolis,BR-GO-040
Brazil,BR,Goiás,BR-GO,Sanclerlândia,BR-GO-199
Brazil,BR,Goiás,BR-GO,Cavalcante,BR-GO-060
Brazil,BR,Goiás,BR-GO,Castelândia,BR-GO-057
Brazil,BR,Goiás,BR-GO,Uirapuru,BR-GO-236
Brazil,BR,Goiás,BR-GO,Simolândia,BR-GO-226
Brazil,BR,Goiás,BR-GO,Caldazinha,BR-GO-048
Brazil,BR,Goiás,BR-GO,Santa Fé de Goiás,BR-GO-202
Brazil,BR,Goiás,BR-GO,Trombas,BR-GO-233
Brazil,BR,Goiás,BR-GO,Formoso,BR-GO-089
Brazil,BR,Goiás,BR-GO,Santo Antônio do Descoberto,BR-GO-212
Brazil,BR,Goiás,BR-GO,Americano do Brasil,BR-GO-013
Brazil,BR,Goiás,BR-GO,Vianópolis,BR-GO-242
Brazil,BR,Goiás,BR-GO,Itumbiara,BR-GO-123
Brazil,BR,Goiás,BR-GO,Piranhas,BR-GO-183
Brazil,BR,Goiás,BR-GO,Goiatuba,BR-GO-097
Brazil,BR,Goiás,BR-GO,Caldas Novas,BR-GO-047
Brazil,BR,Goiás,BR-GO,Sítio d'Abadia,BR-GO-227
Brazil,BR,Goiás,BR-GO,Três Ranchos,BR-GO-231
Brazil,BR,Goiás,BR-GO,Buriti de Goiás,BR-GO-039
Brazil,BR,Goiás,BR-GO,Flores de Goiás,BR-GO-087
Brazil,BR,Goiás,BR-GO,Vila Boa,BR-GO-244
Brazil,BR,Goiás,BR-GO,Marzagão,BR-GO-138
Brazil,BR,Goiás,BR-GO,Nova Iguaçu de Goiás,BR-GO-162
Brazil,BR,Goiás,BR-GO,Jesúpolis,BR-GO-129
Brazil,BR,Goiás,BR-GO,Córrego do Ouro,BR-GO-067
Brazil,BR,Goiás,BR-GO,Cristianópolis,BR-GO-071
Brazil,BR,Goiás,BR-GO,Montividiu do Norte,BR-GO-148
Brazil,BR,Goiás,BR-GO,Aruanã,BR-GO-026
Brazil,BR,Goiás,BR-GO,Ipameri,BR-GO-110
Brazil,BR,Goiás,BR-GO,Chapadão do Céu,BR-GO-063
Brazil,BR,Goiás,BR-GO,Maurilândia,BR-GO-140
Brazil,BR,Goiás,BR-GO,Damianópolis,BR-GO-075
Brazil,BR,Goiás,BR-GO,Aurilândia,BR-GO-027
Brazil,BR,Goiás,BR-GO,Baliza,BR-GO-029
Brazil,BR,Goiás,BR-GO,Nazário,BR-GO-155
Brazil,BR,Goiás,BR-GO,Faina,BR-GO-084
Brazil,BR,Goiás,BR-GO,Cristalina,BR-GO-070
Brazil,BR,Goiás,BR-GO,Campo Alegre de Goiás,BR-GO-052
Brazil,BR,Goiás,BR-GO,Uruana,BR-GO-238
Brazil,BR,Goiás,BR-GO,Monte Alegre de Goiás,BR-GO-145
Brazil,BR,Goiás,BR-GO,Gameleira de Goiás,BR-GO-090
Brazil,BR,Goiás,BR-GO,Goiás,BR-GO-096
Brazil,BR,Goiás,BR-GO,Santo Antônio da Barra,BR-GO-210
Brazil,BR,Goiás,BR-GO,Indiara,BR-GO-108
Brazil,BR,Goiás,BR-GO,Senador Canedo,BR-GO-223
Brazil,BR,Goiás,BR-GO,Fazenda Nova,BR-GO-085
Brazil,BR,Goiás,BR-GO,Brazabrantes,BR-GO-036
Brazil,BR,Goiás,BR-GO,São Miguel do Araguaia,BR-GO-219
Brazil,BR,Goiás,BR-GO,Cachoeira de Goiás,BR-GO-043
Brazil,BR,Goiás,BR-GO,Campos Belos,BR-GO-054
Brazil,BR,Goiás,BR-GO,Moiporá,BR-GO-144
Brazil,BR,Goiás,BR-GO,Campestre de Goiás,BR-GO-049
Brazil,BR,Goiás,BR-GO,Campinorte,BR-GO-051
Brazil,BR,Goiás,BR-GO,Teresina de Goiás,BR-GO-229
Brazil,BR,Goiás,BR-GO,Vila Propício,BR-GO-245
Brazil,BR,Goiás,BR-GO,Campos Verdes,BR-GO-055
Brazil,BR,Goiás,BR-GO,Lagoa Santa,BR-GO-132
Brazil,BR,Goiás,BR-GO,Campinaçu,BR-GO-050
Brazil,BR,Goiás,BR-GO,Mara Rosa,BR-GO-137
Brazil,BR,Goiás,BR-GO,Adelândia,BR-GO-003
Brazil,BR,Goiás,BR-GO,Iaciara,BR-GO-106
Brazil,BR,Goiás,BR-GO,Orizona,BR-GO-168
Brazil,BR,Goiás,BR-GO,Palmeiras de Goiás,BR-GO-173
Brazil,BR,Goiás,BR-GO,Pilar de Goiás,BR-GO-181
Brazil,BR,Goiás,BR-GO,Doverlândia,BR-GO-080
Brazil,BR,Goiás,BR-GO,Santa Helena de Goiás,BR-GO-203
Brazil,BR,Goiás,BR-GO,Guarinos,BR-GO-102
Brazil,BR,Goiás,BR-GO,Firminópolis,BR-GO-086
Brazil,BR,Goiás,BR-GO,Santa Rosa de Goiás,BR-GO-207
Brazil,BR,Goiás,BR-GO,Corumbaíba,BR-GO-069
Brazil,BR,Goiás,BR-GO,Águas Lindas de Goiás,BR-GO-006
Brazil,BR,Goiás,BR-GO,Itapaci,BR-GO-118
Brazil,BR,Goiás,BR-GO,Ouro Verde de Goiás,BR-GO-169
Brazil,BR,Goiás,BR-GO,Santa Terezinha de Goiás,BR-GO-209
Brazil,BR,Goiás,BR-GO,Montividiu,BR-GO-147
Brazil,BR,Goiás,BR-GO,Mossâmedes,BR-GO-151
Brazil,BR,Goiás,BR-GO,Cumari,BR-GO-074
Brazil,BR,Goiás,BR-GO,Itaguaru,BR-GO-116
Brazil,BR,Goiás,BR-GO,Goiandira,BR-GO-092
Brazil,BR,Goiás,BR-GO,Santa Bárbara de Goiás,BR-GO-200
Brazil,BR,Goiás,BR-GO,Nova Glória,BR-GO-161
Brazil,BR,Goiás,BR-GO,Araçu,BR-GO-021
Brazil,BR,Goiás,BR-GO,Morro Agudo de Goiás,BR-GO-150
Brazil,BR,Goiás,BR-GO,Urutaí,BR-GO-239
Brazil,BR,Goiás,BR-GO,Água Limpa,BR-GO-005
Brazil,BR,Goiás,BR-GO,Rubiataba,BR-GO-198
Brazil,BR,Goiás,BR-GO,Porteirão,BR-GO-189
Brazil,BR,Goiás,BR-GO,Araguapaz,BR-GO-024
Brazil,BR,Goiás,BR-GO,Aporé,BR-GO-020
Brazil,BR,Goiás,BR-GO,Cezarina,BR-GO-062
Brazil,BR,Goiás,BR-GO,Terezópolis de Goiás,BR-GO-230
Brazil,BR,Goiás,BR-GO,Hidrolândia,BR-GO-104
Brazil,BR,Goiás,BR-GO,Avelinópolis,BR-GO-028
Brazil,BR,Goiás,BR-GO,Cidade Ocidental,BR-GO-064
Brazil,BR,Goiás,BR-GO,São Francisco de Goiás,BR-GO-214
Brazil,BR,Goiás,BR-GO,Turvânia,BR-GO-234
Brazil,BR,Tocantins,BR-TO,Palmeirante,BR-TO-089
Brazil,BR,Tocantins,BR-TO,Pau D'Arco,BR-TO-094
Brazil,BR,Tocantins,BR-TO,Almas,BR-TO-004
Brazil,BR,Tocantins,BR-TO,Monte do Carmo,BR-TO-077
Brazil,BR,Tocantins,BR-TO,Darcinópolis,BR-TO-045
Brazil,BR,Tocantins,BR-TO,Sucupira,BR-TO-129
Brazil,BR,Tocantins,BR-TO,Palmeiras do Tocantins,BR-TO-090
Brazil,BR,Tocantins,BR-TO,Esperantina,BR-TO-050
Brazil,BR,Tocantins,BR-TO,Nazaré,BR-TO-081
Brazil,BR,Tocantins,BR-TO,Rio da Conceição,BR-TO-110
Brazil,BR,Tocantins,BR-TO,Augustinópolis,BR-TO-017
Brazil,BR,Tocantins,BR-TO,Chapada da Natividade,BR-TO-036
Brazil,BR,Tocantins,BR-TO,Natividade,BR-TO-080
Brazil,BR,Tocantins,BR-TO,Lavandeira,BR-TO-069
Brazil,BR,Tocantins,BR-TO,Ponte Alta do Tocantins,BR-TO-102
Brazil,BR,Tocantins,BR-TO,Conceição do Tocantins,BR-TO-041
Brazil,BR,Tocantins,BR-TO,Figueirópolis,BR-TO-052
Brazil,BR,Tocantins,BR-TO,Recursolândia,BR-TO-108
Brazil,BR,Tocantins,BR-TO,Miracema do Tocantins,BR-TO-075
Brazil,BR,Tocantins,BR-TO,Santa Tereza do Tocantins,BR-TO-119
Brazil,BR,Tocantins,BR-TO,Araguanã,BR-TO-013
Brazil,BR,Tocantins,BR-TO,Colinas do Tocantins,BR-TO-038
Brazil,BR,Tocantins,BR-TO,Crixás do Tocantins,BR-TO-044
Brazil,BR,Tocantins,BR-TO,Carmolândia,BR-TO-032
Brazil,BR,Tocantins,BR-TO,Riachinho,BR-TO-109
Brazil,BR,Tocantins,BR-TO,Jaú do Tocantins,BR-TO-064
Brazil,BR,Tocantins,BR-TO,São Bento do Tocantins,BR-TO-121
Brazil,BR,Tocantins,BR-TO,Lagoa do Tocantins,BR-TO-067
Brazil,BR,Tocantins,BR-TO,Carrasco Bonito,BR-TO-033
Brazil,BR,Tocantins,BR-TO,Filadélfia,BR-TO-053
Brazil,BR,Tocantins,BR-TO,Bernardo Sayão,BR-TO-024
Brazil,BR,Tocantins,BR-TO,Santa Rosa do Tocantins,BR-TO-118
Brazil,BR,Tocantins,BR-TO,Pequizeiro,BR-TO-097
Brazil,BR,Tocantins,BR-TO,Wanderlândia,BR-TO-138
Brazil,BR,Tocantins,BR-TO,São Sebastião do Tocantins,BR-TO-125
Brazil,BR,Tocantins,BR-TO,Paranã,BR-TO-093
Brazil,BR,Tocantins,BR-TO,Campos Lindos,BR-TO-030
Brazil,BR,Tocantins,BR-TO,Santa Terezinha do Tocantins,BR-TO-120
Brazil,BR,Tocantins,BR-TO,Araguacema,BR-TO-010
Brazil,BR,Tocantins,BR-TO,Couto Magalhães,BR-TO-042
Brazil,BR,Tocantins,BR-TO,Taguatinga,BR-TO-131
Brazil,BR,Tocantins,BR-TO,Lizarda,BR-TO-070
Brazil,BR,Tocantins,BR-TO,Porto Nacional,BR-TO-104
Brazil,BR,Tocantins,BR-TO,Angico,BR-TO-007
Brazil,BR,Tocantins,BR-TO,Itacajá,BR-TO-060
Brazil,BR,Tocantins,BR-TO,Porto Alegre do Tocantins,BR-TO-103
Brazil,BR,Tocantins,BR-TO,Oliveira de Fátima,BR-TO-087
Brazil,BR,Tocantins,BR-TO,Rio dos Bois,BR-TO-111
Brazil,BR,Tocantins,BR-TO,Araguaína,BR-TO-012
Brazil,BR,Tocantins,BR-TO,Aliança do Tocantins,BR-TO-003
Brazil,BR,Tocantins,BR-TO,Caseara,BR-TO-034
Brazil,BR,Tocantins,BR-TO,Chapada de Areia,BR-TO-037
Brazil,BR,Tocantins,BR-TO,São Valério,BR-TO-126
Brazil,BR,Tocantins,BR-TO,Rio Sono,BR-TO-112
Brazil,BR,Tocantins,BR-TO,Abreulândia,BR-TO-001
Brazil,BR,Tocantins,BR-TO,Cristalândia,BR-TO-043
Brazil,BR,Tocantins,BR-TO,Colméia,BR-TO-039
Brazil,BR,Tocantins,BR-TO,Itapiratins,BR-TO-062
Brazil,BR,Tocantins,BR-TO,Nova Rosalândia,BR-TO-083
Brazil,BR,Tocantins,BR-TO,Cachoeirinha,BR-TO-029
Brazil,BR,Tocantins,BR-TO,São Félix do Tocantins,BR-TO-122
Brazil,BR,Tocantins,BR-TO,Gurupi,BR-TO-058
Brazil,BR,Tocantins,BR-TO,Santa Fé do Araguaia,BR-TO-115
Brazil,BR,Tocantins,BR-TO,Pedro Afonso,BR-TO-095
Brazil,BR,Tocantins,BR-TO,Peixe,BR-TO-096
Brazil,BR,Tocantins,BR-TO,Buriti do Tocantins,BR-TO-028
Brazil,BR,Tocantins,BR-TO,Combinado,BR-TO-040
Brazil,BR,Tocantins,BR-TO,Tupirama,BR-TO-136
Brazil,BR,Tocantins,BR-TO,Alvorada,BR-TO-005
Brazil,BR,Tocantins,BR-TO,Dois Irmãos do Tocantins,BR-TO-048
Brazil,BR,Tocantins,BR-TO,Goianorte,BR-TO-055
Brazil,BR,Tocantins,BR-TO,Luzinópolis,BR-TO-071
Brazil,BR,Tocantins,BR-TO,Santa Maria do Tocantins,BR-TO-116
Brazil,BR,Tocantins,BR-TO,Aguiarnópolis,BR-TO-002
Brazil,BR,Tocantins,BR-TO,Bandeirantes do Tocantins,BR-TO-021
Brazil,BR,Tocantins,BR-TO,Itaguatins,BR-TO-061
Brazil,BR,Tocantins,BR-TO,Novo Acordo,BR-TO-084
Brazil,BR,Tocantins,BR-TO,Marianópolis do Tocantins,BR-TO-072
Brazil,BR,Tocantins,BR-TO,Arapoema,BR-TO-015
Brazil,BR,Tocantins,BR-TO,Novo Alegre,BR-TO-085
Brazil,BR,Tocantins,BR-TO,Palmas,BR-TO-088
Brazil,BR,Tocantins,BR-TO,Brasilândia do Tocantins,BR-TO-026
Brazil,BR,Tocantins,BR-TO,São Miguel do Tocantins,BR-TO-123
Brazil,BR,Tocantins,BR-TO,Pugmil,BR-TO-107
Brazil,BR,Tocantins,BR-TO,Tupiratins,BR-TO-137
Brazil,BR,Tocantins,BR-TO,Ananás,BR-TO-006
Brazil,BR,Tocantins,BR-TO,Araguatins,BR-TO-014
Brazil,BR,Tocantins,BR-TO,Piraquê,BR-TO-099
Brazil,BR,Tocantins,BR-TO,Barrolândia,BR-TO-023
Brazil,BR,Tocantins,BR-TO,Dueré,BR-TO-049
Brazil,BR,Tocantins,BR-TO,Pindorama do Tocantins,BR-TO-098
Brazil,BR,Tocantins,BR-TO,Xambioá,BR-TO-139
Brazil,BR,Tocantins,BR-TO,Maurilândia do Tocantins,BR-TO-074
Brazil,BR,Tocantins,BR-TO,Pium,BR-TO-100
Brazil,BR,Tocantins,BR-TO,Lagoa da Confusão,BR-TO-066
Brazil,BR,Tocantins,BR-TO,São Salvador do Tocantins,BR-TO-124
Brazil,BR,Tocantins,BR-TO,Formoso do Araguaia,BR-TO-054
Brazil,BR,Tocantins,BR-TO,Divinópolis do Tocantins,BR-TO-047
Brazil,BR,Tocantins,BR-TO,Talismã,BR-TO-133
Brazil,BR,Tocantins,BR-TO,Centenário,BR-TO-035
Brazil,BR,Tocantins,BR-TO,Cariri do Tocantins,BR-TO-031
Brazil,BR,Tocantins,BR-TO,Fátima,BR-TO-051
Brazil,BR,Tocantins,BR-TO,Presidente Kennedy,BR-TO-106
Brazil,BR,Tocantins,BR-TO,Araguaçu,BR-TO-011
Brazil,BR,Tocantins,BR-TO,Aragominas,BR-TO-009
Brazil,BR,Tocantins,BR-TO,Miranorte,BR-TO-076
Brazil,BR,Tocantins,BR-TO,Taipas do Tocantins,BR-TO-132
Brazil,BR,Tocantins,BR-TO,Bom Jesus do Tocantins,BR-TO-025
Brazil,BR,Tocantins,BR-TO,Muricilândia,BR-TO-079
Brazil,BR,Tocantins,BR-TO,Tocantínia,BR-TO-134
Brazil,BR,Tocantins,BR-TO,Mateiros,BR-TO-073
Brazil,BR,Tocantins,BR-TO,Aurora do Tocantins,BR-TO-018
Brazil,BR,Tocantins,BR-TO,Guaraí,BR-TO-057
Brazil,BR,Tocantins,BR-TO,Palmeirópolis,BR-TO-091
Brazil,BR,Tocantins,BR-TO,Axixá do Tocantins,BR-TO-019
Brazil,BR,Tocantins,BR-TO,Juarina,BR-TO-065
Brazil,BR,Tocantins,BR-TO,Novo Jardim,BR-TO-086
Brazil,BR,Tocantins,BR-TO,Sandolândia,BR-TO-114
Brazil,BR,Tocantins,BR-TO,Aparecida do Rio Negro,BR-TO-008
Brazil,BR,Tocantins,BR-TO,Dianópolis,BR-TO-046
Brazil,BR,Tocantins,BR-TO,Ponte Alta do Bom Jesus,BR-TO-101
Brazil,BR,Tocantins,BR-TO,Tabocão,BR-TO-130
Brazil,BR,Tocantins,BR-TO,Itaporã do Tocantins,BR-TO-063
Brazil,BR,Tocantins,BR-TO,Praia Norte,BR-TO-105
Brazil,BR,Tocantins,BR-TO,Monte Santo do Tocantins,BR-TO-078
Brazil,BR,Tocantins,BR-TO,Tocantinópolis,BR-TO-135
Brazil,BR,Tocantins,BR-TO,Arraias,BR-TO-016
Brazil,BR,Tocantins,BR-TO,Barra do Ouro,BR-TO-022
Brazil,BR,Tocantins,BR-TO,Brejinho de Nazaré,BR-TO-027
Brazil,BR,Tocantins,BR-TO,Ipueiras,BR-TO-059
Brazil,BR,Tocantins,BR-TO,Paraíso do Tocantins,BR-TO-092
Brazil,BR,Tocantins,BR-TO,Sítio Novo do Tocantins,BR-TO-128
Brazil,BR,Tocantins,BR-TO,Lajeado,BR-TO-068
Brazil,BR,Tocantins,BR-TO,Goiatins,BR-TO-056
Brazil,BR,Tocantins,BR-TO,Sampaio,BR-TO-113
Brazil,BR,Tocantins,BR-TO,Silvanópolis,BR-TO-127
Brazil,BR,Tocantins,BR-TO,Nova Olinda,BR-TO-082
Brazil,BR,Tocantins,BR-TO,Santa Rita do Tocantins,BR-TO-117
Brazil,BR,Tocantins,BR-TO,Babaçulândia,BR-TO-020
Brazil,BR,Roraima,BR-RR,Bonfim,BR-RR-004
Brazil,BR,Roraima,BR-RR,Rorainópolis,BR-RR-012
Brazil,BR,Roraima,BR-RR,Caracaraí,BR-RR-006
Brazil,BR,Roraima,BR-RR,Cantá,BR-RR-005
Brazil,BR,Roraima,BR-RR,Caroebe,BR-RR-007
Brazil,BR,Roraima,BR-RR,Pacaraima,BR-RR-011
Brazil,BR,Roraima,BR-RR,Normandia,BR-RR-010
Brazil,BR,Roraima,BR-RR,Uiramutã,BR-RR-015
Brazil,BR,Roraima,BR-RR,São Luiz,BR-RR-014
Brazil,BR,Roraima,BR-RR,Iracema,BR-RR-008
Brazil,BR,Roraima,BR-RR,Amajari,BR-RR-002
Brazil,BR,Roraima,BR-RR,São João da Baliza,BR-RR-013
Brazil,BR,Roraima,BR-RR,Mucajaí,BR-RR-009
Brazil,BR,Roraima,BR-RR,Alto Alegre,BR-RR-001
Brazil,BR,Roraima,BR-RR,Boa Vista,BR-RR-003
Thailand,TH,Samut Sakhon,TH-74,Samut Sakhon,TH-74
Thailand,TH,Loei,TH-42,Loei,TH-42
Thailand,TH,Pathum Thani,TH-13,Pathum Thani,TH-13
Thailand,TH,Samut Songkhram,TH-75,Samut Songkhram,TH-75
Thailand,TH,Chon Buri,TH-20,Chon Buri,TH-20
Thailand,TH,Rayong,TH-21,Rayong,TH-21
Thailand,TH,Phuket,TH-83,Phuket,TH-83
Thailand,TH,Surin,TH-32,Surin,TH-32
Thailand,TH,Nakhon Phanom,TH-48,Nakhon Phanom,TH-48
Thailand,TH,Phatthalung,TH-93,Phatthalung,TH-93
Thailand,TH,Amnat Charoen,TH-37,Amnat Charoen,TH-37
Thailand,TH,Nakhon Nayok,TH-26,Nakhon Nayok,TH-26
Thailand,TH,Chumphon,TH-86,Chumphon,TH-86
Thailand,TH,Pattani,TH-94,Pattani,TH-94
Thailand,TH,Mukdahan,TH-49,Mukdahan,TH-49
Thailand,TH,Nan,TH-55,Nan,TH-55
Thailand,TH,Nakhon Ratchasima,TH-30,Nakhon Ratchasima,TH-30
Thailand,TH,Phetchaburi,TH-76,Phetchaburi,TH-76
Thailand,TH,Krung Thep Maha Nakhon [Bangkok],TH-10,Krung Thep Maha Nakhon [Bangkok],TH-10
Thailand,TH,Nakhon Pathom,TH-73,Nakhon Pathom,TH-73
Thailand,TH,Phrae,TH-54,Phrae,TH-54
Thailand,TH,Surat Thani,TH-84,Surat Thani,TH-84
Thailand,TH,Prachuap Khiri Khan,TH-77,Prachuap Khiri Khan,TH-77
Thailand,TH,Phayao,TH-56,Phayao,TH-56
Thailand,TH,Lop Buri,TH-16,Lop Buri,TH-16
Thailand,TH,Yasothon,TH-35,Yasothon,TH-35
Thailand,TH,Si Sa Ket,TH-33,Si Sa Ket,TH-33
Thailand,TH,Satun,TH-91,Satun,TH-91
Thailand,TH,Tak,TH-63,Tak,TH-63
Thailand,TH,Lampang,TH-52,Lampang,TH-52
Thailand,TH,Phra Nakhon Si Ayutthaya,TH-14,Phra Nakhon Si Ayutthaya,TH-14
Thailand,TH,Phetchabun,TH-67,Phetchabun,TH-67
Thailand,TH,Nong Bua Lam Phu,TH-39,Nong Bua Lam Phu,TH-39
Thailand,TH,Khon Kaen,TH-40,Khon Kaen,TH-40
Thailand,TH,Lamphun,TH-51,Lamphun,TH-51
Thailand,TH,Trat,TH-23,Trat,TH-23
Thailand,TH,Sa Kaeo,TH-27,Sa Kaeo,TH-27
Thailand,TH,Phitsanulok,TH-65,Phitsanulok,TH-65
Thailand,TH,Maha Sarakham,TH-44,Maha Sarakham,TH-44
Thailand,TH,Kamphaeng Phet,TH-62,Kamphaeng Phet,TH-62
Thailand,TH,Narathiwat,TH-96,Narathiwat,TH-96
Thailand,TH,Sakon Nakhon,TH-47,Sakon Nakhon,TH-47
Thailand,TH,Chaiyaphum,TH-36,Chaiyaphum,TH-36
Thailand,TH,Songkhla,TH-90,Songkhla,TH-90
Thailand,TH,Yala,TH-95,Yala,TH-95
Thailand,TH,Chiang Mai,TH-50,Chiang Mai,TH-50
Thailand,TH,Trang,TH-92,Trang,TH-92
Thailand,TH,Ratchaburi,TH-70,Ratchaburi,TH-70
Thailand,TH,Buri Ram,TH-31,Buri Ram,TH-31
Thailand,TH,Suphan Buri,TH-72,Suphan Buri,TH-72
Thailand,TH,Roi Et,TH-45,Roi Et,TH-45
Thailand,TH,Saraburi,TH-19,Saraburi,TH-19
Thailand,TH,Samut Prakan,TH-11,Samut Prakan,TH-11
Thailand,TH,Phichit,TH-66,Phichit,TH-66
Thailand,TH,Phangnga,TH-82,Phangnga,TH-82
Thailand,TH,Sukhothai,TH-64,Sukhothai,TH-64
Thailand,TH,Uttaradit,TH-53,Uttaradit,TH-53
Thailand,TH,Bueng Kan,TH-38,Bueng Kan,TH-38
Thailand,TH,Ubon Ratchathani,TH-34,Ubon Ratchathani,TH-34
Thailand,TH,Kanchanaburi,TH-71,Kanchanaburi,TH-71
Thailand,TH,Chachoengsao,TH-24,Chachoengsao,TH-24
Thailand,TH,Chanthaburi,TH-22,Chanthaburi,TH-22
Thailand,TH,Nakhon Sawan,TH-60,Nakhon Sawan,TH-60
Thailand,TH,Kalasin,TH-46,Kalasin,TH-46
Thailand,TH,Mae Hong Son,TH-58,Mae Hong Son,TH-58
Thailand,TH,Nong Khai,TH-43,Nong Khai,TH-43
Thailand,TH,Prachin Buri,TH-25,Prachin Buri,TH-25
Thailand,TH,Nakhon Si Thammarat,TH-80,Nakhon Si Thammarat,TH-80
Thailand,TH,Sing Buri,TH-17,Sing Buri,TH-17
Thailand,TH,Chai Nat,TH-18,Chai Nat,TH-18
Thailand,TH,Ang Thong,TH-15,Ang Thong,TH-15
Thailand,TH,Ranong,TH-85,Ranong,TH-85
Thailand,TH,Krabi,TH-81,Krabi,TH-81
Thailand,TH,Uthai Thani,TH-61,Uthai Thani,TH-61
Thailand,TH,Nonthaburi,TH-12,Nonthaburi,TH-12
Thailand,TH,Chiang Rai,TH-57,Chiang Rai,TH-57
Thailand,TH,Udon Thani,TH-41,Udon Thani,TH-41
Belgium,BE,Wallonie,BE-WAL,Luxembourg,BE-WAL-LX
Belgium,BE,Wallonie,BE-WAL,Brabant Wallon,BE-WAL-BW
Belgium,BE,Wallonie,BE-WAL,Hainaut,BE-WAL-HT
Belgium,BE,Wallonie,BE-WAL,Liège,BE-WAL-LG
Belgium,BE,Wallonie,BE-WAL,Namur,BE-WAL-NA
Belgium,BE,Bruxelles/Brussel,BE-BRU,Bruxelles/Brussel,BE-BRU
Belgium,BE,Vlaanderen,BE-VLG,Limburg,BE-VLG-LI
Belgium,BE,Vlaanderen,BE-VLG,Antwerpen,BE-VLG-AN
Belgium,BE,Vlaanderen,BE-VLG,Oost-Vlaanderen,BE-VLG-OV
Belgium,BE,Vlaanderen,BE-VLG,West-Vlaanderen,BE-VLG-WV
Belgium,BE,Vlaanderen,BE-VLG,Vlaams Brabant,BE-VLG-VB
Nepal,NP,Bagmati,NP-3,Kathmandu,NP-3-KAT
Nepal,NP,Bagmati,NP-3,Rasuwa,NP-3-RAS
Nepal,NP,Bagmati,NP-3,Sindhuli,NP-3-SLI
Nepal,NP,Bagmati,NP-3,Nuwakot,NP-3-NUW
Nepal,NP,Bagmati,NP-3,Sindhupalchok,NP-3-SPA
Nepal,NP,Bagmati,NP-3,Lalitpur,NP-3-LAL
Nepal,NP,Bagmati,NP-3,Makawanpur,NP-3-MAK
Nepal,NP,Bagmati,NP-3,Kabhrepalanchok,NP-3-KAB
Nepal,NP,Bagmati,NP-3,Dhading,NP-3-DHA
Nepal,NP,Bagmati,NP-3,Dolakha,NP-3-DOL
Nepal,NP,Bagmati,NP-3,Ramechhap,NP-3-RAM
Nepal,NP,Bagmati,NP-3,Bhaktapur,NP-3-BHA
Nepal,NP,Bagmati,NP-3,Chitawan,NP-3-CHI
Nepal,NP,Madhesh,NP-2,Bara,NP-2-BAR
Nepal,NP,Madhesh,NP-2,Saptari,NP-2-SAP
Nepal,NP,Madhesh,NP-2,Siraha,NP-2-SIR
Nepal,NP,Madhesh,NP-2,Parsa,NP-2-PAR
Nepal,NP,Madhesh,NP-2,Dhanusha,NP-2-DHA
Nepal,NP,Madhesh,NP-2,Mahottari,NP-2-MAH
Nepal,NP,Madhesh,NP-2,Sarlahi,NP-2-SAR
Nepal,NP,Madhesh,NP-2,Rautahat,NP-2-RAU
Nepal,NP,Lumbini,NP-5,Arghakhanchi,NP-5-ARG
Nepal,NP,Lumbini,NP-5,Banke,NP-5-BAN
Nepal,NP,Lumbini,NP-5,Palpa,NP-5-PAL
Nepal,NP,Lumbini,NP-5,Bardiya,NP-5-BAR
Nepal,NP,Lumbini,NP-5,Rolpa,NP-5-ROL
Nepal,NP,Lumbini,NP-5,Nawalparasi West,NP-5-NAW
Nepal,NP,Lumbini,NP-5,Kapilbastu,NP-5-KAP
Nepal,NP,Lumbini,NP-5,Rupandehi,NP-5-RUP
Nepal,NP,Lumbini,NP-5,Dang,NP-5-DAN
Nepal,NP,Lumbini,NP-5,Pyuthan,NP-5-PYU
Nepal,NP,Lumbini,NP-5,Rukum East,NP-5-RUK
Nepal,NP,Lumbini,NP-5,Gulmi,NP-5-GUL
Nepal,NP,Gandaki,NP-4,Manang,NP-4-MAN
Nepal,NP,Gandaki,NP-4,Myagdi,NP-4-MYA
Nepal,NP,Gandaki,NP-4,Kaski,NP-4-KAS
Nepal,NP,Gandaki,NP-4,Nawalparasi East,NP-4-NAW
Nepal,NP,Gandaki,NP-4,Syangja,NP-4-SYA
Nepal,NP,Gandaki,NP-4,Parbat,NP-4-PAR
Nepal,NP,Gandaki,NP-4,Mustang,NP-4-MUS
Nepal,NP,Gandaki,NP-4,Lamjung,NP-4-LAM
Nepal,NP,Gandaki,NP-4,Gorkha,NP-4-GOR
Nepal,NP,Gandaki,NP-4,Baglung,NP-4-BAG
Nepal,NP,Gandaki,NP-4,Tanahu,NP-4-TAN
Nepal,NP,Province 1,NP-1,Ilam,NP-1-ILA
Nepal,NP,Province 1,NP-1,Panchthar,NP-1-PAN
Nepal,NP,Province 1,NP-1,Taplejung,NP-1-TAP
Nepal,NP,Province 1,NP-1,Jhapa,NP-1-JHA
Nepal,NP,Province 1,NP-1,Okhaldhunga,NP-1-OKH
Nepal,NP,Province 1,NP-1,Khotang,NP-1-KHO
Nepal,NP,Province 1,NP-1,Udayapur,NP-1-UDA
Nepal,NP,Province 1,NP-1,Morang,NP-1-MOR
Nepal,NP,Province 1,NP-1,Solukhumbu,NP-1-SOL
Nepal,NP,Province 1,NP-1,Sunsari,NP-1-SUN
Nepal,NP,Province 1,NP-1,Sankhuwasabha,NP-1-SAN
Nepal,NP,Province 1,NP-1,Dhankuta,NP-1-DHA
Nepal,NP,Province 1,NP-1,Terhathum,NP-1-TER
Nepal,NP,Province 1,NP-1,Bhojpur,NP-1-BHO
Nepal,NP,Sudurpaschim,NP-7,Dadeldhura,NP-7-DAD
Nepal,NP,Sudurpaschim,NP-7,Kanchanpur,NP-7-KAN
Nepal,NP,Sudurpaschim,NP-7,Bajhang,NP-7-BHA
Nepal,NP,Sudurpaschim,NP-7,Bajura,NP-7-BUR
Nepal,NP,Sudurpaschim,NP-7,Kailali,NP-7-KAI
Nepal,NP,Sudurpaschim,NP-7,Darchula,NP-7-DAR
Nepal,NP,Sudurpaschim,NP-7,Achham,NP-7-ACH
Nepal,NP,Sudurpaschim,NP-7,Baitadi,NP-7-BAI
Nepal,NP,Sudurpaschim,NP-7,Doti,NP-7-DOT
Nepal,NP,Karnali,NP-6,Dailekh,NP-6-DAI
Nepal,NP,Karnali,NP-6,Surkhet,NP-6-SUR
Nepal,NP,Karnali,NP-6,Kalikot,NP-6-KAL
Nepal,NP,Karnali,NP-6,Salyan,NP-6-SAL
Nepal,NP,Karnali,NP-6,Humla,NP-6-HUM
Nepal,NP,Karnali,NP-6,Dolpa,NP-6-DOL
Nepal,NP,Karnali,NP-6,Jajarkot,NP-6-JAJ
Nepal,NP,Karnali,NP-6,Rukum West,NP-6-RUK
Nepal,NP,Karnali,NP-6,Mugu,NP-6-MUG
Nepal,NP,Karnali,NP-6,Jumla,NP-6-JUM
Switzerland,CH,Schaffhausen,CH-SH,Schaffhausen,CH-SH
Switzerland,CH,Basel-Stadt,CH-BS,Basel-Stadt,CH-BS
Switzerland,CH,Zug,CH-ZG,Zug,CH-ZG
Switzerland,CH,Vaud,CH-VD,Vaud,CH-VD
Switzerland,CH,Genève,CH-GE,Genève,CH-GE
Switzerland,CH,Luzern,CH-LU,Luzern,CH-LU
Switzerland,CH,Sankt Gallen,CH-SG,Sankt Gallen,CH-SG
Switzerland,CH,Zürich,CH-ZH,Zürich,CH-ZH
Switzerland,CH,Basel-Landschaft,CH-BL,Basel-Landschaft,CH-BL
Switzerland,CH,Uri,CH-UR,Uri,CH-UR
Switzerland,CH,Glarus,CH-GL,Glarus,CH-GL
Switzerland,CH,Appenzell Innerrhoden,CH-AI,Appenzell Innerrhoden,CH-AI
Switzerland,CH,Appenzell Ausserrhoden,CH-AR,Appenzell Ausserrhoden,CH-AR
Switzerland,CH,Aargau,CH-AG,Aargau,CH-AG
Switzerland,CH,Schwyz,CH-SZ,Schwyz,CH-SZ
Switzerland,CH,Nidwalden,CH-NW,Nidwalden,CH-NW
Switzerland,CH,Wallis,CH-VS,Wallis,CH-VS
Switzerland,CH,Bern,CH-BE,Bern,CH-BE
Switzerland,CH,Neuchâtel,CH-NE,Neuchâtel,CH-NE
Switzerland,CH,Thurgau,CH-TG,Thurgau,CH-TG
Switzerland,CH,Graubünden,CH-GR,Graubünden,CH-GR
Switzerland,CH,Solothurn,CH-SO,Solothurn,CH-SO
Switzerland,CH,Obwalden,CH-OW,Obwalden,CH-OW
Switzerland,CH,Jura,CH-JU,Jura,CH-JU
Switzerland,CH,Freiburg,CH-FR,Freiburg,CH-FR
Switzerland,CH,Ticino,CH-TI,Ticino,CH-TI
Moldova,MD,Rîșcani,MD-RI,Rîșcani,MD-RI
Moldova,MD,Strășeni,MD-ST,Strășeni,MD-ST
Moldova,MD,Șoldănești,MD-SD,Șoldănești,MD-SD
Moldova,MD,Taraclia,MD-TA,Taraclia,MD-TA
Moldova,MD,Bender [Tighina],MD-BD,Bender [Tighina],MD-BD
Moldova,MD,Hîncești,MD-HI,Hîncești,MD-HI
Moldova,MD,Rezina,MD-RE,Rezina,MD-RE
Moldova,MD,Cantemir,MD-CT,Cantemir,MD-CT
Moldova,MD,Ștefan Vodă,MD-SV,Ștefan Vodă,MD-SV
Moldova,MD,Ungheni,MD-UN,Ungheni,MD-UN
Moldova,MD,Balti,MD-BA,Balti,MD-BA
Moldova,MD,Dondușeni,MD-DO,Dondușeni,MD-DO
Moldova,MD,Briceni,MD-BR,Briceni,MD-BR
Moldova,MD,Sîngerei,MD-SI,Sîngerei,MD-SI
Moldova,MD,Telenești,MD-TE,Telenești,MD-TE
Moldova,MD,Chișinău City,MD-CU,Chișinău City,MD-CU
Moldova,MD,Glodeni,MD-GL,Glodeni,MD-GL
Moldova,MD,"Stînga Nistrului, unitatea teritoriala din",MD-SN,"Stînga Nistrului, unitatea teritoriala din",MD-SN
Moldova,MD,Călărași,MD-CL,Călărași,MD-CL
Moldova,MD,Căușeni,MD-CS,Căușeni,MD-CS
Moldova,MD,Cahul,MD-CA,Cahul,MD-CA
Moldova,MD,Leova,MD-LE,Leova,MD-LE
Moldova,MD,Fălești,MD-FA,Fălești,MD-FA
Moldova,MD,Criuleni,MD-CR,Criuleni,MD-CR
Moldova,MD,Anenii Noi,MD-AN,Anenii Noi,MD-AN
Moldova,MD,Ocnița,MD-OC,Ocnița,MD-OC
Moldova,MD,Cimișlia,MD-CM,Cimișlia,MD-CM
Moldova,MD,Edinet,MD-ED,Edinet,MD-ED
Moldova,MD,Ialoveni,MD-IA,Ialoveni,MD-IA
Moldova,MD,Drochia,MD-DR,Drochia,MD-DR
Moldova,MD,"Gagauzia, Unitate Teritoriala Autonoma (UTAG)",MD-GA,"Gagauzia, Unitate Teritoriala Autonoma (UTAG)",MD-GA
Moldova,MD,Basarabeasca,MD-BS,Basarabeasca,MD-BS
Moldova,MD,Dubasari,MD-DU,Dubasari,MD-DU
Moldova,MD,Orhei,MD-OR,Orhei,MD-OR
Moldova,MD,Soroca,MD-SO,Soroca,MD-SO
Moldova,MD,Florești,MD-FL,Florești,MD-FL
Moldova,MD,Nisporeni,MD-NI,Nisporeni,MD-NI
Norway,NO,Oppland,NO-05,Oppland,NO-05
Norway,NO,Rogaland,NO-11,Rogaland,NO-11
Norway,NO,Hedmark,NO-04,Hedmark,NO-04
Norway,NO,Telemark,NO-08,Telemark,NO-08
Norway,NO,Vest-Agder,NO-10,Vest-Agder,NO-10
Norway,NO,Akershus,NO-02,Akershus,NO-02
Norway,NO,Finnmark,NO-20,Finnmark,NO-20
Norway,NO,Buskerud,NO-06,Buskerud,NO-06
Norway,NO,Møre og Romsdal,NO-15,Møre og Romsdal,NO-15
Norway,NO,Oslo,NO-03,Oslo,NO-03
Norway,NO,Sør-Trøndelag,NO-16,Sør-Trøndelag,NO-16
Norway,NO,Troms,NO-19,Troms,NO-19
Norway,NO,Hordaland,NO-12,Hordaland,NO-12
Norway,NO,Vestfold,NO-07,Vestfold,NO-07
Norway,NO,Sogn og Fjordane,NO-14,Sogn og Fjordane,NO-14
Norway,NO,Nordland,NO-18,Nordland,NO-18
Norway,NO,Østfold,NO-01,Østfold,NO-01
Norway,NO,Aust-Agder,NO-09,Aust-Agder,NO-09
Norway,NO,Nord-Trøndelag,NO-17,Nord-Trøndelag,NO-17
Honduras,HN,Colón,HN-CL,Colón,HN-CL
Honduras,HN,Yoro,HN-YO,Yoro,HN-YO
Honduras,HN,Lempira,HN-LE,Lempira,HN-LE
Honduras,HN,Francisco Morazán,HN-FM,Francisco Morazán,HN-FM
Honduras,HN,Olancho,HN-OL,Olancho,HN-OL
Honduras,HN,Cortés,HN-CR,Cortés,HN-CR
Honduras,HN,Santa Bárbara,HN-SB,Santa Bárbara,HN-SB
Honduras,HN,Ocotepeque,HN-OC,Ocotepeque,HN-OC
Honduras,HN,Atlántida,HN-AT,Atlántida,HN-AT
Honduras,HN,Islas de la Bahía,HN-IB,Islas de la Bahía,HN-IB
Honduras,HN,Choluteca,HN-CH,Choluteca,HN-CH
Honduras,HN,Comayagua,HN-CM,Comayagua,HN-CM
Honduras,HN,El Paraíso,HN-EP,El Paraíso,HN-EP
Honduras,HN,Intibucá,HN-IN,Intibucá,HN-IN
Honduras,HN,Gracias a Dios,HN-GD,Gracias a Dios,HN-GD
Honduras,HN,La Paz,HN-LP,La Paz,HN-LP
Honduras,HN,Valle,HN-VA,Valle,HN-VA
Honduras,HN,Copán,HN-CP,Copán,HN-CP
Albania,AL,Korçë,AL-06,Korçë,AL-06
Albania,AL,Shkodër,AL-10,Shkodër,AL-10
Albania,AL,Lezhë,AL-08,Lezhë,AL-08
Albania,AL,Kukës,AL-07,Kukës,AL-07
Albania,AL,Gjirokastër,AL-05,Gjirokastër,AL-05
Albania,AL,Durrës,AL-02,Durrës,AL-02
Albania,AL,Fier,AL-04,Fier,AL-04
Albania,AL,Dibër,AL-09,Dibër,AL-09
Albania,AL,Vlorë,AL-12,Vlorë,AL-12
Albania,AL,Elbasan,AL-03,Elbasan,AL-03
Albania,AL,Tiranë,AL-11,Tiranë,AL-11
Albania,AL,Berat,AL-01,Berat,AL-01
Zambia,ZM,Southern,ZM-07,Southern,ZM-07
Zambia,ZM,Western,ZM-01,Western,ZM-01
Zambia,ZM,Eastern,ZM-03,Eastern,ZM-03
Zambia,ZM,Luapula,ZM-04,Luapula,ZM-04
Zambia,ZM,Central,ZM-02,Central,ZM-02
Zambia,ZM,North-Western,ZM-06,North-Western,ZM-06
Zambia,ZM,Northern,ZM-05,Northern,ZM-05
Zambia,ZM,Copperbelt,ZM-08,Copperbelt,ZM-08
Zambia,ZM,Lusaka,ZM-09,Lusaka,ZM-09
Czech Republic,CZ,Jihočeský kraj,CZ-JC,Jihočeský kraj,CZ-JC
Czech Republic,CZ,Karlovarský kraj,CZ-KA,Karlovarský kraj,CZ-KA
Czech Republic,CZ,Královéhradecký kraj,CZ-KR,Královéhradecký kraj,CZ-KR
Czech Republic,CZ,Zlínský kraj,CZ-ZL,Zlínský kraj,CZ-ZL
Czech Republic,CZ,Hlavní město Praha,CZ-PR,Hlavní město Praha,CZ-PR
Czech Republic,CZ,Pardubický kraj,CZ-PA,Pardubický kraj,CZ-PA
Czech Republic,CZ,Olomoucký kraj,CZ-OL,Olomoucký kraj,CZ-OL
Czech Republic,CZ,Liberecký kraj,CZ-LI,Liberecký kraj,CZ-LI
Czech Republic,CZ,Moravskoslezský kraj,CZ-MO,Moravskoslezský kraj,CZ-MO
Czech Republic,CZ,Kraj Vysočina,CZ-VY,Kraj Vysočina,CZ-VY
Czech Republic,CZ,Plzeňský kraj,CZ-PL,Plzeňský kraj,CZ-PL
Czech Republic,CZ,Středočeský kraj,CZ-ST,Středočeský kraj,CZ-ST
Czech Republic,CZ,Ústecký kraj,CZ-US,Ústecký kraj,CZ-US
Czech Republic,CZ,Jihomoravský kraj,CZ-JM,Jihomoravský kraj,CZ-JM
Saint Lucia,LC,Castries,LC-02,Castries,LC-02
Saint Lucia,LC,Soufrière,LC-10,Soufrière,LC-10
Saint Lucia,LC,Micoud,LC-08,Micoud,LC-08
Saint Lucia,LC,Laborie,LC-07,Laborie,LC-07
Saint Lucia,LC,Canaries,LC-12,Canaries,LC-12
Saint Lucia,LC,Gros Islet,LC-06,Gros Islet,LC-06
Saint Lucia,LC,Dennery,LC-05,Dennery,LC-05
Saint Lucia,LC,Vieux Fort,LC-11,Vieux Fort,LC-11
Saint Lucia,LC,Anse la Raye,LC-01,Anse la Raye,LC-01
Saint Lucia,LC,Choiseul,LC-03,Choiseul,LC-03
Afghanistan,AF,Faryab,AF-FYB,Faryab,AF-FYB
Afghanistan,AF,Kondoz,AF-KDZ,Kondoz,AF-KDZ
Afghanistan,AF,Laghman,AF-LAG,Laghman,AF-LAG
Afghanistan,AF,Badakhshan,AF-BDS,Badakhshan,AF-BDS
Afghanistan,AF,Parwan,AF-PAR,Parwan,AF-PAR
Afghanistan,AF,Zabol,AF-ZAB,Zabol,AF-ZAB
Afghanistan,AF,Ghazni,AF-GHA,Ghazni,AF-GHA
Afghanistan,AF,Oruzgan,AF-ORU,Oruzgan,AF-ORU
Afghanistan,AF,Wardak,AF-WAR,Wardak,AF-WAR
Afghanistan,AF,Ghowr,AF-GHO,Ghowr,AF-GHO
Afghanistan,AF,Samangan,AF-SAM,Samangan,AF-SAM
Afghanistan,AF,Kabol,AF-KAB,Kabol,AF-KAB
Afghanistan,AF,Badghis,AF-BDG,Badghis,AF-BDG
Afghanistan,AF,Sar-e Pol,AF-SAR,Sar-e Pol,AF-SAR
Afghanistan,AF,Nangarhar,AF-NAN,Nangarhar,AF-NAN
Afghanistan,AF,Balkh,AF-BAL,Balkh,AF-BAL
Afghanistan,AF,Jowzjan,AF-JOW,Jowzjan,AF-JOW
Afghanistan,AF,Panjshir,AF-PAN,Panjshir,AF-PAN
Afghanistan,AF,Kapisa,AF-KAP,Kapisa,AF-KAP
Afghanistan,AF,Paktika,AF-PKA,Paktika,AF-PKA
Afghanistan,AF,Farah,AF-FRA,Farah,AF-FRA
Afghanistan,AF,Paktia,AF-PIA,Paktia,AF-PIA
Afghanistan,AF,Nurestan,AF-NUR,Nurestan,AF-NUR
Afghanistan,AF,Takhar,AF-TAK,Takhar,AF-TAK
Afghanistan,AF,Herat,AF-HER,Herat,AF-HER
Afghanistan,AF,Lowgar,AF-LOW,Lowgar,AF-LOW
Afghanistan,AF,Kandahar,AF-KAN,Kandahar,AF-KAN
Afghanistan,AF,Konar,AF-KNR,Konar,AF-KNR
Afghanistan,AF,Daykondi,AF-DAY,Daykondi,AF-DAY
Afghanistan,AF,Helmand,AF-HEL,Helmand,AF-HEL
Afghanistan,AF,Nimruz,AF-NIM,Nimruz,AF-NIM
Afghanistan,AF,Baghlan,AF-BGL,Baghlan,AF-BGL
Afghanistan,AF,Bamian,AF-BAM,Bamian,AF-BAM
Afghanistan,AF,Khowst,AF-KHO,Khowst,AF-KHO
Sierra Leone,SL,Northern,SL-N,Northern,SL-N
Sierra Leone,SL,Southern,SL-S,Southern,SL-S
Sierra Leone,SL,Eastern,SL-E,Eastern,SL-E
Sierra Leone,SL,Western Area (Freetown),SL-W,Western Area (Freetown),SL-W
British Indian Ocean Territory,IO,British Indian Ocean Territory,IO,British Indian Ocean Territory,IO
Caribbean Netherlands,BQ,Bonaire,BQ-BO,Bonaire,BQ-BO
Caribbean Netherlands,BQ,Saba,BQ-SA,Saba,BQ-SA
Caribbean Netherlands,BQ,Sint Eustatius,BQ-SE,Sint Eustatius,BQ-SE
South Korea,KR,Chungcheongnam-do,KR-44,Chungcheongnam-do,KR-44
South Korea,KR,Sejong-si,KR-36,Sejong-si,KR-36
South Korea,KR,Jeollanam-do,KR-46,Jeollanam-do,KR-46
South Korea,KR,Daegu,KR-27,Daegu,KR-27
South Korea,KR,Gyeonggi-do,KR-41,Gyeonggi-do,KR-41
South Korea,KR,Daejeon,KR-30,Daejeon,KR-30
South Korea,KR,Gyeongsangnam-do,KR-48,Gyeongsangnam-do,KR-48
South Korea,KR,Seoul,KR-11,Seoul,KR-11
South Korea,KR,Busan,KR-26,Busan,KR-26
South Korea,KR,Jeju-do,KR-50,Jeju-do,KR-50
South Korea,KR,Gwangju,KR-29,Gwangju,KR-29
South Korea,KR,Chungcheongbuk-do,KR-43,Chungcheongbuk-do,KR-43
South Korea,KR,Incheon,KR-28,Incheon,KR-28
South Korea,KR,Jeollabuk-do,KR-45,Jeollabuk-do,KR-45
South Korea,KR,Gyeongsangbuk-do,KR-47,Gyeongsangbuk-do,KR-47
South Korea,KR,Ulsan,KR-31,Ulsan,KR-31
South Korea,KR,Gangwon-do,KR-51,Gangwon-do,KR-51
Bahrain,BH,Ash Shamaliyah,BH-17,Ash Shamaliyah,BH-17
Bahrain,BH,Al Wustá,BH-16,Al Wustá,BH-16
Bahrain,BH,Al Manamah,BH-13,Al Manamah,BH-13
Bahrain,BH,Al Muharraq,BH-15,Al Muharraq,BH-15
Bahrain,BH,Al Janubiyah,BH-14,Al Janubiyah,BH-14
Eritrea,ER,Debubawi Keyih Bahri,ER-DK,Debubawi Keyih Bahri,ER-DK
Eritrea,ER,Debub,ER-DU,Debub,ER-DU
Eritrea,ER,Semien-Keih-Bahri,ER-SK,Semien-Keih-Bahri,ER-SK
Eritrea,ER,Anseba,ER-AN,Anseba,ER-AN
Eritrea,ER,Maakel,ER-MA,Maakel,ER-MA
Eritrea,ER,Gash-Barka,ER-GB,Gash-Barka,ER-GB
Tajikistan,TJ,Sughd,TJ-SU,Sughd,TJ-SU
Tajikistan,TJ,Dushanbe,TJ-DU,Dushanbe,TJ-DU
Tajikistan,TJ,Khatlon,TJ-KT,Khatlon,TJ-KT
Tajikistan,TJ,Kŭhistoni Badakhshon,TJ-GB,Kŭhistoni Badakhshon,TJ-GB
Taiwan,TW,Penghu County,TW-PEN,Penghu County,TW-PEN
Taiwan,TW,Yunlin County,TW-YUN,Yunlin County,TW-YUN
Taiwan,TW,Kinmen County,TW-KIN,Kinmen County,TW-KIN
Taiwan,TW,Taitung County,TW-TTT,Taitung County,TW-TTT
Taiwan,TW,Taichung City,TW-TXG,Taichung City,TW-TXG
Taiwan,TW,Hsinchu City,TW-HSZ,Hsinchu City,TW-HSZ
Taiwan,TW,Lienchiang County,TW-LIE,Lienchiang County,TW-LIE
Taiwan,TW,Pingtung County,TW-PIF,Pingtung County,TW-PIF
Taiwan,TW,Hualien County,TW-HUA,Hualien County,TW-HUA
Taiwan,TW,Tainan City,TW-TNN,Tainan City,TW-TNN
Taiwan,TW,Kaohsiung City,TW-KHH,Kaohsiung City,TW-KHH
Taiwan,TW,Miaoli County,TW-MIA,Miaoli County,TW-MIA
Taiwan,TW,Nantou County,TW-NAN,Nantou County,TW-NAN
Taiwan,TW,Taipei City,TW-TPE,Taipei City,TW-TPE
Taiwan,TW,Taoyuan City,TW-TAO,Taoyuan City,TW-TAO
Taiwan,TW,New Taipei City,TW-TPQ,New Taipei City,TW-TPQ
Taiwan,TW,Chiayi County,TW-CYQ,Chiayi County,TW-CYQ
Taiwan,TW,Yilan County,TW-ILA,Yilan County,TW-ILA
Taiwan,TW,Changhua County,TW-CHA,Changhua County,TW-CHA
Taiwan,TW,Chiayi City,TW-CYI,Chiayi City,TW-CYI
Taiwan,TW,Keelung City,TW-KEE,Keelung City,TW-KEE
Taiwan,TW,Hsinchu County,TW-HSQ,Hsinchu County,TW-HSQ
Egypt,EG,Al Minya,EG-MN,Al Minya,EG-MN
Egypt,EG,Bur Sa‘id,EG-PTS,Bur Sa‘id,EG-PTS
Egypt,EG,Al Bahr al Ahmar,EG-BA,Al Bahr al Ahmar,EG-BA
Egypt,EG,Aswan,EG-ASN,Aswan,EG-ASN
Egypt,EG,Asyut,EG-AST,Asyut,EG-AST
Egypt,EG,Bani Suwayf,EG-BNS,Bani Suwayf,EG-BNS
Egypt,EG,Suhaj,EG-SHG,Suhaj,EG-SHG
Egypt,EG,Ash Sharqiyah,EG-SHR,Ash Sharqiyah,EG-SHR
Egypt,EG,Al Minufiyah,EG-MNF,Al Minufiyah,EG-MNF
Egypt,EG,Al Iskandariyah,EG-ALX,Al Iskandariyah,EG-ALX
Egypt,EG,Janub Sina',EG-JS,Janub Sina',EG-JS
Egypt,EG,As Suways,EG-SUZ,As Suways,EG-SUZ
Egypt,EG,Qina,EG-KN,Qina,EG-KN
Egypt,EG,Al Fayyum,EG-FYM,Al Fayyum,EG-FYM
Egypt,EG,Kafr ash Shaykh,EG-KFS,Kafr ash Shaykh,EG-KFS
Egypt,EG,Al Jizah,EG-GZ,Al Jizah,EG-GZ
Egypt,EG,Al Uqsur,EG-LX,Al Uqsur,EG-LX
Egypt,EG,Al Isma‘iliyah,EG-IS,Al Isma‘iliyah,EG-IS
Egypt,EG,Al Gharbiyah,EG-GH,Al Gharbiyah,EG-GH
Egypt,EG,Ad Daqahliyah,EG-DK,Ad Daqahliyah,EG-DK
Egypt,EG,Al Buhayrah,EG-BH,Al Buhayrah,EG-BH
Egypt,EG,Dumyat,EG-DT,Dumyat,EG-DT
Egypt,EG,Matruh,EG-MT,Matruh,EG-MT
Egypt,EG,Al Wadi al Jadid,EG-WAD,Al Wadi al Jadid,EG-WAD
Egypt,EG,Shamal Sina',EG-SIN,Shamal Sina',EG-SIN
Egypt,EG,Al Qahirah,EG-C,Al Qahirah,EG-C
Egypt,EG,Al Qalyubiyah,EG-KB,Al Qalyubiyah,EG-KB
Uganda,UG,Northern,UG-N,Northern,UG-N
Uganda,UG,Western,UG-W,Western,UG-W
Uganda,UG,Central,UG-C,Central,UG-C
Uganda,UG,Eastern,UG-E,Eastern,UG-E
Netherlands,NL,Zeeland,NL-ZE,Zeeland,NL-ZE
Netherlands,NL,Utrecht,NL-UT,Utrecht,NL-UT
Netherlands,NL,Flevoland,NL-FL,Flevoland,NL-FL
Netherlands,NL,Fryslân,NL-FR,Fryslân,NL-FR
Netherlands,NL,Limburg,NL-LI,Limburg,NL-LI
Netherlands,NL,Groningen,NL-GR,Groningen,NL-GR
Netherlands,NL,Drenthe,NL-DR,Drenthe,NL-DR
Netherlands,NL,Noord-Brabant,NL-NB,Noord-Brabant,NL-NB
Netherlands,NL,Zuid-Holland,NL-ZH,Zuid-Holland,NL-ZH
Netherlands,NL,Overijssel,NL-OV,Overijssel,NL-OV
Netherlands,NL,Noord-Holland,NL-NH,Noord-Holland,NL-NH
Netherlands,NL,Gelderland,NL-GE,Gelderland,NL-GE
Guyana,GY,Barima-Waini,GY-BA,Barima-Waini,GY-BA
Guyana,GY,East Berbice-Corentyne,GY-EB,East Berbice-Corentyne,GY-EB
Guyana,GY,Upper Takutu-Upper Essequibo,GY-UT,Upper Takutu-Upper Essequibo,GY-UT
Guyana,GY,Pomeroon-Supenaam,GY-PM,Pomeroon-Supenaam,GY-PM
Guyana,GY,Upper Demerara-Berbice,GY-UD,Upper Demerara-Berbice,GY-UD
Guyana,GY,Essequibo Islands-West Demerara,GY-ES,Essequibo Islands-West Demerara,GY-ES
Guyana,GY,Cuyuni-Mazaruni,GY-CU,Cuyuni-Mazaruni,GY-CU
Guyana,GY,Demerara-Mahaica,GY-DE,Demerara-Mahaica,GY-DE
Guyana,GY,Mahaica-Berbice,GY-MA,Mahaica-Berbice,GY-MA
Guyana,GY,Potaro-Siparuni,GY-PT,Potaro-Siparuni,GY-PT
Zimbabwe,ZW,Mashonaland Central,ZW-MC,Mashonaland Central,ZW-MC
Zimbabwe,ZW,Bulawayo,ZW-BU,Bulawayo,ZW-BU
Zimbabwe,ZW,Manicaland,ZW-MA,Manicaland,ZW-MA
Zimbabwe,ZW,Harare,ZW-HA,Harare,ZW-HA
Zimbabwe,ZW,Mashonaland West,ZW-MW,Mashonaland West,ZW-MW
Zimbabwe,ZW,Matabeleland North,ZW-MN,Matabeleland North,ZW-MN
Zimbabwe,ZW,Masvingo,ZW-MV,Masvingo,ZW-MV
Zimbabwe,ZW,Mashonaland East,ZW-ME,Mashonaland East,ZW-ME
Zimbabwe,ZW,Midlands,ZW-MI,Midlands,ZW-MI
Zimbabwe,ZW,Matabeleland South,ZW-MS,Matabeleland South,ZW-MS
Portugal,PT,Portalegre,PT-12,Castelo de Vide,PT-12-CV
Portugal,PT,Portalegre,PT-12,Nisa,PT-12-NI
Portugal,PT,Portalegre,PT-12,Elvas,PT-12-EL
Portugal,PT,Portalegre,PT-12,Portalegre,PT-12-PA
Portugal,PT,Portalegre,PT-12,Monforte,PT-12-MO
Portugal,PT,Portalegre,PT-12,Fronteira,PT-12-FR
Portugal,PT,Portalegre,PT-12,Arronches,PT-12-AR
Portugal,PT,Portalegre,PT-12,Marvão,PT-12-MA
Portugal,PT,Portalegre,PT-12,Sousel,PT-12-SO
Portugal,PT,Portalegre,PT-12,Gavião,PT-12-GA
Portugal,PT,Portalegre,PT-12,Avis,PT-12-AV
Portugal,PT,Portalegre,PT-12,Ponte de Sôr,PT-12-PS
Portugal,PT,Portalegre,PT-12,Crato,PT-12-CR
Portugal,PT,Portalegre,PT-12,Alter do Chão,PT-12-AC
Portugal,PT,Portalegre,PT-12,Campo Maior,PT-12-CM
Portugal,PT,Castelo Branco,PT-05,Covilhã,PT-05-CO
Portugal,PT,Castelo Branco,PT-05,Penamacor,PT-05-PE
Portugal,PT,Castelo Branco,PT-05,Vila Velha de Ródão,PT-05-VV
Portugal,PT,Castelo Branco,PT-05,Belmonte,PT-05-BE
Portugal,PT,Castelo Branco,PT-05,Vila de Rei,PT-05-VR
Portugal,PT,Castelo Branco,PT-05,Oleiros,PT-05-OL
Portugal,PT,Castelo Branco,PT-05,Idanha-a-Nova,PT-05-IN
Portugal,PT,Castelo Branco,PT-05,Castelo Branco,PT-05-CB
Portugal,PT,Castelo Branco,PT-05,Sertã,PT-05-SE
Portugal,PT,Castelo Branco,PT-05,Proença-a-Nova,PT-05-PN
Portugal,PT,Castelo Branco,PT-05,Fundão,PT-05-FU
Portugal,PT,Viana do Castelo,PT-16,Melgaço,PT-16-ME
Portugal,PT,Viana do Castelo,PT-16,Viana do Castelo,PT-16-VC
Portugal,PT,Viana do Castelo,PT-16,Ponte de Lima,PT-16-PL
Portugal,PT,Viana do Castelo,PT-16,Ponte da Barca,PT-16-PB
Portugal,PT,Viana do Castelo,PT-16,Vila Nova de Cerveira,PT-16-VN
Portugal,PT,Viana do Castelo,PT-16,Valença,PT-16-VA
Portugal,PT,Viana do Castelo,PT-16,Caminha,PT-16-CA
Portugal,PT,Viana do Castelo,PT-16,Arcos de Valdevez,PT-16-AV
Portugal,PT,Viana do Castelo,PT-16,Paredes de Coura,PT-16-PC
Portugal,PT,Viana do Castelo,PT-16,Monção,PT-16-MO
Portugal,PT,Região Autónoma dos Açores,PT-20,Ribeira Grande,PT-20-RG
Portugal,PT,Região Autónoma dos Açores,PT-20,Povoação,PT-20-PC
Portugal,PT,Região Autónoma dos Açores,PT-20,Santa Cruz das Flores,PT-20-SF
Portugal,PT,Região Autónoma dos Açores,PT-20,Vila Franca do Campo,PT-20-VC
Portugal,PT,Região Autónoma dos Açores,PT-20,Corvo,PT-20-CO
Portugal,PT,Região Autónoma dos Açores,PT-20,Santa Cruz da Graciosa,PT-20-SG
Portugal,PT,Região Autónoma dos Açores,PT-20,Angra do Heroísmo,PT-20-AH
Portugal,PT,Região Autónoma dos Açores,PT-20,Praia da Vitória,PT-20-PV
Portugal,PT,Região Autónoma dos Açores,PT-20,Horta,PT-20-HO
Portugal,PT,Região Autónoma dos Açores,PT-20,Madalena,PT-20-MA
Portugal,PT,Região Autónoma dos Açores,PT-20,Lajes do Pico,PT-20-LP
Portugal,PT,Região Autónoma dos Açores,PT-20,São Roque do Pico,PT-20-SP
Portugal,PT,Região Autónoma dos Açores,PT-20,Velas,PT-20-VE
Portugal,PT,Região Autónoma dos Açores,PT-20,Ponta Delgada,PT-20-PD
Portugal,PT,Região Autónoma dos Açores,PT-20,Lajes das Flores,PT-20-LF
Portugal,PT,Região Autónoma dos Açores,PT-20,Vila do Porto,PT-20-VP
Portugal,PT,Região Autónoma dos Açores,PT-20,Calheta,PT-20-CA
Portugal,PT,Região Autónoma dos Açores,PT-20,Lagoa,PT-20-LG
Portugal,PT,Região Autónoma dos Açores,PT-20,Nordeste,PT-20-NO
Portugal,PT,Évora,PT-07,Reguengos de Monsaraz,PT-07-RM
Portugal,PT,Évora,PT-07,Portel,PT-07-PO
Portugal,PT,Évora,PT-07,Alandroal,PT-07-AL
Portugal,PT,Évora,PT-07,Évora,PT-07-EV
Portugal,PT,Évora,PT-07,Vila Viçosa,PT-07-VV
Portugal,PT,Évora,PT-07,Mora,PT-07-MR
Portugal,PT,Évora,PT-07,Redondo,PT-07-RD
Portugal,PT,Évora,PT-07,Viana do Alentejo,PT-07-VA
Portugal,PT,Évora,PT-07,Montemor-o-Novo,PT-07-MN
Portugal,PT,Évora,PT-07,Vendas Novas,PT-07-VN
Portugal,PT,Évora,PT-07,Mourão,PT-07-MO
Portugal,PT,Évora,PT-07,Arraiolos,PT-07-AR
Portugal,PT,Évora,PT-07,Estremoz,PT-07-ES
Portugal,PT,Évora,PT-07,Borba,PT-07-BO
Portugal,PT,Faro,PT-08,Alcoutim,PT-08-AC
Portugal,PT,Faro,PT-08,Tavira,PT-08-TA
Portugal,PT,Faro,PT-08,Castro Marim,PT-08-CM
Portugal,PT,Faro,PT-08,Portimão,PT-08-PO
Portugal,PT,Faro,PT-08,Monchique,PT-08-MO
Portugal,PT,Faro,PT-08,Aljezur,PT-08-AJ
Portugal,PT,Faro,PT-08,São Brás de Alportel,PT-08-SB
Portugal,PT,Faro,PT-08,Lagoa,PT-08-LA
Portugal,PT,Faro,PT-08,Faro,PT-08-FA
Portugal,PT,Faro,PT-08,Albufeira,PT-08-AB
Portugal,PT,Faro,PT-08,Vila do Bispo,PT-08-VB
Portugal,PT,Faro,PT-08,Loulé,PT-08-LO
Portugal,PT,Faro,PT-08,Vila Real de Santo António,PT-08-VS
Portugal,PT,Faro,PT-08,Olhão,PT-08-OL
Portugal,PT,Faro,PT-08,Lagos,PT-08-LS
Portugal,PT,Faro,PT-08,Silves,PT-08-SI
Portugal,PT,Aveiro,PT-01,Sever do Vouga,PT-01-SV
Portugal,PT,Aveiro,PT-01,Aveiro,PT-01-AV
Portugal,PT,Aveiro,PT-01,Murtosa,PT-01-MU
Portugal,PT,Aveiro,PT-01,Arouca,PT-01-AR
Portugal,PT,Aveiro,PT-01,Vale de Cambra,PT-01-VC
Portugal,PT,Aveiro,PT-01,Vagos,PT-01-VG
Portugal,PT,Aveiro,PT-01,Mealhada,PT-01-ME
Portugal,PT,Aveiro,PT-01,Águeda,PT-01-AG
Portugal,PT,Aveiro,PT-01,Estarreja,PT-01-ER
Portugal,PT,Aveiro,PT-01,Albergaria-a-Velha,PT-01-AL
Portugal,PT,Aveiro,PT-01,Espinho,PT-01-EN
Portugal,PT,Aveiro,PT-01,Santa Maria da Feira,PT-01-SM
Portugal,PT,Aveiro,PT-01,São João da Madeira,PT-01-SJ
Portugal,PT,Aveiro,PT-01,Castelo de Paiva,PT-01-CP
Portugal,PT,Aveiro,PT-01,Oliveira de Azeméis,PT-01-OA
Portugal,PT,Aveiro,PT-01,Oliveira do Bairro,PT-01-OB
Portugal,PT,Aveiro,PT-01,Anadia,PT-01-AN
Portugal,PT,Aveiro,PT-01,Ílhavo,PT-01-IL
Portugal,PT,Aveiro,PT-01,Ovar,PT-01-OV
Portugal,PT,Santarém,PT-14,Rio Maior,PT-14-RM
Portugal,PT,Santarém,PT-14,Tomar,PT-14-TM
Portugal,PT,Santarém,PT-14,Almeirim,PT-14-AM
Portugal,PT,Santarém,PT-14,Benavente,PT-14-BE
Portugal,PT,Santarém,PT-14,Alcanena,PT-14-AC
Portugal,PT,Santarém,PT-14,Vila Nova da Barquinha,PT-14-VB
Portugal,PT,Santarém,PT-14,Mação,PT-14-MA
Portugal,PT,Santarém,PT-14,Ourém,PT-14-OU
Portugal,PT,Santarém,PT-14,Alpiarça,PT-14-AP
Portugal,PT,Santarém,PT-14,Abrantes,PT-14-AB
Portugal,PT,Santarém,PT-14,Coruche,PT-14-CR
Portugal,PT,Santarém,PT-14,Torres Novas,PT-14-TN
Portugal,PT,Santarém,PT-14,Chamusca,PT-14-CH
Portugal,PT,Santarém,PT-14,Golegã,PT-14-GO
Portugal,PT,Santarém,PT-14,Entroncamento,PT-14-EN
Portugal,PT,Santarém,PT-14,Sardoal,PT-14-SD
Portugal,PT,Santarém,PT-14,Santarém,PT-14-SA
Portugal,PT,Santarém,PT-14,Constância,PT-14-CN
Portugal,PT,Santarém,PT-14,Ferreira do Zêzere,PT-14-FZ
Portugal,PT,Santarém,PT-14,Salvaterra de Magos,PT-14-SM
Portugal,PT,Santarém,PT-14,Cartaxo,PT-14-CA
Portugal,PT,Braga,PT-03,Esposende,PT-03-ES
Portugal,PT,Braga,PT-03,Braga,PT-03-BR
Portugal,PT,Braga,PT-03,Barcelos,PT-03-BA
Portugal,PT,Braga,PT-03,Póvoa de Lanhoso,PT-03-PL
Portugal,PT,Braga,PT-03,Celorico de Basto,PT-03-CL
Portugal,PT,Braga,PT-03,Cabeceiras de Basto,PT-03-CB
Portugal,PT,Braga,PT-03,Guimarães,PT-03-GU
Portugal,PT,Braga,PT-03,Vila Verde,PT-03-VV
Portugal,PT,Braga,PT-03,Vieira do Minho,PT-03-VM
Portugal,PT,Braga,PT-03,Vila Nova de Famalicão,PT-03-VF
Portugal,PT,Braga,PT-03,Fafe,PT-03-FA
Portugal,PT,Braga,PT-03,Vizela,PT-03-VZ
Portugal,PT,Braga,PT-03,Terras de Bouro,PT-03-TB
Portugal,PT,Braga,PT-03,Amares,PT-03-AM
Portugal,PT,Porto,PT-13,Baião,PT-13-BA
Portugal,PT,Porto,PT-13,Valongo,PT-13-VA
Portugal,PT,Porto,PT-13,Paredes,PT-13-PA
Portugal,PT,Porto,PT-13,Porto,PT-13-PO
Portugal,PT,Porto,PT-13,Gondomar,PT-13-GO
Portugal,PT,Porto,PT-13,Matosinhos,PT-13-MT
Portugal,PT,Porto,PT-13,Amarante,PT-13-AM
Portugal,PT,Porto,PT-13,Paços de Ferreira,PT-13-PF
Portugal,PT,Porto,PT-13,Santo Tirso,PT-13-ST
Portugal,PT,Porto,PT-13,Felgueiras,PT-13-FE
Portugal,PT,Porto,PT-13,Vila do Conde,PT-13-VC
Portugal,PT,Porto,PT-13,Maia,PT-13-MI
Portugal,PT,Porto,PT-13,Lousada,PT-13-LO
Portugal,PT,Porto,PT-13,Póvoa de Varzim,PT-13-PV
Portugal,PT,Porto,PT-13,Trofa,PT-13-TR
Portugal,PT,Porto,PT-13,Vila Nova de Gaia,PT-13-VG
Portugal,PT,Porto,PT-13,Penafiel,PT-13-PE
Portugal,PT,Porto,PT-13,Marco de Canaveses,PT-13-MC
Portugal,PT,Bragança,PT-04,Bragança,PT-04-BR
Portugal,PT,Bragança,PT-04,Vinhais,PT-04-VN
Portugal,PT,Bragança,PT-04,Carrazeda de Ansiães,PT-04-CA
Portugal,PT,Bragança,PT-04,Mirandela,PT-04-MI
Portugal,PT,Bragança,PT-04,Macedo de Cavaleiros,PT-04-MC
Portugal,PT,Bragança,PT-04,Torre de Moncorvo,PT-04-TM
Portugal,PT,Bragança,PT-04,Mogadouro,PT-04-MO
Portugal,PT,Bragança,PT-04,Miranda do Douro,PT-04-MD
Portugal,PT,Bragança,PT-04,Freixo de Espada à Cinta,PT-04-FE
Portugal,PT,Bragança,PT-04,Alfândega da Fé,PT-04-AF
Portugal,PT,Bragança,PT-04,Vila Flor,PT-04-VF
Portugal,PT,Bragança,PT-04,Vimioso,PT-04-VM
Portugal,PT,Viseu,PT-18,Tabuaço,PT-18-TB
Portugal,PT,Viseu,PT-18,Carregal do Sal,PT-18-CS
Portugal,PT,Viseu,PT-18,Vila Nova de Paiva,PT-18-VP
Portugal,PT,Viseu,PT-18,Santa Comba Dão,PT-18-SC
Portugal,PT,Viseu,PT-18,Moimenta da Beira,PT-18-MB
Portugal,PT,Viseu,PT-18,Resende,PT-18-RE
Portugal,PT,Viseu,PT-18,Sátão,PT-18-ST
Portugal,PT,Viseu,PT-18,Tarouca,PT-18-TR
Portugal,PT,Viseu,PT-18,Lamego,PT-18-LA
Portugal,PT,Viseu,PT-18,Viseu,PT-18-VS
Portugal,PT,Viseu,PT-18,Mangualde,PT-18-MA
Portugal,PT,Viseu,PT-18,Castro Daire,PT-18-CD
Portugal,PT,Viseu,PT-18,Cinfães,PT-18-CI
Portugal,PT,Viseu,PT-18,Penedono,PT-18-PE
Portugal,PT,Viseu,PT-18,Vouzela,PT-18-VO
Portugal,PT,Viseu,PT-18,São João da Pesqueira,PT-18-SJ
Portugal,PT,Viseu,PT-18,Mortágua,PT-18-MR
Portugal,PT,Viseu,PT-18,Oliveira de Frades,PT-18-OF
Portugal,PT,Viseu,PT-18,Penalva do Castelo,PT-18-PC
Portugal,PT,Viseu,PT-18,Sernancelhe,PT-18-SE
Portugal,PT,Viseu,PT-18,São Pedro do Sul,PT-18-SP
Portugal,PT,Viseu,PT-18,Nelas,PT-18-NE
Portugal,PT,Viseu,PT-18,Armamar,PT-18-AR
Portugal,PT,Viseu,PT-18,Tondela,PT-18-TO
Portugal,PT,Setúbal,PT-15,Almada,PT-15-AM
Portugal,PT,Setúbal,PT-15,Sines,PT-15-SI
Portugal,PT,Setúbal,PT-15,Montijo,PT-15-MN
Portugal,PT,Setúbal,PT-15,Alcácer do Sal,PT-15-AS
Portugal,PT,Setúbal,PT-15,Santiago do Cacém,PT-15-SC
Portugal,PT,Setúbal,PT-15,Palmela,PT-15-PA
Portugal,PT,Setúbal,PT-15,Barreiro,PT-15-BA
Portugal,PT,Setúbal,PT-15,Sesimbra,PT-15-SS
Portugal,PT,Setúbal,PT-15,Seixal,PT-15-SX
Portugal,PT,Setúbal,PT-15,Grândola,PT-15-GR
Portugal,PT,Setúbal,PT-15,Alcochete,PT-15-AC
Portugal,PT,Setúbal,PT-15,Moita,PT-15-MT
Portugal,PT,Setúbal,PT-15,Setúbal,PT-15-SE
Portugal,PT,Vila Real,PT-17,Mondim de Basto,PT-17-MB
Portugal,PT,Vila Real,PT-17,Peso da Régua,PT-17-PR
Portugal,PT,Vila Real,PT-17,Chaves,PT-17-CH
Portugal,PT,Vila Real,PT-17,Murça,PT-17-MU
Portugal,PT,Vila Real,PT-17,Alijó,PT-17-AL
Portugal,PT,Vila Real,PT-17,Ribeira de Pena,PT-17-RP
Portugal,PT,Vila Real,PT-17,Vila Pouca de Aguiar,PT-17-VP
Portugal,PT,Vila Real,PT-17,Vila Real,PT-17-VR
Portugal,PT,Vila Real,PT-17,Boticas,PT-17-BO
Portugal,PT,Vila Real,PT-17,Sabrosa,PT-17-SA
Portugal,PT,Vila Real,PT-17,Montalegre,PT-17-MT
Portugal,PT,Vila Real,PT-17,Santa Marta de Penaguião,PT-17-SM
Portugal,PT,Vila Real,PT-17,Mesão Frio,PT-17-MF
Portugal,PT,Vila Real,PT-17,Valpaços,PT-17-VA
Portugal,PT,Coimbra,PT-06,Figueira da Foz,PT-06-FF
Portugal,PT,Coimbra,PT-06,Penela,PT-06-PL
Portugal,PT,Coimbra,PT-06,Tábua,PT-06-TA
Portugal,PT,Coimbra,PT-06,Cantanhede,PT-06-CA
Portugal,PT,Coimbra,PT-06,Mira,PT-06-MI
Portugal,PT,Coimbra,PT-06,Coimbra,PT-06-CO
Portugal,PT,Coimbra,PT-06,Lousã,PT-06-LO
Portugal,PT,Coimbra,PT-06,Pampilhosa da Serra,PT-06-PS
Portugal,PT,Coimbra,PT-06,Montemor-o-Velho,PT-06-MV
Portugal,PT,Coimbra,PT-06,Penacova,PT-06-PC
Portugal,PT,Coimbra,PT-06,Condeixa-a-Nova,PT-06-CN
Portugal,PT,Coimbra,PT-06,Arganil,PT-06-AR
Portugal,PT,Coimbra,PT-06,Vila Nova de Poiares,PT-06-VP
Portugal,PT,Coimbra,PT-06,Oliveira do Hospital,PT-06-OH
Portugal,PT,Coimbra,PT-06,Soure,PT-06-SO
Portugal,PT,Coimbra,PT-06,Góis,PT-06-GO
Portugal,PT,Coimbra,PT-06,Miranda do Corvo,PT-06-MC
Portugal,PT,Lisboa,PT-11,Mafra,PT-11-MA
Portugal,PT,Lisboa,PT-11,Alenquer,PT-11-AL
Portugal,PT,Lisboa,PT-11,Loures,PT-11-LS
Portugal,PT,Lisboa,PT-11,Torres Vedras,PT-11-TV
Portugal,PT,Lisboa,PT-11,Sobral de Monte Agraço,PT-11-SM
Portugal,PT,Lisboa,PT-11,Vila Franca de Xira,PT-11-VX
Portugal,PT,Lisboa,PT-11,Lourinhã,PT-11-LN
Portugal,PT,Lisboa,PT-11,Azambuja,PT-11-AZ
Portugal,PT,Lisboa,PT-11,Odivelas,PT-11-OD
Portugal,PT,Lisboa,PT-11,Lisboa,PT-11-LI
Portugal,PT,Lisboa,PT-11,Arruda dos Vinhos,PT-11-AV
Portugal,PT,Lisboa,PT-11,Cascais,PT-11-CS
Portugal,PT,Lisboa,PT-11,Sintra,PT-11-SI
Portugal,PT,Lisboa,PT-11,Amadora,PT-11-AM
Portugal,PT,Lisboa,PT-11,Oeiras,PT-11-OE
Portugal,PT,Lisboa,PT-11,Cadaval,PT-11-CD
Portugal,PT,Beja,PT-02,Odemira,PT-02-OD
Portugal,PT,Beja,PT-02,Barrancos,PT-02-BA
Portugal,PT,Beja,PT-02,Ferreira do Alentejo,PT-02-FA
Portugal,PT,Beja,PT-02,Aljustrel,PT-02-AJ
Portugal,PT,Beja,PT-02,Almodôvar,PT-02-AM
Portugal,PT,Beja,PT-02,Alvito,PT-02-AV
Portugal,PT,Beja,PT-02,Beja,PT-02-BE
Portugal,PT,Beja,PT-02,Cuba,PT-02-CU
Portugal,PT,Beja,PT-02,Castro Verde,PT-02-CV
Portugal,PT,Beja,PT-02,Vidigueira,PT-02-VI
Portugal,PT,Beja,PT-02,Ourique,PT-02-OU
Portugal,PT,Beja,PT-02,Moura,PT-02-MO
Portugal,PT,Beja,PT-02,Mértola,PT-02-ME
Portugal,PT,Beja,PT-02,Serpa,PT-02-SE
Portugal,PT,Região Autónoma da Madeira,PT-30,São Vicente,PT-30-SV
Portugal,PT,Região Autónoma da Madeira,PT-30,Ribeira Brava,PT-30-RB
Portugal,PT,Região Autónoma da Madeira,PT-30,Câmara de Lobos,PT-30-CL
Portugal,PT,Região Autónoma da Madeira,PT-30,Santana,PT-30-SA
Portugal,PT,Região Autónoma da Madeira,PT-30,Porto Santo,PT-30-PS
Portugal,PT,Região Autónoma da Madeira,PT-30,Calheta,PT-30-CT
Portugal,PT,Região Autónoma da Madeira,PT-30,Funchal,PT-30-FU
Portugal,PT,Região Autónoma da Madeira,PT-30,Porto Moniz,PT-30-PM
Portugal,PT,Região Autónoma da Madeira,PT-30,Ponta do Sol,PT-30-PD
Portugal,PT,Região Autónoma da Madeira,PT-30,Machico,PT-30-MA
Portugal,PT,Região Autónoma da Madeira,PT-30,Santa Cruz,PT-30-SC
Portugal,PT,Guarda,PT-09,Manteigas,PT-09-MA
Portugal,PT,Guarda,PT-09,Almeida,PT-09-AL
Portugal,PT,Guarda,PT-09,Figueira de Castelo Rodrigo,PT-09-FC
Portugal,PT,Guarda,PT-09,Celorico da Beira,PT-09-CB
Portugal,PT,Guarda,PT-09,Gouveia,PT-09-GO
Portugal,PT,Guarda,PT-09,Seia,PT-09-SE
Portugal,PT,Guarda,PT-09,Mêda,PT-09-ME
Portugal,PT,Guarda,PT-09,Guarda,PT-09-GU
Portugal,PT,Guarda,PT-09,Fornos de Algodres,PT-09-FA
Portugal,PT,Guarda,PT-09,Trancoso,PT-09-TR
Portugal,PT,Guarda,PT-09,Sabugal,PT-09-SA
Portugal,PT,Guarda,PT-09,Pinhel,PT-09-PI
Portugal,PT,Guarda,PT-09,Vila Nova de Foz Côa,PT-09-VF
Portugal,PT,Guarda,PT-09,Aguiar da Beira,PT-09-AB
Portugal,PT,Leiria,PT-10,Ansião,PT-10-AN
Portugal,PT,Leiria,PT-10,Pedrógão Grande,PT-10-PG
Portugal,PT,Leiria,PT-10,Pombal,PT-10-PB
Portugal,PT,Leiria,PT-10,Óbidos,PT-10-OB
Portugal,PT,Leiria,PT-10,Bombarral,PT-10-BO
Portugal,PT,Leiria,PT-10,Leiria,PT-10-LE
Portugal,PT,Leiria,PT-10,Marinha Grande,PT-10-MG
Portugal,PT,Leiria,PT-10,Castanheira de Pêra,PT-10-CP
Portugal,PT,Leiria,PT-10,Porto de Mós,PT-10-PM
Portugal,PT,Leiria,PT-10,Batalha,PT-10-BA
Portugal,PT,Leiria,PT-10,Peniche,PT-10-PN
Portugal,PT,Leiria,PT-10,Caldas da Rainha,PT-10-CR
Portugal,PT,Leiria,PT-10,Alcobaça,PT-10-AC
Portugal,PT,Leiria,PT-10,Alvaiázere,PT-10-AV
Portugal,PT,Leiria,PT-10,Nazaré,PT-10-NA
Portugal,PT,Leiria,PT-10,Figueiró dos Vinhos,PT-10-FV
High Seas,XX,High Seas,XX,High Seas,XX
Marshall Islands,MH,Ralik chain,MH-L,Ralik chain,MH-L
Marshall Islands,MH,Ratak chain,MH-T,Ratak chain,MH-T
Monaco,MC,Monaco,MC,Monaco,MC
Pitcairn Islands,PN,Pitcairn Islands,PN,Pitcairn Islands,PN
Coral Sea Islands,CS,Coral Sea Islands,CS,Coral Sea Islands,CS
Gabon,GA,Ogooué-Ivindo,GA-6,Ogooué-Ivindo,GA-6
Gabon,GA,Haut-Ogooué,GA-2,Haut-Ogooué,GA-2
Gabon,GA,Estuaire,GA-1,Estuaire,GA-1
Gabon,GA,Woleu-Ntem,GA-9,Woleu-Ntem,GA-9
Gabon,GA,Nyanga,GA-5,Nyanga,GA-5
Gabon,GA,Moyen-Ogooué,GA-3,Moyen-Ogooué,GA-3
Gabon,GA,Ngounié,GA-4,Ngounié,GA-4
Gabon,GA,Ogooué-Lolo,GA-7,Ogooué-Lolo,GA-7
Gabon,GA,Ogooué-Maritime,GA-8,Ogooué-Maritime,GA-8
Madagascar,MG,Toliara,MG-U,Toliara,MG-U
Madagascar,MG,Fianarantsoa,MG-F,Fianarantsoa,MG-F
Madagascar,MG,Antsiranana,MG-D,Antsiranana,MG-D
Madagascar,MG,Toamasina,MG-A,Toamasina,MG-A
Madagascar,MG,Antananarivo,MG-T,Antananarivo,MG-T
Madagascar,MG,Mahajanga,MG-M,Mahajanga,MG-M
Indonesia,ID,Kalimantan,ID-KA,Kalimantan Selatan,ID-KA-KS
Indonesia,ID,Kalimantan,ID-KA,Kalimantan Timur,ID-KA-KI
Indonesia,ID,Kalimantan,ID-KA,Kalimantan Tengah,ID-KA-KT
Indonesia,ID,Kalimantan,ID-KA,Kalimantan Barat,ID-KA-KB
Indonesia,ID,Nusa Tenggara,ID-NU,Nusa Tenggara Timur,ID-NU-NT
Indonesia,ID,Nusa Tenggara,ID-NU,Nusa Tenggara Barat,ID-NU-NB
Indonesia,ID,Nusa Tenggara,ID-NU,Bali,ID-NU-BA
Indonesia,ID,Jawa,ID-JW,Jawa Tengah,ID-JW-JT
Indonesia,ID,Jawa,ID-JW,Jawa Timur,ID-JW-JI
Indonesia,ID,Jawa,ID-JW,Jawa Barat,ID-JW-JB
Indonesia,ID,Jawa,ID-JW,Jakarta Raya,ID-JW-JK
Indonesia,ID,Jawa,ID-JW,Banten,ID-JW-BT
Indonesia,ID,Jawa,ID-JW,Yogyakarta,ID-JW-YO
Indonesia,ID,Sulawesi,ID-SL,Sulawesi Tengah,ID-SL-ST
Indonesia,ID,Sulawesi,ID-SL,Sulawesi Tenggara,ID-SL-SG
Indonesia,ID,Sulawesi,ID-SL,Gorontalo,ID-SL-GO
Indonesia,ID,Sulawesi,ID-SL,Sulawesi Barat,ID-SL-SR
Indonesia,ID,Sulawesi,ID-SL,Sulawesi Utara,ID-SL-SA
Indonesia,ID,Sulawesi,ID-SL,Sulawesi Selatan,ID-SL-SN
Indonesia,ID,Papua,ID-IJ,Papua Barat,ID-IJ-PB
Indonesia,ID,Papua,ID-IJ,Papua,ID-IJ-PA
Indonesia,ID,Sumatera,ID-SM,Bengkulu,ID-SM-BE
Indonesia,ID,Sumatera,ID-SM,Lampung,ID-SM-LA
Indonesia,ID,Sumatera,ID-SM,Bangka Belitung,ID-SM-BB
Indonesia,ID,Sumatera,ID-SM,Jambi,ID-SM-JA
Indonesia,ID,Sumatera,ID-SM,Sumatera Barat,ID-SM-SB
Indonesia,ID,Sumatera,ID-SM,Kepulauan Riau,ID-SM-KR
Indonesia,ID,Sumatera,ID-SM,Sumatera Utara,ID-SM-SU
Indonesia,ID,Sumatera,ID-SM,Sumatera Selatan,ID-SM-SS
Indonesia,ID,Sumatera,ID-SM,Riau,ID-SM-RI
Indonesia,ID,Sumatera,ID-SM,Aceh,ID-SM-AC
Indonesia,ID,Maluku,ID-MA,Maluku Utara,ID-MA-MU
Indonesia,ID,Maluku,ID-MA,Maluku,ID-MA-MA
Ghana,GH,Greater Accra,GH-AA,Greater Accra,GH-AA
Ghana,GH,Ashanti,GH-AH,Ashanti,GH-AH
Ghana,GH,Upper East,GH-UE,Upper East,GH-UE
Ghana,GH,Volta,GH-TV,Volta,GH-TV
Ghana,GH,Eastern,GH-EP,Eastern,GH-EP
Ghana,GH,Central,GH-CP,Central,GH-CP
Ghana,GH,Northern,GH-NP,Northern,GH-NP
Ghana,GH,Brong-Ahafo,GH-BA,Brong-Ahafo,GH-BA
Ghana,GH,Upper West,GH-UW,Upper West,GH-UW
Ghana,GH,Western,GH-WP,Western,GH-WP
Cuba,CU,Isla de la Juventud,CU-99,Isla de la Juventud,CU-99
Cuba,CU,Las Tunas,CU-10,Las Tunas,CU-10
Cuba,CU,Artemisa,CU-15,Artemisa,CU-15
Cuba,CU,Cienfuegos,CU-06,Cienfuegos,CU-06
Cuba,CU,Matanzas,CU-04,Matanzas,CU-04
Cuba,CU,Mayabeque,CU-16,Mayabeque,CU-16
Cuba,CU,Guantánamo,CU-14,Guantánamo,CU-14
Cuba,CU,Holguín,CU-11,Holguín,CU-11
Cuba,CU,Granma,CU-12,Granma,CU-12
Cuba,CU,Ciego de Ávila,CU-08,Ciego de Ávila,CU-08
Cuba,CU,Sancti Spíritus,CU-07,Sancti Spíritus,CU-07
Cuba,CU,Pinar del Río,CU-01,Pinar del Río,CU-01
Cuba,CU,Villa Clara,CU-05,Villa Clara,CU-05
Cuba,CU,La Habana,CU-03,La Habana,CU-03
Cuba,CU,Camagüey,CU-09,Camagüey,CU-09
Cuba,CU,Santiago de Cuba,CU-13,Santiago de Cuba,CU-13
French Southern and Antarctic Lands,TF,French Southern and Antarctic Lands,TF,French Southern and Antarctic Lands,TF
Singapore,SG,Singapore,SG,Singapore,SG
Tunisia,TN,Tunis,TN-11,Tunis,TN-11
Tunisia,TN,Ben Arous,TN-13,Ben Arous,TN-13
Tunisia,TN,Jendouba,TN-32,Jendouba,TN-32
Tunisia,TN,Gabès,TN-81,Gabès,TN-81
Tunisia,TN,Kebili,TN-73,Kebili,TN-73
Tunisia,TN,Kairouan,TN-41,Kairouan,TN-41
Tunisia,TN,Medenine,TN-82,Medenine,TN-82
Tunisia,TN,Sidi Bouzid,TN-43,Sidi Bouzid,TN-43
Tunisia,TN,Monastir,TN-52,Monastir,TN-52
Tunisia,TN,Kasserine,TN-42,Kasserine,TN-42
Tunisia,TN,Siliana,TN-34,Siliana,TN-34
Tunisia,TN,Zaghouan,TN-22,Zaghouan,TN-22
Tunisia,TN,Nabeul,TN-21,Nabeul,TN-21
Tunisia,TN,L'Ariana,TN-12,L'Ariana,TN-12
Tunisia,TN,Le Kef,TN-33,Le Kef,TN-33
Tunisia,TN,Bizerte,TN-23,Bizerte,TN-23
Tunisia,TN,Sfax,TN-61,Sfax,TN-61
Tunisia,TN,Tozeur,TN-72,Tozeur,TN-72
Tunisia,TN,Sousse,TN-51,Sousse,TN-51
Tunisia,TN,Tataouine,TN-83,Tataouine,TN-83
Tunisia,TN,Gafsa,TN-71,Gafsa,TN-71
Tunisia,TN,Mahdia,TN-53,Mahdia,TN-53
Tunisia,TN,Béja,TN-31,Béja,TN-31
Tunisia,TN,La Manouba,TN-14,La Manouba,TN-14
Barbados,BB,Christ Church,BB-01,Christ Church,BB-01
Barbados,BB,Saint Philip,BB-10,Saint Philip,BB-10
Barbados,BB,Saint Thomas,BB-11,Saint Thomas,BB-11
Barbados,BB,Saint Joseph,BB-06,Saint Joseph,BB-06
Barbados,BB,Saint Michael,BB-08,Saint Michael,BB-08
Barbados,BB,Saint George,BB-03,Saint George,BB-03
Barbados,BB,Saint James,BB-04,Saint James,BB-04
Barbados,BB,Saint Andrew,BB-02,Saint Andrew,BB-02
Barbados,BB,Saint Lucy,BB-07,Saint Lucy,BB-07
Barbados,BB,Saint Peter,BB-09,Saint Peter,BB-09
Barbados,BB,Saint John,BB-05,Saint John,BB-05
Qatar,QA,Al Jumayliyah,QA-JU,Al Jumayliyah,QA-JU
Qatar,QA,Al Wakrah,QA-WA,Al Wakrah,QA-WA
Qatar,QA,Madinat ash Shamal,QA-MS,Madinat ash Shamal,QA-MS
Qatar,QA,Al Khawr,QA-KH,Al Khawr,QA-KH
Qatar,QA,Ad Dawhah,QA-DA,Ad Dawhah,QA-DA
Qatar,QA,Jariyan al Batnah,QA-JB,Jariyan al Batnah,QA-JB
Qatar,QA,Umm Salal,QA-US,Umm Salal,QA-US
Qatar,QA,Ar Rayyan,QA-RA,Ar Rayyan,QA-RA
Qatar,QA,Al Ghuwayriyah,QA-GH,Al Ghuwayriyah,QA-GH
Bouvet Island,BV,Bouvet Island,BV,Bouvet Island,BV
Uzbekistan,UZ,Qashqadaryo,UZ-QA,Qashqadaryo,UZ-QA
Uzbekistan,UZ,Surxondaryo,UZ-SU,Surxondaryo,UZ-SU
Uzbekistan,UZ,Navoiy,UZ-NW,Navoiy,UZ-NW
Uzbekistan,UZ,Andijon,UZ-AN,Andijon,UZ-AN
Uzbekistan,UZ,Buxoro,UZ-BU,Buxoro,UZ-BU
Uzbekistan,UZ,Samarqand,UZ-SA,Samarqand,UZ-SA
Uzbekistan,UZ,Qoraqalpog‘iston Respublikasi,UZ-QR,Qoraqalpog‘iston Respublikasi,UZ-QR
Uzbekistan,UZ,Farg‘ona,UZ-FA,Farg‘ona,UZ-FA
Uzbekistan,UZ,Sirdaryo,UZ-SI,Sirdaryo,UZ-SI
Uzbekistan,UZ,Xorazm,UZ-XO,Xorazm,UZ-XO
Uzbekistan,UZ,Namangan,UZ-NG,Namangan,UZ-NG
Uzbekistan,UZ,Toshkent City,UZ-TK,Toshkent City,UZ-TK
Uzbekistan,UZ,Toshkent,UZ-TO,Toshkent,UZ-TO
Uzbekistan,UZ,Jizzax,UZ-JI,Jizzax,UZ-JI
New Zealand,NZ,Chatham Islands,NZ-CI,Chatham Islands,NZ-CI
New Zealand,NZ,Tasman,NZ-TAS,Tasman District,NZ-TAS-051
New Zealand,NZ,Southland,NZ-STL,Invercargill City,NZ-STL-075
New Zealand,NZ,Southland,NZ-STL,Southland District,NZ-STL-073
New Zealand,NZ,Southland,NZ-STL,Gore District,NZ-STL-074
New Zealand,NZ,West Coast,NZ-WTC,Grey District,NZ-WTC-056
New Zealand,NZ,West Coast,NZ-WTC,Buller District,NZ-WTC-055
New Zealand,NZ,West Coast,NZ-WTC,Westland District,NZ-WTC-057
New Zealand,NZ,Auckland,NZ-AUK,Auckland City,NZ-AUK-007
New Zealand,NZ,Auckland,NZ-AUK,Manukau City,NZ-AUK-008
New Zealand,NZ,Auckland,NZ-AUK,Rodney District,NZ-AUK-004
New Zealand,NZ,Auckland,NZ-AUK,Waitakere City,NZ-AUK-006
New Zealand,NZ,Auckland,NZ-AUK,Franklin District,NZ-AUK-010
New Zealand,NZ,Auckland,NZ-AUK,Papakura District,NZ-AUK-009
New Zealand,NZ,Auckland,NZ-AUK,North Shore City,NZ-AUK-005
New Zealand,NZ,Northland,NZ-NTL,Whangarei District,NZ-NTL-002
New Zealand,NZ,Northland,NZ-NTL,Kaipara District,NZ-NTL-003
New Zealand,NZ,Northland,NZ-NTL,Far North District,NZ-NTL-001
New Zealand,NZ,Waikato,NZ-WKO,Franklin District,NZ-WKO-010
New Zealand,NZ,Waikato,NZ-WKO,Hamilton City,NZ-WKO-016
New Zealand,NZ,Waikato,NZ-WKO,Waipa District,NZ-WKO-017
New Zealand,NZ,Waikato,NZ-WKO,Waitomo District,NZ-WKO-020
New Zealand,NZ,Waikato,NZ-WKO,Matamata-Piako District,NZ-WKO-015
New Zealand,NZ,Waikato,NZ-WKO,Hauraki District,NZ-WKO-012
New Zealand,NZ,Waikato,NZ-WKO,Waikato District,NZ-WKO-013
New Zealand,NZ,Waikato,NZ-WKO,Otorohanga District,NZ-WKO-018
New Zealand,NZ,Waikato,NZ-WKO,South Waikato District,NZ-WKO-019
New Zealand,NZ,Waikato,NZ-WKO,Rotorua District,NZ-WKO-024
New Zealand,NZ,Waikato,NZ-WKO,Taupo District,NZ-WKO-021
New Zealand,NZ,Waikato,NZ-WKO,Thames-Coromandel District,NZ-WKO-011
New Zealand,NZ,Marlborough,NZ-MBH,Marlborough District,NZ-MBH-053
New Zealand,NZ,Taranaki,NZ-TKI,Stratford District,NZ-TKI-034
New Zealand,NZ,Taranaki,NZ-TKI,New Plymouth District,NZ-TKI-033
New Zealand,NZ,Taranaki,NZ-TKI,South Taranaki District,NZ-TKI-035
New Zealand,NZ,Otago,NZ-OTA,Waitaki District,NZ-OTA-068
New Zealand,NZ,Otago,NZ-OTA,Clutha District,NZ-OTA-072
New Zealand,NZ,Otago,NZ-OTA,Dunedin City,NZ-OTA-071
New Zealand,NZ,Otago,NZ-OTA,Central Otago District,NZ-OTA-069
New Zealand,NZ,Otago,NZ-OTA,Queenstown-Lakes District,NZ-OTA-070
New Zealand,NZ,Canterbury,NZ-CAN,Hurunui District,NZ-CAN-058
New Zealand,NZ,Canterbury,NZ-CAN,Waimakariri District,NZ-CAN-059
New Zealand,NZ,Canterbury,NZ-CAN,Christchurch City,NZ-CAN-060
New Zealand,NZ,Canterbury,NZ-CAN,Selwyn District,NZ-CAN-062
New Zealand,NZ,Canterbury,NZ-CAN,Waimate District,NZ-CAN-066
New Zealand,NZ,Canterbury,NZ-CAN,Mackenzie District,NZ-CAN-065
New Zealand,NZ,Canterbury,NZ-CAN,Kaikoura District,NZ-CAN-054
New Zealand,NZ,Canterbury,NZ-CAN,Timaru District,NZ-CAN-064
New Zealand,NZ,Canterbury,NZ-CAN,Ashburton District,NZ-CAN-063
New Zealand,NZ,Canterbury,NZ-CAN,Waitaki District,NZ-CAN-068
New Zealand,NZ,Wellington,NZ-WGN,Lower Hutt City,NZ-WGN-046
New Zealand,NZ,Wellington,NZ-WGN,Carterton District,NZ-WGN-049
New Zealand,NZ,Wellington,NZ-WGN,Porirua City,NZ-WGN-044
New Zealand,NZ,Wellington,NZ-WGN,Wellington City,NZ-WGN-047
New Zealand,NZ,Wellington,NZ-WGN,Kapiti Coast District,NZ-WGN-043
New Zealand,NZ,Wellington,NZ-WGN,Upper Hutt City,NZ-WGN-045
New Zealand,NZ,Wellington,NZ-WGN,South Wairarapa District,NZ-WGN-050
New Zealand,NZ,Wellington,NZ-WGN,Masterton District,NZ-WGN-048
New Zealand,NZ,Wellington,NZ-WGN,Tararua District,NZ-WGN-041
New Zealand,NZ,Gisborne,NZ-GIS,Gisborne District,NZ-GIS-028
New Zealand,NZ,Hawke's Bay,NZ-HKB,Central Hawke's Bay District,NZ-HKB-032
New Zealand,NZ,Hawke's Bay,NZ-HKB,Rangitikei District,NZ-HKB-038
New Zealand,NZ,Hawke's Bay,NZ-HKB,Wairoa District,NZ-HKB-029
New Zealand,NZ,Hawke's Bay,NZ-HKB,Hastings District,NZ-HKB-030
New Zealand,NZ,Hawke's Bay,NZ-HKB,Taupo District,NZ-HKB-021
New Zealand,NZ,Hawke's Bay,NZ-HKB,Napier City,NZ-HKB-031
New Zealand,NZ,Manawatu-Wanganui,NZ-MWT,Wanganui District,NZ-MWT-037
New Zealand,NZ,Manawatu-Wanganui,NZ-MWT,Stratford District,NZ-MWT-034
New Zealand,NZ,Manawatu-Wanganui,NZ-MWT,Tararua District,NZ-MWT-041
New Zealand,NZ,Manawatu-Wanganui,NZ-MWT,Manawatu District,NZ-MWT-039
New Zealand,NZ,Manawatu-Wanganui,NZ-MWT,Horowhenua District,NZ-MWT-042
New Zealand,NZ,Manawatu-Wanganui,NZ-MWT,Ruapehu District,NZ-MWT-036
New Zealand,NZ,Manawatu-Wanganui,NZ-MWT,Palmerston North City,NZ-MWT-040
New Zealand,NZ,Manawatu-Wanganui,NZ-MWT,Waitomo District,NZ-MWT-020
New Zealand,NZ,Manawatu-Wanganui,NZ-MWT,Taupo District,NZ-MWT-021
New Zealand,NZ,Manawatu-Wanganui,NZ-MWT,Rangitikei District,NZ-MWT-038
New Zealand,NZ,Bay of Plenty,NZ-BOP,Opotiki District,NZ-BOP-027
New Zealand,NZ,Bay of Plenty,NZ-BOP,Tauranga City,NZ-BOP-023
New Zealand,NZ,Bay of Plenty,NZ-BOP,Rotorua District,NZ-BOP-024
New Zealand,NZ,Bay of Plenty,NZ-BOP,Whakatane District,NZ-BOP-025
New Zealand,NZ,Bay of Plenty,NZ-BOP,Kawerau District,NZ-BOP-026
New Zealand,NZ,Bay of Plenty,NZ-BOP,Taupo District,NZ-BOP-021
New Zealand,NZ,Bay of Plenty,NZ-BOP,Western Bay of Plenty District,NZ-BOP-022
New Zealand,NZ,Nelson,NZ-NSN,Nelson City,NZ-NSN-052
Vietnam,VN,Dong Thap,VN-82,Dong Thap,VN-82
Vietnam,VN,Khanh Hoa,VN-56,Khanh Hoa,VN-56
Vietnam,VN,Son La,VN-14,Son La,VN-14
Vietnam,VN,Lang Son,VN-20,Lang Son,VN-20
Vietnam,VN,Quang Tri,VN-44,Quang Tri,VN-44
Vietnam,VN,Lam Dong,VN-68,Lam Dong,VN-68
Vietnam,VN,Ho Chi Minh city,VN-79,Ho Chi Minh city,VN-79
Vietnam,VN,Ha Noi city,VN-01,Ha Noi city,VN-01
Vietnam,VN,Hue city,VN-46,Hue city,VN-46
Vietnam,VN,Dak Lak,VN-66,Dak Lak,VN-66
Vietnam,VN,Ca Mau,VN-96,Ca Mau,VN-96
Vietnam,VN,Dong Nai,VN-75,Dong Nai,VN-75
Vietnam,VN,Phu Tho,VN-25,Phu Tho,VN-25
Vietnam,VN,Can Tho city,VN-92,Can Tho city,VN-92
Vietnam,VN,Bac Ninh,VN-24,Bac Ninh,VN-24
Vietnam,VN,Cao Bang,VN-04,Cao Bang,VN-04
Vietnam,VN,Thanh Hoa,VN-38,Thanh Hoa,VN-38
Vietnam,VN,An Giang,VN-91,An Giang,VN-91
Vietnam,VN,Lai Chau,VN-12,Lai Chau,VN-12
Vietnam,VN,Gia Lai,VN-52,Gia Lai,VN-52
Vietnam,VN,Tuyen Quang,VN-08,Tuyen Quang,VN-08
Vietnam,VN,Thai Nguyen,VN-19,Thai Nguyen,VN-19
Vietnam,VN,Tay Ninh,VN-80,Tay Ninh,VN-80
Vietnam,VN,Lao Cai,VN-15,Lao Cai,VN-15
Vietnam,VN,Ninh Binh,VN-37,Ninh Binh,VN-37
Vietnam,VN,Ha Tinh,VN-42,Ha Tinh,VN-42
Vietnam,VN,Vinh Long,VN-86,Vinh Long,VN-86
Vietnam,VN,Hung Yen,VN-33,Hung Yen,VN-33
Vietnam,VN,Quang Ninh,VN-22,Quang Ninh,VN-22
Vietnam,VN,Hai Phong city,VN-31,Hai Phong city,VN-31
Vietnam,VN,Dien Bien,VN-11,Dien Bien,VN-11
Vietnam,VN,Quang Ngai,VN-51,Quang Ngai,VN-51
Vietnam,VN,Da Nang city,VN-48,Da Nang city,VN-48
Vietnam,VN,Nghe An,VN-40,Nghe An,VN-40
Rwanda,RW,Ouest,RW-04,Ouest,RW-04
Rwanda,RW,Est,RW-02,Est,RW-02
Rwanda,RW,Sud,RW-05,Sud,RW-05
Rwanda,RW,Nord,RW-03,Nord,RW-03
Rwanda,RW,Ville de Kigali,RW-01,Ville de Kigali,RW-01
Grenada,GD,Saint George,GD-03,Saint George,GD-03
Grenada,GD,Southern Grenadine Islands,GD-10,Southern Grenadine Islands,GD-10
Grenada,GD,Saint Mark,GD-05,Saint Mark,GD-05
Grenada,GD,Saint Patrick,GD-06,Saint Patrick,GD-06
Grenada,GD,Saint Andrew,GD-01,Saint Andrew,GD-01
Grenada,GD,Saint John,GD-04,Saint John,GD-04
Grenada,GD,Saint David,GD-02,Saint David,GD-02
Gibraltar,GI,Gibraltar,GI,Gibraltar,GI
Australia,AU,New South Wales,AU-NSW,Sutherland Shire,AU-NSW-SUT
Australia,AU,New South Wales,AU-NSW,Tamworth Regional,AU-NSW-TAM
Australia,AU,New South Wales,AU-NSW,Tweed,AU-NSW-TWE
Australia,AU,New South Wales,AU-NSW,Bourke,AU-NSW-BOU
Australia,AU,New South Wales,AU-NSW,Kogarah,AU-NSW-KOG
Australia,AU,New South Wales,AU-NSW,Nambucca,AU-NSW-NAM
Australia,AU,New South Wales,AU-NSW,Cabonne,AU-NSW-CAB
Australia,AU,New South Wales,AU-NSW,Griffith,AU-NSW-GRI
Australia,AU,New South Wales,AU-NSW,Berrigan,AU-NSW-BER
Australia,AU,New South Wales,AU-NSW,Harden,AU-NSW-HAR
Australia,AU,New South Wales,AU-NSW,Tumut Shire,AU-NSW-TMT
Australia,AU,New South Wales,AU-NSW,Ku-ring-gai,AU-NSW-KRG
Australia,AU,New South Wales,AU-NSW,Bogan,AU-NSW-BOG
Australia,AU,New South Wales,AU-NSW,Goulburn Mulwaree,AU-NSW-GOU
Australia,AU,New South Wales,AU-NSW,Shellharbour,AU-NSW-SHE
Australia,AU,New South Wales,AU-NSW,Randwick,AU-NSW-RAN
Australia,AU,New South Wales,AU-NSW,Snowy River,AU-NSW-SNO
Australia,AU,New South Wales,AU-NSW,Warrumbungle Shire,AU-NSW-WRM
Australia,AU,New South Wales,AU-NSW,Upper Hunter Shire,AU-NSW-UPH
Australia,AU,New South Wales,AU-NSW,Wollongong,AU-NSW-WLG
Australia,AU,New South Wales,AU-NSW,Ryde,AU-NSW-RYD
Australia,AU,New South Wales,AU-NSW,Blue Mountains,AU-NSW-BLU
Australia,AU,New South Wales,AU-NSW,Forbes,AU-NSW-FOR
Australia,AU,New South Wales,AU-NSW,Yass Valley,AU-NSW-YAS
Australia,AU,New South Wales,AU-NSW,Maitland,AU-NSW-MAI
Australia,AU,New South Wales,AU-NSW,Willoughby,AU-NSW-WIL
Australia,AU,New South Wales,AU-NSW,Shoalhaven,AU-NSW-SHO
Australia,AU,New South Wales,AU-NSW,Blayney,AU-NSW-BLY
Australia,AU,New South Wales,AU-NSW,Singleton,AU-NSW-SIN
Australia,AU,New South Wales,AU-NSW,Bankstown,AU-NSW-BAN
Australia,AU,New South Wales,AU-NSW,Hornsby,AU-NSW-HOR
Australia,AU,New South Wales,AU-NSW,Conargo,AU-NSW-CON
Australia,AU,New South Wales,AU-NSW,Waverley,AU-NSW-WAV
Australia,AU,New South Wales,AU-NSW,Parkes,AU-NSW-PAR
Australia,AU,New South Wales,AU-NSW,The Hills Shire,AU-NSW-THE
Australia,AU,New South Wales,AU-NSW,Corowa Shire,AU-NSW-COR
Australia,AU,New South Wales,AU-NSW,Canterbury,AU-NSW-CAN
Australia,AU,New South Wales,AU-NSW,Lachlan,AU-NSW-LAC
Australia,AU,New South Wales,AU-NSW,Blacktown,AU-NSW-BLK
Australia,AU,New South Wales,AU-NSW,Albury,AU-NSW-ALB
Australia,AU,New South Wales,AU-NSW,Coonamble,AU-NSW-COO
Australia,AU,New South Wales,AU-NSW,Cootamundra,AU-NSW-CTM
Australia,AU,New South Wales,AU-NSW,Wakool,AU-NSW-WAK
Australia,AU,New South Wales,AU-NSW,Leichhardt,AU-NSW-LEI
Australia,AU,New South Wales,AU-NSW,Canada Bay,AU-NSW-CBY
Australia,AU,New South Wales,AU-NSW,Junee,AU-NSW-JUN
Australia,AU,New South Wales,AU-NSW,Bellingen,AU-NSW-BEL
Australia,AU,New South Wales,AU-NSW,Woollahra,AU-NSW-WOO
Australia,AU,New South Wales,AU-NSW,Temora,AU-NSW-TEM
Australia,AU,New South Wales,AU-NSW,Coolamon,AU-NSW-CLM
Australia,AU,New South Wales,AU-NSW,Holroyd,AU-NSW-HOL
Australia,AU,New South Wales,AU-NSW,Gundagai,AU-NSW-GDG
Australia,AU,New South Wales,AU-NSW,Wentworth,AU-NSW-WEN
Australia,AU,New South Wales,AU-NSW,Bega Valley,AU-NSW-BEG
Australia,AU,New South Wales,AU-NSW,Clarence Valley,AU-NSW-CLA
Australia,AU,New South Wales,AU-NSW,Wingecarribee,AU-NSW-WIN
Australia,AU,New South Wales,AU-NSW,Wagga Wagga,AU-NSW-WAG
Australia,AU,New South Wales,AU-NSW,Mid-Western Regional,AU-NSW-MID
Australia,AU,New South Wales,AU-NSW,Murrumbidgee,AU-NSW-MRM
Australia,AU,New South Wales,AU-NSW,Balranald,AU-NSW-BLR
Australia,AU,New South Wales,AU-NSW,Lane Cove,AU-NSW-LAN
Australia,AU,New South Wales,AU-NSW,Narrabri,AU-NSW-NRB
Australia,AU,New South Wales,AU-NSW,Dubbo,AU-NSW-DUB
Australia,AU,New South Wales,AU-NSW,Jerilderie,AU-NSW-JER
Australia,AU,New South Wales,AU-NSW,Kyogle,AU-NSW-KYO
Australia,AU,New South Wales,AU-NSW,Wollondilly,AU-NSW-WOL
Australia,AU,New South Wales,AU-NSW,Muswellbrook,AU-NSW-MUS
Australia,AU,New South Wales,AU-NSW,Narromine,AU-NSW-NRM
Australia,AU,New South Wales,AU-NSW,Wellington,AU-NSW-WEL
Australia,AU,New South Wales,AU-NSW,Gunnedah,AU-NSW-GUN
Australia,AU,New South Wales,AU-NSW,Leeton,AU-NSW-LEE
Australia,AU,New South Wales,AU-NSW,Walgett,AU-NSW-WAL
Australia,AU,New South Wales,AU-NSW,Gloucester,AU-NSW-GLO
Australia,AU,New South Wales,AU-NSW,Dungog,AU-NSW-DUN
Australia,AU,New South Wales,AU-NSW,Murray,AU-NSW-MUR
Australia,AU,New South Wales,AU-NSW,Urana,AU-NSW-URN
Australia,AU,New South Wales,AU-NSW,Central Darling,AU-NSW-CEN
Australia,AU,New South Wales,AU-NSW,Strathfield,AU-NSW-STR
Australia,AU,New South Wales,AU-NSW,Hay,AU-NSW-HAY
Australia,AU,New South Wales,AU-NSW,Penrith,AU-NSW-PEN
Australia,AU,New South Wales,AU-NSW,Richmond Valley,AU-NSW-RIC
Australia,AU,New South Wales,AU-NSW,Liverpool Plains,AU-NSW-LIP
Australia,AU,New South Wales,AU-NSW,Cobar,AU-NSW-COB
Australia,AU,New South Wales,AU-NSW,Guyra,AU-NSW-GUY
Australia,AU,New South Wales,AU-NSW,Boorowa,AU-NSW-BOO
Australia,AU,New South Wales,AU-NSW,Mosman,AU-NSW-MOS
Australia,AU,New South Wales,AU-NSW,Brewarrina,AU-NSW-BRE
Australia,AU,New South Wales,AU-NSW,Sydney,AU-NSW-SYD
Australia,AU,New South Wales,AU-NSW,Lord Howe Island,AU-NSW-LHI
Australia,AU,New South Wales,AU-NSW,Newcastle,AU-NSW-NEW
Australia,AU,New South Wales,AU-NSW,Queanbeyan,AU-NSW-QUE
Australia,AU,New South Wales,AU-NSW,Weddin,AU-NSW-WED
Australia,AU,New South Wales,AU-NSW,Bland,AU-NSW-BLA
Australia,AU,New South Wales,AU-NSW,Gosford,AU-NSW-GOS
Australia,AU,New South Wales,AU-NSW,Pittwater,AU-NSW-PIT
Australia,AU,New South Wales,AU-NSW,Camden,AU-NSW-CMD
Australia,AU,New South Wales,AU-NSW,Auburn,AU-NSW-AUB
Australia,AU,New South Wales,AU-NSW,Orange,AU-NSW-ORA
Australia,AU,New South Wales,AU-NSW,Wyong,AU-NSW-WYO
Australia,AU,New South Wales,AU-NSW,Cowra,AU-NSW-COW
Australia,AU,New South Wales,AU-NSW,Marrickville,AU-NSW-MAR
Australia,AU,New South Wales,AU-NSW,Oberon,AU-NSW-OBE
Australia,AU,New South Wales,AU-NSW,Gilgandra,AU-NSW-GIL
Australia,AU,New South Wales,AU-NSW,Fairfield,AU-NSW-FAI
Australia,AU,New South Wales,AU-NSW,Cooma-Monaro,AU-NSW-CMO
Australia,AU,New South Wales,AU-NSW,Bathurst Regional,AU-NSW-BAT
Australia,AU,New South Wales,AU-NSW,Kiama,AU-NSW-KIA
Australia,AU,New South Wales,AU-NSW,Port Macquarie-Hastings,AU-NSW-PMH
Australia,AU,New South Wales,AU-NSW,Liverpool,AU-NSW-LIV
Australia,AU,New South Wales,AU-NSW,Broken Hill,AU-NSW-BRO
Australia,AU,New South Wales,AU-NSW,Walcha,AU-NSW-WLC
Australia,AU,New South Wales,AU-NSW,Manly,AU-NSW-MAN
Australia,AU,New South Wales,AU-NSW,Lismore,AU-NSW-LIS
Australia,AU,New South Wales,AU-NSW,Bombala,AU-NSW-BOM
Australia,AU,New South Wales,AU-NSW,Greater Hume Shire,AU-NSW-GHS
Australia,AU,New South Wales,AU-NSW,Warringah,AU-NSW-WRG
Australia,AU,New South Wales,AU-NSW,Uralla,AU-NSW-URL
Australia,AU,New South Wales,AU-NSW,Moree Plains,AU-NSW-MOR
Australia,AU,New South Wales,AU-NSW,Lockhart,AU-NSW-LOC
Australia,AU,New South Wales,AU-NSW,Kempsey,AU-NSW-KEM
Australia,AU,New South Wales,AU-NSW,Botany Bay,AU-NSW-BOT
Australia,AU,New South Wales,AU-NSW,Armidale Dumaresq,AU-NSW-ARM
Australia,AU,New South Wales,AU-NSW,Tumbarumba,AU-NSW-TMB
Australia,AU,New South Wales,AU-NSW,Greater Taree,AU-NSW-GRT
Australia,AU,New South Wales,AU-NSW,Narrandera,AU-NSW-NRN
Australia,AU,New South Wales,AU-NSW,Deniliquin,AU-NSW-DEN
Australia,AU,New South Wales,AU-NSW,Carrathool,AU-NSW-CAR
Australia,AU,New South Wales,AU-NSW,Ashfield,AU-NSW-ASH
Australia,AU,New South Wales,AU-NSW,Lake Macquarie,AU-NSW-LAK
Australia,AU,New South Wales,AU-NSW,Port Stephens,AU-NSW-PST
Australia,AU,New South Wales,AU-NSW,Cessnock,AU-NSW-CES
Australia,AU,New South Wales,AU-NSW,Burwood,AU-NSW-BUR
Australia,AU,New South Wales,AU-NSW,Lithgow,AU-NSW-LIT
Australia,AU,New South Wales,AU-NSW,Eurobodalla,AU-NSW-EUR
Australia,AU,New South Wales,AU-NSW,Campbelltown,AU-NSW-CAM
Australia,AU,New South Wales,AU-NSW,Byron,AU-NSW-BYR
Australia,AU,New South Wales,AU-NSW,Rockdale,AU-NSW-ROC
Australia,AU,New South Wales,AU-NSW,Palerang,AU-NSW-PAL
Australia,AU,New South Wales,AU-NSW,Ballina,AU-NSW-BLL
Australia,AU,New South Wales,AU-NSW,Coffs Harbour,AU-NSW-COF
Australia,AU,New South Wales,AU-NSW,Parramatta,AU-NSW-PRM
Australia,AU,New South Wales,AU-NSW,Glen Innes Severn,AU-NSW-GLE
Australia,AU,New South Wales,AU-NSW,Inverell,AU-NSW-INV
Australia,AU,New South Wales,AU-NSW,Gwydir,AU-NSW-GWY
Australia,AU,New South Wales,AU-NSW,Hawkesbury,AU-NSW-HAW
Australia,AU,New South Wales,AU-NSW,Northwestern NSW,AU-NSW-NWN
Australia,AU,New South Wales,AU-NSW,Upper Lachlan Shire,AU-NSW-UPL
Australia,AU,New South Wales,AU-NSW,Young,AU-NSW-YOU
Australia,AU,New South Wales,AU-NSW,Hurstville,AU-NSW-HUR
Australia,AU,New South Wales,AU-NSW,Great Lakes,AU-NSW-GLA
Australia,AU,New South Wales,AU-NSW,Tenterfield,AU-NSW-TEN
Australia,AU,New South Wales,AU-NSW,Warren,AU-NSW-WRR
Australia,AU,New South Wales,AU-NSW,North Sydney,AU-NSW-NOR
Australia,AU,New South Wales,AU-NSW,Hunters Hill,AU-NSW-HUN
Australia,AU,Western Australia,AU-WA,Gosnells,AU-WA-GOS
Australia,AU,Western Australia,AU-WA,Kellerberrin,AU-WA-KEL
Australia,AU,Western Australia,AU-WA,Vincent,AU-WA-VIN
Australia,AU,Western Australia,AU-WA,Peppermint Grove,AU-WA-PEP
Australia,AU,Western Australia,AU-WA,Gingin,AU-WA-GIN
Australia,AU,Western Australia,AU-WA,Derby-West Kimberley,AU-WA-DER
Australia,AU,Western Australia,AU-WA,Rockingham,AU-WA-ROC
Australia,AU,Western Australia,AU-WA,Kojonup,AU-WA-KOJ
Australia,AU,Western Australia,AU-WA,Northampton,AU-WA-NHP
Australia,AU,Western Australia,AU-WA,Wongan-Ballidu,AU-WA-WON
Australia,AU,Western Australia,AU-WA,Geraldton-Greenough,AU-WA-GER
Australia,AU,Western Australia,AU-WA,Chittering,AU-WA-CHI
Australia,AU,Western Australia,AU-WA,Lake Grace,AU-WA-LAK
Australia,AU,Western Australia,AU-WA,Serpentine-Jarrahdale,AU-WA-SER
Australia,AU,Western Australia,AU-WA,Leonora,AU-WA-LEO
Australia,AU,Western Australia,AU-WA,Capel,AU-WA-CAP
Australia,AU,Western Australia,AU-WA,Boddington,AU-WA-BOD
Australia,AU,Western Australia,AU-WA,York,AU-WA-YOR
Australia,AU,Western Australia,AU-WA,Yalgoo,AU-WA-YAL
Australia,AU,Western Australia,AU-WA,Chapman Valley,AU-WA-CHA
Australia,AU,Western Australia,AU-WA,Victoria Park,AU-WA-VPA
Australia,AU,Western Australia,AU-WA,Subiaco,AU-WA-SUB
Australia,AU,Western Australia,AU-WA,Goomalling,AU-WA-GOO
Australia,AU,Western Australia,AU-WA,Coorow,AU-WA-COO
Australia,AU,Western Australia,AU-WA,Perth,AU-WA-PER
Australia,AU,Western Australia,AU-WA,Gnowangerup,AU-WA-GNO
Australia,AU,Western Australia,AU-WA,Mosman Park,AU-WA-MOS
Australia,AU,Western Australia,AU-WA,Upper Gascoyne,AU-WA-UPP
Australia,AU,Western Australia,AU-WA,Armadale,AU-WA-ARM
Australia,AU,Western Australia,AU-WA,Northam,AU-WA-NOR
Australia,AU,Western Australia,AU-WA,Port Hedland,AU-WA-POR
Australia,AU,Western Australia,AU-WA,Wanneroo,AU-WA-WAN
Australia,AU,Western Australia,AU-WA,Mullewa,AU-WA-MUL
Australia,AU,Western Australia,AU-WA,Cranbrook,AU-WA-CRA
Australia,AU,Western Australia,AU-WA,Kulin,AU-WA-KUL
Australia,AU,Western Australia,AU-WA,Koorda,AU-WA-KOO
Australia,AU,Western Australia,AU-WA,Broome,AU-WA-BRM
Australia,AU,Western Australia,AU-WA,Mount Marshall,AU-WA-MOU
Australia,AU,Western Australia,AU-WA,Cunderdin,AU-WA-CUN
Australia,AU,Western Australia,AU-WA,Collie,AU-WA-COL
Australia,AU,Western Australia,AU-WA,Esperance,AU-WA-ESP
Australia,AU,Western Australia,AU-WA,East Pilbara,AU-WA-EPI
Australia,AU,Western Australia,AU-WA,Irwin,AU-WA-IRW
Australia,AU,Western Australia,AU-WA,Shark Bay,AU-WA-SHA
Australia,AU,Western Australia,AU-WA,Jerramungup,AU-WA-JER
Australia,AU,Western Australia,AU-WA,Mundaring,AU-WA-MUN
Australia,AU,Western Australia,AU-WA,West Arthur,AU-WA-WEA
Australia,AU,Western Australia,AU-WA,Busselton,AU-WA-BUS
Australia,AU,Western Australia,AU-WA,Dandaragan,AU-WA-DAN
Australia,AU,Western Australia,AU-WA,Dumbleyung,AU-WA-DUM
Australia,AU,Western Australia,AU-WA,Moora,AU-WA-MOO
Australia,AU,Western Australia,AU-WA,Coolgardie,AU-WA-CLG
Australia,AU,Western Australia,AU-WA,Augusta-Margaret River,AU-WA-AUG
Australia,AU,Western Australia,AU-WA,South Perth,AU-WA-SOU
Australia,AU,Western Australia,AU-WA,Mingenew,AU-WA-MIN
Australia,AU,Western Australia,AU-WA,Boyup Brook,AU-WA-BOY
Australia,AU,Western Australia,AU-WA,Wyalkatchem,AU-WA-WYA
Australia,AU,Western Australia,AU-WA,Nedlands,AU-WA-MED
Australia,AU,Western Australia,AU-WA,Kalamunda,AU-WA-KAL
Australia,AU,Western Australia,AU-WA,Brookton,AU-WA-BRK
Australia,AU,Western Australia,AU-WA,Tammin,AU-WA-TAM
Australia,AU,Western Australia,AU-WA,Ashburton,AU-WA-ASH
Australia,AU,Western Australia,AU-WA,Cottesloe,AU-WA-COT
Australia,AU,Western Australia,AU-WA,Denmark,AU-WA-DEN
Australia,AU,Western Australia,AU-WA,Swan,AU-WA-SWA
Australia,AU,Western Australia,AU-WA,Dowerin,AU-WA-DOW
Australia,AU,Western Australia,AU-WA,Toodyay,AU-WA-TOO
Australia,AU,Western Australia,AU-WA,Cambridge,AU-WA-CAM
Australia,AU,Western Australia,AU-WA,Kent,AU-WA-KEN
Australia,AU,Western Australia,AU-WA,Ravensthorpe,AU-WA-RAV
Australia,AU,Western Australia,AU-WA,Ngaanyatjarraku,AU-WA-NGA
Australia,AU,Western Australia,AU-WA,Joondalup,AU-WA-JPP
Australia,AU,Western Australia,AU-WA,Kalgoorlie/Boulder,AU-WA-KAB
Australia,AU,Western Australia,AU-WA,Yilgarn,AU-WA-YIL
Australia,AU,Western Australia,AU-WA,Woodanilling,AU-WA-WOO
Australia,AU,Western Australia,AU-WA,Wickepin,AU-WA-WIC
Australia,AU,Western Australia,AU-WA,Roebourne,AU-WA-ROE
Australia,AU,Western Australia,AU-WA,Williams,AU-WA-WLL
Australia,AU,Western Australia,AU-WA,Mandurah,AU-WA-MND
Australia,AU,Western Australia,AU-WA,Beverley,AU-WA-BEV
Australia,AU,Western Australia,AU-WA,Wyndham-East Kimberley,AU-WA-WYN
Australia,AU,Western Australia,AU-WA,Three Springs,AU-WA-THR
Australia,AU,Western Australia,AU-WA,Meekatharra,AU-WA-MEE
Australia,AU,Western Australia,AU-WA,Narrogin,AU-WA-NAT
Australia,AU,Western Australia,AU-WA,East Fremantle,AU-WA-EFR
Australia,AU,Western Australia,AU-WA,Claremont,AU-WA-CLA
Australia,AU,Western Australia,AU-WA,Kwinana,AU-WA-KWI
Australia,AU,Western Australia,AU-WA,Dundas,AU-WA-DUN
Australia,AU,Western Australia,AU-WA,Perenjori,AU-WA-PRJ
Australia,AU,Western Australia,AU-WA,Narrogin,AU-WA-NAS
Australia,AU,Western Australia,AU-WA,Broomehill-Tambellup,AU-WA-BRT
Australia,AU,Western Australia,AU-WA,Cockburn,AU-WA-COC
Australia,AU,Western Australia,AU-WA,Dardanup,AU-WA-DAR
Australia,AU,Western Australia,AU-WA,Manjimup,AU-WA-MNJ
Australia,AU,Western Australia,AU-WA,Bridgetown-Greenbushes,AU-WA-BRI
Australia,AU,Western Australia,AU-WA,Narembeen,AU-WA-NRM
Australia,AU,Western Australia,AU-WA,Nungarin,AU-WA-NUN
Australia,AU,Western Australia,AU-WA,Donnybrook-Balingup,AU-WA-DON
Australia,AU,Western Australia,AU-WA,Wagin,AU-WA-WAG
Australia,AU,Western Australia,AU-WA,Trayning,AU-WA-TRA
Australia,AU,Western Australia,AU-WA,Harvey,AU-WA-HAR
Australia,AU,Western Australia,AU-WA,Menzies,AU-WA-MEN
Australia,AU,Western Australia,AU-WA,Murray,AU-WA-MUR
Australia,AU,Western Australia,AU-WA,Katanning,AU-WA-KAT
Australia,AU,Western Australia,AU-WA,Wandering,AU-WA-WND
Australia,AU,Western Australia,AU-WA,Dalwallinu,AU-WA-DAL
Australia,AU,Western Australia,AU-WA,Bruce Rock,AU-WA-BRU
Australia,AU,Western Australia,AU-WA,Cue,AU-WA-CUE
Australia,AU,Western Australia,AU-WA,Carnarvon,AU-WA-CAR
Australia,AU,Western Australia,AU-WA,Canning,AU-WA-CAN
Australia,AU,Western Australia,AU-WA,Bassendean,AU-WA-BAS
Australia,AU,Western Australia,AU-WA,Wiluna,AU-WA-WLN
Australia,AU,Western Australia,AU-WA,Stirling,AU-WA-STI
Australia,AU,Western Australia,AU-WA,Cuballing,AU-WA-CUB
Australia,AU,Western Australia,AU-WA,Morawa,AU-WA-MOR
Australia,AU,Western Australia,AU-WA,Corrigin,AU-WA-COR
Australia,AU,Western Australia,AU-WA,Mukinbudin,AU-WA-MUK
Australia,AU,Western Australia,AU-WA,Halls Creek,AU-WA-HAL
Australia,AU,Western Australia,AU-WA,Plantagenet,AU-WA-PLA
Australia,AU,Western Australia,AU-WA,Quairading,AU-WA-QUA
Australia,AU,Western Australia,AU-WA,Mount Magnet,AU-WA-MMA
Australia,AU,Western Australia,AU-WA,Belmont,AU-WA-BEL
Australia,AU,Western Australia,AU-WA,Bunbury,AU-WA-BUN
Australia,AU,Western Australia,AU-WA,Waroona,AU-WA-WAR
Australia,AU,Western Australia,AU-WA,Sandstone,AU-WA-SAN
Australia,AU,Western Australia,AU-WA,Laverton,AU-WA-LAV
Australia,AU,Western Australia,AU-WA,Carnamah,AU-WA-CNM
Australia,AU,Western Australia,AU-WA,Kondinin,AU-WA-KON
Australia,AU,Western Australia,AU-WA,Victoria Plains,AU-WA-VPL
Australia,AU,Western Australia,AU-WA,Bayswater,AU-WA-BAY
Australia,AU,Western Australia,AU-WA,Merredin,AU-WA-MER
Australia,AU,Western Australia,AU-WA,Exmouth,AU-WA-EXM
Australia,AU,Western Australia,AU-WA,Nannup,AU-WA-NAN
Australia,AU,Western Australia,AU-WA,Pingelly,AU-WA-PIN
Australia,AU,Western Australia,AU-WA,Fremantle,AU-WA-FRE
Australia,AU,Western Australia,AU-WA,Albany,AU-WA-ALB
Australia,AU,Western Australia,AU-WA,Melville,AU-WA-MEL
Australia,AU,Western Australia,AU-WA,Westonia,AU-WA-WES
Australia,AU,Western Australia,AU-WA,Murchison,AU-WA-MRC
Australia,AU,South Australia,AU-SA,Salisbury,AU-SA-SAL
Australia,AU,South Australia,AU-SA,West Torrens,AU-SA-WES
Australia,AU,South Australia,AU-SA,The Coorong,AU-SA-THE
Australia,AU,South Australia,AU-SA,Northern Areas,AU-SA-NOR
Australia,AU,South Australia,AU-SA,Whyalla,AU-SA-WHY
Australia,AU,South Australia,AU-SA,Adelaide Hills,AU-SA-ADH
Australia,AU,South Australia,AU-SA,Onkaparinga,AU-SA-ONK
Australia,AU,South Australia,AU-SA,Elliston,AU-SA-ELL
Australia,AU,South Australia,AU-SA,Playford,AU-SA-PLA
Australia,AU,South Australia,AU-SA,Kimba,AU-SA-KIM
Australia,AU,South Australia,AU-SA,Peterborough,AU-SA-PET
Australia,AU,South Australia,AU-SA,Unley,AU-SA-UNL
Australia,AU,South Australia,AU-SA,Cleve,AU-SA-CLE
Australia,AU,South Australia,AU-SA,Kangaroo Island,AU-SA-KAN
Australia,AU,South Australia,AU-SA,Renmark Paringa,AU-SA-REN
Australia,AU,South Australia,AU-SA,Port Lincoln,AU-SA-PLI
Australia,AU,South Australia,AU-SA,Karoonda East Murray,AU-SA-KAR
Australia,AU,South Australia,AU-SA,Clare and Gilbert Valleys,AU-SA-CLA
Australia,AU,South Australia,AU-SA,Yorke Peninsula,AU-SA-YOR
Australia,AU,South Australia,AU-SA,Kingston,AU-SA-KIN
Australia,AU,South Australia,AU-SA,Wattle Range,AU-SA-WAT
Australia,AU,South Australia,AU-SA,Goyder,AU-SA-GOY
Australia,AU,South Australia,AU-SA,Flinders Ranges,AU-SA-FLI
Australia,AU,South Australia,AU-SA,Naracoorte and Lucindale,AU-SA-NAR
Australia,AU,South Australia,AU-SA,Wudinna,AU-SA-WUD
Australia,AU,South Australia,AU-SA,Grant,AU-SA-GRA
Australia,AU,South Australia,AU-SA,Murray Bridge,AU-SA-MUR
Australia,AU,South Australia,AU-SA,Port Adelaide Enfield,AU-SA-PAD
Australia,AU,South Australia,AU-SA,Charles Sturt,AU-SA-CHA
Australia,AU,South Australia,AU-SA,Campbelltown,AU-SA-CAM
Australia,AU,South Australia,AU-SA,Walkerville,AU-SA-WAL
Australia,AU,South Australia,AU-SA,Copper Coast,AU-SA-COP
Australia,AU,South Australia,AU-SA,Alexandrina,AU-SA-ALE
Australia,AU,South Australia,AU-SA,Berri and Barmera,AU-SA-BER
Australia,AU,South Australia,AU-SA,Coober Pedy,AU-SA-COO
Australia,AU,South Australia,AU-SA,Ceduna,AU-SA-CED
Australia,AU,South Australia,AU-SA,Holdfast Bay,AU-SA-HOL
Australia,AU,South Australia,AU-SA,Mount Remarkable,AU-SA-MTR
Australia,AU,South Australia,AU-SA,Robe,AU-SA-ROB
Australia,AU,South Australia,AU-SA,Barunga West,AU-SA-BRW
Australia,AU,South Australia,AU-SA,Loxton Waikerie,AU-SA-LOX
Australia,AU,South Australia,AU-SA,Anangu Pitjantjatjara,AU-SA-ANA
Australia,AU,South Australia,AU-SA,Lower Eyre Peninsula,AU-SA-LOW
Australia,AU,South Australia,AU-SA,Marion,AU-SA-MAR
Australia,AU,South Australia,AU-SA,Tumby Bay,AU-SA-TUM
Australia,AU,South Australia,AU-SA,Southern Mallee,AU-SA-SOU
Australia,AU,South Australia,AU-SA,Port Pirie City and Dists,AU-SA-PPI
Australia,AU,South Australia,AU-SA,Franklin Harbour,AU-SA-FRA
Australia,AU,South Australia,AU-SA,Mount Barker,AU-SA-MTB
Australia,AU,South Australia,AU-SA,Adelaide,AU-SA-ADL
Australia,AU,South Australia,AU-SA,Yankalilla,AU-SA-YAN
Australia,AU,South Australia,AU-SA,Victor Harbor,AU-SA-VIC
Australia,AU,South Australia,AU-SA,Mitcham,AU-SA-MIT
Australia,AU,South Australia,AU-SA,Light,AU-SA-LIG
Australia,AU,South Australia,AU-SA,Norwood Payneham St Peters,AU-SA-NPS
Australia,AU,South Australia,AU-SA,Barossa,AU-SA-BAR
Australia,AU,South Australia,AU-SA,Burnside,AU-SA-BUR
Australia,AU,South Australia,AU-SA,Mount Gambier,AU-SA-MTG
Australia,AU,South Australia,AU-SA,Maralinga Tjarutja,AU-SA-MAT
Australia,AU,South Australia,AU-SA,Mallala,AU-SA-MAL
Australia,AU,South Australia,AU-SA,Prospect,AU-SA-PRO
Australia,AU,South Australia,AU-SA,Tea Tree Gully,AU-SA-TEA
Australia,AU,South Australia,AU-SA,Gawler,AU-SA-GAW
Australia,AU,South Australia,AU-SA,Wakefield,AU-SA-WAK
Australia,AU,South Australia,AU-SA,Unincorporated SA,AU-SA-UNI
Australia,AU,South Australia,AU-SA,Port Augusta,AU-SA-PAU
Australia,AU,South Australia,AU-SA,Mid Murray,AU-SA-MID
Australia,AU,South Australia,AU-SA,Orroroo/Carrieton,AU-SA-ORR
Australia,AU,South Australia,AU-SA,Tatiara,AU-SA-TAT
Australia,AU,South Australia,AU-SA,Streaky Bay,AU-SA-STR
Australia,AU,South Australia,AU-SA,Roxby Downs,AU-SA-ROX
Australia,AU,Australian Capital Territory,AU-ACT,Australian Capital Territory,AU-ACT
Australia,AU,Victoria,AU-VIC,Falls Creek,AU-VIC-FAC
Australia,AU,Victoria,AU-VIC,Mornington Peninsula,AU-VIC-MPE
Australia,AU,Victoria,AU-VIC,Mount Alexander,AU-VIC-MOU
Australia,AU,Victoria,AU-VIC,Indigo,AU-VIC-IND
Australia,AU,Victoria,AU-VIC,East Gippsland,AU-VIC-EAS
Australia,AU,Victoria,AU-VIC,French Island,AU-VIC-FRE
Australia,AU,Victoria,AU-VIC,Horsham,AU-VIC-HOR
Australia,AU,Victoria,AU-VIC,Bass Coast,AU-VIC-BAS
Australia,AU,Victoria,AU-VIC,Moorabool,AU-VIC-MOO
Australia,AU,Victoria,AU-VIC,Nillumbik,AU-VIC-NIL
Australia,AU,Victoria,AU-VIC,Ararat,AU-VIC-ARA
Australia,AU,Victoria,AU-VIC,Melbourne,AU-VIC-MEL
Australia,AU,Victoria,AU-VIC,Glen Eira,AU-VIC-GEI
Australia,AU,Victoria,AU-VIC,Wodonga,AU-VIC-WOD
Australia,AU,Victoria,AU-VIC,Port Phillip,AU-VIC-POR
Australia,AU,Victoria,AU-VIC,Alpine,AU-VIC-ALP
Australia,AU,Victoria,AU-VIC,Lady Julia Percy Island,AU-VIC-LJP
Australia,AU,Victoria,AU-VIC,Merri-bek,AU-VIC-MOR
Australia,AU,Victoria,AU-VIC,Lake Mountain,AU-VIC-LAK
Australia,AU,Victoria,AU-VIC,Yarra Ranges,AU-VIC-YRA
Australia,AU,Victoria,AU-VIC,Kingston,AU-VIC-KIN
Australia,AU,Victoria,AU-VIC,Frankston,AU-VIC-FRA
Australia,AU,Victoria,AU-VIC,Cardinia,AU-VIC-CAR
Australia,AU,Victoria,AU-VIC,Hume,AU-VIC-HUM
Australia,AU,Victoria,AU-VIC,Darebin,AU-VIC-DAR
Australia,AU,Victoria,AU-VIC,Moira,AU-VIC-MOI
Australia,AU,Victoria,AU-VIC,Maroondah,AU-VIC-MAR
Australia,AU,Victoria,AU-VIC,Mt Baw Baw,AU-VIC-MBB
Australia,AU,Victoria,AU-VIC,Moyne,AU-VIC-MOY
Australia,AU,Victoria,AU-VIC,Pyrenees,AU-VIC-PYR
Australia,AU,Victoria,AU-VIC,Surf Coast,AU-VIC-SUR
Australia,AU,Victoria,AU-VIC,Mt Hotham,AU-VIC-HOT
Australia,AU,Victoria,AU-VIC,Casey,AU-VIC-CAS
Australia,AU,Victoria,AU-VIC,Southern Grampians,AU-VIC-SGR
Australia,AU,Victoria,AU-VIC,Hobsons Bay,AU-VIC-HOB
Australia,AU,Victoria,AU-VIC,Whittlesea,AU-VIC-WHI
Australia,AU,Victoria,AU-VIC,Queenscliffe,AU-VIC-QUE
Australia,AU,Victoria,AU-VIC,West Wimmera,AU-VIC-WES
Australia,AU,Victoria,AU-VIC,Glenelg,AU-VIC-GLG
Australia,AU,Victoria,AU-VIC,Bayside,AU-VIC-BAY
Australia,AU,Victoria,AU-VIC,Stonnington,AU-VIC-STO
Australia,AU,Victoria,AU-VIC,Manningham,AU-VIC-MAN
Australia,AU,Victoria,AU-VIC,Mount Buller,AU-VIC-MBU
Australia,AU,Victoria,AU-VIC,Hindmarsh,AU-VIC-HIN
Australia,AU,Victoria,AU-VIC,Wangaratta,AU-VIC-WAN
Australia,AU,Victoria,AU-VIC,Mildura,AU-VIC-MIL
Australia,AU,Victoria,AU-VIC,Maribyrnong,AU-VIC-MBY
Australia,AU,Victoria,AU-VIC,Banyule,AU-VIC-BAN
Australia,AU,Victoria,AU-VIC,Strathbogie,AU-VIC-STR
Australia,AU,Victoria,AU-VIC,Brimbank,AU-VIC-BRI
Australia,AU,Victoria,AU-VIC,South Gippsland,AU-VIC-SGI
Australia,AU,Victoria,AU-VIC,Wellington,AU-VIC-WEL
Australia,AU,Victoria,AU-VIC,Ballarat,AU-VIC-BAL
Australia,AU,Victoria,AU-VIC,Golden Plains,AU-VIC-GOL
Australia,AU,Victoria,AU-VIC,Gannawarra,AU-VIC-GAN
Australia,AU,Victoria,AU-VIC,Hepburn,AU-VIC-HEP
Australia,AU,Victoria,AU-VIC,Corangamite,AU-VIC-COR
Australia,AU,Victoria,AU-VIC,Baw Baw,AU-VIC-BAW
Australia,AU,Victoria,AU-VIC,Swan Hill,AU-VIC-SWA
Australia,AU,Victoria,AU-VIC,Boroondara,AU-VIC-BOR
Australia,AU,Victoria,AU-VIC,Northern Grampians,AU-VIC-NOR
Australia,AU,Victoria,AU-VIC,Melton,AU-VIC-MLT
Australia,AU,Victoria,AU-VIC,Monash,AU-VIC-MON
Australia,AU,Victoria,AU-VIC,Greater Geelong,AU-VIC-GGE
Australia,AU,Victoria,AU-VIC,Murrindindi,AU-VIC-MUR
Australia,AU,Victoria,AU-VIC,Latrobe,AU-VIC-LAT
Australia,AU,Victoria,AU-VIC,Knox,AU-VIC-KNO
Australia,AU,Victoria,AU-VIC,Buloke,AU-VIC-BUL
Australia,AU,Victoria,AU-VIC,Mitchell,AU-VIC-MIT
Australia,AU,Victoria,AU-VIC,Mansfield,AU-VIC-MNS
Australia,AU,Victoria,AU-VIC,Campaspe,AU-VIC-CAM
Australia,AU,Victoria,AU-VIC,Yarra,AU-VIC-YAR
Australia,AU,Victoria,AU-VIC,Greater Shepparton,AU-VIC-GSH
Australia,AU,Victoria,AU-VIC,Whitehorse,AU-VIC-WHO
Australia,AU,Victoria,AU-VIC,Benalla,AU-VIC-BEN
Australia,AU,Victoria,AU-VIC,Yarriambiack,AU-VIC-YMB
Australia,AU,Victoria,AU-VIC,Warrnambool,AU-VIC-WAR
Australia,AU,Victoria,AU-VIC,Greater Dandenong,AU-VIC-GDA
Australia,AU,Victoria,AU-VIC,Wilsons Promontory Islands,AU-VIC-WPI
Australia,AU,Victoria,AU-VIC,Moonee Valley,AU-VIC-MVA
Australia,AU,Victoria,AU-VIC,Loddon,AU-VIC-LOD
Australia,AU,Victoria,AU-VIC,Greater Bendigo,AU-VIC-GBE
Australia,AU,Victoria,AU-VIC,Central Goldfields,AU-VIC-CEN
Australia,AU,Victoria,AU-VIC,Macedon Ranges,AU-VIC-MAC
Australia,AU,Victoria,AU-VIC,Colac-Otway,AU-VIC-COL
Australia,AU,Victoria,AU-VIC,Wyndham,AU-VIC-WYN
Australia,AU,Victoria,AU-VIC,Towong,AU-VIC-TOW
Australia,AU,Tasmania,AU-TAS,Northern Midlands,AU-TAS-NOR
Australia,AU,Tasmania,AU-TAS,Circular Head,AU-TAS-CIR
Australia,AU,Tasmania,AU-TAS,Clarence,AU-TAS-CLA
Australia,AU,Tasmania,AU-TAS,Central Highlands,AU-TAS-CHI
Australia,AU,Tasmania,AU-TAS,Dorset,AU-TAS-DOR
Australia,AU,Tasmania,AU-TAS,Waratah/Wynyard,AU-TAS-WAR
Australia,AU,Tasmania,AU-TAS,King Island,AU-TAS-KNS
Australia,AU,Tasmania,AU-TAS,Latrobe,AU-TAS-LAT
Australia,AU,Tasmania,AU-TAS,Devonport,AU-TAS-DEV
Australia,AU,Tasmania,AU-TAS,Flinders,AU-TAS-FLI
Australia,AU,Tasmania,AU-TAS,Central Coast,AU-TAS-CCO
Australia,AU,Tasmania,AU-TAS,George Town,AU-TAS-GEO
Australia,AU,Tasmania,AU-TAS,Kentish,AU-TAS-KEN
Australia,AU,Tasmania,AU-TAS,Break O'Day,AU-TAS-BRE
Australia,AU,Tasmania,AU-TAS,Kingborough,AU-TAS-KIN
Australia,AU,Tasmania,AU-TAS,Huon Valley,AU-TAS-HUO
Australia,AU,Tasmania,AU-TAS,Launceston,AU-TAS-LAU
Australia,AU,Tasmania,AU-TAS,Burnie,AU-TAS-BUR
Australia,AU,Tasmania,AU-TAS,Glenorchy,AU-TAS-GLE
Australia,AU,Tasmania,AU-TAS,Tasman,AU-TAS-TAS
Australia,AU,Tasmania,AU-TAS,Glamorgan/Spring Bay,AU-TAS-GLA
Australia,AU,Tasmania,AU-TAS,West Coast,AU-TAS-WEC
Australia,AU,Tasmania,AU-TAS,Meander Valley,AU-TAS-MEA
Australia,AU,Tasmania,AU-TAS,Hobart,AU-TAS-HOB
Australia,AU,Tasmania,AU-TAS,Southern Midlands,AU-TAS-SOU
Australia,AU,Tasmania,AU-TAS,Brighton,AU-TAS-BRI
Australia,AU,Tasmania,AU-TAS,Derwent Valley,AU-TAS-DER
Australia,AU,Tasmania,AU-TAS,West Tamar,AU-TAS-WET
Australia,AU,Tasmania,AU-TAS,Sorell,AU-TAS-SOR
Australia,AU,Northern Territory,AU-NT,Coomalie,AU-NT-COO
Australia,AU,Northern Territory,AU-NT,Yulara,AU-NT-YUL
Australia,AU,Northern Territory,AU-NT,Roper Gulf,AU-NT-ROP
Australia,AU,Northern Territory,AU-NT,Litchfield,AU-NT-LIT
Australia,AU,Northern Territory,AU-NT,Palmerston,AU-NT-PAL
Australia,AU,Northern Territory,AU-NT,Katherine,AU-NT-KAT
Australia,AU,Northern Territory,AU-NT,Northwest Top End,AU-NT-TOP
Australia,AU,Northern Territory,AU-NT,Barkly,AU-NT-BAR
Australia,AU,Northern Territory,AU-NT,MacDonnell,AU-NT-MAC
Australia,AU,Northern Territory,AU-NT,Alyangula,AU-NT-ALY
Australia,AU,Northern Territory,AU-NT,Central Desert,AU-NT-CEN
Australia,AU,Northern Territory,AU-NT,Nhulunbuy,AU-NT-NHU
Australia,AU,Northern Territory,AU-NT,Victoria-Daly,AU-NT-VIC
Australia,AU,Northern Territory,AU-NT,Alice Springs,AU-NT-ALI
Australia,AU,Northern Territory,AU-NT,Darwin,AU-NT-DAR
Australia,AU,Northern Territory,AU-NT,East Arnhem,AU-NT-EAS
Australia,AU,Northern Territory,AU-NT,Wagait,AU-NT-WAG
Australia,AU,Northern Territory,AU-NT,Tiwi Islands,AU-NT-TIW
Australia,AU,Northern Territory,AU-NT,West Arnhem,AU-NT-WES
Australia,AU,Northern Territory,AU-NT,Belyuen,AU-NT-BEL
Australia,AU,Queensland,AU-QLD,Mount Isa,AU-QLD-MOU
Australia,AU,Queensland,AU-QLD,Isaac,AU-QLD-ISA
Australia,AU,Queensland,AU-QLD,Winton,AU-QLD-WIN
Australia,AU,Queensland,AU-QLD,Fraser Coast,AU-QLD-FRA
Australia,AU,Queensland,AU-QLD,Murweh,AU-QLD-MUR
Australia,AU,Queensland,AU-QLD,Gympie,AU-QLD-GYM
Australia,AU,Queensland,AU-QLD,Longreach,AU-QLD-LON
Australia,AU,Queensland,AU-QLD,Quilpie,AU-QLD-QUI
Australia,AU,Queensland,AU-QLD,Moreton Bay,AU-QLD-MRB
Australia,AU,Queensland,AU-QLD,South Burnett,AU-QLD-SOB
Australia,AU,Queensland,AU-QLD,Lockhart River,AU-QLD-LOR
Australia,AU,Queensland,AU-QLD,Brisbane,AU-QLD-BRI
Australia,AU,Queensland,AU-QLD,Mackay,AU-QLD-MAC
Australia,AU,Queensland,AU-QLD,Bundaberg,AU-QLD-BUN
Australia,AU,Queensland,AU-QLD,Western Downs,AU-QLD-WES
Australia,AU,Queensland,AU-QLD,Whitsunday,AU-QLD-WHI
Australia,AU,Queensland,AU-QLD,Aurukun,AU-QLD-AUR
Australia,AU,Queensland,AU-QLD,Mornington,AU-QLD-MOR
Australia,AU,Queensland,AU-QLD,Carpentaria,AU-QLD-CAR
Australia,AU,Queensland,AU-QLD,Cassowary Coast,AU-QLD-CAS
Australia,AU,Queensland,AU-QLD,Toowoomba,AU-QLD-TOO
Australia,AU,Queensland,AU-QLD,Torres,AU-QLD-TOR
Australia,AU,Queensland,AU-QLD,Flinders,AU-QLD-FLI
Australia,AU,Queensland,AU-QLD,Cherbourg,AU-QLD-CHE
Australia,AU,Queensland,AU-QLD,Doomadgee,AU-QLD-DOO
Australia,AU,Queensland,AU-QLD,Sunshine Coast,AU-QLD-SUN
Australia,AU,Queensland,AU-QLD,Northern Peninsula Area,AU-QLD-NPA
Australia,AU,Queensland,AU-QLD,Croydon,AU-QLD-CRO
Australia,AU,Queensland,AU-QLD,Redland,AU-QLD-RED
Australia,AU,Queensland,AU-QLD,Scenic Rim,AU-QLD-SCE
Australia,AU,Queensland,AU-QLD,Maranoa,AU-QLD-MAR
Australia,AU,Queensland,AU-QLD,Cook,AU-QLD-COO
Australia,AU,Queensland,AU-QLD,Barcoo,AU-QLD-BAR
Australia,AU,Queensland,AU-QLD,Burdekin,AU-QLD-BDK
Australia,AU,Queensland,AU-QLD,Central Highlands,AU-QLD-CEN
Australia,AU,Queensland,AU-QLD,Gold Coast,AU-QLD-GOL
Australia,AU,Queensland,AU-QLD,Diamantina,AU-QLD-DIA
Australia,AU,Queensland,AU-QLD,Charters Towers,AU-QLD-CHA
Australia,AU,Queensland,AU-QLD,Etheridge,AU-QLD-ETH
Australia,AU,Queensland,AU-QLD,Torres Strait Island,AU-QLD-TSI
Australia,AU,Queensland,AU-QLD,McKinlay,AU-QLD-MCK
Australia,AU,Queensland,AU-QLD,Mapoon,AU-QLD-MAP
Australia,AU,Queensland,AU-QLD,Wujal Wujal,AU-QLD-WUJ
Australia,AU,Queensland,AU-QLD,Townsville,AU-QLD-TOW
Australia,AU,Queensland,AU-QLD,Blackall Tambo,AU-QLD-BLA
Australia,AU,Queensland,AU-QLD,Paroo,AU-QLD-PAR
Australia,AU,Queensland,AU-QLD,Goondiwindi,AU-QLD-GOO
Australia,AU,Queensland,AU-QLD,Woorabinda,AU-QLD-WOO
Australia,AU,Queensland,AU-QLD,Palm Island,AU-QLD-PAL
Australia,AU,Queensland,AU-QLD,Boulia,AU-QLD-BOU
Australia,AU,Queensland,AU-QLD,North Burnett,AU-QLD-NBU
Australia,AU,Queensland,AU-QLD,Somerset,AU-QLD-SOM
Australia,AU,Queensland,AU-QLD,Barcaldine,AU-QLD-BCL
Australia,AU,Queensland,AU-QLD,Yarrabah,AU-QLD-YAR
Australia,AU,Queensland,AU-QLD,Logan,AU-QLD-LOG
Australia,AU,Queensland,AU-QLD,Hinchinbrook,AU-QLD-HIN
Australia,AU,Queensland,AU-QLD,Weipa,AU-QLD-WEI
Australia,AU,Queensland,AU-QLD,Napranum,AU-QLD-NAP
Australia,AU,Queensland,AU-QLD,Cairns,AU-QLD-CAI
Australia,AU,Queensland,AU-QLD,Pormpuraaw,AU-QLD-POR
Australia,AU,Queensland,AU-QLD,Ipswich,AU-QLD-IPS
Australia,AU,Queensland,AU-QLD,Tablelands,AU-QLD-TAB
Australia,AU,Queensland,AU-QLD,Lockyer Valley,AU-QLD-LOV
Australia,AU,Queensland,AU-QLD,Banana,AU-QLD-BAN
Australia,AU,Queensland,AU-QLD,Rockhampton,AU-QLD-ROC
Australia,AU,Queensland,AU-QLD,Gladstone,AU-QLD-GLA
Australia,AU,Queensland,AU-QLD,Richmond,AU-QLD-RIC
Australia,AU,Queensland,AU-QLD,Cloncurry,AU-QLD-CLO
Australia,AU,Queensland,AU-QLD,Burke,AU-QLD-BRK
Australia,AU,Queensland,AU-QLD,Balonne,AU-QLD-BAL
Australia,AU,Queensland,AU-QLD,Bulloo,AU-QLD-BUL
Australia,AU,Queensland,AU-QLD,Southern Downs,AU-QLD-SOD
Australia,AU,Queensland,AU-QLD,Hope Vale,AU-QLD-HOP
Australia,AU,Queensland,AU-QLD,Kowanyama,AU-QLD-KOW
United Arab Emirates,AE,Fujairah,AE-FU,Fujairah,AE-FU
United Arab Emirates,AE,Ajman,AE-AJ,Ajman,AE-AJ
United Arab Emirates,AE,Abu Dhabi,AE-AZ,Abu Dhabi,AE-AZ
United Arab Emirates,AE,Dubai,AE-DU,Dubai,AE-DU
United Arab Emirates,AE,Sharjah,AE-SH,Sharjah,AE-SH
United Arab Emirates,AE,Ra's al-Khaimah,AE-RK,Ra's al-Khaimah,AE-RK
United Arab Emirates,AE,Umm al-Qaiwain,AE-UQ,Umm al-Qaiwain,AE-UQ
Latvia,LV,Kuldiga,LV-050,Kuldiga,LV-050
Latvia,LV,Riga City,LV-RIX,Riga City,LV-RIX
Latvia,LV,Durbe,LV-028,Durbe,LV-028
Latvia,LV,Jaunpiebalga,LV-039,Jaunpiebalga,LV-039
Latvia,LV,Tukums,LV-099,Tukums,LV-099
Latvia,LV,Ilukste,LV-036,Ilukste,LV-036
Latvia,LV,Talsi,LV-097,Talsi,LV-097
Latvia,LV,Burtnieki,LV-019,Burtnieki,LV-019
Latvia,LV,Karsava,LV-044,Karsava,LV-044
Latvia,LV,Plavinas,LV-072,Plavinas,LV-072
Latvia,LV,Naukšeni,LV-064,Naukšeni,LV-064
Latvia,LV,Valka,LV-101,Valka,LV-101
Latvia,LV,Gulbene,LV-033,Gulbene,LV-033
Latvia,LV,Jaunjelgava,LV-038,Jaunjelgava,LV-038
Latvia,LV,Krustpils,LV-049,Krustpils,LV-049
Latvia,LV,Incukalns,LV-037,Incukalns,LV-037
Latvia,LV,Alsunga,LV-006,Alsunga,LV-006
Latvia,LV,Aloja,LV-005,Aloja,LV-005
Latvia,LV,Akniste,LV-004,Akniste,LV-004
Latvia,LV,Koknese,LV-046,Koknese,LV-046
Latvia,LV,Jaunpils,LV-040,Jaunpils,LV-040
Latvia,LV,Smiltene,LV-094,Smiltene,LV-094
Latvia,LV,Riebini,LV-078,Riebini,LV-078
Latvia,LV,Valmiera City,LV-VMR,Valmiera City,LV-VMR
Latvia,LV,Kandava,LV-043,Kandava,LV-043
Latvia,LV,Sala,LV-085,Sala,LV-085
Latvia,LV,Adaži,LV-011,Adaži,LV-011
Latvia,LV,Ventspils City,LV-VEN,Ventspils City,LV-VEN
Latvia,LV,Carnikava,LV-020,Carnikava,LV-020
Latvia,LV,Dundaga,LV-027,Dundaga,LV-027
Latvia,LV,Saldus,LV-088,Saldus,LV-088
Latvia,LV,Skrunda,LV-093,Skrunda,LV-093
Latvia,LV,Dagda,LV-024,Dagda,LV-024
Latvia,LV,Preili,LV-073,Preili,LV-073
Latvia,LV,Grobina,LV-032,Grobina,LV-032
Latvia,LV,Strenci,LV-096,Strenci,LV-096
Latvia,LV,Stopini,LV-095,Stopini,LV-095
Latvia,LV,Madona,LV-059,Madona,LV-059
Latvia,LV,Rugaji,LV-082,Rugaji,LV-082
Latvia,LV,Vilani,LV-109,Vilani,LV-109
Latvia,LV,Ape,LV-009,Ape,LV-009
Latvia,LV,Bauska,LV-016,Bauska,LV-016
Latvia,LV,Seja,LV-090,Seja,LV-090
Latvia,LV,Kegums,LV-051,Kegums,LV-051
Latvia,LV,Priekuli,LV-075,Priekuli,LV-075
Latvia,LV,Rezekne,LV-077,Rezekne,LV-077
Latvia,LV,Sigulda,LV-091,Sigulda,LV-091
Latvia,LV,Engure,LV-029,Engure,LV-029
Latvia,LV,Saulkrasti,LV-089,Saulkrasti,LV-089
Latvia,LV,Jurmala City,LV-JUR,Jurmala City,LV-JUR
Latvia,LV,Rezekne City,LV-REZ,Rezekne City,LV-REZ
Latvia,LV,Jekabpils,LV-042,Jekabpils,LV-042
Latvia,LV,Zilupe,LV-110,Zilupe,LV-110
Latvia,LV,Tervete,LV-098,Tervete,LV-098
Latvia,LV,Aglona,LV-001,Aglona,LV-001
Latvia,LV,Beverina,LV-017,Beverina,LV-017
Latvia,LV,Babite,LV-012,Babite,LV-012
Latvia,LV,Varaklani,LV-102,Varaklani,LV-102
Latvia,LV,Jelgava,LV-041,Jelgava,LV-041
Latvia,LV,Rauna,LV-076,Rauna,LV-076
Latvia,LV,Dobele,LV-026,Dobele,LV-026
Latvia,LV,Aluksne,LV-007,Aluksne,LV-007
Latvia,LV,Salacgriva,LV-086,Salacgriva,LV-086
Latvia,LV,Aizpute,LV-003,Aizpute,LV-003
Latvia,LV,Krimulda,LV-048,Krimulda,LV-048
Latvia,LV,Priekule,LV-074,Priekule,LV-074
Latvia,LV,Cibla,LV-023,Cibla,LV-023
Latvia,LV,Baldone,LV-013,Baldone,LV-013
Latvia,LV,Rundale,LV-083,Rundale,LV-083
Latvia,LV,Broceni,LV-018,Broceni,LV-018
Latvia,LV,Roja,LV-079,Roja,LV-079
Latvia,LV,Mersrags,LV-063,Mersrags,LV-063
Latvia,LV,Vecumnieki,LV-105,Vecumnieki,LV-105
Latvia,LV,Limbaži,LV-054,Limbaži,LV-054
Latvia,LV,Amata,LV-008,Amata,LV-008
Latvia,LV,Vainode,LV-100,Vainode,LV-100
Latvia,LV,Ogre,LV-067,Ogre,LV-067
Latvia,LV,Ropaži,LV-080,Ropaži,LV-080
Latvia,LV,Ikškile,LV-035,Ikškile,LV-035
Latvia,LV,Cesvaine,LV-021,Cesvaine,LV-021
Latvia,LV,Aizkraukle,LV-002,Aizkraukle,LV-002
Latvia,LV,Daugavpils City,LV-DGV,Daugavpils City,LV-DGV
Latvia,LV,Marupe,LV-062,Marupe,LV-062
Latvia,LV,Varkava,LV-103,Varkava,LV-103
Latvia,LV,Pavilosta,LV-071,Pavilosta,LV-071
Latvia,LV,Garkalne,LV-031,Garkalne,LV-031
Latvia,LV,Rujiena,LV-084,Rujiena,LV-084
Latvia,LV,Cesis,LV-022,Cesis,LV-022
Latvia,LV,Baltinava,LV-014,Baltinava,LV-014
Latvia,LV,Kekava,LV-052,Kekava,LV-052
Latvia,LV,Ligatne,LV-055,Ligatne,LV-055
Latvia,LV,Ergli,LV-030,Ergli,LV-030
Latvia,LV,Pargauja,LV-070,Pargauja,LV-070
Latvia,LV,Mazsalaca,LV-060,Mazsalaca,LV-060
Latvia,LV,Daugavpils,LV-025,Daugavpils,LV-025
Latvia,LV,Kraslava,LV-047,Kraslava,LV-047
Latvia,LV,Vilaka,LV-108,Vilaka,LV-108
Latvia,LV,Vecpiebalga,LV-104,Vecpiebalga,LV-104
Latvia,LV,Livani,LV-056,Livani,LV-056
Latvia,LV,Lubana,LV-057,Lubana,LV-057
Latvia,LV,Nereta,LV-065,Nereta,LV-065
Latvia,LV,Jekabpils City,LV-JKB,Jekabpils City,LV-JKB
Latvia,LV,Skriveri,LV-092,Skriveri,LV-092
Latvia,LV,Malpils,LV-061,Malpils,LV-061
Latvia,LV,Lielvarde,LV-053,Lielvarde,LV-053
Latvia,LV,Rucava,LV-081,Rucava,LV-081
Latvia,LV,Jelgava City,LV-JEL,Jelgava City,LV-JEL
Latvia,LV,Balvi,LV-015,Balvi,LV-015
Latvia,LV,Viesite,LV-107,Viesite,LV-107
Latvia,LV,Ventspils,LV-106,Ventspils,LV-106
Latvia,LV,Salaspils,LV-087,Salaspils,LV-087
Latvia,LV,Olaine,LV-068,Olaine,LV-068
Latvia,LV,Ludza,LV-058,Ludza,LV-058
Latvia,LV,Iecava,LV-034,Iecava,LV-034
Latvia,LV,Koceni,LV-045,Koceni,LV-045
Latvia,LV,Ozolnieki,LV-069,Ozolnieki,LV-069
Latvia,LV,Nica,LV-066,Nica,LV-066
Latvia,LV,Auce,LV-010,Auce,LV-010
Latvia,LV,Liepaja City,LV-LPX,Liepaja City,LV-LPX
Puerto Rico,PR,Cayey,PR-CY,Cayey,PR-CY
Puerto Rico,PR,Cidra,PR-CD,Cidra,PR-CD
Puerto Rico,PR,Lares,PR-LR,Lares,PR-LR
Puerto Rico,PR,Naguabo,PR-NG,Naguabo,PR-NG
Puerto Rico,PR,Orocovis,PR-OR,Orocovis,PR-OR
Puerto Rico,PR,Humacao,PR-HU,Humacao,PR-HU
Puerto Rico,PR,Manatí,PR-MT,Manatí,PR-MT
Puerto Rico,PR,Maricao,PR-MR,Maricao,PR-MR
Puerto Rico,PR,Toa Alta,PR-TA,Toa Alta,PR-TA
Puerto Rico,PR,Carolina,PR-CN,Carolina,PR-CN
Puerto Rico,PR,Guayama,PR-GM,Guayama,PR-GM
Puerto Rico,PR,Caguas,PR-CG,Caguas,PR-CG
Puerto Rico,PR,Maunabo,PR-MB,Maunabo,PR-MB
Puerto Rico,PR,Isabela,PR-IS,Isabela,PR-IS
Puerto Rico,PR,Guánica,PR-GC,Guánica,PR-GC
Puerto Rico,PR,Yabucoa,PR-YB,Yabucoa,PR-YB
Puerto Rico,PR,Ponce,PR-PO,Ponce,PR-PO
Puerto Rico,PR,Camuy,PR-CA,Camuy,PR-CA
Puerto Rico,PR,Patillas,PR-PT,Patillas,PR-PT
Puerto Rico,PR,Vega Baja,PR-VB,Vega Baja,PR-VB
Puerto Rico,PR,Fajardo,PR-FJ,Fajardo,PR-FJ
Puerto Rico,PR,Moca,PR-MC,Moca,PR-MC
Puerto Rico,PR,Lajas,PR-LJ,Lajas,PR-LJ
Puerto Rico,PR,Bayamón,PR-BY,Bayamón,PR-BY
Puerto Rico,PR,Luquillo,PR-LQ,Luquillo,PR-LQ
Puerto Rico,PR,Canóvanas,PR-CV,Canóvanas,PR-CV
Puerto Rico,PR,Vega Alta,PR-VA,Vega Alta,PR-VA
Puerto Rico,PR,Dorado,PR-DO,Dorado,PR-DO
Puerto Rico,PR,Rincón,PR-RC,Rincón,PR-RC
Puerto Rico,PR,Comerío,PR-CM,Comerío,PR-CM
Puerto Rico,PR,San Lorenzo,PR-SL,San Lorenzo,PR-SL
Puerto Rico,PR,Arroyo,PR-AR,Arroyo,PR-AR
Puerto Rico,PR,Salinas,PR-SA,Salinas,PR-SA
Puerto Rico,PR,Juncos,PR-JC,Juncos,PR-JC
Puerto Rico,PR,Cabo Rojo,PR-CR,Cabo Rojo,PR-CR
Puerto Rico,PR,Barceloneta,PR-BC,Barceloneta,PR-BC
Puerto Rico,PR,Ceiba,PR-CB,Ceiba,PR-CB
Puerto Rico,PR,Aguas Buenas,PR-AB,Aguas Buenas,PR-AB
Puerto Rico,PR,Añasco,PR-AN,Añasco,PR-AN
Puerto Rico,PR,Quebradillas,PR-QB,Quebradillas,PR-QB
Puerto Rico,PR,Ciales,PR-CL,Ciales,PR-CL
Puerto Rico,PR,Aguada,PR-AD,Aguada,PR-AD
Puerto Rico,PR,Guayanilla,PR-GL,Guayanilla,PR-GL
Puerto Rico,PR,Hormigueros,PR-HO,Hormigueros,PR-HO
Puerto Rico,PR,Toa Baja,PR-TB,Toa Baja,PR-TB
Puerto Rico,PR,Jayuya,PR-JY,Jayuya,PR-JY
Puerto Rico,PR,Villalba,PR-VL,Villalba,PR-VL
Puerto Rico,PR,Utuado,PR-UT,Utuado,PR-UT
Puerto Rico,PR,Loíza,PR-LZ,Loíza,PR-LZ
Puerto Rico,PR,Juana Díaz,PR-JD,Juana Díaz,PR-JD
Puerto Rico,PR,Mayagüez,PR-MG,Mayagüez,PR-MG
Puerto Rico,PR,San Juan,PR-SJ,San Juan,PR-SJ
Puerto Rico,PR,Vieques,PR-VQ,Vieques,PR-VQ
Puerto Rico,PR,San Sebastián,PR-SS,San Sebastián,PR-SS
Puerto Rico,PR,Coamo,PR-CO,Coamo,PR-CO
Puerto Rico,PR,Santa Isabel,PR-SI,Santa Isabel,PR-SI
Puerto Rico,PR,Yauco,PR-YU,Yauco,PR-YU
Puerto Rico,PR,Guaynabo,PR-GB,Guaynabo,PR-GB
Puerto Rico,PR,Morovis,PR-MV,Morovis,PR-MV
Puerto Rico,PR,Corozal,PR-CZ,Corozal,PR-CZ
Puerto Rico,PR,Naranjito,PR-NR,Naranjito,PR-NR
Puerto Rico,PR,Las Piedras,PR-LP,Las Piedras,PR-LP
Puerto Rico,PR,San Germán,PR-SG,San Germán,PR-SG
Puerto Rico,PR,Peñuelas,PR-PN,Peñuelas,PR-PN
Puerto Rico,PR,Cataño,PR-CT,Cataño,PR-CT
Puerto Rico,PR,Sabana Grande,PR-SB,Sabana Grande,PR-SB
Puerto Rico,PR,Gurabo,PR-GR,Gurabo,PR-GR
Puerto Rico,PR,Trujillo Alto,PR-TJ,Trujillo Alto,PR-TJ
Puerto Rico,PR,Aguadilla,PR-AL,Aguadilla,PR-AL
Puerto Rico,PR,Arecibo,PR-AC,Arecibo,PR-AC
Puerto Rico,PR,Hatillo,PR-HA,Hatillo,PR-HA
Puerto Rico,PR,Las Marías,PR-LM,Las Marías,PR-LM
Puerto Rico,PR,Río Grande,PR-RG,Río Grande,PR-RG
Puerto Rico,PR,Aibonito,PR-AI,Aibonito,PR-AI
Puerto Rico,PR,Culebra,PR-CU,Culebra,PR-CU
Puerto Rico,PR,Adjuntas,PR-AJ,Adjuntas,PR-AJ
Puerto Rico,PR,Florida,PR-FL,Florida,PR-FL
Puerto Rico,PR,Barranquitas,PR-BQ,Barranquitas,PR-BQ
Saudi Arabia,SA,Makkah,SA-02,Makkah,SA-02
Saudi Arabia,SA,Najran,SA-10,Najran,SA-10
Saudi Arabia,SA,Al Bahah,SA-11,Al Bahah,SA-11
Saudi Arabia,SA,Al Madinah,SA-03,Al Madinah,SA-03
Saudi Arabia,SA,Jizan,SA-09,Jizan,SA-09
Saudi Arabia,SA,Al Hudud ash Shamaliyah,SA-08,Al Hudud ash Shamaliyah,SA-08
Saudi Arabia,SA,‘Asir,SA-14,‘Asir,SA-14
Saudi Arabia,SA,Tabuk,SA-07,Tabuk,SA-07
Saudi Arabia,SA,Ar Riyad,SA-01,Ar Riyad,SA-01
Saudi Arabia,SA,Ha'il,SA-06,Ha'il,SA-06
Saudi Arabia,SA,Ash Sharqiyah,SA-04,Ash Sharqiyah,SA-04
Saudi Arabia,SA,Al Jawf,SA-12,Al Jawf,SA-12
Saudi Arabia,SA,Al Qasim,SA-05,Al Qasim,SA-05
Mali,ML,Gao,ML-7,Gao,ML-7
Mali,ML,Bamako,ML-BKO,Bamako,ML-BKO
Mali,ML,Ségou,ML-4,Ségou,ML-4
Mali,ML,Mopti,ML-5,Mopti,ML-5
Mali,ML,Sikasso,ML-3,Sikasso,ML-3
Mali,ML,Koulikoro,ML-2,Koulikoro,ML-2
Mali,ML,Kidal,ML-8,Kidal,ML-8
Mali,ML,Kayes,ML-1,Kayes,ML-1
Mali,ML,Tombouctou,ML-6,Tombouctou,ML-6
Georgia,GE,Racha-Lech'khumi-K'vemo Svanet'i,GE-RL,Racha-Lech'khumi-K'vemo Svanet'i,GE-RL
Georgia,GE,Abkhazia,GE-AB,Abkhazia,GE-AB
Georgia,GE,Mts'khet'a-Mt'ianet'i,GE-MM,Mts'khet'a-Mt'ianet'i,GE-MM
Georgia,GE,K'vemo K'art'li,GE-KK,K'vemo K'art'li,GE-KK
Georgia,GE,T'bilisi,GE-TB,T'bilisi,GE-TB
Georgia,GE,Samts'khe-Javakhet'i,GE-SJ,Samts'khe-Javakhet'i,GE-SJ
Georgia,GE,Kakhet'i,GE-KA,Kakhet'i,GE-KA
Georgia,GE,Ajaria,GE-AJ,Ajaria,GE-AJ
Georgia,GE,Shida K'art'li,GE-SK,Shida K'art'li,GE-SK
Georgia,GE,Guria,GE-GU,Guria,GE-GU
Georgia,GE,Imeret'i,GE-IM,Imeret'i,GE-IM
Georgia,GE,Samegrelo-Zemo Svanet'i,GE-SZ,Samegrelo-Zemo Svanet'i,GE-SZ
Japan,JP,Kagawa,JP-37,Mitoyo,JP-37-08
Japan,JP,Kagawa,JP-37,Higashikagawa,JP-37-07
Japan,JP,Kagawa,JP-37,Zentsuji,JP-37-04
Japan,JP,Kagawa,JP-37,Manno,JP-37-17
Japan,JP,Kagawa,JP-37,Tonosho,JP-37-09
Japan,JP,Kagawa,JP-37,Ayagawa,JP-37-14
Japan,JP,Kagawa,JP-37,Kanonji,JP-37-05
Japan,JP,Kagawa,JP-37,Utazu,JP-37-13
Japan,JP,Kagawa,JP-37,Miki,JP-37-11
Japan,JP,Kagawa,JP-37,Shodoshima,JP-37-10
Japan,JP,Kagawa,JP-37,Marugame,JP-37-02
Japan,JP,Kagawa,JP-37,Kotohira,JP-37-15
Japan,JP,Kagawa,JP-37,Takamatsu,JP-37-01
Japan,JP,Kagawa,JP-37,Sanuki,JP-37-06
Japan,JP,Kagawa,JP-37,Sakaide,JP-37-03
Japan,JP,Kagawa,JP-37,Tadotsu,JP-37-16
Japan,JP,Kagawa,JP-37,Naoshima,JP-37-12
Japan,JP,Shimane,JP-32,Gotsu,JP-32-07
Japan,JP,Shimane,JP-32,Ama,JP-32-16
Japan,JP,Shimane,JP-32,Unnan,JP-32-08
Japan,JP,Shimane,JP-32,Okuizumo,JP-32-09
Japan,JP,Shimane,JP-32,Hamada,JP-32-02
Japan,JP,Shimane,JP-32,Kawamoto,JP-32-11
Japan,JP,Shimane,JP-32,Onan,JP-32-13
Japan,JP,Shimane,JP-32,Misato,JP-32-12
Japan,JP,Shimane,JP-32,Chibu,JP-32-18
Japan,JP,Shimane,JP-32,Oda,JP-32-05
Japan,JP,Shimane,JP-32,Okinoshima,JP-32-19
Japan,JP,Shimane,JP-32,Iinan,JP-32-10
Japan,JP,Shimane,JP-32,Nishinoshima,JP-32-17
Japan,JP,Shimane,JP-32,Yoshika,JP-32-15
Japan,JP,Shimane,JP-32,Tsuwano,JP-32-14
Japan,JP,Shimane,JP-32,Matsue,JP-32-01
Japan,JP,Shimane,JP-32,Izumo,JP-32-03
Japan,JP,Shimane,JP-32,Masuda,JP-32-04
Japan,JP,Shimane,JP-32,Yasugi,JP-32-06
Japan,JP,Iwate,JP-03,Miyako,JP-03-02
Japan,JP,Iwate,JP-03,Hachimantai,JP-03-12
Japan,JP,Iwate,JP-03,Ofunato,JP-03-03
Japan,JP,Iwate,JP-03,Kuji,JP-03-06
Japan,JP,Iwate,JP-03,Hiraizumi,JP-03-22
Japan,JP,Iwate,JP-03,Shizukuishi,JP-03-14
Japan,JP,Iwate,JP-03,Hirono,JP-03-32
Japan,JP,Iwate,JP-03,Tanohata,JP-03-27
Japan,JP,Iwate,JP-03,Kitakami,JP-03-05
Japan,JP,Iwate,JP-03,Kanegasaki,JP-03-21
Japan,JP,Iwate,JP-03,Fudai,JP-03-28
Japan,JP,Iwate,JP-03,Kuzumaki,JP-03-15
Japan,JP,Iwate,JP-03,Nishiwaga,JP-03-20
Japan,JP,Iwate,JP-03,Takizawa,JP-03-17
Japan,JP,Iwate,JP-03,Noda,JP-03-30
Japan,JP,Iwate,JP-03,Sumita,JP-03-23
Japan,JP,Iwate,JP-03,Iwaizumi,JP-03-26
Japan,JP,Iwate,JP-03,Kunohe,JP-03-31
Japan,JP,Iwate,JP-03,Rikuzentakata,JP-03-09
Japan,JP,Iwate,JP-03,Oshu,JP-03-13
Japan,JP,Iwate,JP-03,Iwate,JP-03-16
Japan,JP,Iwate,JP-03,Kamaishi,JP-03-10
Japan,JP,Iwate,JP-03,Karumai,JP-03-29
Japan,JP,Iwate,JP-03,Ichinoseki,JP-03-08
Japan,JP,Iwate,JP-03,Tono,JP-03-07
Japan,JP,Iwate,JP-03,Yahaba,JP-03-19
Japan,JP,Iwate,JP-03,Morioka,JP-03-01
Japan,JP,Iwate,JP-03,Shiwa,JP-03-18
Japan,JP,Iwate,JP-03,Ninohe,JP-03-11
Japan,JP,Iwate,JP-03,Otsuchi,JP-03-24
Japan,JP,Iwate,JP-03,Ichinohe,JP-03-33
Japan,JP,Iwate,JP-03,Hanamaki,JP-03-04
Japan,JP,Iwate,JP-03,Yamada,JP-03-25
Japan,JP,Kochi,JP-39,Tosa,JP-39-21
Japan,JP,Kochi,JP-39,Umaji,JP-39-17
Japan,JP,Kochi,JP-39,Muroto,JP-39-02
Japan,JP,Kochi,JP-39,Kochi,JP-39-01
Japan,JP,Kochi,JP-39,Otsuki,JP-39-32
Japan,JP,Kochi,JP-39,Nakatosa,JP-39-25
Japan,JP,Kochi,JP-39,Tano,JP-39-14
Japan,JP,Kochi,JP-39,Kitagawa,JP-39-16
Japan,JP,Kochi,JP-39,Tosashimizu,JP-39-08
Japan,JP,Kochi,JP-39,Sukumo,JP-39-07
Japan,JP,Kochi,JP-39,Kami,JP-39-11
Japan,JP,Kochi,JP-39,Mihara,JP-39-33
Japan,JP,Kochi,JP-39,Konan,JP-39-10
Japan,JP,Kochi,JP-39,Shimanto,JP-39-09
Japan,JP,Kochi,JP-39,Kuroshio,JP-39-34
Japan,JP,Kochi,JP-39,Geisei,JP-39-18
Japan,JP,Kochi,JP-39,Niyodogawa,JP-39-24
Japan,JP,Kochi,JP-39,Ino,JP-39-23
Japan,JP,Kochi,JP-39,Otoyo,JP-39-20
Japan,JP,Kochi,JP-39,Tsuno,JP-39-30
Japan,JP,Kochi,JP-39,Nankoku,JP-39-04
Japan,JP,Kochi,JP-39,Ochi,JP-39-27
Japan,JP,Kochi,JP-39,Hidaka,JP-39-29
Japan,JP,Kochi,JP-39,Yasuda,JP-39-15
Japan,JP,Kochi,JP-39,Motoyama,JP-39-19
Japan,JP,Kochi,JP-39,Shimanto,JP-39-31
Japan,JP,Kochi,JP-39,Yusuhara,JP-39-28
Japan,JP,Kochi,JP-39,Aki,JP-39-03
Japan,JP,Kochi,JP-39,Tosa,JP-39-05
Japan,JP,Kochi,JP-39,Toyo,JP-39-12
Japan,JP,Kochi,JP-39,Sakawa,JP-39-26
Japan,JP,Kochi,JP-39,Nahari,JP-39-13
Japan,JP,Kochi,JP-39,Susaki,JP-39-06
Japan,JP,Kochi,JP-39,Okawa,JP-39-22
Japan,JP,Yamanashi,JP-19,Fujiyoshida,JP-19-02
Japan,JP,Yamanashi,JP-19,Hayakawa,JP-19-15
Japan,JP,Yamanashi,JP-19,Fuefuki,JP-19-10
Japan,JP,Yamanashi,JP-19,Nirasaki,JP-19-06
Japan,JP,Yamanashi,JP-19,Kai,JP-19-09
Japan,JP,Yamanashi,JP-19,Tsuru,JP-19-03
Japan,JP,Yamanashi,JP-19,Fujikawa,JP-19-18
Japan,JP,Yamanashi,JP-19,Yamanakako,JP-19-23
Japan,JP,Yamanashi,JP-19,Kofu,JP-19-01
Japan,JP,Yamanashi,JP-19,Nambu,JP-19-17
Japan,JP,Yamanashi,JP-19,Uenohara,JP-19-11
Japan,JP,Yamanashi,JP-19,Kosuge,JP-19-26
Japan,JP,Yamanashi,JP-19,Otsuki,JP-19-05
Japan,JP,Yamanashi,JP-19,Minobu,JP-19-16
Japan,JP,Yamanashi,JP-19,Koshu,JP-19-12
Japan,JP,Yamanashi,JP-19,Oshino,JP-19-22
Japan,JP,Yamanashi,JP-19,Minami-Alps,JP-19-07
Japan,JP,Yamanashi,JP-19,Ichikawamisato,JP-19-14
Japan,JP,Yamanashi,JP-19,Hokuto,JP-19-08
Japan,JP,Yamanashi,JP-19,Yamanashi,JP-19-04
Japan,JP,Yamanashi,JP-19,Fujikawaguchiko,JP-19-25
Japan,JP,Yamanashi,JP-19,Narusawa,JP-19-24
Japan,JP,Yamanashi,JP-19,Nishikatsura,JP-19-21
Japan,JP,Yamanashi,JP-19,Tabayama,JP-19-27
Japan,JP,Yamanashi,JP-19,Chuo,JP-19-13
Japan,JP,Yamanashi,JP-19,Doshi,JP-19-20
Japan,JP,Yamanashi,JP-19,Showa,JP-19-19
Japan,JP,Gifu,JP-21,Yaotsu,JP-21-38
Japan,JP,Gifu,JP-21,Ginan,JP-21-22
Japan,JP,Gifu,JP-21,Kawabe,JP-21-36
Japan,JP,Gifu,JP-21,Sekigahara,JP-21-26
Japan,JP,Gifu,JP-21,Hichiso,JP-21-37
Japan,JP,Gifu,JP-21,Ibigawa,JP-21-30
Japan,JP,Gifu,JP-21,Tarui,JP-21-25
Japan,JP,Gifu,JP-21,Yamagata,JP-21-15
Japan,JP,Gifu,JP-21,Mizunami,JP-21-08
Japan,JP,Gifu,JP-21,Gifu,JP-21-01
Japan,JP,Gifu,JP-21,Higashishirakawa,JP-21-40
Japan,JP,Gifu,JP-21,Minokamo,JP-21-11
Japan,JP,Gifu,JP-21,Mitake,JP-21-41
Japan,JP,Gifu,JP-21,Yoro,JP-21-24
Japan,JP,Gifu,JP-21,Kasamatsu,JP-21-23
Japan,JP,Gifu,JP-21,Shirakawa,JP-21-42
Japan,JP,Gifu,JP-21,Gero,JP-21-20
Japan,JP,Gifu,JP-21,Wanochi,JP-21-28
Japan,JP,Gifu,JP-21,Tomika,JP-21-35
Japan,JP,Gifu,JP-21,Ikeda,JP-21-32
Japan,JP,Gifu,JP-21,Ampachi,JP-21-29
Japan,JP,Gifu,JP-21,Mizuho,JP-21-16
Japan,JP,Gifu,JP-21,Tajimi,JP-21-04
Japan,JP,Gifu,JP-21,Gujo,JP-21-19
Japan,JP,Gifu,JP-21,Hida,JP-21-17
Japan,JP,Gifu,JP-21,Motosu,JP-21-18
Japan,JP,Gifu,JP-21,Kaizu,JP-21-21
Japan,JP,Gifu,JP-21,Toki,JP-21-12
Japan,JP,Gifu,JP-21,Hashima,JP-21-09
Japan,JP,Gifu,JP-21,Godo,JP-21-27
Japan,JP,Gifu,JP-21,Kitagata,JP-21-33
Japan,JP,Gifu,JP-21,Mino,JP-21-07
Japan,JP,Gifu,JP-21,Kakamigahara,JP-21-13
Japan,JP,Gifu,JP-21,Sakahogi,JP-21-34
Japan,JP,Gifu,JP-21,Kani,JP-21-14
Japan,JP,Gifu,JP-21,Nakatsugawa,JP-21-06
Japan,JP,Gifu,JP-21,Shirakawa,JP-21-39
Japan,JP,Gifu,JP-21,Ogaki,JP-21-02
Japan,JP,Gifu,JP-21,Takayama,JP-21-03
Japan,JP,Gifu,JP-21,Seki,JP-21-05
Japan,JP,Gifu,JP-21,Ena,JP-21-10
Japan,JP,Gifu,JP-21,Ono,JP-21-31
Japan,JP,Oita,JP-44,Kusu,JP-44-18
Japan,JP,Oita,JP-44,Yufu,JP-44-13
Japan,JP,Oita,JP-44,Himeshima,JP-44-15
Japan,JP,Oita,JP-44,Bungotakada,JP-44-09
Japan,JP,Oita,JP-44,Oita,JP-44-01
Japan,JP,Oita,JP-44,Hiji,JP-44-16
Japan,JP,Oita,JP-44,Tsukumi,JP-44-07
Japan,JP,Oita,JP-44,Nakatsu,JP-44-03
Japan,JP,Oita,JP-44,Usuki,JP-44-06
Japan,JP,Oita,JP-44,Beppu,JP-44-02
Japan,JP,Oita,JP-44,Taketa,JP-44-08
Japan,JP,Oita,JP-44,Saiki,JP-44-05
Japan,JP,Oita,JP-44,Bungoono,JP-44-12
Japan,JP,Oita,JP-44,Hita,JP-44-04
Japan,JP,Oita,JP-44,Kunisaki,JP-44-14
Japan,JP,Oita,JP-44,Kitsuki,JP-44-10
Japan,JP,Oita,JP-44,Kokonoe,JP-44-17
Japan,JP,Oita,JP-44,Usa,JP-44-11
Japan,JP,Kyoto,JP-26,Ine,JP-26-25
Japan,JP,Kyoto,JP-26,Oyamazaki,JP-26-16
Japan,JP,Kyoto,JP-26,Kyoto,JP-26-01
Japan,JP,Kyoto,JP-26,Fukuchiyama,JP-26-02
Japan,JP,Kyoto,JP-26,Nagaokakyo,JP-26-10
Japan,JP,Kyoto,JP-26,Kameoka,JP-26-07
Japan,JP,Kyoto,JP-26,Muko,JP-26-09
Japan,JP,Kyoto,JP-26,Wazuka,JP-26-21
Japan,JP,Kyoto,JP-26,Ayabe,JP-26-04
Japan,JP,Kyoto,JP-26,Minamiyamashiro,JP-26-23
Japan,JP,Kyoto,JP-26,Ujitawara,JP-26-19
Japan,JP,Kyoto,JP-26,Ide,JP-26-18
Japan,JP,Kyoto,JP-26,Yawata,JP-26-11
Japan,JP,Kyoto,JP-26,Kasagi,JP-26-20
Japan,JP,Kyoto,JP-26,Kumiyama,JP-26-17
Japan,JP,Kyoto,JP-26,Kizugawa,JP-26-15
Japan,JP,Kyoto,JP-26,Kyotanabe,JP-26-12
Japan,JP,Kyoto,JP-26,Miyazu,JP-26-06
Japan,JP,Kyoto,JP-26,Kyotango,JP-26-13
Japan,JP,Kyoto,JP-26,Uji,JP-26-05
Japan,JP,Kyoto,JP-26,Seika,JP-26-22
Japan,JP,Kyoto,JP-26,Nantan,JP-26-14
Japan,JP,Kyoto,JP-26,Yosano,JP-26-26
Japan,JP,Kyoto,JP-26,Kyotamba,JP-26-24
Japan,JP,Kyoto,JP-26,Maizuru,JP-26-03
Japan,JP,Kyoto,JP-26,Joyo,JP-26-08
Japan,JP,Osaka,JP-27,Kawachinagano,JP-27-17
Japan,JP,Osaka,JP-27,Toyonaka,JP-27-04
Japan,JP,Osaka,JP-27,Shijonawate,JP-27-30
Japan,JP,Osaka,JP-27,Taishi,JP-27-41
Japan,JP,Osaka,JP-27,Osaka,JP-27-01
Japan,JP,Osaka,JP-27,Ikeda,JP-27-05
Japan,JP,Osaka,JP-27,Kishiwada,JP-27-03
Japan,JP,Osaka,JP-27,Katano,JP-27-31
Japan,JP,Osaka,JP-27,Chihayaakasaka,JP-27-43
Japan,JP,Osaka,JP-27,Takaishi,JP-27-26
Japan,JP,Osaka,JP-27,Toyono,JP-27-35
Japan,JP,Osaka,JP-27,Hirakata,JP-27-11
Japan,JP,Osaka,JP-27,Misaki,JP-27-40
Japan,JP,Osaka,JP-27,Osakasayama,JP-27-32
Japan,JP,Osaka,JP-27,Izumi,JP-27-20
Japan,JP,Osaka,JP-27,Izumisano,JP-27-14
Japan,JP,Osaka,JP-27,Nose,JP-27-36
Japan,JP,Osaka,JP-27,Kanan,JP-27-42
Japan,JP,Osaka,JP-27,Sennan,JP-27-29
Japan,JP,Osaka,JP-27,Settsu,JP-27-25
Japan,JP,Osaka,JP-27,Takatsuki,JP-27-08
Japan,JP,Osaka,JP-27,Ibaraki,JP-27-12
Japan,JP,Osaka,JP-27,Habikino,JP-27-23
Japan,JP,Osaka,JP-27,Tajiri,JP-27-39
Japan,JP,Osaka,JP-27,Kumatori,JP-27-38
Japan,JP,Osaka,JP-27,Hannan,JP-27-33
Japan,JP,Osaka,JP-27,Suita,JP-27-06
Japan,JP,Osaka,JP-27,Minoo,JP-27-21
Japan,JP,Osaka,JP-27,Moriguchi,JP-27-10
Japan,JP,Osaka,JP-27,Daito,JP-27-19
Japan,JP,Osaka,JP-27,Sakai,JP-27-02
Japan,JP,Osaka,JP-27,Shimamoto,JP-27-34
Japan,JP,Osaka,JP-27,Higashiosaka,JP-27-28
Japan,JP,Osaka,JP-27,Neyagawa,JP-27-16
Japan,JP,Osaka,JP-27,Matsubara,JP-27-18
Japan,JP,Osaka,JP-27,Izumiotsu,JP-27-07
Japan,JP,Osaka,JP-27,Fujiidera,JP-27-27
Japan,JP,Osaka,JP-27,Kashiwara,JP-27-22
Japan,JP,Osaka,JP-27,Tadaoka,JP-27-37
Japan,JP,Osaka,JP-27,Kadoma,JP-27-24
Japan,JP,Osaka,JP-27,Kaizuka,JP-27-09
Japan,JP,Osaka,JP-27,Yao,JP-27-13
Japan,JP,Osaka,JP-27,Tondabayashi,JP-27-15
Japan,JP,Fukui,JP-18,Fukui,JP-18-01
Japan,JP,Fukui,JP-18,Oi,JP-18-16
Japan,JP,Fukui,JP-18,Eiheiji,JP-18-10
Japan,JP,Fukui,JP-18,Wakasa,JP-18-17
Japan,JP,Fukui,JP-18,Mihama,JP-18-14
Japan,JP,Fukui,JP-18,Echizen,JP-18-08
Japan,JP,Fukui,JP-18,Minamiechizen,JP-18-12
Japan,JP,Fukui,JP-18,Echizen,JP-18-13
Japan,JP,Fukui,JP-18,Sakai,JP-18-09
Japan,JP,Fukui,JP-18,Katsuyama,JP-18-05
Japan,JP,Fukui,JP-18,Ikeda,JP-18-11
Japan,JP,Fukui,JP-18,Tsuruga,JP-18-02
Japan,JP,Fukui,JP-18,Awara,JP-18-07
Japan,JP,Fukui,JP-18,Ono,JP-18-04
Japan,JP,Fukui,JP-18,Takahama,JP-18-15
Japan,JP,Fukui,JP-18,Obama,JP-18-03
Japan,JP,Fukui,JP-18,Sabae,JP-18-06
Japan,JP,Tokyo,JP-13,Nerima City,JP-13-20
Japan,JP,Tokyo,JP-13,Ogasawara,JP-13-62
Japan,JP,Tokyo,JP-13,Hinohara,JP-13-52
Japan,JP,Tokyo,JP-13,Koganei,JP-13-33
Japan,JP,Tokyo,JP-13,Mitaka,JP-13-27
Japan,JP,Tokyo,JP-13,Higashimurayama,JP-13-36
Japan,JP,Tokyo,JP-13,Hinode,JP-13-51
Japan,JP,Tokyo,JP-13,Inagi,JP-13-46
Japan,JP,Tokyo,JP-13,Katsushika City,JP-13-22
Japan,JP,Tokyo,JP-13,Higashiyamato,JP-13-41
Japan,JP,Tokyo,JP-13,Toshima,JP-13-55
Japan,JP,Tokyo,JP-13,Kita City,JP-13-17
Japan,JP,Tokyo,JP-13,Mizuho,JP-13-50
Japan,JP,Tokyo,JP-13,Akiruno,JP-13-48
Japan,JP,Tokyo,JP-13,Komae,JP-13-40
Japan,JP,Tokyo,JP-13,Fuchu,JP-13-29
Japan,JP,Tokyo,JP-13,Arakawa City,JP-13-18
Japan,JP,Tokyo,JP-13,Suginami City,JP-13-15
Japan,JP,Tokyo,JP-13,Tama,JP-13-45
Japan,JP,Tokyo,JP-13,Fussa,JP-13-39
Japan,JP,Tokyo,JP-13,Tachikawa,JP-13-25
Japan,JP,Tokyo,JP-13,Musashino,JP-13-26
Japan,JP,Tokyo,JP-13,Hino,JP-13-35
Japan,JP,Tokyo,JP-13,Chuo City,JP-13-02
Japan,JP,Tokyo,JP-13,Shinjuku City,JP-13-04
Japan,JP,Tokyo,JP-13,Minato City,JP-13-03
Japan,JP,Tokyo,JP-13,Okutama,JP-13-53
Japan,JP,Tokyo,JP-13,Edogawa City,JP-13-23
Japan,JP,Tokyo,JP-13,Kozushima,JP-13-57
Japan,JP,Tokyo,JP-13,Ota City,JP-13-11
Japan,JP,Tokyo,JP-13,Niijima,JP-13-56
Japan,JP,Tokyo,JP-13,Mikurajima,JP-13-59
Japan,JP,Tokyo,JP-13,Kodaira,JP-13-34
Japan,JP,Tokyo,JP-13,Hachioji,JP-13-24
Japan,JP,Tokyo,JP-13,Miyake,JP-13-58
Japan,JP,Tokyo,JP-13,Nakano City,JP-13-14
Japan,JP,Tokyo,JP-13,Bunkyo City,JP-13-05
Japan,JP,Tokyo,JP-13,Sumida City,JP-13-07
Japan,JP,Tokyo,JP-13,Hachijo,JP-13-60
Japan,JP,Tokyo,JP-13,Koto City,JP-13-08
Japan,JP,Tokyo,JP-13,Ome,JP-13-28
Japan,JP,Tokyo,JP-13,Toshima City,JP-13-16
Japan,JP,Tokyo,JP-13,Musashimurayama,JP-13-44
Japan,JP,Tokyo,JP-13,Aogashima,JP-13-61
Japan,JP,Tokyo,JP-13,Setagaya City,JP-13-12
Japan,JP,Tokyo,JP-13,Taito City,JP-13-06
Japan,JP,Tokyo,JP-13,Nishitokyo,JP-13-49
Japan,JP,Tokyo,JP-13,Kunitachi,JP-13-38
Japan,JP,Tokyo,JP-13,Meguro City,JP-13-10
Japan,JP,Tokyo,JP-13,Akishima,JP-13-30
Japan,JP,Tokyo,JP-13,Hamura,JP-13-47
Japan,JP,Tokyo,JP-13,Shinagawa City,JP-13-09
Japan,JP,Tokyo,JP-13,Machida,JP-13-32
Japan,JP,Tokyo,JP-13,Kokubunji,JP-13-37
Japan,JP,Tokyo,JP-13,Higashikurume,JP-13-43
Japan,JP,Tokyo,JP-13,Chiyoda City,JP-13-01
Japan,JP,Tokyo,JP-13,Shibuya City,JP-13-13
Japan,JP,Tokyo,JP-13,Itabashi City,JP-13-19
Japan,JP,Tokyo,JP-13,Adachi City,JP-13-21
Japan,JP,Tokyo,JP-13,Kiyose,JP-13-42
Japan,JP,Tokyo,JP-13,Chofu,JP-13-31
Japan,JP,Tokyo,JP-13,Oshima,JP-13-54
Japan,JP,Saitama,JP-11,Saitama,JP-11-01
Japan,JP,Saitama,JP-11,Sakado,JP-11-34
Japan,JP,Saitama,JP-11,Sayama,JP-11-13
Japan,JP,Saitama,JP-11,Sugito,JP-11-62
Japan,JP,Saitama,JP-11,Yoshimi,JP-11-48
Japan,JP,Saitama,JP-11,Kasukabe,JP-11-12
Japan,JP,Saitama,JP-11,Matsubushi,JP-11-63
Japan,JP,Saitama,JP-11,Moroyama,JP-11-42
Japan,JP,Saitama,JP-11,Satte,JP-11-35
Japan,JP,Saitama,JP-11,Tokigawa,JP-11-50
Japan,JP,Saitama,JP-11,Hasuda,JP-11-33
Japan,JP,Saitama,JP-11,Minano,JP-11-52
Japan,JP,Saitama,JP-11,Hanno,JP-11-08
Japan,JP,Saitama,JP-11,Kitamoto,JP-11-29
Japan,JP,Saitama,JP-11,Yokoze,JP-11-51
Japan,JP,Saitama,JP-11,Fujimino,JP-11-39
Japan,JP,Saitama,JP-11,Tokorozawa,JP-11-07
Japan,JP,Saitama,JP-11,Yorii,JP-11-59
Japan,JP,Saitama,JP-11,Niiza,JP-11-26
Japan,JP,Saitama,JP-11,Fujimi,JP-11-31
Japan,JP,Saitama,JP-11,Kamikawa,JP-11-57
Japan,JP,Saitama,JP-11,Kawajima,JP-11-47
Japan,JP,Saitama,JP-11,Kamisato,JP-11-58
Japan,JP,Saitama,JP-11,Nagatoro,JP-11-53
Japan,JP,Saitama,JP-11,Ranzan,JP-11-45
Japan,JP,Saitama,JP-11,Okegawa,JP-11-27
Japan,JP,Saitama,JP-11,Misato,JP-11-56
Japan,JP,Saitama,JP-11,Misato,JP-11-32
Japan,JP,Saitama,JP-11,Gyoda,JP-11-05
Japan,JP,Saitama,JP-11,Miyashiro,JP-11-60
Japan,JP,Saitama,JP-11,Ina,JP-11-40
Japan,JP,Saitama,JP-11,Konosu,JP-11-15
Japan,JP,Saitama,JP-11,Kumagaya,JP-11-03
Japan,JP,Saitama,JP-11,Shiraoka,JP-11-61
Japan,JP,Saitama,JP-11,Shiki,JP-11-24
Japan,JP,Saitama,JP-11,Kawaguchi,JP-11-04
Japan,JP,Saitama,JP-11,Kazo,JP-11-09
Japan,JP,Saitama,JP-11,Toda,JP-11-21
Japan,JP,Saitama,JP-11,Namegawa,JP-11-44
Japan,JP,Saitama,JP-11,Hatoyama,JP-11-49
Japan,JP,Saitama,JP-11,Honjo,JP-11-10
Japan,JP,Saitama,JP-11,Ogose,JP-11-43
Japan,JP,Saitama,JP-11,Soka,JP-11-18
Japan,JP,Saitama,JP-11,Koshigaya,JP-11-19
Japan,JP,Saitama,JP-11,Yoshikawa,JP-11-38
Japan,JP,Saitama,JP-11,Fukaya,JP-11-16
Japan,JP,Saitama,JP-11,Tsurugashima,JP-11-36
Japan,JP,Saitama,JP-11,Ageo,JP-11-17
Japan,JP,Saitama,JP-11,Ogano,JP-11-54
Japan,JP,Saitama,JP-11,Asaka,JP-11-23
Japan,JP,Saitama,JP-11,Kuki,JP-11-28
Japan,JP,Saitama,JP-11,Hanyu,JP-11-14
Japan,JP,Saitama,JP-11,Warabi,JP-11-20
Japan,JP,Saitama,JP-11,Kawagoe,JP-11-02
Japan,JP,Saitama,JP-11,Iruma,JP-11-22
Japan,JP,Saitama,JP-11,Chichibu,JP-11-06
Japan,JP,Saitama,JP-11,Higashimatsuyama,JP-11-11
Japan,JP,Saitama,JP-11,Higashichichibu,JP-11-55
Japan,JP,Saitama,JP-11,Yashio,JP-11-30
Japan,JP,Saitama,JP-11,Wako,JP-11-25
Japan,JP,Saitama,JP-11,Ogawa,JP-11-46
Japan,JP,Saitama,JP-11,Hidaka,JP-11-37
Japan,JP,Saitama,JP-11,Miyoshi,JP-11-41
Japan,JP,Ibaraki,JP-08,Hitachinaka,JP-08-17
Japan,JP,Ibaraki,JP-08,Ibaraki,JP-08-33
Japan,JP,Ibaraki,JP-08,Kasumigaura,JP-08-26
Japan,JP,Ibaraki,JP-08,Mito,JP-08-01
Japan,JP,Ibaraki,JP-08,Kasama,JP-08-13
Japan,JP,Ibaraki,JP-08,Hokota,JP-08-30
Japan,JP,Ibaraki,JP-08,Bando,JP-08-24
Japan,JP,Ibaraki,JP-08,Hitachiota,JP-08-10
Japan,JP,Ibaraki,JP-08,Takahagi,JP-08-11
Japan,JP,Ibaraki,JP-08,Tsukuba,JP-08-16
Japan,JP,Ibaraki,JP-08,Koga,JP-08-04
Japan,JP,Ibaraki,JP-08,Ushiku,JP-08-15
Japan,JP,Ibaraki,JP-08,Moriya,JP-08-20
Japan,JP,Ibaraki,JP-08,Tokai,JP-08-36
Japan,JP,Ibaraki,JP-08,Tone,JP-08-44
Japan,JP,Ibaraki,JP-08,Inashiki,JP-08-25
Japan,JP,Ibaraki,JP-08,Tsukubamirai,JP-08-31
Japan,JP,Ibaraki,JP-08,Ishioka,JP-08-05
Japan,JP,Ibaraki,JP-08,Itako,JP-08-19
Japan,JP,Ibaraki,JP-08,Ami,JP-08-39
Japan,JP,Ibaraki,JP-08,Sakai,JP-08-43
Japan,JP,Ibaraki,JP-08,Hitachiomiya,JP-08-21
Japan,JP,Ibaraki,JP-08,Hitachi,JP-08-02
Japan,JP,Ibaraki,JP-08,Kamisu,JP-08-28
Japan,JP,Ibaraki,JP-08,Toride,JP-08-14
Japan,JP,Ibaraki,JP-08,Ryugasaki,JP-08-07
Japan,JP,Ibaraki,JP-08,Sakuragawa,JP-08-27
Japan,JP,Ibaraki,JP-08,Daigo,JP-08-37
Japan,JP,Ibaraki,JP-08,Kawachi,JP-08-40
Japan,JP,Ibaraki,JP-08,Namegata,JP-08-29
Japan,JP,Ibaraki,JP-08,Naka,JP-08-22
Japan,JP,Ibaraki,JP-08,Shimotsuma,JP-08-08
Japan,JP,Ibaraki,JP-08,Chikusei,JP-08-23
Japan,JP,Ibaraki,JP-08,Tsuchiura,JP-08-03
Japan,JP,Ibaraki,JP-08,Goka,JP-08-42
Japan,JP,Ibaraki,JP-08,Miho,JP-08-38
Japan,JP,Ibaraki,JP-08,Yuki,JP-08-06
Japan,JP,Ibaraki,JP-08,Joso,JP-08-09
Japan,JP,Ibaraki,JP-08,Yachiyo,JP-08-41
Japan,JP,Ibaraki,JP-08,Oarai,JP-08-34
Japan,JP,Ibaraki,JP-08,Kitaibaraki,JP-08-12
Japan,JP,Ibaraki,JP-08,Kashima,JP-08-18
Japan,JP,Ibaraki,JP-08,Omitama,JP-08-32
Japan,JP,Ibaraki,JP-08,Shirosato,JP-08-35
Japan,JP,Wakayama,JP-30,Inami,JP-30-20
Japan,JP,Wakayama,JP-30,Hidaka,JP-30-18
Japan,JP,Wakayama,JP-30,Hirogawa,JP-30-15
Japan,JP,Wakayama,JP-30,Kinokawa,JP-30-08
Japan,JP,Wakayama,JP-30,Susami,JP-30-25
Japan,JP,Wakayama,JP-30,Nachikatsuura,JP-30-26
Japan,JP,Wakayama,JP-30,Hidakagawa,JP-30-22
Japan,JP,Wakayama,JP-30,Gobo,JP-30-05
Japan,JP,Wakayama,JP-30,Taiji,JP-30-27
Japan,JP,Wakayama,JP-30,Kudoyama,JP-30-12
Japan,JP,Wakayama,JP-30,Arida,JP-30-04
Japan,JP,Wakayama,JP-30,Tanabe,JP-30-06
Japan,JP,Wakayama,JP-30,Wakayama,JP-30-01
Japan,JP,Wakayama,JP-30,Yuasa,JP-30-14
Japan,JP,Wakayama,JP-30,Kamitonda,JP-30-24
Japan,JP,Wakayama,JP-30,Hashimoto,JP-30-03
Japan,JP,Wakayama,JP-30,Kushimoto,JP-30-30
Japan,JP,Wakayama,JP-30,Kozagawa,JP-30-28
Japan,JP,Wakayama,JP-30,Aridagawa,JP-30-16
Japan,JP,Wakayama,JP-30,Iwade,JP-30-09
Japan,JP,Wakayama,JP-30,Kitayama,JP-30-29
Japan,JP,Wakayama,JP-30,Kimino,JP-30-10
Japan,JP,Wakayama,JP-30,Mihama,JP-30-17
Japan,JP,Wakayama,JP-30,Kainan,JP-30-02
Japan,JP,Wakayama,JP-30,Katsuragi,JP-30-11
Japan,JP,Wakayama,JP-30,Koya,JP-30-13
Japan,JP,Wakayama,JP-30,Minabe,JP-30-21
Japan,JP,Wakayama,JP-30,Shirahama,JP-30-23
Japan,JP,Wakayama,JP-30,Yura,JP-30-19
Japan,JP,Wakayama,JP-30,Shingu,JP-30-07
Japan,JP,Shiga,JP-25,Koka,JP-25-08
Japan,JP,Shiga,JP-25,Kusatsu,JP-25-05
Japan,JP,Shiga,JP-25,Aisho,JP-25-16
Japan,JP,Shiga,JP-25,Higashiomi,JP-25-12
Japan,JP,Shiga,JP-25,Takashima,JP-25-11
Japan,JP,Shiga,JP-25,Hino,JP-25-14
Japan,JP,Shiga,JP-25,Omihachiman,JP-25-04
Japan,JP,Shiga,JP-25,Ritto,JP-25-07
Japan,JP,Shiga,JP-25,Nagahama,JP-25-03
Japan,JP,Shiga,JP-25,Yasu,JP-25-09
Japan,JP,Shiga,JP-25,Hikone,JP-25-02
Japan,JP,Shiga,JP-25,Kora,JP-25-18
Japan,JP,Shiga,JP-25,Maibara,JP-25-13
Japan,JP,Shiga,JP-25,Moriyama,JP-25-06
Japan,JP,Shiga,JP-25,Otsu,JP-25-01
Japan,JP,Shiga,JP-25,Ryuo,JP-25-15
Japan,JP,Shiga,JP-25,Konan,JP-25-10
Japan,JP,Shiga,JP-25,Taga,JP-25-19
Japan,JP,Shiga,JP-25,Toyosato,JP-25-17
Japan,JP,Akita,JP-05,Higashinaruse,JP-05-25
Japan,JP,Akita,JP-05,Hachirogata,JP-05-20
Japan,JP,Akita,JP-05,Semboku,JP-05-13
Japan,JP,Akita,JP-05,Happo,JP-05-18
Japan,JP,Akita,JP-05,Akita,JP-05-01
Japan,JP,Akita,JP-05,Kamikoani,JP-05-15
Japan,JP,Akita,JP-05,Kazuno,JP-05-07
Japan,JP,Akita,JP-05,Noshiro,JP-05-02
Japan,JP,Akita,JP-05,Ugo,JP-05-24
Japan,JP,Akita,JP-05,Mitane,JP-05-17
Japan,JP,Akita,JP-05,Ogata,JP-05-22
Japan,JP,Akita,JP-05,Nikaho,JP-05-12
Japan,JP,Akita,JP-05,Yokote,JP-05-03
Japan,JP,Akita,JP-05,Kosaka,JP-05-14
Japan,JP,Akita,JP-05,Katagami,JP-05-09
Japan,JP,Akita,JP-05,Daisen,JP-05-10
Japan,JP,Akita,JP-05,Odate,JP-05-04
Japan,JP,Akita,JP-05,Fujisato,JP-05-16
Japan,JP,Akita,JP-05,Kitaakita,JP-05-11
Japan,JP,Akita,JP-05,Yurihonjo,JP-05-08
Japan,JP,Akita,JP-05,Yuzawa,JP-05-06
Japan,JP,Akita,JP-05,Gojome,JP-05-19
Japan,JP,Akita,JP-05,Oga,JP-05-05
Japan,JP,Akita,JP-05,Misato,JP-05-23
Japan,JP,Akita,JP-05,Ikawa,JP-05-21
Japan,JP,Ehime,JP-38,Matsuyama,JP-38-01
Japan,JP,Ehime,JP-38,Masaki,JP-38-14
Japan,JP,Ehime,JP-38,Seiyo,JP-38-10
Japan,JP,Ehime,JP-38,Uwajima,JP-38-03
Japan,JP,Ehime,JP-38,Ikata,JP-38-17
Japan,JP,Ehime,JP-38,Kamijima,JP-38-12
Japan,JP,Ehime,JP-38,Saijo,JP-38-06
Japan,JP,Ehime,JP-38,Tobe,JP-38-15
Japan,JP,Ehime,JP-38,Ainan,JP-38-20
Japan,JP,Ehime,JP-38,Imabari,JP-38-02
Japan,JP,Ehime,JP-38,Shikokuchuo,JP-38-09
Japan,JP,Ehime,JP-38,Kumakogen,JP-38-13
Japan,JP,Ehime,JP-38,Matsuno,JP-38-18
Japan,JP,Ehime,JP-38,Toon,JP-38-11
Japan,JP,Ehime,JP-38,Kihoku,JP-38-19
Japan,JP,Ehime,JP-38,Ozu,JP-38-07
Japan,JP,Ehime,JP-38,Yawatahama,JP-38-04
Japan,JP,Ehime,JP-38,Niihama,JP-38-05
Japan,JP,Ehime,JP-38,Uchiko,JP-38-16
Japan,JP,Ehime,JP-38,Iyo,JP-38-08
Japan,JP,Yamagata,JP-06,Tsuruoka,JP-06-03
Japan,JP,Yamagata,JP-06,Shinjo,JP-06-05
Japan,JP,Yamagata,JP-06,Yamagata,JP-06-01
Japan,JP,Yamagata,JP-06,Nagai,JP-06-09
Japan,JP,Yamagata,JP-06,Funagata,JP-06-23
Japan,JP,Yamagata,JP-06,Iide,JP-06-32
Japan,JP,Yamagata,JP-06,Yonezawa,JP-06-02
Japan,JP,Yamagata,JP-06,Kaminoyama,JP-06-07
Japan,JP,Yamagata,JP-06,Oishida,JP-06-20
Japan,JP,Yamagata,JP-06,Nanyo,JP-06-13
Japan,JP,Yamagata,JP-06,Asahi,JP-06-18
Japan,JP,Yamagata,JP-06,Nishikawa,JP-06-17
Japan,JP,Yamagata,JP-06,Tendo,JP-06-10
Japan,JP,Yamagata,JP-06,Tozawa,JP-06-27
Japan,JP,Yamagata,JP-06,Higashine,JP-06-11
Japan,JP,Yamagata,JP-06,Sakata,JP-06-04
Japan,JP,Yamagata,JP-06,Shirataka,JP-06-31
Japan,JP,Yamagata,JP-06,Nakayama,JP-06-15
Japan,JP,Yamagata,JP-06,Takahata,JP-06-28
Japan,JP,Yamagata,JP-06,Kaneyama,JP-06-21
Japan,JP,Yamagata,JP-06,Sagae,JP-06-06
Japan,JP,Yamagata,JP-06,Oguni,JP-06-30
Japan,JP,Yamagata,JP-06,Kawanishi,JP-06-29
Japan,JP,Yamagata,JP-06,Kahoku,JP-06-16
Japan,JP,Yamagata,JP-06,Okura,JP-06-25
Japan,JP,Yamagata,JP-06,Shonai,JP-06-34
Japan,JP,Yamagata,JP-06,Sakegawa,JP-06-26
Japan,JP,Yamagata,JP-06,Mamurogawa,JP-06-24
Japan,JP,Yamagata,JP-06,Yamanobe,JP-06-14
Japan,JP,Yamagata,JP-06,Yuza,JP-06-35
Japan,JP,Yamagata,JP-06,Oe,JP-06-19
Japan,JP,Yamagata,JP-06,Mikawa,JP-06-33
Japan,JP,Yamagata,JP-06,Mogami,JP-06-22
Japan,JP,Yamagata,JP-06,Obanazawa,JP-06-12
Japan,JP,Yamagata,JP-06,Murayama,JP-06-08
Japan,JP,Okinawa,JP-47,Okinawa,JP-47-07
Japan,JP,Okinawa,JP-47,Motobu,JP-47-16
Japan,JP,Okinawa,JP-47,Kin,JP-47-19
Japan,JP,Okinawa,JP-47,Ishigaki,JP-47-03
Japan,JP,Okinawa,JP-47,Kitanakagusuku,JP-47-24
Japan,JP,Okinawa,JP-47,Chatan,JP-47-23
Japan,JP,Okinawa,JP-47,Zamami,JP-47-30
Japan,JP,Okinawa,JP-47,Higashi,JP-47-14
Japan,JP,Okinawa,JP-47,Tonaki,JP-47-32
Japan,JP,Okinawa,JP-47,Iheya,JP-47-35
Japan,JP,Okinawa,JP-47,Nakagusuku,JP-47-25
Japan,JP,Okinawa,JP-47,Minamidaito,JP-47-33
Japan,JP,Okinawa,JP-47,Haebaru,JP-47-28
Japan,JP,Okinawa,JP-47,Yonaguni,JP-47-41
Japan,JP,Okinawa,JP-47,Izena,JP-47-36
Japan,JP,Okinawa,JP-47,Nago,JP-47-05
Japan,JP,Okinawa,JP-47,Nanjo,JP-47-11
Japan,JP,Okinawa,JP-47,Naha,JP-47-01
Japan,JP,Okinawa,JP-47,Tomigusuku,JP-47-08
Japan,JP,Okinawa,JP-47,Onna,JP-47-17
Japan,JP,Okinawa,JP-47,Tokashiki,JP-47-29
Japan,JP,Okinawa,JP-47,Yomitan,JP-47-21
Japan,JP,Okinawa,JP-47,Miyakojima,JP-47-10
Japan,JP,Okinawa,JP-47,Itoman,JP-47-06
Japan,JP,Okinawa,JP-47,Nakijin,JP-47-15
Japan,JP,Okinawa,JP-47,Tarama,JP-47-39
Japan,JP,Okinawa,JP-47,Kitadaito,JP-47-34
Japan,JP,Okinawa,JP-47,Taketomi,JP-47-40
Japan,JP,Okinawa,JP-47,Urasoe,JP-47-04
Japan,JP,Okinawa,JP-47,Kunigami,JP-47-12
Japan,JP,Okinawa,JP-47,Yonabaru,JP-47-27
Japan,JP,Okinawa,JP-47,Ie,JP-47-20
Japan,JP,Okinawa,JP-47,Ogimi,JP-47-13
Japan,JP,Okinawa,JP-47,Kumejima,JP-47-37
Japan,JP,Okinawa,JP-47,Aguni,JP-47-31
Japan,JP,Okinawa,JP-47,Uruma,JP-47-09
Japan,JP,Okinawa,JP-47,Ginoza,JP-47-18
Japan,JP,Okinawa,JP-47,Ginowan,JP-47-02
Japan,JP,Okinawa,JP-47,Nishihara,JP-47-26
Japan,JP,Okinawa,JP-47,Kadena,JP-47-22
Japan,JP,Okinawa,JP-47,Yaese,JP-47-38
Japan,JP,Tokushima,JP-36,Ishii,JP-36-12
Japan,JP,Tokushima,JP-36,Tsurugi,JP-36-23
Japan,JP,Tokushima,JP-36,Awa,JP-36-06
Japan,JP,Tokushima,JP-36,Kaiyo,JP-36-17
Japan,JP,Tokushima,JP-36,Naruto,JP-36-02
Japan,JP,Tokushima,JP-36,Kamikatsu,JP-36-10
Japan,JP,Tokushima,JP-36,Miyoshi,JP-36-08
Japan,JP,Tokushima,JP-36,Itano,JP-36-21
Japan,JP,Tokushima,JP-36,Komatsushima,JP-36-03
Japan,JP,Tokushima,JP-36,Naka,JP-36-14
Japan,JP,Tokushima,JP-36,Yoshinogawa,JP-36-05
Japan,JP,Tokushima,JP-36,Mima,JP-36-07
Japan,JP,Tokushima,JP-36,Katsuura,JP-36-09
Japan,JP,Tokushima,JP-36,Minami,JP-36-16
Japan,JP,Tokushima,JP-36,Anan,JP-36-04
Japan,JP,Tokushima,JP-36,Tokushima,JP-36-01
Japan,JP,Tokushima,JP-36,Kamiyama,JP-36-13
Japan,JP,Tokushima,JP-36,Aizumi,JP-36-20
Japan,JP,Tokushima,JP-36,Matsushige,JP-36-18
Japan,JP,Tokushima,JP-36,Higashimiyoshi,JP-36-24
Japan,JP,Tokushima,JP-36,Sanagochi,JP-36-11
Japan,JP,Tokushima,JP-36,Kitajima,JP-36-19
Japan,JP,Tokushima,JP-36,Mugi,JP-36-15
Japan,JP,Tokushima,JP-36,Kamiita,JP-36-22
Japan,JP,Saga,JP-41,Genkai,JP-41-15
Japan,JP,Saga,JP-41,Karatsu,JP-41-02
Japan,JP,Saga,JP-41,Yoshinogari,JP-41-11
Japan,JP,Saga,JP-41,Kohoku,JP-41-18
Japan,JP,Saga,JP-41,Kamimine,JP-41-13
Japan,JP,Saga,JP-41,Takeo,JP-41-06
Japan,JP,Saga,JP-41,Taku,JP-41-04
Japan,JP,Saga,JP-41,Kiyama,JP-41-12
Japan,JP,Saga,JP-41,Saga,JP-41-01
Japan,JP,Saga,JP-41,Tosu,JP-41-03
Japan,JP,Saga,JP-41,Tara,JP-41-20
Japan,JP,Saga,JP-41,Kashima,JP-41-07
Japan,JP,Saga,JP-41,Ogi,JP-41-08
Japan,JP,Saga,JP-41,Imari,JP-41-05
Japan,JP,Saga,JP-41,Omachi,JP-41-17
Japan,JP,Saga,JP-41,Shiroishi,JP-41-19
Japan,JP,Saga,JP-41,Miyaki,JP-41-14
Japan,JP,Saga,JP-41,Ureshino,JP-41-09
Japan,JP,Saga,JP-41,Kanzaki,JP-41-10
Japan,JP,Saga,JP-41,Arita,JP-41-16
Japan,JP,Shizuoka,JP-22,Fuji,JP-22-09
Japan,JP,Shizuoka,JP-22,Higashiizu,JP-22-24
Japan,JP,Shizuoka,JP-22,Minamiizu,JP-22-26
Japan,JP,Shizuoka,JP-22,Fujinomiya,JP-22-06
Japan,JP,Shizuoka,JP-22,Atami,JP-22-04
Japan,JP,Shizuoka,JP-22,Yaizu,JP-22-11
Japan,JP,Shizuoka,JP-22,Fukuroi,JP-22-15
Japan,JP,Shizuoka,JP-22,Mishima,JP-22-05
Japan,JP,Shizuoka,JP-22,Shimada,JP-22-08
Japan,JP,Shizuoka,JP-22,Izunokuni,JP-22-22
Japan,JP,Shizuoka,JP-22,Shimoda,JP-22-16
Japan,JP,Shizuoka,JP-22,Yoshida,JP-22-33
Japan,JP,Shizuoka,JP-22,Kannami,JP-22-29
Japan,JP,Shizuoka,JP-22,Matsuzaki,JP-22-27
Japan,JP,Shizuoka,JP-22,Gotemba,JP-22-14
Japan,JP,Shizuoka,JP-22,Mori,JP-22-35
Japan,JP,Shizuoka,JP-22,Kikugawa,JP-22-21
Japan,JP,Shizuoka,JP-22,Izu,JP-22-19
Japan,JP,Shizuoka,JP-22,Iwata,JP-22-10
Japan,JP,Shizuoka,JP-22,Numazu,JP-22-03
Japan,JP,Shizuoka,JP-22,Oyama,JP-22-32
Japan,JP,Shizuoka,JP-22,Shimizu,JP-22-30
Japan,JP,Shizuoka,JP-22,Kawazu,JP-22-25
Japan,JP,Shizuoka,JP-22,Susono,JP-22-17
Japan,JP,Shizuoka,JP-22,Fujieda,JP-22-13
Japan,JP,Shizuoka,JP-22,Shizuoka,JP-22-01
Japan,JP,Shizuoka,JP-22,Kakegawa,JP-22-12
Japan,JP,Shizuoka,JP-22,Makinohara,JP-22-23
Japan,JP,Shizuoka,JP-22,Hamamatsu,JP-22-02
Japan,JP,Shizuoka,JP-22,Nishiizu,JP-22-28
Japan,JP,Shizuoka,JP-22,Kosai,JP-22-18
Japan,JP,Shizuoka,JP-22,Nagaizumi,JP-22-31
Japan,JP,Shizuoka,JP-22,Omaezaki,JP-22-20
Japan,JP,Shizuoka,JP-22,Kawanehon,JP-22-34
Japan,JP,Shizuoka,JP-22,Ito,JP-22-07
Japan,JP,Miyagi,JP-04,Tagajo,JP-04-08
Japan,JP,Miyagi,JP-04,Osaki,JP-04-13
Japan,JP,Miyagi,JP-04,Minamisanriku,JP-04-35
Japan,JP,Miyagi,JP-04,Murata,JP-04-17
Japan,JP,Miyagi,JP-04,Onagawa,JP-04-34
Japan,JP,Miyagi,JP-04,Kakuda,JP-04-07
Japan,JP,Miyagi,JP-04,Matsushima,JP-04-23
Japan,JP,Miyagi,JP-04,Higashimatsushima,JP-04-12
Japan,JP,Miyagi,JP-04,Shibata,JP-04-18
Japan,JP,Miyagi,JP-04,Ohira,JP-04-29
Japan,JP,Miyagi,JP-04,Shichikashuku,JP-04-15
Japan,JP,Miyagi,JP-04,Kami,JP-04-31
Japan,JP,Miyagi,JP-04,Kawasaki,JP-04-19
Japan,JP,Miyagi,JP-04,Osato,JP-04-27
Japan,JP,Miyagi,JP-04,Ishinomaki,JP-04-02
Japan,JP,Miyagi,JP-04,Tomiya,JP-04-28
Japan,JP,Miyagi,JP-04,Rifu,JP-04-25
Japan,JP,Miyagi,JP-04,Iwanuma,JP-04-09
Japan,JP,Miyagi,JP-04,Watari,JP-04-21
Japan,JP,Miyagi,JP-04,Kurihara,JP-04-11
Japan,JP,Miyagi,JP-04,Tome,JP-04-10
Japan,JP,Miyagi,JP-04,Natori,JP-04-06
Japan,JP,Miyagi,JP-04,Kesennuma,JP-04-04
Japan,JP,Miyagi,JP-04,Zao,JP-04-14
Japan,JP,Miyagi,JP-04,Shichigahama,JP-04-24
Japan,JP,Miyagi,JP-04,Ogawara,JP-04-16
Japan,JP,Miyagi,JP-04,Wakuya,JP-04-32
Japan,JP,Miyagi,JP-04,Sendai,JP-04-01
Japan,JP,Miyagi,JP-04,Shiroishi,JP-04-05
Japan,JP,Miyagi,JP-04,Marumori,JP-04-20
Japan,JP,Miyagi,JP-04,Yamamoto,JP-04-22
Japan,JP,Miyagi,JP-04,Misato,JP-04-33
Japan,JP,Miyagi,JP-04,Shikama,JP-04-30
Japan,JP,Miyagi,JP-04,Shiogama,JP-04-03
Japan,JP,Miyagi,JP-04,Taiwa,JP-04-26
Japan,JP,Ishikawa,JP-17,Suzu,JP-17-05
Japan,JP,Ishikawa,JP-17,Tsubata,JP-17-13
Japan,JP,Ishikawa,JP-17,Kaga,JP-17-06
Japan,JP,Ishikawa,JP-17,Uchinada,JP-17-14
Japan,JP,Ishikawa,JP-17,Anamizu,JP-17-18
Japan,JP,Ishikawa,JP-17,Hakusan,JP-17-09
Japan,JP,Ishikawa,JP-17,Hodatsushimizu,JP-17-16
Japan,JP,Ishikawa,JP-17,Kahoku,JP-17-08
Japan,JP,Ishikawa,JP-17,Kawakita,JP-17-11
Japan,JP,Ishikawa,JP-17,Nakanoto,JP-17-17
Japan,JP,Ishikawa,JP-17,Kanazawa,JP-17-01
Japan,JP,Ishikawa,JP-17,Shika,JP-17-15
Japan,JP,Ishikawa,JP-17,Wajima,JP-17-04
Japan,JP,Ishikawa,JP-17,Noto,JP-17-19
Japan,JP,Ishikawa,JP-17,Komatsu,JP-17-03
Japan,JP,Ishikawa,JP-17,Nomi,JP-17-10
Japan,JP,Ishikawa,JP-17,Hakui,JP-17-07
Japan,JP,Ishikawa,JP-17,Nanao,JP-17-02
Japan,JP,Ishikawa,JP-17,Nonoichi,JP-17-12
Japan,JP,Miyazaki,JP-45,Gokase,JP-45-26
Japan,JP,Miyazaki,JP-45,Takaharu,JP-45-11
Japan,JP,Miyazaki,JP-45,Kawaminami,JP-45-18
Japan,JP,Miyazaki,JP-45,Kushima,JP-45-07
Japan,JP,Miyazaki,JP-45,Miyazaki,JP-45-01
Japan,JP,Miyazaki,JP-45,Kunitomi,JP-45-12
Japan,JP,Miyazaki,JP-45,Nishimera,JP-45-16
Japan,JP,Miyazaki,JP-45,Kadogawa,JP-45-20
Japan,JP,Miyazaki,JP-45,Saito,JP-45-08
Japan,JP,Miyazaki,JP-45,Kijo,JP-45-17
Japan,JP,Miyazaki,JP-45,Aya,JP-45-13
Japan,JP,Miyazaki,JP-45,Takanabe,JP-45-14
Japan,JP,Miyazaki,JP-45,Nobeoka,JP-45-03
Japan,JP,Miyazaki,JP-45,Miyakonojo,JP-45-02
Japan,JP,Miyazaki,JP-45,Shintomi,JP-45-15
Japan,JP,Miyazaki,JP-45,Takachiho,JP-45-24
Japan,JP,Miyazaki,JP-45,Hyuga,JP-45-06
Japan,JP,Miyazaki,JP-45,Nichinan,JP-45-04
Japan,JP,Miyazaki,JP-45,Kobayashi,JP-45-05
Japan,JP,Miyazaki,JP-45,Misato,JP-45-23
Japan,JP,Miyazaki,JP-45,Mimata,JP-45-10
Japan,JP,Miyazaki,JP-45,Ebino,JP-45-09
Japan,JP,Miyazaki,JP-45,Tsuno,JP-45-19
Japan,JP,Miyazaki,JP-45,Hinokage,JP-45-25
Japan,JP,Miyazaki,JP-45,Shiiba,JP-45-22
Japan,JP,Miyazaki,JP-45,Morotsuka,JP-45-21
Japan,JP,Fukushima,JP-07,Nishiaizu,JP-07-25
Japan,JP,Fukushima,JP-07,Tenei,JP-07-19
Japan,JP,Fukushima,JP-07,Futaba,JP-07-55
Japan,JP,Fukushima,JP-07,Iitate,JP-07-59
Japan,JP,Fukushima,JP-07,Iwaki,JP-07-04
Japan,JP,Fukushima,JP-07,Fukushima,JP-07-01
Japan,JP,Fukushima,JP-07,Aizuwakamatsu,JP-07-02
Japan,JP,Fukushima,JP-07,Kawauchi,JP-07-53
Japan,JP,Fukushima,JP-07,Inawashiro,JP-07-27
Japan,JP,Fukushima,JP-07,Mishima,JP-07-31
Japan,JP,Fukushima,JP-07,Motomiya,JP-07-13
Japan,JP,Fukushima,JP-07,Yabuki,JP-07-38
Japan,JP,Fukushima,JP-07,Tomioka,JP-07-52
Japan,JP,Fukushima,JP-07,Izumizaki,JP-07-36
Japan,JP,Fukushima,JP-07,Katsurao,JP-07-57
Japan,JP,Fukushima,JP-07,Namie,JP-07-56
Japan,JP,Fukushima,JP-07,Aizumisato,JP-07-34
Japan,JP,Fukushima,JP-07,Furudono,JP-07-47
Japan,JP,Fukushima,JP-07,Yamatsuri,JP-07-40
Japan,JP,Fukushima,JP-07,Naraha,JP-07-51
Japan,JP,Fukushima,JP-07,Tamura,JP-07-10
Japan,JP,Fukushima,JP-07,Kitashiobara,JP-07-24
Japan,JP,Fukushima,JP-07,Nishigo,JP-07-35
Japan,JP,Fukushima,JP-07,Kunimi,JP-07-15
Japan,JP,Fukushima,JP-07,Bandai,JP-07-26
Japan,JP,Fukushima,JP-07,Hanawa,JP-07-41
Japan,JP,Fukushima,JP-07,Okuma,JP-07-54
Japan,JP,Fukushima,JP-07,Otama,JP-07-17
Japan,JP,Fukushima,JP-07,Miharu,JP-07-48
Japan,JP,Fukushima,JP-07,Yugawa,JP-07-29
Japan,JP,Fukushima,JP-07,Shinchi,JP-07-58
Japan,JP,Fukushima,JP-07,Soma,JP-07-08
Japan,JP,Fukushima,JP-07,Shirakawa,JP-07-05
Japan,JP,Fukushima,JP-07,Kaneyama,JP-07-32
Japan,JP,Fukushima,JP-07,Nakajima,JP-07-37
Japan,JP,Fukushima,JP-07,Nihommatsu,JP-07-09
Japan,JP,Fukushima,JP-07,Sukagawa,JP-07-06
Japan,JP,Fukushima,JP-07,Hirono,JP-07-50
Japan,JP,Fukushima,JP-07,Tanagura,JP-07-39
Japan,JP,Fukushima,JP-07,Hirata,JP-07-45
Japan,JP,Fukushima,JP-07,Kitakata,JP-07-07
Japan,JP,Fukushima,JP-07,Yanaizu,JP-07-30
Japan,JP,Fukushima,JP-07,Minamiaizu,JP-07-23
Japan,JP,Fukushima,JP-07,Showa,JP-07-33
Japan,JP,Fukushima,JP-07,Asakawa,JP-07-46
Japan,JP,Fukushima,JP-07,Ono,JP-07-49
Japan,JP,Fukushima,JP-07,Koriyama,JP-07-03
Japan,JP,Fukushima,JP-07,Kagamiishi,JP-07-18
Japan,JP,Fukushima,JP-07,Ishikawa,JP-07-43
Japan,JP,Fukushima,JP-07,Kawamata,JP-07-16
Japan,JP,Fukushima,JP-07,Hinoemata,JP-07-21
Japan,JP,Fukushima,JP-07,Tamakawa,JP-07-44
Japan,JP,Fukushima,JP-07,Tadami,JP-07-22
Japan,JP,Fukushima,JP-07,Shimogo,JP-07-20
Japan,JP,Fukushima,JP-07,Samegawa,JP-07-42
Japan,JP,Fukushima,JP-07,Minamisoma,JP-07-11
Japan,JP,Fukushima,JP-07,Aizubange,JP-07-28
Japan,JP,Fukushima,JP-07,Koori,JP-07-14
Japan,JP,Fukushima,JP-07,Date,JP-07-12
Japan,JP,Niigata,JP-15,Tainai,JP-15-20
Japan,JP,Niigata,JP-15,Joetsu,JP-15-15
Japan,JP,Niigata,JP-15,Murakami,JP-15-10
Japan,JP,Niigata,JP-15,Agano,JP-15-16
Japan,JP,Niigata,JP-15,Kamo,JP-15-07
Japan,JP,Niigata,JP-15,Mitsuke,JP-15-09
Japan,JP,Niigata,JP-15,Sanjo,JP-15-03
Japan,JP,Niigata,JP-15,Izumozaki,JP-15-25
Japan,JP,Niigata,JP-15,Itoigawa,JP-15-12
Japan,JP,Niigata,JP-15,Kariwa,JP-15-28
Japan,JP,Niigata,JP-15,Tsunan,JP-15-27
Japan,JP,Niigata,JP-15,Awashimaura,JP-15-30
Japan,JP,Niigata,JP-15,Minamiuonuma,JP-15-19
Japan,JP,Niigata,JP-15,Kashiwazaki,JP-15-04
Japan,JP,Niigata,JP-15,Sado,JP-15-17
Japan,JP,Niigata,JP-15,Seiro,JP-15-21
Japan,JP,Niigata,JP-15,Yuzawa,JP-15-26
Japan,JP,Niigata,JP-15,Nagaoka,JP-15-02
Japan,JP,Niigata,JP-15,Ojiya,JP-15-06
Japan,JP,Niigata,JP-15,Tsubame,JP-15-11
Japan,JP,Niigata,JP-15,Myoko,JP-15-13
Japan,JP,Niigata,JP-15,Sekikawa,JP-15-29
Japan,JP,Niigata,JP-15,Shibata,JP-15-05
Japan,JP,Niigata,JP-15,Tagami,JP-15-23
Japan,JP,Niigata,JP-15,Niigata,JP-15-01
Japan,JP,Niigata,JP-15,Uonuma,JP-15-18
Japan,JP,Niigata,JP-15,Gosen,JP-15-14
Japan,JP,Niigata,JP-15,Tokamachi,JP-15-08
Japan,JP,Niigata,JP-15,Aga,JP-15-24
Japan,JP,Niigata,JP-15,Yahiko,JP-15-22
Japan,JP,Aichi,JP-23,Miyoshi,JP-23-36
Japan,JP,Aichi,JP-23,Kiyosu,JP-23-33
Japan,JP,Aichi,JP-23,Tokai,JP-23-22
Japan,JP,Aichi,JP-23,Chiryu,JP-23-25
Japan,JP,Aichi,JP-23,Tahara,JP-23-31
Japan,JP,Aichi,JP-23,Chita,JP-23-24
Japan,JP,Aichi,JP-23,Konan,JP-23-18
Japan,JP,Aichi,JP-23,Oguchi,JP-23-41
Japan,JP,Aichi,JP-23,Fuso,JP-23-42
Japan,JP,Aichi,JP-23,Tokoname,JP-23-17
Japan,JP,Aichi,JP-23,Kariya,JP-23-11
Japan,JP,Aichi,JP-23,Inuyama,JP-23-16
Japan,JP,Aichi,JP-23,Anjo,JP-23-13
Japan,JP,Aichi,JP-23,Nagakute,JP-23-39
Japan,JP,Aichi,JP-23,Komaki,JP-23-19
Japan,JP,Aichi,JP-23,Ichinomiya,JP-23-04
Japan,JP,Aichi,JP-23,Obu,JP-23-23
Japan,JP,Aichi,JP-23,Toyone,JP-23-54
Japan,JP,Aichi,JP-23,Aisai,JP-23-32
Japan,JP,Aichi,JP-23,Shinshiro,JP-23-21
Japan,JP,Aichi,JP-23,Higashiura,JP-23-47
Japan,JP,Aichi,JP-23,Yatomi,JP-23-35
Japan,JP,Aichi,JP-23,Hekinan,JP-23-10
Japan,JP,Aichi,JP-23,Nishio,JP-23-14
Japan,JP,Aichi,JP-23,Agui,JP-23-46
Japan,JP,Aichi,JP-23,Gamagori,JP-23-15
Japan,JP,Aichi,JP-23,Taketoyo,JP-23-50
Japan,JP,Aichi,JP-23,Nisshin,JP-23-30
Japan,JP,Aichi,JP-23,Toyota,JP-23-12
Japan,JP,Aichi,JP-23,Okazaki,JP-23-03
Japan,JP,Aichi,JP-23,Toyokawa,JP-23-08
Japan,JP,Aichi,JP-23,Takahama,JP-23-27
Japan,JP,Aichi,JP-23,Kitanagoya,JP-23-34
Japan,JP,Aichi,JP-23,Kanie,JP-23-44
Japan,JP,Aichi,JP-23,Togo,JP-23-38
Japan,JP,Aichi,JP-23,Toyoake,JP-23-29
Japan,JP,Aichi,JP-23,Iwakura,JP-23-28
Japan,JP,Aichi,JP-23,Toei,JP-23-53
Japan,JP,Aichi,JP-23,Kasugai,JP-23-07
Japan,JP,Aichi,JP-23,Minamichita,JP-23-48
Japan,JP,Aichi,JP-23,Tsushima,JP-23-09
Japan,JP,Aichi,JP-23,Nagoya,JP-23-01
Japan,JP,Aichi,JP-23,Owariasahi,JP-23-26
Japan,JP,Aichi,JP-23,Handa,JP-23-06
Japan,JP,Aichi,JP-23,Shitara,JP-23-52
Japan,JP,Aichi,JP-23,Tobishima,JP-23-45
Japan,JP,Aichi,JP-23,Seto,JP-23-05
Japan,JP,Aichi,JP-23,Mihama,JP-23-49
Japan,JP,Aichi,JP-23,Inazawa,JP-23-20
Japan,JP,Aichi,JP-23,Kota,JP-23-51
Japan,JP,Aichi,JP-23,Toyohashi,JP-23-02
Japan,JP,Aichi,JP-23,Ama,JP-23-37
Japan,JP,Aichi,JP-23,Toyoyama,JP-23-40
Japan,JP,Aichi,JP-23,Oharu,JP-23-43
Japan,JP,Okayama,JP-33,Mimasaka,JP-33-14
Japan,JP,Okayama,JP-33,Tsuyama,JP-33-03
Japan,JP,Okayama,JP-33,Shinjo,JP-33-20
Japan,JP,Okayama,JP-33,Maniwa,JP-33-13
Japan,JP,Okayama,JP-33,Misaki,JP-33-26
Japan,JP,Okayama,JP-33,Kurashiki,JP-33-02
Japan,JP,Okayama,JP-33,Asakuchi,JP-33-15
Japan,JP,Okayama,JP-33,Kasaoka,JP-33-05
Japan,JP,Okayama,JP-33,Nagi,JP-33-23
Japan,JP,Okayama,JP-33,Hayashima,JP-33-17
Japan,JP,Okayama,JP-33,Okayama,JP-33-01
Japan,JP,Okayama,JP-33,Soja,JP-33-07
Japan,JP,Okayama,JP-33,Kibichuo,JP-33-27
Japan,JP,Okayama,JP-33,Satosho,JP-33-18
Japan,JP,Okayama,JP-33,Wake,JP-33-16
Japan,JP,Okayama,JP-33,Shoo,JP-33-22
Japan,JP,Okayama,JP-33,Kumenan,JP-33-25
Japan,JP,Okayama,JP-33,Yakage,JP-33-19
Japan,JP,Okayama,JP-33,Kagamino,JP-33-21
Japan,JP,Okayama,JP-33,Takahashi,JP-33-08
Japan,JP,Okayama,JP-33,Niimi,JP-33-09
Japan,JP,Okayama,JP-33,Setouchi,JP-33-11
Japan,JP,Okayama,JP-33,Bizen,JP-33-10
Japan,JP,Okayama,JP-33,Tamano,JP-33-04
Japan,JP,Okayama,JP-33,Akaiwa,JP-33-12
Japan,JP,Okayama,JP-33,Ibara,JP-33-06
Japan,JP,Okayama,JP-33,Nishiawakura,JP-33-24
Japan,JP,Mie,JP-24,Shima,JP-24-13
Japan,JP,Mie,JP-24,Toba,JP-24-10
Japan,JP,Mie,JP-24,Owase,JP-24-08
Japan,JP,Mie,JP-24,Nabari,JP-24-07
Japan,JP,Mie,JP-24,Tamaki,JP-24-23
Japan,JP,Mie,JP-24,Taiki,JP-24-25
Japan,JP,Mie,JP-24,Ise,JP-24-03
Japan,JP,Mie,JP-24,Odai,JP-24-22
Japan,JP,Mie,JP-24,Meiwa,JP-24-21
Japan,JP,Mie,JP-24,Kiho,JP-24-29
Japan,JP,Mie,JP-24,Kawagoe,JP-24-19
Japan,JP,Mie,JP-24,Kihoku,JP-24-27
Japan,JP,Mie,JP-24,Yokkaichi,JP-24-02
Japan,JP,Mie,JP-24,Kumano,JP-24-11
Japan,JP,Mie,JP-24,Kuwana,JP-24-05
Japan,JP,Mie,JP-24,Matsusaka,JP-24-04
Japan,JP,Mie,JP-24,Kameyama,JP-24-09
Japan,JP,Mie,JP-24,Komono,JP-24-17
Japan,JP,Mie,JP-24,Watarai,JP-24-24
Japan,JP,Mie,JP-24,Suzuka,JP-24-06
Japan,JP,Mie,JP-24,Toin,JP-24-16
Japan,JP,Mie,JP-24,Mihama,JP-24-28
Japan,JP,Mie,JP-24,Minamiise,JP-24-26
Japan,JP,Mie,JP-24,Iga,JP-24-14
Japan,JP,Mie,JP-24,Kisosaki,JP-24-15
Japan,JP,Mie,JP-24,Taki,JP-24-20
Japan,JP,Mie,JP-24,Asahi,JP-24-18
Japan,JP,Mie,JP-24,Tsu,JP-24-01
Japan,JP,Mie,JP-24,Inabe,JP-24-12
Japan,JP,Fukuoka,JP-40,Hisayama,JP-40-35
Japan,JP,Fukuoka,JP-40,Kasuya,JP-40-36
Japan,JP,Fukuoka,JP-40,Tachiarai,JP-40-46
Japan,JP,Fukuoka,JP-40,Munakata,JP-40-19
Japan,JP,Fukuoka,JP-40,Koga,JP-40-21
Japan,JP,Fukuoka,JP-40,Nakama,JP-40-14
Japan,JP,Fukuoka,JP-40,Aka,JP-40-54
Japan,JP,Fukuoka,JP-40,Chikujo,JP-40-60
Japan,JP,Fukuoka,JP-40,Yukuhashi,JP-40-12
Japan,JP,Fukuoka,JP-40,Mizumaki,JP-40-38
Japan,JP,Fukuoka,JP-40,Fukutsu,JP-40-22
Japan,JP,Fukuoka,JP-40,Itoda,JP-40-51
Japan,JP,Fukuoka,JP-40,Oki,JP-40-47
Japan,JP,Fukuoka,JP-40,Chikushino,JP-40-16
Japan,JP,Fukuoka,JP-40,Shingu,JP-40-34
Japan,JP,Fukuoka,JP-40,Ukiha,JP-40-23
Japan,JP,Fukuoka,JP-40,Oto,JP-40-53
Japan,JP,Fukuoka,JP-40,Iizuka,JP-40-06
Japan,JP,Fukuoka,JP-40,Kawara,JP-40-49
Japan,JP,Fukuoka,JP-40,Soeda,JP-40-50
Japan,JP,Fukuoka,JP-40,Keisen,JP-40-43
Japan,JP,Fukuoka,JP-40,Kurume,JP-40-04
Japan,JP,Fukuoka,JP-40,Kasuga,JP-40-17
Japan,JP,Fukuoka,JP-40,Yanagawa,JP-40-08
Japan,JP,Fukuoka,JP-40,Omuta,JP-40-03
Japan,JP,Fukuoka,JP-40,Shime,JP-40-32
Japan,JP,Fukuoka,JP-40,Sasaguri,JP-40-31
Japan,JP,Fukuoka,JP-40,Kitakyushu,JP-40-01
Japan,JP,Fukuoka,JP-40,Okawa,JP-40-11
Japan,JP,Fukuoka,JP-40,Kurate,JP-40-42
Japan,JP,Fukuoka,JP-40,Kama,JP-40-25
Japan,JP,Fukuoka,JP-40,Onojo,JP-40-18
Japan,JP,Fukuoka,JP-40,Miyako,JP-40-57
Japan,JP,Fukuoka,JP-40,Tagawa,JP-40-07
Japan,JP,Fukuoka,JP-40,Fukuoka,JP-40-02
Japan,JP,Fukuoka,JP-40,Dazaifu,JP-40-20
Japan,JP,Fukuoka,JP-40,Miyawaka,JP-40-24
Japan,JP,Fukuoka,JP-40,Nogata,JP-40-05
Japan,JP,Fukuoka,JP-40,Umi,JP-40-30
Japan,JP,Fukuoka,JP-40,Ogori,JP-40-15
Japan,JP,Fukuoka,JP-40,Fukuchi,JP-40-55
Japan,JP,Fukuoka,JP-40,Buzen,JP-40-13
Japan,JP,Fukuoka,JP-40,Asakura,JP-40-26
Japan,JP,Fukuoka,JP-40,Kawasaki,JP-40-52
Japan,JP,Fukuoka,JP-40,Sue,JP-40-33
Japan,JP,Fukuoka,JP-40,Yoshitomi,JP-40-58
Japan,JP,Fukuoka,JP-40,Toho,JP-40-45
Japan,JP,Fukuoka,JP-40,Yame,JP-40-09
Japan,JP,Fukuoka,JP-40,Koge,JP-40-59
Japan,JP,Fukuoka,JP-40,Nakagawa,JP-40-29
Japan,JP,Fukuoka,JP-40,Ashiya,JP-40-37
Japan,JP,Fukuoka,JP-40,Chikugo,JP-40-10
Japan,JP,Fukuoka,JP-40,Okagaki,JP-40-39
Japan,JP,Fukuoka,JP-40,Onga,JP-40-40
Japan,JP,Fukuoka,JP-40,Kotake,JP-40-41
Japan,JP,Fukuoka,JP-40,Kanda,JP-40-56
Japan,JP,Fukuoka,JP-40,Miyama,JP-40-27
Japan,JP,Fukuoka,JP-40,Chikuzen,JP-40-44
Japan,JP,Fukuoka,JP-40,Hirokawa,JP-40-48
Japan,JP,Fukuoka,JP-40,Itoshima,JP-40-28
Japan,JP,Yamaguchi,JP-35,Tabuse,JP-35-17
Japan,JP,Yamaguchi,JP-35,Mine,JP-35-11
Japan,JP,Yamaguchi,JP-35,Yanai,JP-35-10
Japan,JP,Yamaguchi,JP-35,Abu,JP-35-19
Japan,JP,Yamaguchi,JP-35,Suooshima,JP-35-14
Japan,JP,Yamaguchi,JP-35,Waki,JP-35-15
Japan,JP,Yamaguchi,JP-35,Yamaguchi,JP-35-03
Japan,JP,Yamaguchi,JP-35,Hikari,JP-35-08
Japan,JP,Yamaguchi,JP-35,Iwakuni,JP-35-07
Japan,JP,Yamaguchi,JP-35,Hagi,JP-35-04
Japan,JP,Yamaguchi,JP-35,Ube,JP-35-02
Japan,JP,Yamaguchi,JP-35,Shimonoseki,JP-35-01
Japan,JP,Yamaguchi,JP-35,Kaminoseki,JP-35-16
Japan,JP,Yamaguchi,JP-35,Shunan,JP-35-12
Japan,JP,Yamaguchi,JP-35,Nagato,JP-35-09
Japan,JP,Yamaguchi,JP-35,Hirao,JP-35-18
Japan,JP,Yamaguchi,JP-35,Hofu,JP-35-05
Japan,JP,Yamaguchi,JP-35,Sanyoonoda,JP-35-13
Japan,JP,Yamaguchi,JP-35,Kudamatsu,JP-35-06
Japan,JP,Tottori,JP-31,Yazu,JP-31-08
Japan,JP,Tottori,JP-31,Chizu,JP-31-07
Japan,JP,Tottori,JP-31,Yurihama,JP-31-10
Japan,JP,Tottori,JP-31,Sakaiminato,JP-31-04
Japan,JP,Tottori,JP-31,Hino,JP-31-18
Japan,JP,Tottori,JP-31,Kofu,JP-31-19
Japan,JP,Tottori,JP-31,Hokuei,JP-31-12
Japan,JP,Tottori,JP-31,Tottori,JP-31-01
Japan,JP,Tottori,JP-31,Wakasa,JP-31-06
Japan,JP,Tottori,JP-31,Yonago,JP-31-02
Japan,JP,Tottori,JP-31,Hoki,JP-31-16
Japan,JP,Tottori,JP-31,Kurayoshi,JP-31-03
Japan,JP,Tottori,JP-31,Nichinan,JP-31-17
Japan,JP,Tottori,JP-31,Hiezu,JP-31-13
Japan,JP,Tottori,JP-31,Nambu,JP-31-15
Japan,JP,Tottori,JP-31,Misasa,JP-31-09
Japan,JP,Tottori,JP-31,Iwami,JP-31-05
Japan,JP,Tottori,JP-31,Kotoura,JP-31-11
Japan,JP,Tottori,JP-31,Daisen,JP-31-14
Japan,JP,Kumamoto,JP-43,Takamori,JP-43-25
Japan,JP,Kumamoto,JP-43,Kikuyo,JP-43-21
Japan,JP,Kumamoto,JP-43,Yamae,JP-43-42
Japan,JP,Kumamoto,JP-43,Yunomae,JP-43-38
Japan,JP,Kumamoto,JP-43,Arao,JP-43-04
Japan,JP,Kumamoto,JP-43,Minamioguni,JP-43-22
Japan,JP,Kumamoto,JP-43,Ashikita,JP-43-34
Japan,JP,Kumamoto,JP-43,Ubuyama,JP-43-24
Japan,JP,Kumamoto,JP-43,Mashiki,JP-43-30
Japan,JP,Kumamoto,JP-43,Nankan,JP-43-17
Japan,JP,Kumamoto,JP-43,Yamaga,JP-43-07
Japan,JP,Kumamoto,JP-43,Koshi,JP-43-14
Japan,JP,Kumamoto,JP-43,Itsuki,JP-43-41
Japan,JP,Kumamoto,JP-43,Tamana,JP-43-06
Japan,JP,Kumamoto,JP-43,Kamiamakusa,JP-43-10
Japan,JP,Kumamoto,JP-43,Kashima,JP-43-29
Japan,JP,Kumamoto,JP-43,Nagomi,JP-43-19
Japan,JP,Kumamoto,JP-43,Hitoyoshi,JP-43-03
Japan,JP,Kumamoto,JP-43,Ozu,JP-43-20
Japan,JP,Kumamoto,JP-43,Minamiaso,JP-43-27
Japan,JP,Kumamoto,JP-43,Kikuchi,JP-43-08
Japan,JP,Kumamoto,JP-43,Asagiri,JP-43-44
Japan,JP,Kumamoto,JP-43,Mifune,JP-43-28
Japan,JP,Kumamoto,JP-43,Hikawa,JP-43-33
Japan,JP,Kumamoto,JP-43,Gyokuto,JP-43-16
Japan,JP,Kumamoto,JP-43,Aso,JP-43-12
Japan,JP,Kumamoto,JP-43,Reihoku,JP-43-45
Japan,JP,Kumamoto,JP-43,Kosa,JP-43-31
Japan,JP,Kumamoto,JP-43,Nishiki,JP-43-36
Japan,JP,Kumamoto,JP-43,Mizukami,JP-43-39
Japan,JP,Kumamoto,JP-43,Nishihara,JP-43-26
Japan,JP,Kumamoto,JP-43,Taragi,JP-43-37
Japan,JP,Kumamoto,JP-43,Nagasu,JP-43-18
Japan,JP,Kumamoto,JP-43,Uki,JP-43-11
Japan,JP,Kumamoto,JP-43,Misato,JP-43-15
Japan,JP,Kumamoto,JP-43,Kumamoto,JP-43-01
Japan,JP,Kumamoto,JP-43,Amakusa,JP-43-13
Japan,JP,Kumamoto,JP-43,Yatsushiro,JP-43-02
Japan,JP,Kumamoto,JP-43,Tsunagi,JP-43-35
Japan,JP,Kumamoto,JP-43,Uto,JP-43-09
Japan,JP,Kumamoto,JP-43,Yamato,JP-43-32
Japan,JP,Kumamoto,JP-43,Minamata,JP-43-05
Japan,JP,Kumamoto,JP-43,Kuma,JP-43-43
Japan,JP,Kumamoto,JP-43,Sagara,JP-43-40
Japan,JP,Kumamoto,JP-43,Oguni,JP-43-23
Japan,JP,Chiba,JP-12,Kimitsu,JP-12-23
Japan,JP,Chiba,JP-12,Isumi,JP-12-36
Japan,JP,Chiba,JP-12,Tomisato,JP-12-31
Japan,JP,Chiba,JP-12,Kyonan,JP-12-54
Japan,JP,Chiba,JP-12,Chiba,JP-12-01
Japan,JP,Chiba,JP-12,Nagareyama,JP-12-18
Japan,JP,Chiba,JP-12,Asahi,JP-12-13
Japan,JP,Chiba,JP-12,Yachimata,JP-12-28
Japan,JP,Chiba,JP-12,Minamiboso,JP-12-32
Japan,JP,Chiba,JP-12,Futtsu,JP-12-24
Japan,JP,Chiba,JP-12,Nagara,JP-12-50
Japan,JP,Chiba,JP-12,Otaki,JP-12-52
Japan,JP,Chiba,JP-12,Funabashi,JP-12-04
Japan,JP,Chiba,JP-12,Kisarazu,JP-12-06
Japan,JP,Chiba,JP-12,Ichihara,JP-12-17
Japan,JP,Chiba,JP-12,Sodegaura,JP-12-27
Japan,JP,Chiba,JP-12,Kozaki,JP-12-39
Japan,JP,Chiba,JP-12,Narita,JP-12-10
Japan,JP,Chiba,JP-12,Chosei,JP-12-48
Japan,JP,Chiba,JP-12,Shirako,JP-12-49
Japan,JP,Chiba,JP-12,Narashino,JP-12-14
Japan,JP,Chiba,JP-12,Kujukuri,JP-12-43
Japan,JP,Chiba,JP-12,Kamagaya,JP-12-22
Japan,JP,Chiba,JP-12,Tateyama,JP-12-05
Japan,JP,Chiba,JP-12,Choshi,JP-12-02
Japan,JP,Chiba,JP-12,Katsuura,JP-12-16
Japan,JP,Chiba,JP-12,Yokoshibahikari,JP-12-45
Japan,JP,Chiba,JP-12,Tonosho,JP-12-41
Japan,JP,Chiba,JP-12,Togane,JP-12-12
Japan,JP,Chiba,JP-12,Yotsukaido,JP-12-26
Japan,JP,Chiba,JP-12,Shibayama,JP-12-44
Japan,JP,Chiba,JP-12,Ichinomiya,JP-12-46
Japan,JP,Chiba,JP-12,Onjuku,JP-12-53
Japan,JP,Chiba,JP-12,Shisui,JP-12-37
Japan,JP,Chiba,JP-12,Yachiyo,JP-12-19
Japan,JP,Chiba,JP-12,Sakura,JP-12-11
Japan,JP,Chiba,JP-12,Kamogawa,JP-12-21
Japan,JP,Chiba,JP-12,Katori,JP-12-34
Japan,JP,Chiba,JP-12,Sakae,JP-12-38
Japan,JP,Chiba,JP-12,Ichikawa,JP-12-03
Japan,JP,Chiba,JP-12,Kashiwa,JP-12-15
Japan,JP,Chiba,JP-12,Urayasu,JP-12-25
Japan,JP,Chiba,JP-12,Matsudo,JP-12-07
Japan,JP,Chiba,JP-12,Noda,JP-12-08
Japan,JP,Chiba,JP-12,Sammu,JP-12-35
Japan,JP,Chiba,JP-12,Tako,JP-12-40
Japan,JP,Chiba,JP-12,Abiko,JP-12-20
Japan,JP,Chiba,JP-12,Shiroi,JP-12-30
Japan,JP,Chiba,JP-12,Inzai,JP-12-29
Japan,JP,Chiba,JP-12,Mobara,JP-12-09
Japan,JP,Chiba,JP-12,Chonan,JP-12-51
Japan,JP,Chiba,JP-12,Mutsuzawa,JP-12-47
Japan,JP,Chiba,JP-12,Sosa,JP-12-33
Japan,JP,Chiba,JP-12,Oamishirasato,JP-12-42
Japan,JP,Nara,JP-29,Kawakami,JP-29-38
Japan,JP,Nara,JP-29,Koryo,JP-29-27
Japan,JP,Nara,JP-29,Yamatokoriyama,JP-29-03
Japan,JP,Nara,JP-29,Oyodo,JP-29-30
Japan,JP,Nara,JP-29,Kashihara,JP-29-05
Japan,JP,Nara,JP-29,Gojo,JP-29-07
Japan,JP,Nara,JP-29,Gose,JP-29-08
Japan,JP,Nara,JP-29,Higashiyoshino,JP-29-39
Japan,JP,Nara,JP-29,Uda,JP-29-12
Japan,JP,Nara,JP-29,Kammaki,JP-29-25
Japan,JP,Nara,JP-29,Asuka,JP-29-24
Japan,JP,Nara,JP-29,Shimokitayama,JP-29-36
Japan,JP,Nara,JP-29,Ando,JP-29-17
Japan,JP,Nara,JP-29,Oji,JP-29-26
Japan,JP,Nara,JP-29,Miyake,JP-29-19
Japan,JP,Nara,JP-29,Ikaruga,JP-29-16
Japan,JP,Nara,JP-29,Totsukawa,JP-29-35
Japan,JP,Nara,JP-29,Shimoichi,JP-29-31
Japan,JP,Nara,JP-29,Takatori,JP-29-23
Japan,JP,Nara,JP-29,Kashiba,JP-29-10
Japan,JP,Nara,JP-29,Kawai,JP-29-28
Japan,JP,Nara,JP-29,Sango,JP-29-15
Japan,JP,Nara,JP-29,Soni,JP-29-21
Japan,JP,Nara,JP-29,Katsuragi,JP-29-11
Japan,JP,Nara,JP-29,Nara,JP-29-01
Japan,JP,Nara,JP-29,Yamatotakada,JP-29-02
Japan,JP,Nara,JP-29,Nosegawa,JP-29-34
Japan,JP,Nara,JP-29,Yamazoe,JP-29-13
Japan,JP,Nara,JP-29,Heguri,JP-29-14
Japan,JP,Nara,JP-29,Mitsue,JP-29-22
Japan,JP,Nara,JP-29,Ikoma,JP-29-09
Japan,JP,Nara,JP-29,Tenkawa,JP-29-33
Japan,JP,Nara,JP-29,Sakurai,JP-29-06
Japan,JP,Nara,JP-29,Kamikitayama,JP-29-37
Japan,JP,Nara,JP-29,Tenri,JP-29-04
Japan,JP,Nara,JP-29,Tawaramoto,JP-29-20
Japan,JP,Nara,JP-29,Kawanishi,JP-29-18
Japan,JP,Nara,JP-29,Yoshino,JP-29-29
Japan,JP,Nara,JP-29,Kurotaki,JP-29-32
Japan,JP,Kanagawa,JP-14,Fujisawa,JP-14-07
Japan,JP,Kanagawa,JP-14,Kawasaki,JP-14-02
Japan,JP,Kanagawa,JP-14,Hiratsuka,JP-14-05
Japan,JP,Kanagawa,JP-14,Miura,JP-14-11
Japan,JP,Kanagawa,JP-14,Hayama,JP-14-20
Japan,JP,Kanagawa,JP-14,Odawara,JP-14-08
Japan,JP,Kanagawa,JP-14,Ebina,JP-14-16
Japan,JP,Kanagawa,JP-14,Chigasaki,JP-14-09
Japan,JP,Kanagawa,JP-14,Ayase,JP-14-19
Japan,JP,Kanagawa,JP-14,Yugawara,JP-14-31
Japan,JP,Kanagawa,JP-14,Aikawa,JP-14-32
Japan,JP,Kanagawa,JP-14,Nakai,JP-14-24
Japan,JP,Kanagawa,JP-14,Oiso,JP-14-22
Japan,JP,Kanagawa,JP-14,Kiyokawa,JP-14-33
Japan,JP,Kanagawa,JP-14,Kamakura,JP-14-06
Japan,JP,Kanagawa,JP-14,Hadano,JP-14-12
Japan,JP,Kanagawa,JP-14,Yamato,JP-14-14
Japan,JP,Kanagawa,JP-14,Kaisei,JP-14-28
Japan,JP,Kanagawa,JP-14,Yamakita,JP-14-27
Japan,JP,Kanagawa,JP-14,Ninomiya,JP-14-23
Japan,JP,Kanagawa,JP-14,Sagamihara,JP-14-03
Japan,JP,Kanagawa,JP-14,Atsugi,JP-14-13
Japan,JP,Kanagawa,JP-14,Minamiashigara,JP-14-18
Japan,JP,Kanagawa,JP-14,Isehara,JP-14-15
Japan,JP,Kanagawa,JP-14,Oi,JP-14-25
Japan,JP,Kanagawa,JP-14,Yokosuka,JP-14-04
Japan,JP,Kanagawa,JP-14,Yokohama,JP-14-01
Japan,JP,Kanagawa,JP-14,Hakone,JP-14-29
Japan,JP,Kanagawa,JP-14,Samukawa,JP-14-21
Japan,JP,Kanagawa,JP-14,Manazuru,JP-14-30
Japan,JP,Kanagawa,JP-14,Zama,JP-14-17
Japan,JP,Kanagawa,JP-14,Zushi,JP-14-10
Japan,JP,Kanagawa,JP-14,Matsuda,JP-14-26
Japan,JP,Hiroshima,JP-34,Kumano,JP-34-17
Japan,JP,Hiroshima,JP-34,Otake,JP-34-10
Japan,JP,Hiroshima,JP-34,Etajima,JP-34-14
Japan,JP,Hiroshima,JP-34,Osakikamijima,JP-34-21
Japan,JP,Hiroshima,JP-34,Kaita,JP-34-16
Japan,JP,Hiroshima,JP-34,Jinsekikogen,JP-34-23
Japan,JP,Hiroshima,JP-34,Fuchu,JP-34-15
Japan,JP,Hiroshima,JP-34,Kitahiroshima,JP-34-20
Japan,JP,Hiroshima,JP-34,Sera,JP-34-22
Japan,JP,Hiroshima,JP-34,Miyoshi,JP-34-08
Japan,JP,Hiroshima,JP-34,Hatsukaichi,JP-34-12
Japan,JP,Hiroshima,JP-34,Onomichi,JP-34-05
Japan,JP,Hiroshima,JP-34,Takehara,JP-34-03
Japan,JP,Hiroshima,JP-34,Kure,JP-34-02
Japan,JP,Hiroshima,JP-34,Higashihiroshima,JP-34-11
Japan,JP,Hiroshima,JP-34,Fukuyama,JP-34-06
Japan,JP,Hiroshima,JP-34,Akitakata,JP-34-13
Japan,JP,Hiroshima,JP-34,Mihara,JP-34-04
Japan,JP,Hiroshima,JP-34,Shobara,JP-34-09
Japan,JP,Hiroshima,JP-34,Fuchu,JP-34-07
Japan,JP,Hiroshima,JP-34,Hiroshima,JP-34-01
Japan,JP,Hiroshima,JP-34,Akiota,JP-34-19
Japan,JP,Hiroshima,JP-34,Saka,JP-34-18
Japan,JP,Hyogo,JP-28,Awaji,JP-28-26
Japan,JP,Hyogo,JP-28,Shiso,JP-28-27
Japan,JP,Hyogo,JP-28,Nishinomiya,JP-28-05
Japan,JP,Hyogo,JP-28,Takarazuka,JP-28-14
Japan,JP,Hyogo,JP-28,Ako,JP-28-12
Japan,JP,Hyogo,JP-28,Kasai,JP-28-20
Japan,JP,Hyogo,JP-28,Kamigori,JP-28-38
Japan,JP,Hyogo,JP-28,Akashi,JP-28-04
Japan,JP,Hyogo,JP-28,Tamba,JP-28-23
Japan,JP,Hyogo,JP-28,Inami,JP-28-32
Japan,JP,Hyogo,JP-28,Takasago,JP-28-16
Japan,JP,Hyogo,JP-28,Sumoto,JP-28-06
Japan,JP,Hyogo,JP-28,Toyooka,JP-28-10
Japan,JP,Hyogo,JP-28,Nishiwaki,JP-28-13
Japan,JP,Hyogo,JP-28,Kawanishi,JP-28-17
Japan,JP,Hyogo,JP-28,Ichikawa,JP-28-34
Japan,JP,Hyogo,JP-28,Himeji,JP-28-02
Japan,JP,Hyogo,JP-28,Kobe,JP-28-01
Japan,JP,Hyogo,JP-28,Fukusaki,JP-28-35
Japan,JP,Hyogo,JP-28,Harima,JP-28-33
Japan,JP,Hyogo,JP-28,Kato,JP-28-28
Japan,JP,Hyogo,JP-28,Ono,JP-28-18
Japan,JP,Hyogo,JP-28,Itami,JP-28-08
Japan,JP,Hyogo,JP-28,Tamba-Sasayama,JP-28-21
Japan,JP,Hyogo,JP-28,Kami,JP-28-40
Japan,JP,Hyogo,JP-28,Taka,JP-28-31
Japan,JP,Hyogo,JP-28,Tatsuno,JP-28-29
Japan,JP,Hyogo,JP-28,Amagasaki,JP-28-03
Japan,JP,Hyogo,JP-28,Asago,JP-28-25
Japan,JP,Hyogo,JP-28,Sayo,JP-28-39
Japan,JP,Hyogo,JP-28,Inagawa,JP-28-30
Japan,JP,Hyogo,JP-28,Miki,JP-28-15
Japan,JP,Hyogo,JP-28,Minamiawaji,JP-28-24
Japan,JP,Hyogo,JP-28,Ashiya,JP-28-07
Japan,JP,Hyogo,JP-28,Taishi,JP-28-37
Japan,JP,Hyogo,JP-28,Shinonsen,JP-28-41
Japan,JP,Hyogo,JP-28,Sanda,JP-28-19
Japan,JP,Hyogo,JP-28,Kamikawa,JP-28-36
Japan,JP,Hyogo,JP-28,Yabu,JP-28-22
Japan,JP,Hyogo,JP-28,Kakogawa,JP-28-11
Japan,JP,Hyogo,JP-28,Aioi,JP-28-09
Japan,JP,Tochigi,JP-09,Kanuma,JP-09-05
Japan,JP,Tochigi,JP-09,Otawara,JP-09-09
Japan,JP,Tochigi,JP-09,Kaminokawa,JP-09-15
Japan,JP,Tochigi,JP-09,Sakura,JP-09-12
Japan,JP,Tochigi,JP-09,Haga,JP-09-19
Japan,JP,Tochigi,JP-09,Nasu,JP-09-24
Japan,JP,Tochigi,JP-09,Nikko,JP-09-06
Japan,JP,Tochigi,JP-09,Shimotsuke,JP-09-14
Japan,JP,Tochigi,JP-09,Utsunomiya,JP-09-01
Japan,JP,Tochigi,JP-09,Shioya,JP-09-22
Japan,JP,Tochigi,JP-09,Yaita,JP-09-10
Japan,JP,Tochigi,JP-09,Mibu,JP-09-20
Japan,JP,Tochigi,JP-09,Moka,JP-09-08
Japan,JP,Tochigi,JP-09,Nasushiobara,JP-09-11
Japan,JP,Tochigi,JP-09,Ichikai,JP-09-18
Japan,JP,Tochigi,JP-09,Sano,JP-09-04
Japan,JP,Tochigi,JP-09,Nasukarasuyama,JP-09-13
Japan,JP,Tochigi,JP-09,Takanezawa,JP-09-23
Japan,JP,Tochigi,JP-09,Tochigi,JP-09-03
Japan,JP,Tochigi,JP-09,Motegi,JP-09-17
Japan,JP,Tochigi,JP-09,Nakagawa,JP-09-25
Japan,JP,Tochigi,JP-09,Nogi,JP-09-21
Japan,JP,Tochigi,JP-09,Oyama,JP-09-07
Japan,JP,Tochigi,JP-09,Ashikaga,JP-09-02
Japan,JP,Tochigi,JP-09,Mashiko,JP-09-16
Japan,JP,Nagano,JP-20,Iijima,JP-20-36
Japan,JP,Nagano,JP-20,Sakuho,JP-20-25
Japan,JP,Nagano,JP-20,Kiso,JP-20-55
Japan,JP,Nagano,JP-20,Matsukawa,JP-20-40
Japan,JP,Nagano,JP-20,Sakae,JP-20-77
Japan,JP,Nagano,JP-20,Neba,JP-20-45
Japan,JP,Nagano,JP-20,Ikusaka,JP-20-60
Japan,JP,Nagano,JP-20,Yamagata,JP-20-61
Japan,JP,Nagano,JP-20,Okuwa,JP-20-57
Japan,JP,Nagano,JP-20,Miyota,JP-20-27
Japan,JP,Nagano,JP-20,Yasuoka,JP-20-49
Japan,JP,Nagano,JP-20,Chikuhoku,JP-20-63
Japan,JP,Nagano,JP-20,Minowa,JP-20-35
Japan,JP,Nagano,JP-20,Nagano,JP-20-01
Japan,JP,Nagano,JP-20,Ueda,JP-20-03
Japan,JP,Nagano,JP-20,Tateshina,JP-20-28
Japan,JP,Nagano,JP-20,Minamiminowa,JP-20-37
Japan,JP,Nagano,JP-20,Minamiaiki,JP-20-23
Japan,JP,Nagano,JP-20,Saku,JP-20-16
Japan,JP,Nagano,JP-20,Omi,JP-20-59
Japan,JP,Nagano,JP-20,Obuse,JP-20-69
Japan,JP,Nagano,JP-20,Suzaka,JP-20-07
Japan,JP,Nagano,JP-20,Omachi,JP-20-12
Japan,JP,Nagano,JP-20,Oshika,JP-20-52
Japan,JP,Nagano,JP-20,Suwa,JP-20-06
Japan,JP,Nagano,JP-20,Shimosuwa,JP-20-31
Japan,JP,Nagano,JP-20,Iiyama,JP-20-13
Japan,JP,Nagano,JP-20,Iizuna,JP-20-76
Japan,JP,Nagano,JP-20,Hiraya,JP-20-44
Japan,JP,Nagano,JP-20,Yamanochi,JP-20-71
Japan,JP,Nagano,JP-20,Shiojiri,JP-20-15
Japan,JP,Nagano,JP-20,Takamori,JP-20-41
Japan,JP,Nagano,JP-20,Tomi,JP-20-18
Japan,JP,Nagano,JP-20,Kijimadaira,JP-20-72
Japan,JP,Nagano,JP-20,Urugi,JP-20-47
Japan,JP,Nagano,JP-20,Nozawaonsen,JP-20-73
Japan,JP,Nagano,JP-20,Fujimi,JP-20-32
Japan,JP,Nagano,JP-20,Nakagawa,JP-20-38
Japan,JP,Nagano,JP-20,Azumino,JP-20-19
Japan,JP,Nagano,JP-20,Komagane,JP-20-10
Japan,JP,Nagano,JP-20,Miyada,JP-20-39
Japan,JP,Nagano,JP-20,Komoro,JP-20-08
Japan,JP,Nagano,JP-20,Minamimaki,JP-20-22
Japan,JP,Nagano,JP-20,Anan,JP-20-42
Japan,JP,Nagano,JP-20,Takagi,JP-20-50
Japan,JP,Nagano,JP-20,Toyooka,JP-20-51
Japan,JP,Nagano,JP-20,Ogawa,JP-20-75
Japan,JP,Nagano,JP-20,Sakaki,JP-20-68
Japan,JP,Nagano,JP-20,Nagawa,JP-20-30
Japan,JP,Nagano,JP-20,Chikuma,JP-20-17
Japan,JP,Nagano,JP-20,Achi,JP-20-43
Japan,JP,Nagano,JP-20,Takayama,JP-20-70
Japan,JP,Nagano,JP-20,Matsumoto,JP-20-02
Japan,JP,Nagano,JP-20,Iida,JP-20-05
Japan,JP,Nagano,JP-20,Tenryu,JP-20-48
Japan,JP,Nagano,JP-20,Koumi,JP-20-20
Japan,JP,Nagano,JP-20,Ina,JP-20-09
Japan,JP,Nagano,JP-20,Hakuba,JP-20-66
Japan,JP,Nagano,JP-20,Nakano,JP-20-11
Japan,JP,Nagano,JP-20,Otari,JP-20-67
Japan,JP,Nagano,JP-20,Tatsuno,JP-20-34
Japan,JP,Nagano,JP-20,Agematsu,JP-20-53
Japan,JP,Nagano,JP-20,Chino,JP-20-14
Japan,JP,Nagano,JP-20,Kiso,JP-20-58
Japan,JP,Nagano,JP-20,Matsukawa,JP-20-65
Japan,JP,Nagano,JP-20,Okaya,JP-20-04
Japan,JP,Nagano,JP-20,Hara,JP-20-33
Japan,JP,Nagano,JP-20,Kawakami,JP-20-21
Japan,JP,Nagano,JP-20,Aoki,JP-20-29
Japan,JP,Nagano,JP-20,Ikeda,JP-20-64
Japan,JP,Nagano,JP-20,Shimojo,JP-20-46
Japan,JP,Nagano,JP-20,Karuizawa,JP-20-26
Japan,JP,Nagano,JP-20,Shinano,JP-20-74
Japan,JP,Nagano,JP-20,Nagiso,JP-20-54
Japan,JP,Nagano,JP-20,Asahi,JP-20-62
Japan,JP,Nagano,JP-20,Kitaaiki,JP-20-24
Japan,JP,Nagano,JP-20,Otaki,JP-20-56
Japan,JP,Aomori,JP-02,Tsuruta,JP-02-22
Japan,JP,Aomori,JP-02,Tohoku,JP-02-28
Japan,JP,Aomori,JP-02,Yokohama,JP-02-27
Japan,JP,Aomori,JP-02,Rokunohe,JP-02-26
Japan,JP,Aomori,JP-02,Shingo,JP-02-40
Japan,JP,Aomori,JP-02,Mutsu,JP-02-08
Japan,JP,Aomori,JP-02,Hiranai,JP-02-11
Japan,JP,Aomori,JP-02,Yomogita,JP-02-13
Japan,JP,Aomori,JP-02,Owani,JP-02-19
Japan,JP,Aomori,JP-02,Kazamaura,JP-02-33
Japan,JP,Aomori,JP-02,Fukaura,JP-02-16
Japan,JP,Aomori,JP-02,Fujisaki,JP-02-18
Japan,JP,Aomori,JP-02,Ajigasawa,JP-02-15
Japan,JP,Aomori,JP-02,Inakadate,JP-02-20
Japan,JP,Aomori,JP-02,Nakadomari,JP-02-23
Japan,JP,Aomori,JP-02,Hirakawa,JP-02-10
Japan,JP,Aomori,JP-02,Oirase,JP-02-30
Japan,JP,Aomori,JP-02,Sai,JP-02-34
Japan,JP,Aomori,JP-02,Misawa,JP-02-07
Japan,JP,Aomori,JP-02,Rokkasho,JP-02-29
Japan,JP,Aomori,JP-02,Hirosaki,JP-02-02
Japan,JP,Aomori,JP-02,Tsugaru,JP-02-09
Japan,JP,Aomori,JP-02,Itayanagi,JP-02-21
Japan,JP,Aomori,JP-02,Gonohe,JP-02-36
Japan,JP,Aomori,JP-02,Goshogawara,JP-02-05
Japan,JP,Aomori,JP-02,Sotogahama,JP-02-14
Japan,JP,Aomori,JP-02,Higashidori,JP-02-32
Japan,JP,Aomori,JP-02,Imabetsu,JP-02-12
Japan,JP,Aomori,JP-02,Hachinohe,JP-02-03
Japan,JP,Aomori,JP-02,Oma,JP-02-31
Japan,JP,Aomori,JP-02,Nishimeya,JP-02-17
Japan,JP,Aomori,JP-02,Nambu,JP-02-38
Japan,JP,Aomori,JP-02,Sannohe,JP-02-35
Japan,JP,Aomori,JP-02,Kuroishi,JP-02-04
Japan,JP,Aomori,JP-02,Towada,JP-02-06
Japan,JP,Aomori,JP-02,Shichinohe,JP-02-25
Japan,JP,Aomori,JP-02,Hashikami,JP-02-39
Japan,JP,Aomori,JP-02,Noheji,JP-02-24
Japan,JP,Aomori,JP-02,Aomori,JP-02-01
Japan,JP,Aomori,JP-02,Takko,JP-02-37
Japan,JP,Gunma,JP-10,Minakami,JP-10-29
Japan,JP,Gunma,JP-10,Numata,JP-10-06
Japan,JP,Gunma,JP-10,Katashina,JP-10-26
Japan,JP,Gunma,JP-10,Ueno,JP-10-15
Japan,JP,Gunma,JP-10,Shimonita,JP-10-17
Japan,JP,Gunma,JP-10,Nammoku,JP-10-18
Japan,JP,Gunma,JP-10,Kusatsu,JP-10-23
Japan,JP,Gunma,JP-10,Isesaki,JP-10-04
Japan,JP,Gunma,JP-10,Naganohara,JP-10-21
Japan,JP,Gunma,JP-10,Kawaba,JP-10-27
Japan,JP,Gunma,JP-10,Showa,JP-10-28
Japan,JP,Gunma,JP-10,Oizumi,JP-10-34
Japan,JP,Gunma,JP-10,Kiryu,JP-10-03
Japan,JP,Gunma,JP-10,Fujioka,JP-10-09
Japan,JP,Gunma,JP-10,Kanra,JP-10-19
Japan,JP,Gunma,JP-10,Ora,JP-10-35
Japan,JP,Gunma,JP-10,Maebashi,JP-10-01
Japan,JP,Gunma,JP-10,Tatebayashi,JP-10-07
Japan,JP,Gunma,JP-10,Midori,JP-10-12
Japan,JP,Gunma,JP-10,Higashiagatsuma,JP-10-25
Japan,JP,Gunma,JP-10,Chiyoda,JP-10-33
Japan,JP,Gunma,JP-10,Takayama,JP-10-24
Japan,JP,Gunma,JP-10,Meiwa,JP-10-32
Japan,JP,Gunma,JP-10,Tamamura,JP-10-30
Japan,JP,Gunma,JP-10,Takasaki,JP-10-02
Japan,JP,Gunma,JP-10,Ota,JP-10-05
Japan,JP,Gunma,JP-10,Yoshioka,JP-10-14
Japan,JP,Gunma,JP-10,Kanna,JP-10-16
Japan,JP,Gunma,JP-10,Tsumagoi,JP-10-22
Japan,JP,Gunma,JP-10,Itakura,JP-10-31
Japan,JP,Gunma,JP-10,Annaka,JP-10-11
Japan,JP,Gunma,JP-10,Nakanojo,JP-10-20
Japan,JP,Gunma,JP-10,Shinto,JP-10-13
Japan,JP,Gunma,JP-10,Shibukawa,JP-10-08
Japan,JP,Gunma,JP-10,Tomioka,JP-10-10
Japan,JP,Nagasaki,JP-42,Goto,JP-42-10
Japan,JP,Nagasaki,JP-42,Tsushima,JP-42-08
Japan,JP,Nagasaki,JP-42,Iki,JP-42-09
Japan,JP,Nagasaki,JP-42,Higashisonogi,JP-42-16
Japan,JP,Nagasaki,JP-42,Unzen,JP-42-12
Japan,JP,Nagasaki,JP-42,Shimabara,JP-42-03
Japan,JP,Nagasaki,JP-42,Sasebo,JP-42-02
Japan,JP,Nagasaki,JP-42,Hirado,JP-42-06
Japan,JP,Nagasaki,JP-42,Matsuura,JP-42-07
Japan,JP,Nagasaki,JP-42,Hasami,JP-42-18
Japan,JP,Nagasaki,JP-42,Isahaya,JP-42-04
Japan,JP,Nagasaki,JP-42,Omura,JP-42-05
Japan,JP,Nagasaki,JP-42,Saikai,JP-42-11
Japan,JP,Nagasaki,JP-42,Saza,JP-42-20
Japan,JP,Nagasaki,JP-42,Togitsu,JP-42-15
Japan,JP,Nagasaki,JP-42,Minamishimabara,JP-42-13
Japan,JP,Nagasaki,JP-42,Ojika,JP-42-19
Japan,JP,Nagasaki,JP-42,Nagayo,JP-42-14
Japan,JP,Nagasaki,JP-42,Kawatana,JP-42-17
Japan,JP,Nagasaki,JP-42,Nagasaki,JP-42-01
Japan,JP,Nagasaki,JP-42,Shinkamigoto,JP-42-21
Japan,JP,Kagoshima,JP-46,Minamiosumi,JP-46-28
Japan,JP,Kagoshima,JP-46,Kinko,JP-46-27
Japan,JP,Kagoshima,JP-46,Hioki,JP-46-10
Japan,JP,Kagoshima,JP-46,Nishinoomote,JP-46-07
Japan,JP,Kagoshima,JP-46,Tarumizu,JP-46-08
Japan,JP,Kagoshima,JP-46,Isa,JP-46-18
Japan,JP,Kagoshima,JP-46,Kirishima,JP-46-12
Japan,JP,Kagoshima,JP-46,Nakatane,JP-46-30
Japan,JP,Kagoshima,JP-46,Kimotsuki,JP-46-29
Japan,JP,Kagoshima,JP-46,China,JP-46-42
Japan,JP,Kagoshima,JP-46,Minamitane,JP-46-31
Japan,JP,Kagoshima,JP-46,Uken,JP-46-34
Japan,JP,Kagoshima,JP-46,Aira,JP-46-19
Japan,JP,Kagoshima,JP-46,Higashikushira,JP-46-26
Japan,JP,Kagoshima,JP-46,Minamisatsuma,JP-46-14
Japan,JP,Kagoshima,JP-46,Makurazaki,JP-46-03
Japan,JP,Kagoshima,JP-46,Yusui,JP-46-24
Japan,JP,Kagoshima,JP-46,Isen,JP-46-40
Japan,JP,Kagoshima,JP-46,Kanoya,JP-46-02
Japan,JP,Kagoshima,JP-46,Tatsugo,JP-46-36
Japan,JP,Kagoshima,JP-46,Minamikyushu,JP-46-17
Japan,JP,Kagoshima,JP-46,Amagi,JP-46-39
Japan,JP,Kagoshima,JP-46,Yakushima,JP-46-32
Japan,JP,Kagoshima,JP-46,Yoron,JP-46-43
Japan,JP,Kagoshima,JP-46,Ichikikushikino,JP-46-13
Japan,JP,Kagoshima,JP-46,Tokunoshima,JP-46-38
Japan,JP,Kagoshima,JP-46,Izumi,JP-46-05
Japan,JP,Kagoshima,JP-46,Satsumasendai,JP-46-09
Japan,JP,Kagoshima,JP-46,Kikai,JP-46-37
Japan,JP,Kagoshima,JP-46,Satsuma,JP-46-22
Japan,JP,Kagoshima,JP-46,Setouchi,JP-46-35
Japan,JP,Kagoshima,JP-46,Yamato,JP-46-33
Japan,JP,Kagoshima,JP-46,Ibusuki,JP-46-06
Japan,JP,Kagoshima,JP-46,Amami,JP-46-16
Japan,JP,Kagoshima,JP-46,Toshima,JP-46-21
Japan,JP,Kagoshima,JP-46,Mishima,JP-46-20
Japan,JP,Kagoshima,JP-46,Shibushi,JP-46-15
Japan,JP,Kagoshima,JP-46,Nagashima,JP-46-23
Japan,JP,Kagoshima,JP-46,Soo,JP-46-11
Japan,JP,Kagoshima,JP-46,Osaki,JP-46-25
Japan,JP,Kagoshima,JP-46,Wadomari,JP-46-41
Japan,JP,Kagoshima,JP-46,Akune,JP-46-04
Japan,JP,Kagoshima,JP-46,Kagoshima,JP-46-01
Japan,JP,Hokkaido,JP-01,Obihiro,JP-01-07
Japan,JP,Hokkaido,JP-01,Tsurui,JP-01-174
Japan,JP,Hokkaido,JP-01,Omu,JP-01-135
Japan,JP,Hokkaido,JP-01,Akaigawa,JP-01-72
Japan,JP,Hokkaido,JP-01,Kimobetsu,JP-01-61
Japan,JP,Hokkaido,JP-01,Numata,JP-01-86
Japan,JP,Hokkaido,JP-01,Furubira,JP-01-69
Japan,JP,Hokkaido,JP-01,Kembuchi,JP-01-100
Japan,JP,Hokkaido,JP-01,Tomamae,JP-01-108
Japan,JP,Hokkaido,JP-01,Kaminokuni,JP-01-48
Japan,JP,Hokkaido,JP-01,Kamoenai,JP-01-67
Japan,JP,Hokkaido,JP-01,Memuro,JP-01-157
Japan,JP,Hokkaido,JP-01,Biei,JP-01-94
Japan,JP,Hokkaido,JP-01,Embetsu,JP-01-111
Japan,JP,Hokkaido,JP-01,Rishiri,JP-01-119
Japan,JP,Hokkaido,JP-01,Oketo,JP-01-128
Japan,JP,Hokkaido,JP-01,Asahikawa,JP-01-04
Japan,JP,Hokkaido,JP-01,Hombetsu,JP-01-165
Japan,JP,Hokkaido,JP-01,Sarufutsu,JP-01-113
Japan,JP,Hokkaido,JP-01,Abashiri,JP-01-11
Japan,JP,Hokkaido,JP-01,Aibetsu,JP-01-91
Japan,JP,Hokkaido,JP-01,Yubari,JP-01-09
Japan,JP,Hokkaido,JP-01,Rikubetsu,JP-01-167
Japan,JP,Hokkaido,JP-01,Hakodate,JP-01-02
Japan,JP,Hokkaido,JP-01,Teshio,JP-01-112
Japan,JP,Hokkaido,JP-01,Shari,JP-01-124
Japan,JP,Hokkaido,JP-01,Haboro,JP-01-109
Japan,JP,Hokkaido,JP-01,Hokuto,JP-01-35
Japan,JP,Hokkaido,JP-01,Oshamambe,JP-01-46
Japan,JP,Hokkaido,JP-01,Iwanai,JP-01-65
Japan,JP,Hokkaido,JP-01,Takasu,JP-01-87
Japan,JP,Hokkaido,JP-01,Nakagawa,JP-01-104
Japan,JP,Hokkaido,JP-01,Yuni,JP-01-76
Japan,JP,Hokkaido,JP-01,Kunneppu,JP-01-127
Japan,JP,Hokkaido,JP-01,Shikabe,JP-01-43
Japan,JP,Hokkaido,JP-01,Kitahiroshima,JP-01-33
Japan,JP,Hokkaido,JP-01,Suttsu,JP-01-55
Japan,JP,Hokkaido,JP-01,Samani,JP-01-148
Japan,JP,Hokkaido,JP-01,Horokanai,JP-01-105
Japan,JP,Hokkaido,JP-01,Urakawa,JP-01-147
Japan,JP,Hokkaido,JP-01,Nemuro,JP-01-23
Japan,JP,Hokkaido,JP-01,Hamatombetsu,JP-01-114
Japan,JP,Hokkaido,JP-01,Betsukai,JP-01-176
Japan,JP,Hokkaido,JP-01,Ashoro,JP-01-166
Japan,JP,Hokkaido,JP-01,Rusutsu,JP-01-60
Japan,JP,Hokkaido,JP-01,Ikeda,JP-01-163
Japan,JP,Hokkaido,JP-01,Esashi,JP-01-116
Japan,JP,Hokkaido,JP-01,Hokuryu,JP-01-85
Japan,JP,Hokkaido,JP-01,Kamisunagawa,JP-01-75
Japan,JP,Hokkaido,JP-01,Shikaoi,JP-01-154
Japan,JP,Hokkaido,JP-01,Hidaka,JP-01-144
Japan,JP,Hokkaido,JP-01,Yubetsu,JP-01-131
Japan,JP,Hokkaido,JP-01,Tsubetsu,JP-01-123
Japan,JP,Hokkaido,JP-01,Tsukigata,JP-01-79
Japan,JP,Hokkaido,JP-01,Niki,JP-01-70
Japan,JP,Hokkaido,JP-01,Tomari,JP-01-66
Japan,JP,Hokkaido,JP-01,Shimamaki,JP-01-54
Japan,JP,Hokkaido,JP-01,Setana,JP-01-53
Japan,JP,Hokkaido,JP-01,Taiki,JP-01-160
Japan,JP,Hokkaido,JP-01,Muroran,JP-01-05
Japan,JP,Hokkaido,JP-01,Akkeshi,JP-01-170
Japan,JP,Hokkaido,JP-01,Toyokoro,JP-01-164
Japan,JP,Hokkaido,JP-01,Sunagawa,JP-01-26
Japan,JP,Hokkaido,JP-01,Toyako,JP-01-141
Japan,JP,Hokkaido,JP-01,Namporo,JP-01-73
Japan,JP,Hokkaido,JP-01,Otobe,JP-01-50
Japan,JP,Hokkaido,JP-01,Shinhidaka,JP-01-150
Japan,JP,Hokkaido,JP-01,Mikasa,JP-01-22
Japan,JP,Hokkaido,JP-01,Furano,JP-01-29
Japan,JP,Hokkaido,JP-01,Shiranuka,JP-01-175
Japan,JP,Hokkaido,JP-01,Shintoku,JP-01-155
Japan,JP,Hokkaido,JP-01,Nishiokoppe,JP-01-134
Japan,JP,Hokkaido,JP-01,Nakatombetsu,JP-01-115
Japan,JP,Hokkaido,JP-01,Esashi,JP-01-47
Japan,JP,Hokkaido,JP-01,Mori,JP-01-44
Japan,JP,Hokkaido,JP-01,Date,JP-01-32
Japan,JP,Hokkaido,JP-01,Erimo,JP-01-149
Japan,JP,Hokkaido,JP-01,Tobetsu,JP-01-36
Japan,JP,Hokkaido,JP-01,Shibetsu,JP-01-178
Japan,JP,Hokkaido,JP-01,Toyotomi,JP-01-117
Japan,JP,Hokkaido,JP-01,Nayoro,JP-01-21
Japan,JP,Hokkaido,JP-01,Mukawa,JP-01-143
Japan,JP,Hokkaido,JP-01,Urausu,JP-01-80
Japan,JP,Hokkaido,JP-01,Shinshinotsu,JP-01-37
Japan,JP,Hokkaido,JP-01,Okoppe,JP-01-133
Japan,JP,Hokkaido,JP-01,Moseushi,JP-01-82
Japan,JP,Hokkaido,JP-01,Nanae,JP-01-42
Japan,JP,Hokkaido,JP-01,Kyogoku,JP-01-62
Japan,JP,Hokkaido,JP-01,Kushiro,JP-01-06
Japan,JP,Hokkaido,JP-01,Higashikawa,JP-01-93
Japan,JP,Hokkaido,JP-01,Chippubetsu,JP-01-83
Japan,JP,Hokkaido,JP-01,Kitami,JP-01-08
Japan,JP,Hokkaido,JP-01,Wassamu,JP-01-99
Japan,JP,Hokkaido,JP-01,Kamikawa,JP-01-92
Japan,JP,Hokkaido,JP-01,Rebun,JP-01-118
Japan,JP,Hokkaido,JP-01,Shakotan,JP-01-68
Japan,JP,Hokkaido,JP-01,Nakashibetsu,JP-01-177
Japan,JP,Hokkaido,JP-01,Kushiro,JP-01-169
Japan,JP,Hokkaido,JP-01,Niikappu,JP-01-146
Japan,JP,Hokkaido,JP-01,Makubetsu,JP-01-162
Japan,JP,Hokkaido,JP-01,Iwamizawa,JP-01-10
Japan,JP,Hokkaido,JP-01,Biratori,JP-01-145
Japan,JP,Hokkaido,JP-01,Urahoro,JP-01-168
Japan,JP,Hokkaido,JP-01,Rausu,JP-01-179
Japan,JP,Hokkaido,JP-01,Bibai,JP-01-15
Japan,JP,Hokkaido,JP-01,Nakasatsunai,JP-01-158
Japan,JP,Hokkaido,JP-01,Shibecha,JP-01-172
Japan,JP,Hokkaido,JP-01,Horonobe,JP-01-121
Japan,JP,Hokkaido,JP-01,Toma,JP-01-89
Japan,JP,Hokkaido,JP-01,Obira,JP-01-107
Japan,JP,Hokkaido,JP-01,Koshimizu,JP-01-126
Japan,JP,Hokkaido,JP-01,Matsumae,JP-01-38
Japan,JP,Hokkaido,JP-01,Shiriuchi,JP-01-40
Japan,JP,Hokkaido,JP-01,Pippu,JP-01-90
Japan,JP,Hokkaido,JP-01,Kyowa,JP-01-64
Japan,JP,Hokkaido,JP-01,Sarabetsu,JP-01-159
Japan,JP,Hokkaido,JP-01,Shimokawa,JP-01-101
Japan,JP,Hokkaido,JP-01,Shibetsu,JP-01-20
Japan,JP,Hokkaido,JP-01,Naie,JP-01-74
Japan,JP,Hokkaido,JP-01,Minamifurano,JP-01-97
Japan,JP,Hokkaido,JP-01,Eniwa,JP-01-31
Japan,JP,Hokkaido,JP-01,Rankoshi,JP-01-57
Japan,JP,Hokkaido,JP-01,Shosambetsu,JP-01-110
Japan,JP,Hokkaido,JP-01,Kutchan,JP-01-63
Japan,JP,Hokkaido,JP-01,Makkari,JP-01-59
Japan,JP,Hokkaido,JP-01,Utashinai,JP-01-27
Japan,JP,Hokkaido,JP-01,Higashikagura,JP-01-88
Japan,JP,Hokkaido,JP-01,Niseko,JP-01-58
Japan,JP,Hokkaido,JP-01,Hiroo,JP-01-161
Japan,JP,Hokkaido,JP-01,Fukushima,JP-01-39
Japan,JP,Hokkaido,JP-01,Kiyosato,JP-01-125
Japan,JP,Hokkaido,JP-01,Okushiri,JP-01-51
Japan,JP,Hokkaido,JP-01,Sobetsu,JP-01-138
Japan,JP,Hokkaido,JP-01,Kikonai,JP-01-41
Japan,JP,Hokkaido,JP-01,Atsuma,JP-01-140
Japan,JP,Hokkaido,JP-01,Shimizu,JP-01-156
Japan,JP,Hokkaido,JP-01,Tomakomai,JP-01-13
Japan,JP,Hokkaido,JP-01,Takinoe,JP-01-132
Japan,JP,Hokkaido,JP-01,Shimukappu,JP-01-98
Japan,JP,Hokkaido,JP-01,Noboribetsu,JP-01-30
Japan,JP,Hokkaido,JP-01,Kamifurano,JP-01-95
Japan,JP,Hokkaido,JP-01,Otoineppu,JP-01-103
Japan,JP,Hokkaido,JP-01,Shintotsukawa,JP-01-81
Japan,JP,Hokkaido,JP-01,Rumoi,JP-01-12
Japan,JP,Hokkaido,JP-01,Rishirifuji,JP-01-120
Japan,JP,Hokkaido,JP-01,Kuriyama,JP-01-78
Japan,JP,Hokkaido,JP-01,Takikawa,JP-01-25
Japan,JP,Hokkaido,JP-01,Sapporo,JP-01-01
Japan,JP,Hokkaido,JP-01,Otofuke,JP-01-151
Japan,JP,Hokkaido,JP-01,Uryu,JP-01-84
Japan,JP,Hokkaido,JP-01,Teshikaga,JP-01-173
Japan,JP,Hokkaido,JP-01,Ebetsu,JP-01-17
Japan,JP,Hokkaido,JP-01,Chitose,JP-01-24
Japan,JP,Hokkaido,JP-01,Bihoro,JP-01-122
Japan,JP,Hokkaido,JP-01,Shiraoi,JP-01-139
Japan,JP,Hokkaido,JP-01,Otaru,JP-01-03
Japan,JP,Hokkaido,JP-01,Wakkanai,JP-01-14
Japan,JP,Hokkaido,JP-01,Assabu,JP-01-49
Japan,JP,Hokkaido,JP-01,Hamanaka,JP-01-171
Japan,JP,Hokkaido,JP-01,Kuromatsunai,JP-01-56
Japan,JP,Hokkaido,JP-01,Toyoura,JP-01-137
Japan,JP,Hokkaido,JP-01,Engaru,JP-01-130
Japan,JP,Hokkaido,JP-01,Saroma,JP-01-129
Japan,JP,Hokkaido,JP-01,Yoichi,JP-01-71
Japan,JP,Hokkaido,JP-01,Mombetsu,JP-01-19
Japan,JP,Hokkaido,JP-01,Ozora,JP-01-136
Japan,JP,Hokkaido,JP-01,Kamishihoro,JP-01-153
Japan,JP,Hokkaido,JP-01,Mashike,JP-01-106
Japan,JP,Hokkaido,JP-01,Fukagawa,JP-01-28
Japan,JP,Hokkaido,JP-01,Nakafurano,JP-01-96
Japan,JP,Hokkaido,JP-01,Shihoro,JP-01-152
Japan,JP,Hokkaido,JP-01,Abira,JP-01-142
Japan,JP,Hokkaido,JP-01,Ashibetsu,JP-01-16
Japan,JP,Hokkaido,JP-01,Bifuka,JP-01-102
Japan,JP,Hokkaido,JP-01,Imakane,JP-01-52
Japan,JP,Hokkaido,JP-01,Yakumo,JP-01-45
Japan,JP,Hokkaido,JP-01,Akabira,JP-01-18
Japan,JP,Hokkaido,JP-01,Ishikari,JP-01-34
Japan,JP,Hokkaido,JP-01,Naganuma,JP-01-77
Japan,JP,Toyama,JP-16,Oyabe,JP-16-08
Japan,JP,Toyama,JP-16,Tateyama,JP-16-13
Japan,JP,Toyama,JP-16,Kurobe,JP-16-06
Japan,JP,Toyama,JP-16,Imizu,JP-16-10
Japan,JP,Toyama,JP-16,Tonami,JP-16-07
Japan,JP,Toyama,JP-16,Uozu,JP-16-03
Japan,JP,Toyama,JP-16,Toyama,JP-16-01
Japan,JP,Toyama,JP-16,Namerikawa,JP-16-05
Japan,JP,Toyama,JP-16,Funahashi,JP-16-11
Japan,JP,Toyama,JP-16,Nanto,JP-16-09
Japan,JP,Toyama,JP-16,Himi,JP-16-04
Japan,JP,Toyama,JP-16,Takaoka,JP-16-02
Japan,JP,Toyama,JP-16,Nyuzen,JP-16-14
Japan,JP,Toyama,JP-16,Asahi,JP-16-15
Japan,JP,Toyama,JP-16,Kamiichi,JP-16-12
Fiji,FJ,Western,FJ-W,Western,FJ-W
Fiji,FJ,Northern,FJ-N,Northern,FJ-N
Fiji,FJ,Eastern,FJ-E,Eastern,FJ-E
Fiji,FJ,Rotuma,FJ-R,Rotuma,FJ-R
Fiji,FJ,Central,FJ-C,Central,FJ-C
Palau,PW,Koror,PW-150,Koror,PW-150
Palau,PW,Aimeliik,PW-002,Aimeliik,PW-002
Palau,PW,Airai,PW-004,Airai,PW-004
Palau,PW,Ngiwal,PW-228,Ngiwal,PW-228
Palau,PW,Ngeremlengui,PW-227,Ngeremlengui,PW-227
Palau,PW,Ngchesar,PW-226,Ngchesar,PW-226
Palau,PW,Angaur,PW-010,Angaur,PW-010
Palau,PW,Hatobohei,PW-050,Hatobohei,PW-050
Palau,PW,Peleliu,PW-350,Peleliu,PW-350
Palau,PW,Ngarchelong,PW-218,Ngarchelong,PW-218
Palau,PW,Sonsorol,PW-370,Sonsorol,PW-370
Palau,PW,Kayangel,PW-100,Kayangel,PW-100
Palau,PW,Melekeok,PW-212,Melekeok,PW-212
Palau,PW,Ngardmau,PW-222,Ngardmau,PW-222
Palau,PW,Ngaraard,PW-214,Ngaraard,PW-214
Palau,PW,Ngatpang,PW-224,Ngatpang,PW-224
